library,file,detector,phase,n_points,rep,time_s,blas_threads
gwcs,../roman/.data/build21/r0000101001001001001_0001_wfi01_f158_cal.asdf,wfi01,parse_cold,0,0,1.619804325,1
gwcs,../roman/.data/build21/r0000101001001001001_0001_wfi01_f158_cal.asdf,wfi01,parse_hot,0,0,0.717386540,1
gwcs,../roman/.data/build21/r0000101001001001001_0001_wfi01_f158_cal.asdf,wfi01,eval,1,0,0.007052123,1
gwcs,../roman/.data/build21/r0000101001001001001_0001_wfi01_f158_cal.asdf,wfi01,eval,1,1,0.006541353,1
gwcs,../roman/.data/build21/r0000101001001001001_0001_wfi01_f158_cal.asdf,wfi01,eval,1,2,0.005985301,1
gwcs,../roman/.data/build21/r0000101001001001001_0001_wfi01_f158_cal.asdf,wfi01,eval,1,3,0.005496486,1
gwcs,../roman/.data/build21/r0000101001001001001_0001_wfi01_f158_cal.asdf,wfi01,eval,1,4,0.006056116,1
gwcs,../roman/.data/build21/r0000101001001001001_0001_wfi01_f158_cal.asdf,wfi01,eval,1,5,0.005994815,1
gwcs,../roman/.data/build21/r0000101001001001001_0001_wfi01_f158_cal.asdf,wfi01,eval,1,6,0.005837043,1
gwcs,../roman/.data/build21/r0000101001001001001_0001_wfi01_f158_cal.asdf,wfi01,eval,1,7,0.005780880,1
gwcs,../roman/.data/build21/r0000101001001001001_0001_wfi01_f158_cal.asdf,wfi01,eval,1,8,0.006379426,1
gwcs,../roman/.data/build21/r0000101001001001001_0001_wfi01_f158_cal.asdf,wfi01,eval,1,9,0.006040915,1
gwcs,../roman/.data/build21/r0000101001001001001_0001_wfi01_f158_cal.asdf,wfi01,eval,1,10,0.005705130,1
gwcs,../roman/.data/build21/r0000101001001001001_0001_wfi01_f158_cal.asdf,wfi01,eval,1,11,0.006039677,1
gwcs,../roman/.data/build21/r0000101001001001001_0001_wfi01_f158_cal.asdf,wfi01,eval,1,12,0.005932722,1
gwcs,../roman/.data/build21/r0000101001001001001_0001_wfi01_f158_cal.asdf,wfi01,eval,1,13,0.005678810,1
gwcs,../roman/.data/build21/r0000101001001001001_0001_wfi01_f158_cal.asdf,wfi01,eval,1,14,0.006257968,1
gwcs,../roman/.data/build21/r0000101001001001001_0001_wfi01_f158_cal.asdf,wfi01,eval,1,15,0.005556515,1
gwcs,../roman/.data/build21/r0000101001001001001_0001_wfi01_f158_cal.asdf,wfi01,eval,1,16,0.005286335,1
gwcs,../roman/.data/build21/r0000101001001001001_0001_wfi01_f158_cal.asdf,wfi01,eval,1,17,0.005269334,1
gwcs,../roman/.data/build21/r0000101001001001001_0001_wfi01_f158_cal.asdf,wfi01,eval,1,18,0.005009765,1
gwcs,../roman/.data/build21/r0000101001001001001_0001_wfi01_f158_cal.asdf,wfi01,eval,1,19,0.005068280,1
gwcs,../roman/.data/build21/r0000101001001001001_0001_wfi01_f158_cal.asdf,wfi01,eval,1,20,0.005119513,1
gwcs,../roman/.data/build21/r0000101001001001001_0001_wfi01_f158_cal.asdf,wfi01,eval,1,21,0.004961864,1
gwcs,../roman/.data/build21/r0000101001001001001_0001_wfi01_f158_cal.asdf,wfi01,eval,1,22,0.004849058,1
gwcs,../roman/.data/build21/r0000101001001001001_0001_wfi01_f158_cal.asdf,wfi01,eval,1,23,0.005062894,1
gwcs,../roman/.data/build21/r0000101001001001001_0001_wfi01_f158_cal.asdf,wfi01,eval,1,24,0.004895779,1
gwcs,../roman/.data/build21/r0000101001001001001_0001_wfi01_f158_cal.asdf,wfi01,eval,1,25,0.004820742,1
gwcs,../roman/.data/build21/r0000101001001001001_0001_wfi01_f158_cal.asdf,wfi01,eval,1,26,0.004890456,1
gwcs,../roman/.data/build21/r0000101001001001001_0001_wfi01_f158_cal.asdf,wfi01,eval,1,27,0.005112303,1
gwcs,../roman/.data/build21/r0000101001001001001_0001_wfi01_f158_cal.asdf,wfi01,eval,1,28,0.005426335,1
gwcs,../roman/.data/build21/r0000101001001001001_0001_wfi01_f158_cal.asdf,wfi01,eval,1,29,0.005180167,1
gwcs,../roman/.data/build21/r0000101001001001001_0001_wfi01_f158_cal.asdf,wfi01,eval,1,30,0.005423301,1
gwcs,../roman/.data/build21/r0000101001001001001_0001_wfi01_f158_cal.asdf,wfi01,eval,1,31,0.004877029,1
gwcs,../roman/.data/build21/r0000101001001001001_0001_wfi01_f158_cal.asdf,wfi01,eval,1,32,0.004859752,1
gwcs,../roman/.data/build21/r0000101001001001001_0001_wfi01_f158_cal.asdf,wfi01,eval,1,33,0.005430033,1
gwcs,../roman/.data/build21/r0000101001001001001_0001_wfi01_f158_cal.asdf,wfi01,eval,1,34,0.004925549,1
gwcs,../roman/.data/build21/r0000101001001001001_0001_wfi01_f158_cal.asdf,wfi01,eval,1,35,0.004841373,1
gwcs,../roman/.data/build21/r0000101001001001001_0001_wfi01_f158_cal.asdf,wfi01,eval,1,36,0.005177384,1
gwcs,../roman/.data/build21/r0000101001001001001_0001_wfi01_f158_cal.asdf,wfi01,eval,1,37,0.005118752,1
gwcs,../roman/.data/build21/r0000101001001001001_0001_wfi01_f158_cal.asdf,wfi01,eval,1,38,0.005139905,1
gwcs,../roman/.data/build21/r0000101001001001001_0001_wfi01_f158_cal.asdf,wfi01,eval,1,39,0.005153215,1
gwcs,../roman/.data/build21/r0000101001001001001_0001_wfi01_f158_cal.asdf,wfi01,eval,1,40,0.005575313,1
gwcs,../roman/.data/build21/r0000101001001001001_0001_wfi01_f158_cal.asdf,wfi01,eval,1,41,0.004993501,1
gwcs,../roman/.data/build21/r0000101001001001001_0001_wfi01_f158_cal.asdf,wfi01,eval,1,42,0.005181227,1
gwcs,../roman/.data/build21/r0000101001001001001_0001_wfi01_f158_cal.asdf,wfi01,eval,1,43,0.005940589,1
gwcs,../roman/.data/build21/r0000101001001001001_0001_wfi01_f158_cal.asdf,wfi01,eval,1,44,0.005052442,1
gwcs,../roman/.data/build21/r0000101001001001001_0001_wfi01_f158_cal.asdf,wfi01,eval,1,45,0.005159158,1
gwcs,../roman/.data/build21/r0000101001001001001_0001_wfi01_f158_cal.asdf,wfi01,eval,1,46,0.005664445,1
gwcs,../roman/.data/build21/r0000101001001001001_0001_wfi01_f158_cal.asdf,wfi01,eval,1,47,0.004906646,1
gwcs,../roman/.data/build21/r0000101001001001001_0001_wfi01_f158_cal.asdf,wfi01,eval,1,48,0.004825856,1
gwcs,../roman/.data/build21/r0000101001001001001_0001_wfi01_f158_cal.asdf,wfi01,eval,1,49,0.005413529,1
gwcs,../roman/.data/build21/r0000101001001001001_0001_wfi01_f158_cal.asdf,wfi01,eval,1,50,0.004911319,1
gwcs,../roman/.data/build21/r0000101001001001001_0001_wfi01_f158_cal.asdf,wfi01,eval,1,51,0.004812882,1
gwcs,../roman/.data/build21/r0000101001001001001_0001_wfi01_f158_cal.asdf,wfi01,eval,1,52,0.005257468,1
gwcs,../roman/.data/build21/r0000101001001001001_0001_wfi01_f158_cal.asdf,wfi01,eval,1,53,0.005019754,1
gwcs,../roman/.data/build21/r0000101001001001001_0001_wfi01_f158_cal.asdf,wfi01,eval,1,54,0.004824451,1
gwcs,../roman/.data/build21/r0000101001001001001_0001_wfi01_f158_cal.asdf,wfi01,eval,1,55,0.004892273,1
gwcs,../roman/.data/build21/r0000101001001001001_0001_wfi01_f158_cal.asdf,wfi01,eval,1,56,0.005379394,1
gwcs,../roman/.data/build21/r0000101001001001001_0001_wfi01_f158_cal.asdf,wfi01,eval,1,57,0.004849033,1
gwcs,../roman/.data/build21/r0000101001001001001_0001_wfi01_f158_cal.asdf,wfi01,eval,1,58,0.004840373,1
gwcs,../roman/.data/build21/r0000101001001001001_0001_wfi01_f158_cal.asdf,wfi01,eval,1,59,0.005394524,1
gwcs,../roman/.data/build21/r0000101001001001001_0001_wfi01_f158_cal.asdf,wfi01,eval,1,60,0.004903520,1
gwcs,../roman/.data/build21/r0000101001001001001_0001_wfi01_f158_cal.asdf,wfi01,eval,1,61,0.004820628,1
gwcs,../roman/.data/build21/r0000101001001001001_0001_wfi01_f158_cal.asdf,wfi01,eval,1,62,0.005332799,1
gwcs,../roman/.data/build21/r0000101001001001001_0001_wfi01_f158_cal.asdf,wfi01,eval,1,63,0.005071977,1
gwcs,../roman/.data/build21/r0000101001001001001_0001_wfi01_f158_cal.asdf,wfi01,eval,1,64,0.004827671,1
gwcs,../roman/.data/build21/r0000101001001001001_0001_wfi01_f158_cal.asdf,wfi01,eval,1,65,0.004863439,1
gwcs,../roman/.data/build21/r0000101001001001001_0001_wfi01_f158_cal.asdf,wfi01,eval,1,66,0.005334970,1
gwcs,../roman/.data/build21/r0000101001001001001_0001_wfi01_f158_cal.asdf,wfi01,eval,1,67,0.004836362,1
gwcs,../roman/.data/build21/r0000101001001001001_0001_wfi01_f158_cal.asdf,wfi01,eval,1,68,0.004823665,1
gwcs,../roman/.data/build21/r0000101001001001001_0001_wfi01_f158_cal.asdf,wfi01,eval,1,69,0.005395799,1
gwcs,../roman/.data/build21/r0000101001001001001_0001_wfi01_f158_cal.asdf,wfi01,eval,1,70,0.004898760,1
gwcs,../roman/.data/build21/r0000101001001001001_0001_wfi01_f158_cal.asdf,wfi01,eval,1,71,0.004838086,1
gwcs,../roman/.data/build21/r0000101001001001001_0001_wfi01_f158_cal.asdf,wfi01,eval,1,72,0.005362178,1
gwcs,../roman/.data/build21/r0000101001001001001_0001_wfi01_f158_cal.asdf,wfi01,eval,1,73,0.004943097,1
gwcs,../roman/.data/build21/r0000101001001001001_0001_wfi01_f158_cal.asdf,wfi01,eval,1,74,0.004901287,1
gwcs,../roman/.data/build21/r0000101001001001001_0001_wfi01_f158_cal.asdf,wfi01,eval,1,75,0.004959002,1
gwcs,../roman/.data/build21/r0000101001001001001_0001_wfi01_f158_cal.asdf,wfi01,eval,1,76,0.005894823,1
gwcs,../roman/.data/build21/r0000101001001001001_0001_wfi01_f158_cal.asdf,wfi01,eval,1,77,0.004943874,1
gwcs,../roman/.data/build21/r0000101001001001001_0001_wfi01_f158_cal.asdf,wfi01,eval,1,78,0.004973070,1
gwcs,../roman/.data/build21/r0000101001001001001_0001_wfi01_f158_cal.asdf,wfi01,eval,1,79,0.005214965,1
gwcs,../roman/.data/build21/r0000101001001001001_0001_wfi01_f158_cal.asdf,wfi01,eval,1,80,0.005262293,1
gwcs,../roman/.data/build21/r0000101001001001001_0001_wfi01_f158_cal.asdf,wfi01,eval,1,81,0.004886756,1
gwcs,../roman/.data/build21/r0000101001001001001_0001_wfi01_f158_cal.asdf,wfi01,eval,1,82,0.005147245,1
gwcs,../roman/.data/build21/r0000101001001001001_0001_wfi01_f158_cal.asdf,wfi01,eval,1,83,0.005064829,1
gwcs,../roman/.data/build21/r0000101001001001001_0001_wfi01_f158_cal.asdf,wfi01,eval,1,84,0.004841313,1
gwcs,../roman/.data/build21/r0000101001001001001_0001_wfi01_f158_cal.asdf,wfi01,eval,1,85,0.005153080,1
gwcs,../roman/.data/build21/r0000101001001001001_0001_wfi01_f158_cal.asdf,wfi01,eval,1,86,0.004926189,1
gwcs,../roman/.data/build21/r0000101001001001001_0001_wfi01_f158_cal.asdf,wfi01,eval,1,87,0.004817797,1
gwcs,../roman/.data/build21/r0000101001001001001_0001_wfi01_f158_cal.asdf,wfi01,eval,1,88,0.004831468,1
gwcs,../roman/.data/build21/r0000101001001001001_0001_wfi01_f158_cal.asdf,wfi01,eval,1,89,0.005159722,1
gwcs,../roman/.data/build21/r0000101001001001001_0001_wfi01_f158_cal.asdf,wfi01,eval,1,90,0.004894335,1
gwcs,../roman/.data/build21/r0000101001001001001_0001_wfi01_f158_cal.asdf,wfi01,eval,1,91,0.004831730,1
gwcs,../roman/.data/build21/r0000101001001001001_0001_wfi01_f158_cal.asdf,wfi01,eval,1,92,0.005117982,1
gwcs,../roman/.data/build21/r0000101001001001001_0001_wfi01_f158_cal.asdf,wfi01,eval,1,93,0.004928649,1
gwcs,../roman/.data/build21/r0000101001001001001_0001_wfi01_f158_cal.asdf,wfi01,eval,1,94,0.004819294,1
gwcs,../roman/.data/build21/r0000101001001001001_0001_wfi01_f158_cal.asdf,wfi01,eval,1,95,0.005055328,1
gwcs,../roman/.data/build21/r0000101001001001001_0001_wfi01_f158_cal.asdf,wfi01,eval,1,96,0.004993603,1
gwcs,../roman/.data/build21/r0000101001001001001_0001_wfi01_f158_cal.asdf,wfi01,eval,1,97,0.004827436,1
gwcs,../roman/.data/build21/r0000101001001001001_0001_wfi01_f158_cal.asdf,wfi01,eval,1,98,0.004849293,1
gwcs,../roman/.data/build21/r0000101001001001001_0001_wfi01_f158_cal.asdf,wfi01,eval,1,99,0.005152415,1
gwcs,../roman/.data/build21/r0000101001001001001_0001_wfi01_f158_cal.asdf,wfi01,eval,10,0,0.005383847,1
gwcs,../roman/.data/build21/r0000101001001001001_0001_wfi01_f158_cal.asdf,wfi01,eval,10,1,0.005271917,1
gwcs,../roman/.data/build21/r0000101001001001001_0001_wfi01_f158_cal.asdf,wfi01,eval,10,2,0.005353292,1
gwcs,../roman/.data/build21/r0000101001001001001_0001_wfi01_f158_cal.asdf,wfi01,eval,10,3,0.005050534,1
gwcs,../roman/.data/build21/r0000101001001001001_0001_wfi01_f158_cal.asdf,wfi01,eval,10,4,0.004964075,1
gwcs,../roman/.data/build21/r0000101001001001001_0001_wfi01_f158_cal.asdf,wfi01,eval,10,5,0.005279717,1
gwcs,../roman/.data/build21/r0000101001001001001_0001_wfi01_f158_cal.asdf,wfi01,eval,10,6,0.005057420,1
gwcs,../roman/.data/build21/r0000101001001001001_0001_wfi01_f158_cal.asdf,wfi01,eval,10,7,0.005030206,1
gwcs,../roman/.data/build21/r0000101001001001001_0001_wfi01_f158_cal.asdf,wfi01,eval,10,8,0.005566569,1
gwcs,../roman/.data/build21/r0000101001001001001_0001_wfi01_f158_cal.asdf,wfi01,eval,10,9,0.005118996,1
gwcs,../roman/.data/build21/r0000101001001001001_0001_wfi01_f158_cal.asdf,wfi01,eval,10,10,0.005020993,1
gwcs,../roman/.data/build21/r0000101001001001001_0001_wfi01_f158_cal.asdf,wfi01,eval,10,11,0.005225220,1
gwcs,../roman/.data/build21/r0000101001001001001_0001_wfi01_f158_cal.asdf,wfi01,eval,10,12,0.005100656,1
gwcs,../roman/.data/build21/r0000101001001001001_0001_wfi01_f158_cal.asdf,wfi01,eval,10,13,0.004960815,1
gwcs,../roman/.data/build21/r0000101001001001001_0001_wfi01_f158_cal.asdf,wfi01,eval,10,14,0.004951019,1
gwcs,../roman/.data/build21/r0000101001001001001_0001_wfi01_f158_cal.asdf,wfi01,eval,10,15,0.005433278,1
gwcs,../roman/.data/build21/r0000101001001001001_0001_wfi01_f158_cal.asdf,wfi01,eval,10,16,0.005242818,1
gwcs,../roman/.data/build21/r0000101001001001001_0001_wfi01_f158_cal.asdf,wfi01,eval,10,17,0.005104657,1
gwcs,../roman/.data/build21/r0000101001001001001_0001_wfi01_f158_cal.asdf,wfi01,eval,10,18,0.005071280,1
gwcs,../roman/.data/build21/r0000101001001001001_0001_wfi01_f158_cal.asdf,wfi01,eval,10,19,0.005006413,1
gwcs,../roman/.data/build21/r0000101001001001001_0001_wfi01_f158_cal.asdf,wfi01,eval,10,20,0.004950011,1
gwcs,../roman/.data/build21/r0000101001001001001_0001_wfi01_f158_cal.asdf,wfi01,eval,10,21,0.004933191,1
gwcs,../roman/.data/build21/r0000101001001001001_0001_wfi01_f158_cal.asdf,wfi01,eval,10,22,0.006904155,1
gwcs,../roman/.data/build21/r0000101001001001001_0001_wfi01_f158_cal.asdf,wfi01,eval,10,23,0.005340725,1
gwcs,../roman/.data/build21/r0000101001001001001_0001_wfi01_f158_cal.asdf,wfi01,eval,10,24,0.004930280,1
gwcs,../roman/.data/build21/r0000101001001001001_0001_wfi01_f158_cal.asdf,wfi01,eval,10,25,0.005056396,1
gwcs,../roman/.data/build21/r0000101001001001001_0001_wfi01_f158_cal.asdf,wfi01,eval,10,26,0.004945718,1
gwcs,../roman/.data/build21/r0000101001001001001_0001_wfi01_f158_cal.asdf,wfi01,eval,10,27,0.004969663,1
gwcs,../roman/.data/build21/r0000101001001001001_0001_wfi01_f158_cal.asdf,wfi01,eval,10,28,0.005331310,1
gwcs,../roman/.data/build21/r0000101001001001001_0001_wfi01_f158_cal.asdf,wfi01,eval,10,29,0.005385656,1
gwcs,../roman/.data/build21/r0000101001001001001_0001_wfi01_f158_cal.asdf,wfi01,eval,10,30,0.006105478,1
gwcs,../roman/.data/build21/r0000101001001001001_0001_wfi01_f158_cal.asdf,wfi01,eval,10,31,0.005651744,1
gwcs,../roman/.data/build21/r0000101001001001001_0001_wfi01_f158_cal.asdf,wfi01,eval,10,32,0.005161767,1
gwcs,../roman/.data/build21/r0000101001001001001_0001_wfi01_f158_cal.asdf,wfi01,eval,10,33,0.004965536,1
gwcs,../roman/.data/build21/r0000101001001001001_0001_wfi01_f158_cal.asdf,wfi01,eval,10,34,0.005349390,1
gwcs,../roman/.data/build21/r0000101001001001001_0001_wfi01_f158_cal.asdf,wfi01,eval,10,35,0.005124260,1
gwcs,../roman/.data/build21/r0000101001001001001_0001_wfi01_f158_cal.asdf,wfi01,eval,10,36,0.005000947,1
gwcs,../roman/.data/build21/r0000101001001001001_0001_wfi01_f158_cal.asdf,wfi01,eval,10,37,0.005388725,1
gwcs,../roman/.data/build21/r0000101001001001001_0001_wfi01_f158_cal.asdf,wfi01,eval,10,38,0.005082097,1
gwcs,../roman/.data/build21/r0000101001001001001_0001_wfi01_f158_cal.asdf,wfi01,eval,10,39,0.004967832,1
gwcs,../roman/.data/build21/r0000101001001001001_0001_wfi01_f158_cal.asdf,wfi01,eval,10,40,0.005171350,1
gwcs,../roman/.data/build21/r0000101001001001001_0001_wfi01_f158_cal.asdf,wfi01,eval,10,41,0.005168074,1
gwcs,../roman/.data/build21/r0000101001001001001_0001_wfi01_f158_cal.asdf,wfi01,eval,10,42,0.005272555,1
gwcs,../roman/.data/build21/r0000101001001001001_0001_wfi01_f158_cal.asdf,wfi01,eval,10,43,0.005110682,1
gwcs,../roman/.data/build21/r0000101001001001001_0001_wfi01_f158_cal.asdf,wfi01,eval,10,44,0.005877386,1
gwcs,../roman/.data/build21/r0000101001001001001_0001_wfi01_f158_cal.asdf,wfi01,eval,10,45,0.005203931,1
gwcs,../roman/.data/build21/r0000101001001001001_0001_wfi01_f158_cal.asdf,wfi01,eval,10,46,0.005404468,1
gwcs,../roman/.data/build21/r0000101001001001001_0001_wfi01_f158_cal.asdf,wfi01,eval,10,47,0.005255925,1
gwcs,../roman/.data/build21/r0000101001001001001_0001_wfi01_f158_cal.asdf,wfi01,eval,10,48,0.005284009,1
gwcs,../roman/.data/build21/r0000101001001001001_0001_wfi01_f158_cal.asdf,wfi01,eval,10,49,0.005139606,1
gwcs,../roman/.data/build21/r0000101001001001001_0001_wfi01_f158_cal.asdf,wfi01,eval,10,50,0.005548188,1
gwcs,../roman/.data/build21/r0000101001001001001_0001_wfi01_f158_cal.asdf,wfi01,eval,10,51,0.005188284,1
gwcs,../roman/.data/build21/r0000101001001001001_0001_wfi01_f158_cal.asdf,wfi01,eval,10,52,0.005265167,1
gwcs,../roman/.data/build21/r0000101001001001001_0001_wfi01_f158_cal.asdf,wfi01,eval,10,53,0.005400026,1
gwcs,../roman/.data/build21/r0000101001001001001_0001_wfi01_f158_cal.asdf,wfi01,eval,10,54,0.005487077,1
gwcs,../roman/.data/build21/r0000101001001001001_0001_wfi01_f158_cal.asdf,wfi01,eval,10,55,0.005268367,1
gwcs,../roman/.data/build21/r0000101001001001001_0001_wfi01_f158_cal.asdf,wfi01,eval,10,56,0.005764569,1
gwcs,../roman/.data/build21/r0000101001001001001_0001_wfi01_f158_cal.asdf,wfi01,eval,10,57,0.005287442,1
gwcs,../roman/.data/build21/r0000101001001001001_0001_wfi01_f158_cal.asdf,wfi01,eval,10,58,0.005293788,1
gwcs,../roman/.data/build21/r0000101001001001001_0001_wfi01_f158_cal.asdf,wfi01,eval,10,59,0.005211934,1
gwcs,../roman/.data/build21/r0000101001001001001_0001_wfi01_f158_cal.asdf,wfi01,eval,10,60,0.005322232,1
gwcs,../roman/.data/build21/r0000101001001001001_0001_wfi01_f158_cal.asdf,wfi01,eval,10,61,0.005149130,1
gwcs,../roman/.data/build21/r0000101001001001001_0001_wfi01_f158_cal.asdf,wfi01,eval,10,62,0.005407698,1
gwcs,../roman/.data/build21/r0000101001001001001_0001_wfi01_f158_cal.asdf,wfi01,eval,10,63,0.005190025,1
gwcs,../roman/.data/build21/r0000101001001001001_0001_wfi01_f158_cal.asdf,wfi01,eval,10,64,0.005235995,1
gwcs,../roman/.data/build21/r0000101001001001001_0001_wfi01_f158_cal.asdf,wfi01,eval,10,65,0.005302819,1
gwcs,../roman/.data/build21/r0000101001001001001_0001_wfi01_f158_cal.asdf,wfi01,eval,10,66,0.005326689,1
gwcs,../roman/.data/build21/r0000101001001001001_0001_wfi01_f158_cal.asdf,wfi01,eval,10,67,0.005124043,1
gwcs,../roman/.data/build21/r0000101001001001001_0001_wfi01_f158_cal.asdf,wfi01,eval,10,68,0.005347940,1
gwcs,../roman/.data/build21/r0000101001001001001_0001_wfi01_f158_cal.asdf,wfi01,eval,10,69,0.005114232,1
gwcs,../roman/.data/build21/r0000101001001001001_0001_wfi01_f158_cal.asdf,wfi01,eval,10,70,0.005316431,1
gwcs,../roman/.data/build21/r0000101001001001001_0001_wfi01_f158_cal.asdf,wfi01,eval,10,71,0.005092660,1
gwcs,../roman/.data/build21/r0000101001001001001_0001_wfi01_f158_cal.asdf,wfi01,eval,10,72,0.005901814,1
gwcs,../roman/.data/build21/r0000101001001001001_0001_wfi01_f158_cal.asdf,wfi01,eval,10,73,0.005238561,1
gwcs,../roman/.data/build21/r0000101001001001001_0001_wfi01_f158_cal.asdf,wfi01,eval,10,74,0.005792287,1
gwcs,../roman/.data/build21/r0000101001001001001_0001_wfi01_f158_cal.asdf,wfi01,eval,10,75,0.005746425,1
gwcs,../roman/.data/build21/r0000101001001001001_0001_wfi01_f158_cal.asdf,wfi01,eval,10,76,0.005360450,1
gwcs,../roman/.data/build21/r0000101001001001001_0001_wfi01_f158_cal.asdf,wfi01,eval,10,77,0.005329645,1
gwcs,../roman/.data/build21/r0000101001001001001_0001_wfi01_f158_cal.asdf,wfi01,eval,10,78,0.005632957,1
gwcs,../roman/.data/build21/r0000101001001001001_0001_wfi01_f158_cal.asdf,wfi01,eval,10,79,0.005401247,1
gwcs,../roman/.data/build21/r0000101001001001001_0001_wfi01_f158_cal.asdf,wfi01,eval,10,80,0.005339619,1
gwcs,../roman/.data/build21/r0000101001001001001_0001_wfi01_f158_cal.asdf,wfi01,eval,10,81,0.005358272,1
gwcs,../roman/.data/build21/r0000101001001001001_0001_wfi01_f158_cal.asdf,wfi01,eval,10,82,0.005028540,1
gwcs,../roman/.data/build21/r0000101001001001001_0001_wfi01_f158_cal.asdf,wfi01,eval,10,83,0.004964023,1
gwcs,../roman/.data/build21/r0000101001001001001_0001_wfi01_f158_cal.asdf,wfi01,eval,10,84,0.005584623,1
gwcs,../roman/.data/build21/r0000101001001001001_0001_wfi01_f158_cal.asdf,wfi01,eval,10,85,0.005285547,1
gwcs,../roman/.data/build21/r0000101001001001001_0001_wfi01_f158_cal.asdf,wfi01,eval,10,86,0.005246494,1
gwcs,../roman/.data/build21/r0000101001001001001_0001_wfi01_f158_cal.asdf,wfi01,eval,10,87,0.005052117,1
gwcs,../roman/.data/build21/r0000101001001001001_0001_wfi01_f158_cal.asdf,wfi01,eval,10,88,0.005110122,1
gwcs,../roman/.data/build21/r0000101001001001001_0001_wfi01_f158_cal.asdf,wfi01,eval,10,89,0.005233108,1
gwcs,../roman/.data/build21/r0000101001001001001_0001_wfi01_f158_cal.asdf,wfi01,eval,10,90,0.005635673,1
gwcs,../roman/.data/build21/r0000101001001001001_0001_wfi01_f158_cal.asdf,wfi01,eval,10,91,0.005342787,1
gwcs,../roman/.data/build21/r0000101001001001001_0001_wfi01_f158_cal.asdf,wfi01,eval,10,92,0.005378392,1
gwcs,../roman/.data/build21/r0000101001001001001_0001_wfi01_f158_cal.asdf,wfi01,eval,10,93,0.005731639,1
gwcs,../roman/.data/build21/r0000101001001001001_0001_wfi01_f158_cal.asdf,wfi01,eval,10,94,0.005312482,1
gwcs,../roman/.data/build21/r0000101001001001001_0001_wfi01_f158_cal.asdf,wfi01,eval,10,95,0.005239644,1
gwcs,../roman/.data/build21/r0000101001001001001_0001_wfi01_f158_cal.asdf,wfi01,eval,10,96,0.005469362,1
gwcs,../roman/.data/build21/r0000101001001001001_0001_wfi01_f158_cal.asdf,wfi01,eval,10,97,0.005134850,1
gwcs,../roman/.data/build21/r0000101001001001001_0001_wfi01_f158_cal.asdf,wfi01,eval,10,98,0.004980895,1
gwcs,../roman/.data/build21/r0000101001001001001_0001_wfi01_f158_cal.asdf,wfi01,eval,10,99,0.005042952,1
gwcs,../roman/.data/build21/r0000101001001001001_0001_wfi01_f158_cal.asdf,wfi01,eval,100,0,0.006206013,1
gwcs,../roman/.data/build21/r0000101001001001001_0001_wfi01_f158_cal.asdf,wfi01,eval,100,1,0.005836202,1
gwcs,../roman/.data/build21/r0000101001001001001_0001_wfi01_f158_cal.asdf,wfi01,eval,100,2,0.005371067,1
gwcs,../roman/.data/build21/r0000101001001001001_0001_wfi01_f158_cal.asdf,wfi01,eval,100,3,0.005708002,1
gwcs,../roman/.data/build21/r0000101001001001001_0001_wfi01_f158_cal.asdf,wfi01,eval,100,4,0.005296292,1
gwcs,../roman/.data/build21/r0000101001001001001_0001_wfi01_f158_cal.asdf,wfi01,eval,100,5,0.005478389,1
gwcs,../roman/.data/build21/r0000101001001001001_0001_wfi01_f158_cal.asdf,wfi01,eval,100,6,0.005564385,1
gwcs,../roman/.data/build21/r0000101001001001001_0001_wfi01_f158_cal.asdf,wfi01,eval,100,7,0.005445989,1
gwcs,../roman/.data/build21/r0000101001001001001_0001_wfi01_f158_cal.asdf,wfi01,eval,100,8,0.005562800,1
gwcs,../roman/.data/build21/r0000101001001001001_0001_wfi01_f158_cal.asdf,wfi01,eval,100,9,0.005572758,1
gwcs,../roman/.data/build21/r0000101001001001001_0001_wfi01_f158_cal.asdf,wfi01,eval,100,10,0.005143601,1
gwcs,../roman/.data/build21/r0000101001001001001_0001_wfi01_f158_cal.asdf,wfi01,eval,100,11,0.005386322,1
gwcs,../roman/.data/build21/r0000101001001001001_0001_wfi01_f158_cal.asdf,wfi01,eval,100,12,0.005061844,1
gwcs,../roman/.data/build21/r0000101001001001001_0001_wfi01_f158_cal.asdf,wfi01,eval,100,13,0.005175432,1
gwcs,../roman/.data/build21/r0000101001001001001_0001_wfi01_f158_cal.asdf,wfi01,eval,100,14,0.006235193,1
gwcs,../roman/.data/build21/r0000101001001001001_0001_wfi01_f158_cal.asdf,wfi01,eval,100,15,0.005437272,1
gwcs,../roman/.data/build21/r0000101001001001001_0001_wfi01_f158_cal.asdf,wfi01,eval,100,16,0.005275306,1
gwcs,../roman/.data/build21/r0000101001001001001_0001_wfi01_f158_cal.asdf,wfi01,eval,100,17,0.006081643,1
gwcs,../roman/.data/build21/r0000101001001001001_0001_wfi01_f158_cal.asdf,wfi01,eval,100,18,0.005197855,1
gwcs,../roman/.data/build21/r0000101001001001001_0001_wfi01_f158_cal.asdf,wfi01,eval,100,19,0.006782103,1
gwcs,../roman/.data/build21/r0000101001001001001_0001_wfi01_f158_cal.asdf,wfi01,eval,100,20,0.005405664,1
gwcs,../roman/.data/build21/r0000101001001001001_0001_wfi01_f158_cal.asdf,wfi01,eval,100,21,0.005631578,1
gwcs,../roman/.data/build21/r0000101001001001001_0001_wfi01_f158_cal.asdf,wfi01,eval,100,22,0.005316731,1
gwcs,../roman/.data/build21/r0000101001001001001_0001_wfi01_f158_cal.asdf,wfi01,eval,100,23,0.005675491,1
gwcs,../roman/.data/build21/r0000101001001001001_0001_wfi01_f158_cal.asdf,wfi01,eval,100,24,0.005289250,1
gwcs,../roman/.data/build21/r0000101001001001001_0001_wfi01_f158_cal.asdf,wfi01,eval,100,25,0.005262453,1
gwcs,../roman/.data/build21/r0000101001001001001_0001_wfi01_f158_cal.asdf,wfi01,eval,100,26,0.005349147,1
gwcs,../roman/.data/build21/r0000101001001001001_0001_wfi01_f158_cal.asdf,wfi01,eval,100,27,0.005353790,1
gwcs,../roman/.data/build21/r0000101001001001001_0001_wfi01_f158_cal.asdf,wfi01,eval,100,28,0.005268920,1
gwcs,../roman/.data/build21/r0000101001001001001_0001_wfi01_f158_cal.asdf,wfi01,eval,100,29,0.005433799,1
gwcs,../roman/.data/build21/r0000101001001001001_0001_wfi01_f158_cal.asdf,wfi01,eval,100,30,0.005394211,1
gwcs,../roman/.data/build21/r0000101001001001001_0001_wfi01_f158_cal.asdf,wfi01,eval,100,31,0.005225924,1
gwcs,../roman/.data/build21/r0000101001001001001_0001_wfi01_f158_cal.asdf,wfi01,eval,100,32,0.005238962,1
gwcs,../roman/.data/build21/r0000101001001001001_0001_wfi01_f158_cal.asdf,wfi01,eval,100,33,0.005547789,1
gwcs,../roman/.data/build21/r0000101001001001001_0001_wfi01_f158_cal.asdf,wfi01,eval,100,34,0.005305582,1
gwcs,../roman/.data/build21/r0000101001001001001_0001_wfi01_f158_cal.asdf,wfi01,eval,100,35,0.005121422,1
gwcs,../roman/.data/build21/r0000101001001001001_0001_wfi01_f158_cal.asdf,wfi01,eval,100,36,0.005050627,1
gwcs,../roman/.data/build21/r0000101001001001001_0001_wfi01_f158_cal.asdf,wfi01,eval,100,37,0.005049219,1
gwcs,../roman/.data/build21/r0000101001001001001_0001_wfi01_f158_cal.asdf,wfi01,eval,100,38,0.004984666,1
gwcs,../roman/.data/build21/r0000101001001001001_0001_wfi01_f158_cal.asdf,wfi01,eval,100,39,0.005080210,1
gwcs,../roman/.data/build21/r0000101001001001001_0001_wfi01_f158_cal.asdf,wfi01,eval,100,40,0.005081995,1
gwcs,../roman/.data/build21/r0000101001001001001_0001_wfi01_f158_cal.asdf,wfi01,eval,100,41,0.004999344,1
gwcs,../roman/.data/build21/r0000101001001001001_0001_wfi01_f158_cal.asdf,wfi01,eval,100,42,0.004995632,1
gwcs,../roman/.data/build21/r0000101001001001001_0001_wfi01_f158_cal.asdf,wfi01,eval,100,43,0.005154950,1
gwcs,../roman/.data/build21/r0000101001001001001_0001_wfi01_f158_cal.asdf,wfi01,eval,100,44,0.005627673,1
gwcs,../roman/.data/build21/r0000101001001001001_0001_wfi01_f158_cal.asdf,wfi01,eval,100,45,0.005120925,1
gwcs,../roman/.data/build21/r0000101001001001001_0001_wfi01_f158_cal.asdf,wfi01,eval,100,46,0.005237572,1
gwcs,../roman/.data/build21/r0000101001001001001_0001_wfi01_f158_cal.asdf,wfi01,eval,100,47,0.005121345,1
gwcs,../roman/.data/build21/r0000101001001001001_0001_wfi01_f158_cal.asdf,wfi01,eval,100,48,0.005054723,1
gwcs,../roman/.data/build21/r0000101001001001001_0001_wfi01_f158_cal.asdf,wfi01,eval,100,49,0.005172055,1
gwcs,../roman/.data/build21/r0000101001001001001_0001_wfi01_f158_cal.asdf,wfi01,eval,1000,0,0.006073779,1
gwcs,../roman/.data/build21/r0000101001001001001_0001_wfi01_f158_cal.asdf,wfi01,eval,1000,1,0.005819074,1
gwcs,../roman/.data/build21/r0000101001001001001_0001_wfi01_f158_cal.asdf,wfi01,eval,1000,2,0.005600442,1
gwcs,../roman/.data/build21/r0000101001001001001_0001_wfi01_f158_cal.asdf,wfi01,eval,1000,3,0.005424687,1
gwcs,../roman/.data/build21/r0000101001001001001_0001_wfi01_f158_cal.asdf,wfi01,eval,1000,4,0.005455313,1
gwcs,../roman/.data/build21/r0000101001001001001_0001_wfi01_f158_cal.asdf,wfi01,eval,1000,5,0.005536881,1
gwcs,../roman/.data/build21/r0000101001001001001_0001_wfi01_f158_cal.asdf,wfi01,eval,1000,6,0.005395973,1
gwcs,../roman/.data/build21/r0000101001001001001_0001_wfi01_f158_cal.asdf,wfi01,eval,1000,7,0.005436085,1
gwcs,../roman/.data/build21/r0000101001001001001_0001_wfi01_f158_cal.asdf,wfi01,eval,1000,8,0.006302515,1
gwcs,../roman/.data/build21/r0000101001001001001_0001_wfi01_f158_cal.asdf,wfi01,eval,1000,9,0.005613806,1
gwcs,../roman/.data/build21/r0000101001001001001_0001_wfi01_f158_cal.asdf,wfi01,eval,1000,10,0.005850180,1
gwcs,../roman/.data/build21/r0000101001001001001_0001_wfi01_f158_cal.asdf,wfi01,eval,1000,11,0.005720470,1
gwcs,../roman/.data/build21/r0000101001001001001_0001_wfi01_f158_cal.asdf,wfi01,eval,1000,12,0.006211876,1
gwcs,../roman/.data/build21/r0000101001001001001_0001_wfi01_f158_cal.asdf,wfi01,eval,1000,13,0.006434234,1
gwcs,../roman/.data/build21/r0000101001001001001_0001_wfi01_f158_cal.asdf,wfi01,eval,1000,14,0.006731252,1
gwcs,../roman/.data/build21/r0000101001001001001_0001_wfi01_f158_cal.asdf,wfi01,eval,1000,15,0.005743951,1
gwcs,../roman/.data/build21/r0000101001001001001_0001_wfi01_f158_cal.asdf,wfi01,eval,1000,16,0.005905105,1
gwcs,../roman/.data/build21/r0000101001001001001_0001_wfi01_f158_cal.asdf,wfi01,eval,1000,17,0.006021079,1
gwcs,../roman/.data/build21/r0000101001001001001_0001_wfi01_f158_cal.asdf,wfi01,eval,1000,18,0.005569288,1
gwcs,../roman/.data/build21/r0000101001001001001_0001_wfi01_f158_cal.asdf,wfi01,eval,1000,19,0.005790308,1
gwcs,../roman/.data/build21/r0000101001001001001_0001_wfi01_f158_cal.asdf,wfi01,eval,10000,0,0.009738545,1
gwcs,../roman/.data/build21/r0000101001001001001_0001_wfi01_f158_cal.asdf,wfi01,eval,10000,1,0.009004367,1
gwcs,../roman/.data/build21/r0000101001001001001_0001_wfi01_f158_cal.asdf,wfi01,eval,10000,2,0.009051795,1
gwcs,../roman/.data/build21/r0000101001001001001_0001_wfi01_f158_cal.asdf,wfi01,eval,10000,3,0.009087710,1
gwcs,../roman/.data/build21/r0000101001001001001_0001_wfi01_f158_cal.asdf,wfi01,eval,10000,4,0.008980744,1
gwcs,../roman/.data/build21/r0000101001001001001_0001_wfi01_f158_cal.asdf,wfi01,eval,10000,5,0.008972903,1
gwcs,../roman/.data/build21/r0000101001001001001_0001_wfi01_f158_cal.asdf,wfi01,eval,10000,6,0.008887332,1
gwcs,../roman/.data/build21/r0000101001001001001_0001_wfi01_f158_cal.asdf,wfi01,eval,10000,7,0.008536694,1
gwcs,../roman/.data/build21/r0000101001001001001_0001_wfi01_f158_cal.asdf,wfi01,eval,10000,8,0.008523004,1
gwcs,../roman/.data/build21/r0000101001001001001_0001_wfi01_f158_cal.asdf,wfi01,eval,10000,9,0.008608521,1
gwcs,../roman/.data/build21/r0000101001001001001_0001_wfi01_f158_cal.asdf,wfi01,eval,100000,0,0.039588029,1
gwcs,../roman/.data/build21/r0000101001001001001_0001_wfi01_f158_cal.asdf,wfi01,eval,100000,1,0.039444407,1
gwcs,../roman/.data/build21/r0000101001001001001_0001_wfi01_f158_cal.asdf,wfi01,eval,100000,2,0.041813524,1
gwcs,../roman/.data/build21/r0000101001001001001_0001_wfi01_f158_cal.asdf,wfi01,eval,100000,3,0.040505101,1
gwcs,../roman/.data/build21/r0000101001001001001_0001_wfi01_f158_cal.asdf,wfi01,eval,100000,4,0.039949777,1
gwcs,../roman/.data/build21/r0000101001001001001_0001_wfi01_f158_cal.asdf,wfi01,eval,1000000,0,0.426594362,1
gwcs,../roman/.data/build21/r0000101001001001001_0001_wfi01_f158_cal.asdf,wfi01,eval,1000000,1,0.388574516,1
gwcs,../roman/.data/build21/r0000101001001001001_0001_wfi01_f158_cal.asdf,wfi01,eval,1000000,2,0.405992272,1
gwcs,../roman/.data/build21/r0000101001001001001_0001_wfi01_f158_cal.asdf,wfi01,eval,10000000,0,7.198880329,1
gwcs,../roman/.data/build21/r0000101001001001001_0001_wfi01_f158_cal.asdf,wfi01,eval,10000000,1,3.896338233,1
gwcs,../roman/.data/build21/r0000101001001001001_0001_wfi01_f158_cal.asdf,wfi01,eval,16711744,0,12.197526036,1
gwcs,../roman/.data/build21/r0000101001001001001_0001_wfi01_f158_cal.asdf,wfi01,eval,16711744,1,6.787180049,1
gwcs,../roman/.data/build21/r0000101001001001001_0001_wfi02_f158_cal.asdf,wfi02,parse_cold,0,0,0.815370709,1
gwcs,../roman/.data/build21/r0000101001001001001_0001_wfi02_f158_cal.asdf,wfi02,parse_hot,0,0,0.584915890,1
gwcs,../roman/.data/build21/r0000101001001001001_0001_wfi02_f158_cal.asdf,wfi02,eval,1,0,0.006353500,1
gwcs,../roman/.data/build21/r0000101001001001001_0001_wfi02_f158_cal.asdf,wfi02,eval,1,1,0.005018933,1
gwcs,../roman/.data/build21/r0000101001001001001_0001_wfi02_f158_cal.asdf,wfi02,eval,1,2,0.004972480,1
gwcs,../roman/.data/build21/r0000101001001001001_0001_wfi02_f158_cal.asdf,wfi02,eval,1,3,0.004893752,1
gwcs,../roman/.data/build21/r0000101001001001001_0001_wfi02_f158_cal.asdf,wfi02,eval,1,4,0.005188207,1
gwcs,../roman/.data/build21/r0000101001001001001_0001_wfi02_f158_cal.asdf,wfi02,eval,1,5,0.004798096,1
gwcs,../roman/.data/build21/r0000101001001001001_0001_wfi02_f158_cal.asdf,wfi02,eval,1,6,0.004744358,1
gwcs,../roman/.data/build21/r0000101001001001001_0001_wfi02_f158_cal.asdf,wfi02,eval,1,7,0.005172447,1
gwcs,../roman/.data/build21/r0000101001001001001_0001_wfi02_f158_cal.asdf,wfi02,eval,1,8,0.004966231,1
gwcs,../roman/.data/build21/r0000101001001001001_0001_wfi02_f158_cal.asdf,wfi02,eval,1,9,0.004737431,1
gwcs,../roman/.data/build21/r0000101001001001001_0001_wfi02_f158_cal.asdf,wfi02,eval,1,10,0.005075654,1
gwcs,../roman/.data/build21/r0000101001001001001_0001_wfi02_f158_cal.asdf,wfi02,eval,1,11,0.004978788,1
gwcs,../roman/.data/build21/r0000101001001001001_0001_wfi02_f158_cal.asdf,wfi02,eval,1,12,0.004923880,1
gwcs,../roman/.data/build21/r0000101001001001001_0001_wfi02_f158_cal.asdf,wfi02,eval,1,13,0.005018199,1
gwcs,../roman/.data/build21/r0000101001001001001_0001_wfi02_f158_cal.asdf,wfi02,eval,1,14,0.005224477,1
gwcs,../roman/.data/build21/r0000101001001001001_0001_wfi02_f158_cal.asdf,wfi02,eval,1,15,0.004833329,1
gwcs,../roman/.data/build21/r0000101001001001001_0001_wfi02_f158_cal.asdf,wfi02,eval,1,16,0.005086765,1
gwcs,../roman/.data/build21/r0000101001001001001_0001_wfi02_f158_cal.asdf,wfi02,eval,1,17,0.005054837,1
gwcs,../roman/.data/build21/r0000101001001001001_0001_wfi02_f158_cal.asdf,wfi02,eval,1,18,0.005114526,1
gwcs,../roman/.data/build21/r0000101001001001001_0001_wfi02_f158_cal.asdf,wfi02,eval,1,19,0.004894757,1
gwcs,../roman/.data/build21/r0000101001001001001_0001_wfi02_f158_cal.asdf,wfi02,eval,1,20,0.005124022,1
gwcs,../roman/.data/build21/r0000101001001001001_0001_wfi02_f158_cal.asdf,wfi02,eval,1,21,0.005229039,1
gwcs,../roman/.data/build21/r0000101001001001001_0001_wfi02_f158_cal.asdf,wfi02,eval,1,22,0.005982655,1
gwcs,../roman/.data/build21/r0000101001001001001_0001_wfi02_f158_cal.asdf,wfi02,eval,1,23,0.005233529,1
gwcs,../roman/.data/build21/r0000101001001001001_0001_wfi02_f158_cal.asdf,wfi02,eval,1,24,0.005055935,1
gwcs,../roman/.data/build21/r0000101001001001001_0001_wfi02_f158_cal.asdf,wfi02,eval,1,25,0.004972317,1
gwcs,../roman/.data/build21/r0000101001001001001_0001_wfi02_f158_cal.asdf,wfi02,eval,1,26,0.004962637,1
gwcs,../roman/.data/build21/r0000101001001001001_0001_wfi02_f158_cal.asdf,wfi02,eval,1,27,0.009993311,1
gwcs,../roman/.data/build21/r0000101001001001001_0001_wfi02_f158_cal.asdf,wfi02,eval,1,28,0.004755136,1
gwcs,../roman/.data/build21/r0000101001001001001_0001_wfi02_f158_cal.asdf,wfi02,eval,1,29,0.004961364,1
gwcs,../roman/.data/build21/r0000101001001001001_0001_wfi02_f158_cal.asdf,wfi02,eval,1,30,0.004981109,1
gwcs,../roman/.data/build21/r0000101001001001001_0001_wfi02_f158_cal.asdf,wfi02,eval,1,31,0.004774912,1
gwcs,../roman/.data/build21/r0000101001001001001_0001_wfi02_f158_cal.asdf,wfi02,eval,1,32,0.004992519,1
gwcs,../roman/.data/build21/r0000101001001001001_0001_wfi02_f158_cal.asdf,wfi02,eval,1,33,0.004832949,1
gwcs,../roman/.data/build21/r0000101001001001001_0001_wfi02_f158_cal.asdf,wfi02,eval,1,34,0.004724742,1
gwcs,../roman/.data/build21/r0000101001001001001_0001_wfi02_f158_cal.asdf,wfi02,eval,1,35,0.004710282,1
gwcs,../roman/.data/build21/r0000101001001001001_0001_wfi02_f158_cal.asdf,wfi02,eval,1,36,0.005173923,1
gwcs,../roman/.data/build21/r0000101001001001001_0001_wfi02_f158_cal.asdf,wfi02,eval,1,37,0.004878056,1
gwcs,../roman/.data/build21/r0000101001001001001_0001_wfi02_f158_cal.asdf,wfi02,eval,1,38,0.004737271,1
gwcs,../roman/.data/build21/r0000101001001001001_0001_wfi02_f158_cal.asdf,wfi02,eval,1,39,0.005055004,1
gwcs,../roman/.data/build21/r0000101001001001001_0001_wfi02_f158_cal.asdf,wfi02,eval,1,40,0.004855632,1
gwcs,../roman/.data/build21/r0000101001001001001_0001_wfi02_f158_cal.asdf,wfi02,eval,1,41,0.004792404,1
gwcs,../roman/.data/build21/r0000101001001001001_0001_wfi02_f158_cal.asdf,wfi02,eval,1,42,0.004792740,1
gwcs,../roman/.data/build21/r0000101001001001001_0001_wfi02_f158_cal.asdf,wfi02,eval,1,43,0.005257024,1
gwcs,../roman/.data/build21/r0000101001001001001_0001_wfi02_f158_cal.asdf,wfi02,eval,1,44,0.005079909,1
gwcs,../roman/.data/build21/r0000101001001001001_0001_wfi02_f158_cal.asdf,wfi02,eval,1,45,0.004869209,1
gwcs,../roman/.data/build21/r0000101001001001001_0001_wfi02_f158_cal.asdf,wfi02,eval,1,46,0.005205705,1
gwcs,../roman/.data/build21/r0000101001001001001_0001_wfi02_f158_cal.asdf,wfi02,eval,1,47,0.004968129,1
gwcs,../roman/.data/build21/r0000101001001001001_0001_wfi02_f158_cal.asdf,wfi02,eval,1,48,0.005479053,1
gwcs,../roman/.data/build21/r0000101001001001001_0001_wfi02_f158_cal.asdf,wfi02,eval,1,49,0.005111585,1
gwcs,../roman/.data/build21/r0000101001001001001_0001_wfi02_f158_cal.asdf,wfi02,eval,1,50,0.004884035,1
gwcs,../roman/.data/build21/r0000101001001001001_0001_wfi02_f158_cal.asdf,wfi02,eval,1,51,0.004767040,1
gwcs,../roman/.data/build21/r0000101001001001001_0001_wfi02_f158_cal.asdf,wfi02,eval,1,52,0.004969756,1
gwcs,../roman/.data/build21/r0000101001001001001_0001_wfi02_f158_cal.asdf,wfi02,eval,1,53,0.004864359,1
gwcs,../roman/.data/build21/r0000101001001001001_0001_wfi02_f158_cal.asdf,wfi02,eval,1,54,0.004799752,1
gwcs,../roman/.data/build21/r0000101001001001001_0001_wfi02_f158_cal.asdf,wfi02,eval,1,55,0.004739795,1
gwcs,../roman/.data/build21/r0000101001001001001_0001_wfi02_f158_cal.asdf,wfi02,eval,1,56,0.005181143,1
gwcs,../roman/.data/build21/r0000101001001001001_0001_wfi02_f158_cal.asdf,wfi02,eval,1,57,0.006151410,1
gwcs,../roman/.data/build21/r0000101001001001001_0001_wfi02_f158_cal.asdf,wfi02,eval,1,58,0.006226601,1
gwcs,../roman/.data/build21/r0000101001001001001_0001_wfi02_f158_cal.asdf,wfi02,eval,1,59,0.005199860,1
gwcs,../roman/.data/build21/r0000101001001001001_0001_wfi02_f158_cal.asdf,wfi02,eval,1,60,0.004868107,1
gwcs,../roman/.data/build21/r0000101001001001001_0001_wfi02_f158_cal.asdf,wfi02,eval,1,61,0.004844179,1
gwcs,../roman/.data/build21/r0000101001001001001_0001_wfi02_f158_cal.asdf,wfi02,eval,1,62,0.005334668,1
gwcs,../roman/.data/build21/r0000101001001001001_0001_wfi02_f158_cal.asdf,wfi02,eval,1,63,0.004821837,1
gwcs,../roman/.data/build21/r0000101001001001001_0001_wfi02_f158_cal.asdf,wfi02,eval,1,64,0.004757049,1
gwcs,../roman/.data/build21/r0000101001001001001_0001_wfi02_f158_cal.asdf,wfi02,eval,1,65,0.004995936,1
gwcs,../roman/.data/build21/r0000101001001001001_0001_wfi02_f158_cal.asdf,wfi02,eval,1,66,0.004999142,1
gwcs,../roman/.data/build21/r0000101001001001001_0001_wfi02_f158_cal.asdf,wfi02,eval,1,67,0.004770162,1
gwcs,../roman/.data/build21/r0000101001001001001_0001_wfi02_f158_cal.asdf,wfi02,eval,1,68,0.004728058,1
gwcs,../roman/.data/build21/r0000101001001001001_0001_wfi02_f158_cal.asdf,wfi02,eval,1,69,0.005079402,1
gwcs,../roman/.data/build21/r0000101001001001001_0001_wfi02_f158_cal.asdf,wfi02,eval,1,70,0.004841777,1
gwcs,../roman/.data/build21/r0000101001001001001_0001_wfi02_f158_cal.asdf,wfi02,eval,1,71,0.005279796,1
gwcs,../roman/.data/build21/r0000101001001001001_0001_wfi02_f158_cal.asdf,wfi02,eval,1,72,0.005198401,1
gwcs,../roman/.data/build21/r0000101001001001001_0001_wfi02_f158_cal.asdf,wfi02,eval,1,73,0.004880087,1
gwcs,../roman/.data/build21/r0000101001001001001_0001_wfi02_f158_cal.asdf,wfi02,eval,1,74,0.004762176,1
gwcs,../roman/.data/build21/r0000101001001001001_0001_wfi02_f158_cal.asdf,wfi02,eval,1,75,0.004955124,1
gwcs,../roman/.data/build21/r0000101001001001001_0001_wfi02_f158_cal.asdf,wfi02,eval,1,76,0.005015039,1
gwcs,../roman/.data/build21/r0000101001001001001_0001_wfi02_f158_cal.asdf,wfi02,eval,1,77,0.004829564,1
gwcs,../roman/.data/build21/r0000101001001001001_0001_wfi02_f158_cal.asdf,wfi02,eval,1,78,0.004760468,1
gwcs,../roman/.data/build21/r0000101001001001001_0001_wfi02_f158_cal.asdf,wfi02,eval,1,79,0.005126357,1
gwcs,../roman/.data/build21/r0000101001001001001_0001_wfi02_f158_cal.asdf,wfi02,eval,1,80,0.004942286,1
gwcs,../roman/.data/build21/r0000101001001001001_0001_wfi02_f158_cal.asdf,wfi02,eval,1,81,0.004939940,1
gwcs,../roman/.data/build21/r0000101001001001001_0001_wfi02_f158_cal.asdf,wfi02,eval,1,82,0.005101294,1
gwcs,../roman/.data/build21/r0000101001001001001_0001_wfi02_f158_cal.asdf,wfi02,eval,1,83,0.004895771,1
gwcs,../roman/.data/build21/r0000101001001001001_0001_wfi02_f158_cal.asdf,wfi02,eval,1,84,0.004850743,1
gwcs,../roman/.data/build21/r0000101001001001001_0001_wfi02_f158_cal.asdf,wfi02,eval,1,85,0.004810037,1
gwcs,../roman/.data/build21/r0000101001001001001_0001_wfi02_f158_cal.asdf,wfi02,eval,1,86,0.005161758,1
gwcs,../roman/.data/build21/r0000101001001001001_0001_wfi02_f158_cal.asdf,wfi02,eval,1,87,0.004914680,1
gwcs,../roman/.data/build21/r0000101001001001001_0001_wfi02_f158_cal.asdf,wfi02,eval,1,88,0.004789745,1
gwcs,../roman/.data/build21/r0000101001001001001_0001_wfi02_f158_cal.asdf,wfi02,eval,1,89,0.005138462,1
gwcs,../roman/.data/build21/r0000101001001001001_0001_wfi02_f158_cal.asdf,wfi02,eval,1,90,0.004965892,1
gwcs,../roman/.data/build21/r0000101001001001001_0001_wfi02_f158_cal.asdf,wfi02,eval,1,91,0.004825369,1
gwcs,../roman/.data/build21/r0000101001001001001_0001_wfi02_f158_cal.asdf,wfi02,eval,1,92,0.005059756,1
gwcs,../roman/.data/build21/r0000101001001001001_0001_wfi02_f158_cal.asdf,wfi02,eval,1,93,0.004976162,1
gwcs,../roman/.data/build21/r0000101001001001001_0001_wfi02_f158_cal.asdf,wfi02,eval,1,94,0.004788642,1
gwcs,../roman/.data/build21/r0000101001001001001_0001_wfi02_f158_cal.asdf,wfi02,eval,1,95,0.004811217,1
gwcs,../roman/.data/build21/r0000101001001001001_0001_wfi02_f158_cal.asdf,wfi02,eval,1,96,0.005251512,1
gwcs,../roman/.data/build21/r0000101001001001001_0001_wfi02_f158_cal.asdf,wfi02,eval,1,97,0.004914503,1
gwcs,../roman/.data/build21/r0000101001001001001_0001_wfi02_f158_cal.asdf,wfi02,eval,1,98,0.004750586,1
gwcs,../roman/.data/build21/r0000101001001001001_0001_wfi02_f158_cal.asdf,wfi02,eval,1,99,0.005096585,1
gwcs,../roman/.data/build21/r0000101001001001001_0001_wfi02_f158_cal.asdf,wfi02,eval,10,0,0.006237221,1
gwcs,../roman/.data/build21/r0000101001001001001_0001_wfi02_f158_cal.asdf,wfi02,eval,10,1,0.005372234,1
gwcs,../roman/.data/build21/r0000101001001001001_0001_wfi02_f158_cal.asdf,wfi02,eval,10,2,0.005121113,1
gwcs,../roman/.data/build21/r0000101001001001001_0001_wfi02_f158_cal.asdf,wfi02,eval,10,3,0.004964764,1
gwcs,../roman/.data/build21/r0000101001001001001_0001_wfi02_f158_cal.asdf,wfi02,eval,10,4,0.004886881,1
gwcs,../roman/.data/build21/r0000101001001001001_0001_wfi02_f158_cal.asdf,wfi02,eval,10,5,0.004989888,1
gwcs,../roman/.data/build21/r0000101001001001001_0001_wfi02_f158_cal.asdf,wfi02,eval,10,6,0.004956684,1
gwcs,../roman/.data/build21/r0000101001001001001_0001_wfi02_f158_cal.asdf,wfi02,eval,10,7,0.004908636,1
gwcs,../roman/.data/build21/r0000101001001001001_0001_wfi02_f158_cal.asdf,wfi02,eval,10,8,0.005084435,1
gwcs,../roman/.data/build21/r0000101001001001001_0001_wfi02_f158_cal.asdf,wfi02,eval,10,9,0.005063339,1
gwcs,../roman/.data/build21/r0000101001001001001_0001_wfi02_f158_cal.asdf,wfi02,eval,10,10,0.005040868,1
gwcs,../roman/.data/build21/r0000101001001001001_0001_wfi02_f158_cal.asdf,wfi02,eval,10,11,0.004935929,1
gwcs,../roman/.data/build21/r0000101001001001001_0001_wfi02_f158_cal.asdf,wfi02,eval,10,12,0.005368189,1
gwcs,../roman/.data/build21/r0000101001001001001_0001_wfi02_f158_cal.asdf,wfi02,eval,10,13,0.004946882,1
gwcs,../roman/.data/build21/r0000101001001001001_0001_wfi02_f158_cal.asdf,wfi02,eval,10,14,0.004879936,1
gwcs,../roman/.data/build21/r0000101001001001001_0001_wfi02_f158_cal.asdf,wfi02,eval,10,15,0.005043403,1
gwcs,../roman/.data/build21/r0000101001001001001_0001_wfi02_f158_cal.asdf,wfi02,eval,10,16,0.005150312,1
gwcs,../roman/.data/build21/r0000101001001001001_0001_wfi02_f158_cal.asdf,wfi02,eval,10,17,0.004922596,1
gwcs,../roman/.data/build21/r0000101001001001001_0001_wfi02_f158_cal.asdf,wfi02,eval,10,18,0.004938854,1
gwcs,../roman/.data/build21/r0000101001001001001_0001_wfi02_f158_cal.asdf,wfi02,eval,10,19,0.005379633,1
gwcs,../roman/.data/build21/r0000101001001001001_0001_wfi02_f158_cal.asdf,wfi02,eval,10,20,0.006403202,1
gwcs,../roman/.data/build21/r0000101001001001001_0001_wfi02_f158_cal.asdf,wfi02,eval,10,21,0.004974025,1
gwcs,../roman/.data/build21/r0000101001001001001_0001_wfi02_f158_cal.asdf,wfi02,eval,10,22,0.005256210,1
gwcs,../roman/.data/build21/r0000101001001001001_0001_wfi02_f158_cal.asdf,wfi02,eval,10,23,0.004968481,1
gwcs,../roman/.data/build21/r0000101001001001001_0001_wfi02_f158_cal.asdf,wfi02,eval,10,24,0.004900562,1
gwcs,../roman/.data/build21/r0000101001001001001_0001_wfi02_f158_cal.asdf,wfi02,eval,10,25,0.005228626,1
gwcs,../roman/.data/build21/r0000101001001001001_0001_wfi02_f158_cal.asdf,wfi02,eval,10,26,0.005079214,1
gwcs,../roman/.data/build21/r0000101001001001001_0001_wfi02_f158_cal.asdf,wfi02,eval,10,27,0.004912362,1
gwcs,../roman/.data/build21/r0000101001001001001_0001_wfi02_f158_cal.asdf,wfi02,eval,10,28,0.005436121,1
gwcs,../roman/.data/build21/r0000101001001001001_0001_wfi02_f158_cal.asdf,wfi02,eval,10,29,0.005087059,1
gwcs,../roman/.data/build21/r0000101001001001001_0001_wfi02_f158_cal.asdf,wfi02,eval,10,30,0.004931025,1
gwcs,../roman/.data/build21/r0000101001001001001_0001_wfi02_f158_cal.asdf,wfi02,eval,10,31,0.004907776,1
gwcs,../roman/.data/build21/r0000101001001001001_0001_wfi02_f158_cal.asdf,wfi02,eval,10,32,0.005233478,1
gwcs,../roman/.data/build21/r0000101001001001001_0001_wfi02_f158_cal.asdf,wfi02,eval,10,33,0.004974974,1
gwcs,../roman/.data/build21/r0000101001001001001_0001_wfi02_f158_cal.asdf,wfi02,eval,10,34,0.004890174,1
gwcs,../roman/.data/build21/r0000101001001001001_0001_wfi02_f158_cal.asdf,wfi02,eval,10,35,0.005223131,1
gwcs,../roman/.data/build21/r0000101001001001001_0001_wfi02_f158_cal.asdf,wfi02,eval,10,36,0.005169560,1
gwcs,../roman/.data/build21/r0000101001001001001_0001_wfi02_f158_cal.asdf,wfi02,eval,10,37,0.004868285,1
gwcs,../roman/.data/build21/r0000101001001001001_0001_wfi02_f158_cal.asdf,wfi02,eval,10,38,0.005223712,1
gwcs,../roman/.data/build21/r0000101001001001001_0001_wfi02_f158_cal.asdf,wfi02,eval,10,39,0.005067441,1
gwcs,../roman/.data/build21/r0000101001001001001_0001_wfi02_f158_cal.asdf,wfi02,eval,10,40,0.004925782,1
gwcs,../roman/.data/build21/r0000101001001001001_0001_wfi02_f158_cal.asdf,wfi02,eval,10,41,0.005045355,1
gwcs,../roman/.data/build21/r0000101001001001001_0001_wfi02_f158_cal.asdf,wfi02,eval,10,42,0.005075190,1
gwcs,../roman/.data/build21/r0000101001001001001_0001_wfi02_f158_cal.asdf,wfi02,eval,10,43,0.004918972,1
gwcs,../roman/.data/build21/r0000101001001001001_0001_wfi02_f158_cal.asdf,wfi02,eval,10,44,0.004870920,1
gwcs,../roman/.data/build21/r0000101001001001001_0001_wfi02_f158_cal.asdf,wfi02,eval,10,45,0.005204223,1
gwcs,../roman/.data/build21/r0000101001001001001_0001_wfi02_f158_cal.asdf,wfi02,eval,10,46,0.005012315,1
gwcs,../roman/.data/build21/r0000101001001001001_0001_wfi02_f158_cal.asdf,wfi02,eval,10,47,0.004863831,1
gwcs,../roman/.data/build21/r0000101001001001001_0001_wfi02_f158_cal.asdf,wfi02,eval,10,48,0.005322248,1
gwcs,../roman/.data/build21/r0000101001001001001_0001_wfi02_f158_cal.asdf,wfi02,eval,10,49,0.005033254,1
gwcs,../roman/.data/build21/r0000101001001001001_0001_wfi02_f158_cal.asdf,wfi02,eval,10,50,0.004935782,1
gwcs,../roman/.data/build21/r0000101001001001001_0001_wfi02_f158_cal.asdf,wfi02,eval,10,51,0.005125118,1
gwcs,../roman/.data/build21/r0000101001001001001_0001_wfi02_f158_cal.asdf,wfi02,eval,10,52,0.005013014,1
gwcs,../roman/.data/build21/r0000101001001001001_0001_wfi02_f158_cal.asdf,wfi02,eval,10,53,0.004880065,1
gwcs,../roman/.data/build21/r0000101001001001001_0001_wfi02_f158_cal.asdf,wfi02,eval,10,54,0.004946154,1
gwcs,../roman/.data/build21/r0000101001001001001_0001_wfi02_f158_cal.asdf,wfi02,eval,10,55,0.005334332,1
gwcs,../roman/.data/build21/r0000101001001001001_0001_wfi02_f158_cal.asdf,wfi02,eval,10,56,0.005030025,1
gwcs,../roman/.data/build21/r0000101001001001001_0001_wfi02_f158_cal.asdf,wfi02,eval,10,57,0.004882913,1
gwcs,../roman/.data/build21/r0000101001001001001_0001_wfi02_f158_cal.asdf,wfi02,eval,10,58,0.005314216,1
gwcs,../roman/.data/build21/r0000101001001001001_0001_wfi02_f158_cal.asdf,wfi02,eval,10,59,0.005085561,1
gwcs,../roman/.data/build21/r0000101001001001001_0001_wfi02_f158_cal.asdf,wfi02,eval,10,60,0.005025176,1
gwcs,../roman/.data/build21/r0000101001001001001_0001_wfi02_f158_cal.asdf,wfi02,eval,10,61,0.005239711,1
gwcs,../roman/.data/build21/r0000101001001001001_0001_wfi02_f158_cal.asdf,wfi02,eval,10,62,0.004965501,1
gwcs,../roman/.data/build21/r0000101001001001001_0001_wfi02_f158_cal.asdf,wfi02,eval,10,63,0.004901283,1
gwcs,../roman/.data/build21/r0000101001001001001_0001_wfi02_f158_cal.asdf,wfi02,eval,10,64,0.004936513,1
gwcs,../roman/.data/build21/r0000101001001001001_0001_wfi02_f158_cal.asdf,wfi02,eval,10,65,0.005333826,1
gwcs,../roman/.data/build21/r0000101001001001001_0001_wfi02_f158_cal.asdf,wfi02,eval,10,66,0.004936324,1
gwcs,../roman/.data/build21/r0000101001001001001_0001_wfi02_f158_cal.asdf,wfi02,eval,10,67,0.004915223,1
gwcs,../roman/.data/build21/r0000101001001001001_0001_wfi02_f158_cal.asdf,wfi02,eval,10,68,0.005161516,1
gwcs,../roman/.data/build21/r0000101001001001001_0001_wfi02_f158_cal.asdf,wfi02,eval,10,69,0.007592678,1
gwcs,../roman/.data/build21/r0000101001001001001_0001_wfi02_f158_cal.asdf,wfi02,eval,10,70,0.004982585,1
gwcs,../roman/.data/build21/r0000101001001001001_0001_wfi02_f158_cal.asdf,wfi02,eval,10,71,0.005431539,1
gwcs,../roman/.data/build21/r0000101001001001001_0001_wfi02_f158_cal.asdf,wfi02,eval,10,72,0.004928147,1
gwcs,../roman/.data/build21/r0000101001001001001_0001_wfi02_f158_cal.asdf,wfi02,eval,10,73,0.006152272,1
gwcs,../roman/.data/build21/r0000101001001001001_0001_wfi02_f158_cal.asdf,wfi02,eval,10,74,0.007537019,1
gwcs,../roman/.data/build21/r0000101001001001001_0001_wfi02_f158_cal.asdf,wfi02,eval,10,75,0.005748070,1
gwcs,../roman/.data/build21/r0000101001001001001_0001_wfi02_f158_cal.asdf,wfi02,eval,10,76,0.005437643,1
gwcs,../roman/.data/build21/r0000101001001001001_0001_wfi02_f158_cal.asdf,wfi02,eval,10,77,0.005187238,1
gwcs,../roman/.data/build21/r0000101001001001001_0001_wfi02_f158_cal.asdf,wfi02,eval,10,78,0.005302388,1
gwcs,../roman/.data/build21/r0000101001001001001_0001_wfi02_f158_cal.asdf,wfi02,eval,10,79,0.005332007,1
gwcs,../roman/.data/build21/r0000101001001001001_0001_wfi02_f158_cal.asdf,wfi02,eval,10,80,0.005728895,1
gwcs,../roman/.data/build21/r0000101001001001001_0001_wfi02_f158_cal.asdf,wfi02,eval,10,81,0.005159456,1
gwcs,../roman/.data/build21/r0000101001001001001_0001_wfi02_f158_cal.asdf,wfi02,eval,10,82,0.005298423,1
gwcs,../roman/.data/build21/r0000101001001001001_0001_wfi02_f158_cal.asdf,wfi02,eval,10,83,0.005322783,1
gwcs,../roman/.data/build21/r0000101001001001001_0001_wfi02_f158_cal.asdf,wfi02,eval,10,84,0.005335981,1
gwcs,../roman/.data/build21/r0000101001001001001_0001_wfi02_f158_cal.asdf,wfi02,eval,10,85,0.005059362,1
gwcs,../roman/.data/build21/r0000101001001001001_0001_wfi02_f158_cal.asdf,wfi02,eval,10,86,0.006288565,1
gwcs,../roman/.data/build21/r0000101001001001001_0001_wfi02_f158_cal.asdf,wfi02,eval,10,87,0.005681098,1
gwcs,../roman/.data/build21/r0000101001001001001_0001_wfi02_f158_cal.asdf,wfi02,eval,10,88,0.005430510,1
gwcs,../roman/.data/build21/r0000101001001001001_0001_wfi02_f158_cal.asdf,wfi02,eval,10,89,0.005307143,1
gwcs,../roman/.data/build21/r0000101001001001001_0001_wfi02_f158_cal.asdf,wfi02,eval,10,90,0.005277195,1
gwcs,../roman/.data/build21/r0000101001001001001_0001_wfi02_f158_cal.asdf,wfi02,eval,10,91,0.005560873,1
gwcs,../roman/.data/build21/r0000101001001001001_0001_wfi02_f158_cal.asdf,wfi02,eval,10,92,0.005569159,1
gwcs,../roman/.data/build21/r0000101001001001001_0001_wfi02_f158_cal.asdf,wfi02,eval,10,93,0.005349559,1
gwcs,../roman/.data/build21/r0000101001001001001_0001_wfi02_f158_cal.asdf,wfi02,eval,10,94,0.005074319,1
gwcs,../roman/.data/build21/r0000101001001001001_0001_wfi02_f158_cal.asdf,wfi02,eval,10,95,0.005391606,1
gwcs,../roman/.data/build21/r0000101001001001001_0001_wfi02_f158_cal.asdf,wfi02,eval,10,96,0.005320492,1
gwcs,../roman/.data/build21/r0000101001001001001_0001_wfi02_f158_cal.asdf,wfi02,eval,10,97,0.005136683,1
gwcs,../roman/.data/build21/r0000101001001001001_0001_wfi02_f158_cal.asdf,wfi02,eval,10,98,0.005292688,1
gwcs,../roman/.data/build21/r0000101001001001001_0001_wfi02_f158_cal.asdf,wfi02,eval,10,99,0.005421265,1
gwcs,../roman/.data/build21/r0000101001001001001_0001_wfi02_f158_cal.asdf,wfi02,eval,100,0,0.005927963,1
gwcs,../roman/.data/build21/r0000101001001001001_0001_wfi02_f158_cal.asdf,wfi02,eval,100,1,0.005854319,1
gwcs,../roman/.data/build21/r0000101001001001001_0001_wfi02_f158_cal.asdf,wfi02,eval,100,2,0.006008141,1
gwcs,../roman/.data/build21/r0000101001001001001_0001_wfi02_f158_cal.asdf,wfi02,eval,100,3,0.005120974,1
gwcs,../roman/.data/build21/r0000101001001001001_0001_wfi02_f158_cal.asdf,wfi02,eval,100,4,0.005443937,1
gwcs,../roman/.data/build21/r0000101001001001001_0001_wfi02_f158_cal.asdf,wfi02,eval,100,5,0.005404944,1
gwcs,../roman/.data/build21/r0000101001001001001_0001_wfi02_f158_cal.asdf,wfi02,eval,100,6,0.005400378,1
gwcs,../roman/.data/build21/r0000101001001001001_0001_wfi02_f158_cal.asdf,wfi02,eval,100,7,0.005416164,1
gwcs,../roman/.data/build21/r0000101001001001001_0001_wfi02_f158_cal.asdf,wfi02,eval,100,8,0.005279100,1
gwcs,../roman/.data/build21/r0000101001001001001_0001_wfi02_f158_cal.asdf,wfi02,eval,100,9,0.005341033,1
gwcs,../roman/.data/build21/r0000101001001001001_0001_wfi02_f158_cal.asdf,wfi02,eval,100,10,0.005376167,1
gwcs,../roman/.data/build21/r0000101001001001001_0001_wfi02_f158_cal.asdf,wfi02,eval,100,11,0.005155426,1
gwcs,../roman/.data/build21/r0000101001001001001_0001_wfi02_f158_cal.asdf,wfi02,eval,100,12,0.005467992,1
gwcs,../roman/.data/build21/r0000101001001001001_0001_wfi02_f158_cal.asdf,wfi02,eval,100,13,0.005278162,1
gwcs,../roman/.data/build21/r0000101001001001001_0001_wfi02_f158_cal.asdf,wfi02,eval,100,14,0.005379129,1
gwcs,../roman/.data/build21/r0000101001001001001_0001_wfi02_f158_cal.asdf,wfi02,eval,100,15,0.005342179,1
gwcs,../roman/.data/build21/r0000101001001001001_0001_wfi02_f158_cal.asdf,wfi02,eval,100,16,0.005455703,1
gwcs,../roman/.data/build21/r0000101001001001001_0001_wfi02_f158_cal.asdf,wfi02,eval,100,17,0.004931976,1
gwcs,../roman/.data/build21/r0000101001001001001_0001_wfi02_f158_cal.asdf,wfi02,eval,100,18,0.005031362,1
gwcs,../roman/.data/build21/r0000101001001001001_0001_wfi02_f158_cal.asdf,wfi02,eval,100,19,0.005209320,1
gwcs,../roman/.data/build21/r0000101001001001001_0001_wfi02_f158_cal.asdf,wfi02,eval,100,20,0.004929845,1
gwcs,../roman/.data/build21/r0000101001001001001_0001_wfi02_f158_cal.asdf,wfi02,eval,100,21,0.005165157,1
gwcs,../roman/.data/build21/r0000101001001001001_0001_wfi02_f158_cal.asdf,wfi02,eval,100,22,0.005250259,1
gwcs,../roman/.data/build21/r0000101001001001001_0001_wfi02_f158_cal.asdf,wfi02,eval,100,23,0.004947261,1
gwcs,../roman/.data/build21/r0000101001001001001_0001_wfi02_f158_cal.asdf,wfi02,eval,100,24,0.005000102,1
gwcs,../roman/.data/build21/r0000101001001001001_0001_wfi02_f158_cal.asdf,wfi02,eval,100,25,0.005095042,1
gwcs,../roman/.data/build21/r0000101001001001001_0001_wfi02_f158_cal.asdf,wfi02,eval,100,26,0.005179477,1
gwcs,../roman/.data/build21/r0000101001001001001_0001_wfi02_f158_cal.asdf,wfi02,eval,100,27,0.004906773,1
gwcs,../roman/.data/build21/r0000101001001001001_0001_wfi02_f158_cal.asdf,wfi02,eval,100,28,0.005064659,1
gwcs,../roman/.data/build21/r0000101001001001001_0001_wfi02_f158_cal.asdf,wfi02,eval,100,29,0.005213488,1
gwcs,../roman/.data/build21/r0000101001001001001_0001_wfi02_f158_cal.asdf,wfi02,eval,100,30,0.004935796,1
gwcs,../roman/.data/build21/r0000101001001001001_0001_wfi02_f158_cal.asdf,wfi02,eval,100,31,0.005135912,1
gwcs,../roman/.data/build21/r0000101001001001001_0001_wfi02_f158_cal.asdf,wfi02,eval,100,32,0.005267397,1
gwcs,../roman/.data/build21/r0000101001001001001_0001_wfi02_f158_cal.asdf,wfi02,eval,100,33,0.004940270,1
gwcs,../roman/.data/build21/r0000101001001001001_0001_wfi02_f158_cal.asdf,wfi02,eval,100,34,0.005009064,1
gwcs,../roman/.data/build21/r0000101001001001001_0001_wfi02_f158_cal.asdf,wfi02,eval,100,35,0.005524323,1
gwcs,../roman/.data/build21/r0000101001001001001_0001_wfi02_f158_cal.asdf,wfi02,eval,100,36,0.004982864,1
gwcs,../roman/.data/build21/r0000101001001001001_0001_wfi02_f158_cal.asdf,wfi02,eval,100,37,0.005021515,1
gwcs,../roman/.data/build21/r0000101001001001001_0001_wfi02_f158_cal.asdf,wfi02,eval,100,38,0.004981107,1
gwcs,../roman/.data/build21/r0000101001001001001_0001_wfi02_f158_cal.asdf,wfi02,eval,100,39,0.005255099,1
gwcs,../roman/.data/build21/r0000101001001001001_0001_wfi02_f158_cal.asdf,wfi02,eval,100,40,0.004939785,1
gwcs,../roman/.data/build21/r0000101001001001001_0001_wfi02_f158_cal.asdf,wfi02,eval,100,41,0.005173418,1
gwcs,../roman/.data/build21/r0000101001001001001_0001_wfi02_f158_cal.asdf,wfi02,eval,100,42,0.005273194,1
gwcs,../roman/.data/build21/r0000101001001001001_0001_wfi02_f158_cal.asdf,wfi02,eval,100,43,0.004930531,1
gwcs,../roman/.data/build21/r0000101001001001001_0001_wfi02_f158_cal.asdf,wfi02,eval,100,44,0.005092351,1
gwcs,../roman/.data/build21/r0000101001001001001_0001_wfi02_f158_cal.asdf,wfi02,eval,100,45,0.005249739,1
gwcs,../roman/.data/build21/r0000101001001001001_0001_wfi02_f158_cal.asdf,wfi02,eval,100,46,0.004954076,1
gwcs,../roman/.data/build21/r0000101001001001001_0001_wfi02_f158_cal.asdf,wfi02,eval,100,47,0.004997938,1
gwcs,../roman/.data/build21/r0000101001001001001_0001_wfi02_f158_cal.asdf,wfi02,eval,100,48,0.005231843,1
gwcs,../roman/.data/build21/r0000101001001001001_0001_wfi02_f158_cal.asdf,wfi02,eval,100,49,0.006242673,1
gwcs,../roman/.data/build21/r0000101001001001001_0001_wfi02_f158_cal.asdf,wfi02,eval,1000,0,0.007357472,1
gwcs,../roman/.data/build21/r0000101001001001001_0001_wfi02_f158_cal.asdf,wfi02,eval,1000,1,0.005572948,1
gwcs,../roman/.data/build21/r0000101001001001001_0001_wfi02_f158_cal.asdf,wfi02,eval,1000,2,0.005352819,1
gwcs,../roman/.data/build21/r0000101001001001001_0001_wfi02_f158_cal.asdf,wfi02,eval,1000,3,0.005386724,1
gwcs,../roman/.data/build21/r0000101001001001001_0001_wfi02_f158_cal.asdf,wfi02,eval,1000,4,0.005378339,1
gwcs,../roman/.data/build21/r0000101001001001001_0001_wfi02_f158_cal.asdf,wfi02,eval,1000,5,0.005294197,1
gwcs,../roman/.data/build21/r0000101001001001001_0001_wfi02_f158_cal.asdf,wfi02,eval,1000,6,0.005319792,1
gwcs,../roman/.data/build21/r0000101001001001001_0001_wfi02_f158_cal.asdf,wfi02,eval,1000,7,0.005390830,1
gwcs,../roman/.data/build21/r0000101001001001001_0001_wfi02_f158_cal.asdf,wfi02,eval,1000,8,0.005304684,1
gwcs,../roman/.data/build21/r0000101001001001001_0001_wfi02_f158_cal.asdf,wfi02,eval,1000,9,0.005280504,1
gwcs,../roman/.data/build21/r0000101001001001001_0001_wfi02_f158_cal.asdf,wfi02,eval,1000,10,0.005397906,1
gwcs,../roman/.data/build21/r0000101001001001001_0001_wfi02_f158_cal.asdf,wfi02,eval,1000,11,0.005335472,1
gwcs,../roman/.data/build21/r0000101001001001001_0001_wfi02_f158_cal.asdf,wfi02,eval,1000,12,0.005287887,1
gwcs,../roman/.data/build21/r0000101001001001001_0001_wfi02_f158_cal.asdf,wfi02,eval,1000,13,0.006121665,1
gwcs,../roman/.data/build21/r0000101001001001001_0001_wfi02_f158_cal.asdf,wfi02,eval,1000,14,0.005357418,1
gwcs,../roman/.data/build21/r0000101001001001001_0001_wfi02_f158_cal.asdf,wfi02,eval,1000,15,0.005278955,1
gwcs,../roman/.data/build21/r0000101001001001001_0001_wfi02_f158_cal.asdf,wfi02,eval,1000,16,0.005552621,1
gwcs,../roman/.data/build21/r0000101001001001001_0001_wfi02_f158_cal.asdf,wfi02,eval,1000,17,0.005409320,1
gwcs,../roman/.data/build21/r0000101001001001001_0001_wfi02_f158_cal.asdf,wfi02,eval,1000,18,0.005334945,1
gwcs,../roman/.data/build21/r0000101001001001001_0001_wfi02_f158_cal.asdf,wfi02,eval,1000,19,0.005461882,1
gwcs,../roman/.data/build21/r0000101001001001001_0001_wfi02_f158_cal.asdf,wfi02,eval,10000,0,0.008839759,1
gwcs,../roman/.data/build21/r0000101001001001001_0001_wfi02_f158_cal.asdf,wfi02,eval,10000,1,0.009505909,1
gwcs,../roman/.data/build21/r0000101001001001001_0001_wfi02_f158_cal.asdf,wfi02,eval,10000,2,0.008736716,1
gwcs,../roman/.data/build21/r0000101001001001001_0001_wfi02_f158_cal.asdf,wfi02,eval,10000,3,0.008680899,1
gwcs,../roman/.data/build21/r0000101001001001001_0001_wfi02_f158_cal.asdf,wfi02,eval,10000,4,0.008418544,1
gwcs,../roman/.data/build21/r0000101001001001001_0001_wfi02_f158_cal.asdf,wfi02,eval,10000,5,0.008842086,1
gwcs,../roman/.data/build21/r0000101001001001001_0001_wfi02_f158_cal.asdf,wfi02,eval,10000,6,0.008440797,1
gwcs,../roman/.data/build21/r0000101001001001001_0001_wfi02_f158_cal.asdf,wfi02,eval,10000,7,0.008729937,1
gwcs,../roman/.data/build21/r0000101001001001001_0001_wfi02_f158_cal.asdf,wfi02,eval,10000,8,0.008332376,1
gwcs,../roman/.data/build21/r0000101001001001001_0001_wfi02_f158_cal.asdf,wfi02,eval,10000,9,0.008699021,1
gwcs,../roman/.data/build21/r0000101001001001001_0001_wfi02_f158_cal.asdf,wfi02,eval,100000,0,0.038623739,1
gwcs,../roman/.data/build21/r0000101001001001001_0001_wfi02_f158_cal.asdf,wfi02,eval,100000,1,0.039198441,1
gwcs,../roman/.data/build21/r0000101001001001001_0001_wfi02_f158_cal.asdf,wfi02,eval,100000,2,0.038758052,1
gwcs,../roman/.data/build21/r0000101001001001001_0001_wfi02_f158_cal.asdf,wfi02,eval,100000,3,0.039144853,1
gwcs,../roman/.data/build21/r0000101001001001001_0001_wfi02_f158_cal.asdf,wfi02,eval,100000,4,0.039539801,1
gwcs,../roman/.data/build21/r0000101001001001001_0001_wfi02_f158_cal.asdf,wfi02,eval,1000000,0,0.392838136,1
gwcs,../roman/.data/build21/r0000101001001001001_0001_wfi02_f158_cal.asdf,wfi02,eval,1000000,1,0.387337573,1
gwcs,../roman/.data/build21/r0000101001001001001_0001_wfi02_f158_cal.asdf,wfi02,eval,1000000,2,0.396210604,1
gwcs,../roman/.data/build21/r0000101001001001001_0001_wfi02_f158_cal.asdf,wfi02,eval,10000000,0,3.797166100,1
gwcs,../roman/.data/build21/r0000101001001001001_0001_wfi02_f158_cal.asdf,wfi02,eval,10000000,1,3.881974529,1
gwcs,../roman/.data/build21/r0000101001001001001_0001_wfi02_f158_cal.asdf,wfi02,eval,16711744,0,6.569783738,1
gwcs,../roman/.data/build21/r0000101001001001001_0001_wfi02_f158_cal.asdf,wfi02,eval,16711744,1,6.526042925,1
gwcs,../roman/.data/build21/r0000101001001001001_0001_wfi03_f158_cal.asdf,wfi03,parse_cold,0,0,0.779769195,1
gwcs,../roman/.data/build21/r0000101001001001001_0001_wfi03_f158_cal.asdf,wfi03,parse_hot,0,0,0.557409192,1
gwcs,../roman/.data/build21/r0000101001001001001_0001_wfi03_f158_cal.asdf,wfi03,eval,1,0,0.007225796,1
gwcs,../roman/.data/build21/r0000101001001001001_0001_wfi03_f158_cal.asdf,wfi03,eval,1,1,0.005352145,1
gwcs,../roman/.data/build21/r0000101001001001001_0001_wfi03_f158_cal.asdf,wfi03,eval,1,2,0.005746710,1
gwcs,../roman/.data/build21/r0000101001001001001_0001_wfi03_f158_cal.asdf,wfi03,eval,1,3,0.005102614,1
gwcs,../roman/.data/build21/r0000101001001001001_0001_wfi03_f158_cal.asdf,wfi03,eval,1,4,0.005991778,1
gwcs,../roman/.data/build21/r0000101001001001001_0001_wfi03_f158_cal.asdf,wfi03,eval,1,5,0.006355451,1
gwcs,../roman/.data/build21/r0000101001001001001_0001_wfi03_f158_cal.asdf,wfi03,eval,1,6,0.005291433,1
gwcs,../roman/.data/build21/r0000101001001001001_0001_wfi03_f158_cal.asdf,wfi03,eval,1,7,0.005110722,1
gwcs,../roman/.data/build21/r0000101001001001001_0001_wfi03_f158_cal.asdf,wfi03,eval,1,8,0.005568892,1
gwcs,../roman/.data/build21/r0000101001001001001_0001_wfi03_f158_cal.asdf,wfi03,eval,1,9,0.005430474,1
gwcs,../roman/.data/build21/r0000101001001001001_0001_wfi03_f158_cal.asdf,wfi03,eval,1,10,0.005430184,1
gwcs,../roman/.data/build21/r0000101001001001001_0001_wfi03_f158_cal.asdf,wfi03,eval,1,11,0.005114782,1
gwcs,../roman/.data/build21/r0000101001001001001_0001_wfi03_f158_cal.asdf,wfi03,eval,1,12,0.005475217,1
gwcs,../roman/.data/build21/r0000101001001001001_0001_wfi03_f158_cal.asdf,wfi03,eval,1,13,0.005139301,1
gwcs,../roman/.data/build21/r0000101001001001001_0001_wfi03_f158_cal.asdf,wfi03,eval,1,14,0.005320142,1
gwcs,../roman/.data/build21/r0000101001001001001_0001_wfi03_f158_cal.asdf,wfi03,eval,1,15,0.005348282,1
gwcs,../roman/.data/build21/r0000101001001001001_0001_wfi03_f158_cal.asdf,wfi03,eval,1,16,0.005265702,1
gwcs,../roman/.data/build21/r0000101001001001001_0001_wfi03_f158_cal.asdf,wfi03,eval,1,17,0.005341576,1
gwcs,../roman/.data/build21/r0000101001001001001_0001_wfi03_f158_cal.asdf,wfi03,eval,1,18,0.005368531,1
gwcs,../roman/.data/build21/r0000101001001001001_0001_wfi03_f158_cal.asdf,wfi03,eval,1,19,0.005018335,1
gwcs,../roman/.data/build21/r0000101001001001001_0001_wfi03_f158_cal.asdf,wfi03,eval,1,20,0.005244975,1
gwcs,../roman/.data/build21/r0000101001001001001_0001_wfi03_f158_cal.asdf,wfi03,eval,1,21,0.005103905,1
gwcs,../roman/.data/build21/r0000101001001001001_0001_wfi03_f158_cal.asdf,wfi03,eval,1,22,0.005543530,1
gwcs,../roman/.data/build21/r0000101001001001001_0001_wfi03_f158_cal.asdf,wfi03,eval,1,23,0.004988937,1
gwcs,../roman/.data/build21/r0000101001001001001_0001_wfi03_f158_cal.asdf,wfi03,eval,1,24,0.005322291,1
gwcs,../roman/.data/build21/r0000101001001001001_0001_wfi03_f158_cal.asdf,wfi03,eval,1,25,0.005053115,1
gwcs,../roman/.data/build21/r0000101001001001001_0001_wfi03_f158_cal.asdf,wfi03,eval,1,26,0.005294260,1
gwcs,../roman/.data/build21/r0000101001001001001_0001_wfi03_f158_cal.asdf,wfi03,eval,1,27,0.005203914,1
gwcs,../roman/.data/build21/r0000101001001001001_0001_wfi03_f158_cal.asdf,wfi03,eval,1,28,0.005347491,1
gwcs,../roman/.data/build21/r0000101001001001001_0001_wfi03_f158_cal.asdf,wfi03,eval,1,29,0.004961045,1
gwcs,../roman/.data/build21/r0000101001001001001_0001_wfi03_f158_cal.asdf,wfi03,eval,1,30,0.005205878,1
gwcs,../roman/.data/build21/r0000101001001001001_0001_wfi03_f158_cal.asdf,wfi03,eval,1,31,0.005039611,1
gwcs,../roman/.data/build21/r0000101001001001001_0001_wfi03_f158_cal.asdf,wfi03,eval,1,32,0.005127054,1
gwcs,../roman/.data/build21/r0000101001001001001_0001_wfi03_f158_cal.asdf,wfi03,eval,1,33,0.004879245,1
gwcs,../roman/.data/build21/r0000101001001001001_0001_wfi03_f158_cal.asdf,wfi03,eval,1,34,0.005226920,1
gwcs,../roman/.data/build21/r0000101001001001001_0001_wfi03_f158_cal.asdf,wfi03,eval,1,35,0.004951181,1
gwcs,../roman/.data/build21/r0000101001001001001_0001_wfi03_f158_cal.asdf,wfi03,eval,1,36,0.005312431,1
gwcs,../roman/.data/build21/r0000101001001001001_0001_wfi03_f158_cal.asdf,wfi03,eval,1,37,0.005032348,1
gwcs,../roman/.data/build21/r0000101001001001001_0001_wfi03_f158_cal.asdf,wfi03,eval,1,38,0.005162487,1
gwcs,../roman/.data/build21/r0000101001001001001_0001_wfi03_f158_cal.asdf,wfi03,eval,1,39,0.004952662,1
gwcs,../roman/.data/build21/r0000101001001001001_0001_wfi03_f158_cal.asdf,wfi03,eval,1,40,0.005180174,1
gwcs,../roman/.data/build21/r0000101001001001001_0001_wfi03_f158_cal.asdf,wfi03,eval,1,41,0.005209389,1
gwcs,../roman/.data/build21/r0000101001001001001_0001_wfi03_f158_cal.asdf,wfi03,eval,1,42,0.005488214,1
gwcs,../roman/.data/build21/r0000101001001001001_0001_wfi03_f158_cal.asdf,wfi03,eval,1,43,0.009561952,1
gwcs,../roman/.data/build21/r0000101001001001001_0001_wfi03_f158_cal.asdf,wfi03,eval,1,44,0.009843859,1
gwcs,../roman/.data/build21/r0000101001001001001_0001_wfi03_f158_cal.asdf,wfi03,eval,1,45,0.005387512,1
gwcs,../roman/.data/build21/r0000101001001001001_0001_wfi03_f158_cal.asdf,wfi03,eval,1,46,0.004920344,1
gwcs,../roman/.data/build21/r0000101001001001001_0001_wfi03_f158_cal.asdf,wfi03,eval,1,47,0.005163115,1
gwcs,../roman/.data/build21/r0000101001001001001_0001_wfi03_f158_cal.asdf,wfi03,eval,1,48,0.004939262,1
gwcs,../roman/.data/build21/r0000101001001001001_0001_wfi03_f158_cal.asdf,wfi03,eval,1,49,0.005781791,1
gwcs,../roman/.data/build21/r0000101001001001001_0001_wfi03_f158_cal.asdf,wfi03,eval,1,50,0.005274198,1
gwcs,../roman/.data/build21/r0000101001001001001_0001_wfi03_f158_cal.asdf,wfi03,eval,1,51,0.005089065,1
gwcs,../roman/.data/build21/r0000101001001001001_0001_wfi03_f158_cal.asdf,wfi03,eval,1,52,0.004983564,1
gwcs,../roman/.data/build21/r0000101001001001001_0001_wfi03_f158_cal.asdf,wfi03,eval,1,53,0.005126606,1
gwcs,../roman/.data/build21/r0000101001001001001_0001_wfi03_f158_cal.asdf,wfi03,eval,1,54,0.005339331,1
gwcs,../roman/.data/build21/r0000101001001001001_0001_wfi03_f158_cal.asdf,wfi03,eval,1,55,0.005298870,1
gwcs,../roman/.data/build21/r0000101001001001001_0001_wfi03_f158_cal.asdf,wfi03,eval,1,56,0.004841582,1
gwcs,../roman/.data/build21/r0000101001001001001_0001_wfi03_f158_cal.asdf,wfi03,eval,1,57,0.005043541,1
gwcs,../roman/.data/build21/r0000101001001001001_0001_wfi03_f158_cal.asdf,wfi03,eval,1,58,0.005275036,1
gwcs,../roman/.data/build21/r0000101001001001001_0001_wfi03_f158_cal.asdf,wfi03,eval,1,59,0.004722667,1
gwcs,../roman/.data/build21/r0000101001001001001_0001_wfi03_f158_cal.asdf,wfi03,eval,1,60,0.004715746,1
gwcs,../roman/.data/build21/r0000101001001001001_0001_wfi03_f158_cal.asdf,wfi03,eval,1,61,0.004841904,1
gwcs,../roman/.data/build21/r0000101001001001001_0001_wfi03_f158_cal.asdf,wfi03,eval,1,62,0.004788038,1
gwcs,../roman/.data/build21/r0000101001001001001_0001_wfi03_f158_cal.asdf,wfi03,eval,1,63,0.004757906,1
gwcs,../roman/.data/build21/r0000101001001001001_0001_wfi03_f158_cal.asdf,wfi03,eval,1,64,0.004754155,1
gwcs,../roman/.data/build21/r0000101001001001001_0001_wfi03_f158_cal.asdf,wfi03,eval,1,65,0.005010593,1
gwcs,../roman/.data/build21/r0000101001001001001_0001_wfi03_f158_cal.asdf,wfi03,eval,1,66,0.004724509,1
gwcs,../roman/.data/build21/r0000101001001001001_0001_wfi03_f158_cal.asdf,wfi03,eval,1,67,0.004679006,1
gwcs,../roman/.data/build21/r0000101001001001001_0001_wfi03_f158_cal.asdf,wfi03,eval,1,68,0.004846920,1
gwcs,../roman/.data/build21/r0000101001001001001_0001_wfi03_f158_cal.asdf,wfi03,eval,1,69,0.004728453,1
gwcs,../roman/.data/build21/r0000101001001001001_0001_wfi03_f158_cal.asdf,wfi03,eval,1,70,0.004713486,1
gwcs,../roman/.data/build21/r0000101001001001001_0001_wfi03_f158_cal.asdf,wfi03,eval,1,71,0.004721582,1
gwcs,../roman/.data/build21/r0000101001001001001_0001_wfi03_f158_cal.asdf,wfi03,eval,1,72,0.004833145,1
gwcs,../roman/.data/build21/r0000101001001001001_0001_wfi03_f158_cal.asdf,wfi03,eval,1,73,0.004892388,1
gwcs,../roman/.data/build21/r0000101001001001001_0001_wfi03_f158_cal.asdf,wfi03,eval,1,74,0.004756209,1
gwcs,../roman/.data/build21/r0000101001001001001_0001_wfi03_f158_cal.asdf,wfi03,eval,1,75,0.004883747,1
gwcs,../roman/.data/build21/r0000101001001001001_0001_wfi03_f158_cal.asdf,wfi03,eval,1,76,0.004737088,1
gwcs,../roman/.data/build21/r0000101001001001001_0001_wfi03_f158_cal.asdf,wfi03,eval,1,77,0.004709141,1
gwcs,../roman/.data/build21/r0000101001001001001_0001_wfi03_f158_cal.asdf,wfi03,eval,1,78,0.004789547,1
gwcs,../roman/.data/build21/r0000101001001001001_0001_wfi03_f158_cal.asdf,wfi03,eval,1,79,0.004914466,1
gwcs,../roman/.data/build21/r0000101001001001001_0001_wfi03_f158_cal.asdf,wfi03,eval,1,80,0.004778145,1
gwcs,../roman/.data/build21/r0000101001001001001_0001_wfi03_f158_cal.asdf,wfi03,eval,1,81,0.004721968,1
gwcs,../roman/.data/build21/r0000101001001001001_0001_wfi03_f158_cal.asdf,wfi03,eval,1,82,0.004898965,1
gwcs,../roman/.data/build21/r0000101001001001001_0001_wfi03_f158_cal.asdf,wfi03,eval,1,83,0.004866165,1
gwcs,../roman/.data/build21/r0000101001001001001_0001_wfi03_f158_cal.asdf,wfi03,eval,1,84,0.004755672,1
gwcs,../roman/.data/build21/r0000101001001001001_0001_wfi03_f158_cal.asdf,wfi03,eval,1,85,0.004832812,1
gwcs,../roman/.data/build21/r0000101001001001001_0001_wfi03_f158_cal.asdf,wfi03,eval,1,86,0.004869818,1
gwcs,../roman/.data/build21/r0000101001001001001_0001_wfi03_f158_cal.asdf,wfi03,eval,1,87,0.004767071,1
gwcs,../roman/.data/build21/r0000101001001001001_0001_wfi03_f158_cal.asdf,wfi03,eval,1,88,0.004768422,1
gwcs,../roman/.data/build21/r0000101001001001001_0001_wfi03_f158_cal.asdf,wfi03,eval,1,89,0.004886503,1
gwcs,../roman/.data/build21/r0000101001001001001_0001_wfi03_f158_cal.asdf,wfi03,eval,1,90,0.004799749,1
gwcs,../roman/.data/build21/r0000101001001001001_0001_wfi03_f158_cal.asdf,wfi03,eval,1,91,0.004800556,1
gwcs,../roman/.data/build21/r0000101001001001001_0001_wfi03_f158_cal.asdf,wfi03,eval,1,92,0.004830327,1
gwcs,../roman/.data/build21/r0000101001001001001_0001_wfi03_f158_cal.asdf,wfi03,eval,1,93,0.004876150,1
gwcs,../roman/.data/build21/r0000101001001001001_0001_wfi03_f158_cal.asdf,wfi03,eval,1,94,0.004770006,1
gwcs,../roman/.data/build21/r0000101001001001001_0001_wfi03_f158_cal.asdf,wfi03,eval,1,95,0.004740162,1
gwcs,../roman/.data/build21/r0000101001001001001_0001_wfi03_f158_cal.asdf,wfi03,eval,1,96,0.004909080,1
gwcs,../roman/.data/build21/r0000101001001001001_0001_wfi03_f158_cal.asdf,wfi03,eval,1,97,0.004785355,1
gwcs,../roman/.data/build21/r0000101001001001001_0001_wfi03_f158_cal.asdf,wfi03,eval,1,98,0.004771648,1
gwcs,../roman/.data/build21/r0000101001001001001_0001_wfi03_f158_cal.asdf,wfi03,eval,1,99,0.004850143,1
gwcs,../roman/.data/build21/r0000101001001001001_0001_wfi03_f158_cal.asdf,wfi03,eval,10,0,0.005425110,1
gwcs,../roman/.data/build21/r0000101001001001001_0001_wfi03_f158_cal.asdf,wfi03,eval,10,1,0.005171387,1
gwcs,../roman/.data/build21/r0000101001001001001_0001_wfi03_f158_cal.asdf,wfi03,eval,10,2,0.005043983,1
gwcs,../roman/.data/build21/r0000101001001001001_0001_wfi03_f158_cal.asdf,wfi03,eval,10,3,0.005158500,1
gwcs,../roman/.data/build21/r0000101001001001001_0001_wfi03_f158_cal.asdf,wfi03,eval,10,4,0.004929654,1
gwcs,../roman/.data/build21/r0000101001001001001_0001_wfi03_f158_cal.asdf,wfi03,eval,10,5,0.005506683,1
gwcs,../roman/.data/build21/r0000101001001001001_0001_wfi03_f158_cal.asdf,wfi03,eval,10,6,0.006166268,1
gwcs,../roman/.data/build21/r0000101001001001001_0001_wfi03_f158_cal.asdf,wfi03,eval,10,7,0.005110800,1
gwcs,../roman/.data/build21/r0000101001001001001_0001_wfi03_f158_cal.asdf,wfi03,eval,10,8,0.004873387,1
gwcs,../roman/.data/build21/r0000101001001001001_0001_wfi03_f158_cal.asdf,wfi03,eval,10,9,0.005108091,1
gwcs,../roman/.data/build21/r0000101001001001001_0001_wfi03_f158_cal.asdf,wfi03,eval,10,10,0.005059730,1
gwcs,../roman/.data/build21/r0000101001001001001_0001_wfi03_f158_cal.asdf,wfi03,eval,10,11,0.005116142,1
gwcs,../roman/.data/build21/r0000101001001001001_0001_wfi03_f158_cal.asdf,wfi03,eval,10,12,0.005212536,1
gwcs,../roman/.data/build21/r0000101001001001001_0001_wfi03_f158_cal.asdf,wfi03,eval,10,13,0.005318337,1
gwcs,../roman/.data/build21/r0000101001001001001_0001_wfi03_f158_cal.asdf,wfi03,eval,10,14,0.005082079,1
gwcs,../roman/.data/build21/r0000101001001001001_0001_wfi03_f158_cal.asdf,wfi03,eval,10,15,0.005428730,1
gwcs,../roman/.data/build21/r0000101001001001001_0001_wfi03_f158_cal.asdf,wfi03,eval,10,16,0.005072040,1
gwcs,../roman/.data/build21/r0000101001001001001_0001_wfi03_f158_cal.asdf,wfi03,eval,10,17,0.004850925,1
gwcs,../roman/.data/build21/r0000101001001001001_0001_wfi03_f158_cal.asdf,wfi03,eval,10,18,0.004847274,1
gwcs,../roman/.data/build21/r0000101001001001001_0001_wfi03_f158_cal.asdf,wfi03,eval,10,19,0.005052890,1
gwcs,../roman/.data/build21/r0000101001001001001_0001_wfi03_f158_cal.asdf,wfi03,eval,10,20,0.005101264,1
gwcs,../roman/.data/build21/r0000101001001001001_0001_wfi03_f158_cal.asdf,wfi03,eval,10,21,0.005173422,1
gwcs,../roman/.data/build21/r0000101001001001001_0001_wfi03_f158_cal.asdf,wfi03,eval,10,22,0.005399404,1
gwcs,../roman/.data/build21/r0000101001001001001_0001_wfi03_f158_cal.asdf,wfi03,eval,10,23,0.005152351,1
gwcs,../roman/.data/build21/r0000101001001001001_0001_wfi03_f158_cal.asdf,wfi03,eval,10,24,0.005227417,1
gwcs,../roman/.data/build21/r0000101001001001001_0001_wfi03_f158_cal.asdf,wfi03,eval,10,25,0.005333217,1
gwcs,../roman/.data/build21/r0000101001001001001_0001_wfi03_f158_cal.asdf,wfi03,eval,10,26,0.005231940,1
gwcs,../roman/.data/build21/r0000101001001001001_0001_wfi03_f158_cal.asdf,wfi03,eval,10,27,0.005017150,1
gwcs,../roman/.data/build21/r0000101001001001001_0001_wfi03_f158_cal.asdf,wfi03,eval,10,28,0.005386053,1
gwcs,../roman/.data/build21/r0000101001001001001_0001_wfi03_f158_cal.asdf,wfi03,eval,10,29,0.005059176,1
gwcs,../roman/.data/build21/r0000101001001001001_0001_wfi03_f158_cal.asdf,wfi03,eval,10,30,0.005208553,1
gwcs,../roman/.data/build21/r0000101001001001001_0001_wfi03_f158_cal.asdf,wfi03,eval,10,31,0.005044379,1
gwcs,../roman/.data/build21/r0000101001001001001_0001_wfi03_f158_cal.asdf,wfi03,eval,10,32,0.005440637,1
gwcs,../roman/.data/build21/r0000101001001001001_0001_wfi03_f158_cal.asdf,wfi03,eval,10,33,0.005045222,1
gwcs,../roman/.data/build21/r0000101001001001001_0001_wfi03_f158_cal.asdf,wfi03,eval,10,34,0.005293339,1
gwcs,../roman/.data/build21/r0000101001001001001_0001_wfi03_f158_cal.asdf,wfi03,eval,10,35,0.005183919,1
gwcs,../roman/.data/build21/r0000101001001001001_0001_wfi03_f158_cal.asdf,wfi03,eval,10,36,0.005441441,1
gwcs,../roman/.data/build21/r0000101001001001001_0001_wfi03_f158_cal.asdf,wfi03,eval,10,37,0.004996775,1
gwcs,../roman/.data/build21/r0000101001001001001_0001_wfi03_f158_cal.asdf,wfi03,eval,10,38,0.005510174,1
gwcs,../roman/.data/build21/r0000101001001001001_0001_wfi03_f158_cal.asdf,wfi03,eval,10,39,0.005041051,1
gwcs,../roman/.data/build21/r0000101001001001001_0001_wfi03_f158_cal.asdf,wfi03,eval,10,40,0.005180372,1
gwcs,../roman/.data/build21/r0000101001001001001_0001_wfi03_f158_cal.asdf,wfi03,eval,10,41,0.005218226,1
gwcs,../roman/.data/build21/r0000101001001001001_0001_wfi03_f158_cal.asdf,wfi03,eval,10,42,0.005307928,1
gwcs,../roman/.data/build21/r0000101001001001001_0001_wfi03_f158_cal.asdf,wfi03,eval,10,43,0.004958483,1
gwcs,../roman/.data/build21/r0000101001001001001_0001_wfi03_f158_cal.asdf,wfi03,eval,10,44,0.005367962,1
gwcs,../roman/.data/build21/r0000101001001001001_0001_wfi03_f158_cal.asdf,wfi03,eval,10,45,0.005087961,1
gwcs,../roman/.data/build21/r0000101001001001001_0001_wfi03_f158_cal.asdf,wfi03,eval,10,46,0.005447850,1
gwcs,../roman/.data/build21/r0000101001001001001_0001_wfi03_f158_cal.asdf,wfi03,eval,10,47,0.005109119,1
gwcs,../roman/.data/build21/r0000101001001001001_0001_wfi03_f158_cal.asdf,wfi03,eval,10,48,0.005911908,1
gwcs,../roman/.data/build21/r0000101001001001001_0001_wfi03_f158_cal.asdf,wfi03,eval,10,49,0.005062688,1
gwcs,../roman/.data/build21/r0000101001001001001_0001_wfi03_f158_cal.asdf,wfi03,eval,10,50,0.005277310,1
gwcs,../roman/.data/build21/r0000101001001001001_0001_wfi03_f158_cal.asdf,wfi03,eval,10,51,0.005212503,1
gwcs,../roman/.data/build21/r0000101001001001001_0001_wfi03_f158_cal.asdf,wfi03,eval,10,52,0.005204883,1
gwcs,../roman/.data/build21/r0000101001001001001_0001_wfi03_f158_cal.asdf,wfi03,eval,10,53,0.005039079,1
gwcs,../roman/.data/build21/r0000101001001001001_0001_wfi03_f158_cal.asdf,wfi03,eval,10,54,0.005410294,1
gwcs,../roman/.data/build21/r0000101001001001001_0001_wfi03_f158_cal.asdf,wfi03,eval,10,55,0.005062966,1
gwcs,../roman/.data/build21/r0000101001001001001_0001_wfi03_f158_cal.asdf,wfi03,eval,10,56,0.008113451,1
gwcs,../roman/.data/build21/r0000101001001001001_0001_wfi03_f158_cal.asdf,wfi03,eval,10,57,0.005131639,1
gwcs,../roman/.data/build21/r0000101001001001001_0001_wfi03_f158_cal.asdf,wfi03,eval,10,58,0.005022408,1
gwcs,../roman/.data/build21/r0000101001001001001_0001_wfi03_f158_cal.asdf,wfi03,eval,10,59,0.004848316,1
gwcs,../roman/.data/build21/r0000101001001001001_0001_wfi03_f158_cal.asdf,wfi03,eval,10,60,0.005555631,1
gwcs,../roman/.data/build21/r0000101001001001001_0001_wfi03_f158_cal.asdf,wfi03,eval,10,61,0.005064629,1
gwcs,../roman/.data/build21/r0000101001001001001_0001_wfi03_f158_cal.asdf,wfi03,eval,10,62,0.005347342,1
gwcs,../roman/.data/build21/r0000101001001001001_0001_wfi03_f158_cal.asdf,wfi03,eval,10,63,0.005193436,1
gwcs,../roman/.data/build21/r0000101001001001001_0001_wfi03_f158_cal.asdf,wfi03,eval,10,64,0.005272673,1
gwcs,../roman/.data/build21/r0000101001001001001_0001_wfi03_f158_cal.asdf,wfi03,eval,10,65,0.004964303,1
gwcs,../roman/.data/build21/r0000101001001001001_0001_wfi03_f158_cal.asdf,wfi03,eval,10,66,0.005343647,1
gwcs,../roman/.data/build21/r0000101001001001001_0001_wfi03_f158_cal.asdf,wfi03,eval,10,67,0.005072180,1
gwcs,../roman/.data/build21/r0000101001001001001_0001_wfi03_f158_cal.asdf,wfi03,eval,10,68,0.005155466,1
gwcs,../roman/.data/build21/r0000101001001001001_0001_wfi03_f158_cal.asdf,wfi03,eval,10,69,0.004976403,1
gwcs,../roman/.data/build21/r0000101001001001001_0001_wfi03_f158_cal.asdf,wfi03,eval,10,70,0.005304836,1
gwcs,../roman/.data/build21/r0000101001001001001_0001_wfi03_f158_cal.asdf,wfi03,eval,10,71,0.005014095,1
gwcs,../roman/.data/build21/r0000101001001001001_0001_wfi03_f158_cal.asdf,wfi03,eval,10,72,0.005123291,1
gwcs,../roman/.data/build21/r0000101001001001001_0001_wfi03_f158_cal.asdf,wfi03,eval,10,73,0.005126007,1
gwcs,../roman/.data/build21/r0000101001001001001_0001_wfi03_f158_cal.asdf,wfi03,eval,10,74,0.005207377,1
gwcs,../roman/.data/build21/r0000101001001001001_0001_wfi03_f158_cal.asdf,wfi03,eval,10,75,0.005060922,1
gwcs,../roman/.data/build21/r0000101001001001001_0001_wfi03_f158_cal.asdf,wfi03,eval,10,76,0.005186862,1
gwcs,../roman/.data/build21/r0000101001001001001_0001_wfi03_f158_cal.asdf,wfi03,eval,10,77,0.005187297,1
gwcs,../roman/.data/build21/r0000101001001001001_0001_wfi03_f158_cal.asdf,wfi03,eval,10,78,0.005135661,1
gwcs,../roman/.data/build21/r0000101001001001001_0001_wfi03_f158_cal.asdf,wfi03,eval,10,79,0.005152382,1
gwcs,../roman/.data/build21/r0000101001001001001_0001_wfi03_f158_cal.asdf,wfi03,eval,10,80,0.005024054,1
gwcs,../roman/.data/build21/r0000101001001001001_0001_wfi03_f158_cal.asdf,wfi03,eval,10,81,0.005144825,1
gwcs,../roman/.data/build21/r0000101001001001001_0001_wfi03_f158_cal.asdf,wfi03,eval,10,82,0.005139343,1
gwcs,../roman/.data/build21/r0000101001001001001_0001_wfi03_f158_cal.asdf,wfi03,eval,10,83,0.005496388,1
gwcs,../roman/.data/build21/r0000101001001001001_0001_wfi03_f158_cal.asdf,wfi03,eval,10,84,0.005142868,1
gwcs,../roman/.data/build21/r0000101001001001001_0001_wfi03_f158_cal.asdf,wfi03,eval,10,85,0.005190642,1
gwcs,../roman/.data/build21/r0000101001001001001_0001_wfi03_f158_cal.asdf,wfi03,eval,10,86,0.005179541,1
gwcs,../roman/.data/build21/r0000101001001001001_0001_wfi03_f158_cal.asdf,wfi03,eval,10,87,0.005283788,1
gwcs,../roman/.data/build21/r0000101001001001001_0001_wfi03_f158_cal.asdf,wfi03,eval,10,88,0.005042776,1
gwcs,../roman/.data/build21/r0000101001001001001_0001_wfi03_f158_cal.asdf,wfi03,eval,10,89,0.005413369,1
gwcs,../roman/.data/build21/r0000101001001001001_0001_wfi03_f158_cal.asdf,wfi03,eval,10,90,0.005022410,1
gwcs,../roman/.data/build21/r0000101001001001001_0001_wfi03_f158_cal.asdf,wfi03,eval,10,91,0.005215922,1
gwcs,../roman/.data/build21/r0000101001001001001_0001_wfi03_f158_cal.asdf,wfi03,eval,10,92,0.005146706,1
gwcs,../roman/.data/build21/r0000101001001001001_0001_wfi03_f158_cal.asdf,wfi03,eval,10,93,0.005256754,1
gwcs,../roman/.data/build21/r0000101001001001001_0001_wfi03_f158_cal.asdf,wfi03,eval,10,94,0.004997369,1
gwcs,../roman/.data/build21/r0000101001001001001_0001_wfi03_f158_cal.asdf,wfi03,eval,10,95,0.005393464,1
gwcs,../roman/.data/build21/r0000101001001001001_0001_wfi03_f158_cal.asdf,wfi03,eval,10,96,0.005525170,1
gwcs,../roman/.data/build21/r0000101001001001001_0001_wfi03_f158_cal.asdf,wfi03,eval,10,97,0.006175549,1
gwcs,../roman/.data/build21/r0000101001001001001_0001_wfi03_f158_cal.asdf,wfi03,eval,10,98,0.005045186,1
gwcs,../roman/.data/build21/r0000101001001001001_0001_wfi03_f158_cal.asdf,wfi03,eval,10,99,0.004911829,1
gwcs,../roman/.data/build21/r0000101001001001001_0001_wfi03_f158_cal.asdf,wfi03,eval,100,0,0.005318896,1
gwcs,../roman/.data/build21/r0000101001001001001_0001_wfi03_f158_cal.asdf,wfi03,eval,100,1,0.005638226,1
gwcs,../roman/.data/build21/r0000101001001001001_0001_wfi03_f158_cal.asdf,wfi03,eval,100,2,0.005307010,1
gwcs,../roman/.data/build21/r0000101001001001001_0001_wfi03_f158_cal.asdf,wfi03,eval,100,3,0.005192434,1
gwcs,../roman/.data/build21/r0000101001001001001_0001_wfi03_f158_cal.asdf,wfi03,eval,100,4,0.005158057,1
gwcs,../roman/.data/build21/r0000101001001001001_0001_wfi03_f158_cal.asdf,wfi03,eval,100,5,0.005319385,1
gwcs,../roman/.data/build21/r0000101001001001001_0001_wfi03_f158_cal.asdf,wfi03,eval,100,6,0.005051688,1
gwcs,../roman/.data/build21/r0000101001001001001_0001_wfi03_f158_cal.asdf,wfi03,eval,100,7,0.005249138,1
gwcs,../roman/.data/build21/r0000101001001001001_0001_wfi03_f158_cal.asdf,wfi03,eval,100,8,0.005157908,1
gwcs,../roman/.data/build21/r0000101001001001001_0001_wfi03_f158_cal.asdf,wfi03,eval,100,9,0.005356807,1
gwcs,../roman/.data/build21/r0000101001001001001_0001_wfi03_f158_cal.asdf,wfi03,eval,100,10,0.005027773,1
gwcs,../roman/.data/build21/r0000101001001001001_0001_wfi03_f158_cal.asdf,wfi03,eval,100,11,0.005547822,1
gwcs,../roman/.data/build21/r0000101001001001001_0001_wfi03_f158_cal.asdf,wfi03,eval,100,12,0.005056923,1
gwcs,../roman/.data/build21/r0000101001001001001_0001_wfi03_f158_cal.asdf,wfi03,eval,100,13,0.005336490,1
gwcs,../roman/.data/build21/r0000101001001001001_0001_wfi03_f158_cal.asdf,wfi03,eval,100,14,0.005197363,1
gwcs,../roman/.data/build21/r0000101001001001001_0001_wfi03_f158_cal.asdf,wfi03,eval,100,15,0.005307920,1
gwcs,../roman/.data/build21/r0000101001001001001_0001_wfi03_f158_cal.asdf,wfi03,eval,100,16,0.005040784,1
gwcs,../roman/.data/build21/r0000101001001001001_0001_wfi03_f158_cal.asdf,wfi03,eval,100,17,0.005290767,1
gwcs,../roman/.data/build21/r0000101001001001001_0001_wfi03_f158_cal.asdf,wfi03,eval,100,18,0.004933578,1
gwcs,../roman/.data/build21/r0000101001001001001_0001_wfi03_f158_cal.asdf,wfi03,eval,100,19,0.004891719,1
gwcs,../roman/.data/build21/r0000101001001001001_0001_wfi03_f158_cal.asdf,wfi03,eval,100,20,0.004920941,1
gwcs,../roman/.data/build21/r0000101001001001001_0001_wfi03_f158_cal.asdf,wfi03,eval,100,21,0.005376359,1
gwcs,../roman/.data/build21/r0000101001001001001_0001_wfi03_f158_cal.asdf,wfi03,eval,100,22,0.005158192,1
gwcs,../roman/.data/build21/r0000101001001001001_0001_wfi03_f158_cal.asdf,wfi03,eval,100,23,0.005223989,1
gwcs,../roman/.data/build21/r0000101001001001001_0001_wfi03_f158_cal.asdf,wfi03,eval,100,24,0.005281782,1
gwcs,../roman/.data/build21/r0000101001001001001_0001_wfi03_f158_cal.asdf,wfi03,eval,100,25,0.005208475,1
gwcs,../roman/.data/build21/r0000101001001001001_0001_wfi03_f158_cal.asdf,wfi03,eval,100,26,0.005029562,1
gwcs,../roman/.data/build21/r0000101001001001001_0001_wfi03_f158_cal.asdf,wfi03,eval,100,27,0.005319849,1
gwcs,../roman/.data/build21/r0000101001001001001_0001_wfi03_f158_cal.asdf,wfi03,eval,100,28,0.005126470,1
gwcs,../roman/.data/build21/r0000101001001001001_0001_wfi03_f158_cal.asdf,wfi03,eval,100,29,0.005113938,1
gwcs,../roman/.data/build21/r0000101001001001001_0001_wfi03_f158_cal.asdf,wfi03,eval,100,30,0.005341973,1
gwcs,../roman/.data/build21/r0000101001001001001_0001_wfi03_f158_cal.asdf,wfi03,eval,100,31,0.005226210,1
gwcs,../roman/.data/build21/r0000101001001001001_0001_wfi03_f158_cal.asdf,wfi03,eval,100,32,0.005128329,1
gwcs,../roman/.data/build21/r0000101001001001001_0001_wfi03_f158_cal.asdf,wfi03,eval,100,33,0.005198833,1
gwcs,../roman/.data/build21/r0000101001001001001_0001_wfi03_f158_cal.asdf,wfi03,eval,100,34,0.005220362,1
gwcs,../roman/.data/build21/r0000101001001001001_0001_wfi03_f158_cal.asdf,wfi03,eval,100,35,0.005133550,1
gwcs,../roman/.data/build21/r0000101001001001001_0001_wfi03_f158_cal.asdf,wfi03,eval,100,36,0.005136598,1
gwcs,../roman/.data/build21/r0000101001001001001_0001_wfi03_f158_cal.asdf,wfi03,eval,100,37,0.005275413,1
gwcs,../roman/.data/build21/r0000101001001001001_0001_wfi03_f158_cal.asdf,wfi03,eval,100,38,0.005247558,1
gwcs,../roman/.data/build21/r0000101001001001001_0001_wfi03_f158_cal.asdf,wfi03,eval,100,39,0.005101044,1
gwcs,../roman/.data/build21/r0000101001001001001_0001_wfi03_f158_cal.asdf,wfi03,eval,100,40,0.005417685,1
gwcs,../roman/.data/build21/r0000101001001001001_0001_wfi03_f158_cal.asdf,wfi03,eval,100,41,0.005168158,1
gwcs,../roman/.data/build21/r0000101001001001001_0001_wfi03_f158_cal.asdf,wfi03,eval,100,42,0.005363313,1
gwcs,../roman/.data/build21/r0000101001001001001_0001_wfi03_f158_cal.asdf,wfi03,eval,100,43,0.005395943,1
gwcs,../roman/.data/build21/r0000101001001001001_0001_wfi03_f158_cal.asdf,wfi03,eval,100,44,0.005989913,1
gwcs,../roman/.data/build21/r0000101001001001001_0001_wfi03_f158_cal.asdf,wfi03,eval,100,45,0.005011465,1
gwcs,../roman/.data/build21/r0000101001001001001_0001_wfi03_f158_cal.asdf,wfi03,eval,100,46,0.005526390,1
gwcs,../roman/.data/build21/r0000101001001001001_0001_wfi03_f158_cal.asdf,wfi03,eval,100,47,0.005109086,1
gwcs,../roman/.data/build21/r0000101001001001001_0001_wfi03_f158_cal.asdf,wfi03,eval,100,48,0.005250546,1
gwcs,../roman/.data/build21/r0000101001001001001_0001_wfi03_f158_cal.asdf,wfi03,eval,100,49,0.005267185,1
gwcs,../roman/.data/build21/r0000101001001001001_0001_wfi03_f158_cal.asdf,wfi03,eval,1000,0,0.006118309,1
gwcs,../roman/.data/build21/r0000101001001001001_0001_wfi03_f158_cal.asdf,wfi03,eval,1000,1,0.005939877,1
gwcs,../roman/.data/build21/r0000101001001001001_0001_wfi03_f158_cal.asdf,wfi03,eval,1000,2,0.005931413,1
gwcs,../roman/.data/build21/r0000101001001001001_0001_wfi03_f158_cal.asdf,wfi03,eval,1000,3,0.005740004,1
gwcs,../roman/.data/build21/r0000101001001001001_0001_wfi03_f158_cal.asdf,wfi03,eval,1000,4,0.005440172,1
gwcs,../roman/.data/build21/r0000101001001001001_0001_wfi03_f158_cal.asdf,wfi03,eval,1000,5,0.005728317,1
gwcs,../roman/.data/build21/r0000101001001001001_0001_wfi03_f158_cal.asdf,wfi03,eval,1000,6,0.005351990,1
gwcs,../roman/.data/build21/r0000101001001001001_0001_wfi03_f158_cal.asdf,wfi03,eval,1000,7,0.005313593,1
gwcs,../roman/.data/build21/r0000101001001001001_0001_wfi03_f158_cal.asdf,wfi03,eval,1000,8,0.005583717,1
gwcs,../roman/.data/build21/r0000101001001001001_0001_wfi03_f158_cal.asdf,wfi03,eval,1000,9,0.005363948,1
gwcs,../roman/.data/build21/r0000101001001001001_0001_wfi03_f158_cal.asdf,wfi03,eval,1000,10,0.005311255,1
gwcs,../roman/.data/build21/r0000101001001001001_0001_wfi03_f158_cal.asdf,wfi03,eval,1000,11,0.005912543,1
gwcs,../roman/.data/build21/r0000101001001001001_0001_wfi03_f158_cal.asdf,wfi03,eval,1000,12,0.005618311,1
gwcs,../roman/.data/build21/r0000101001001001001_0001_wfi03_f158_cal.asdf,wfi03,eval,1000,13,0.005666845,1
gwcs,../roman/.data/build21/r0000101001001001001_0001_wfi03_f158_cal.asdf,wfi03,eval,1000,14,0.005920966,1
gwcs,../roman/.data/build21/r0000101001001001001_0001_wfi03_f158_cal.asdf,wfi03,eval,1000,15,0.005607747,1
gwcs,../roman/.data/build21/r0000101001001001001_0001_wfi03_f158_cal.asdf,wfi03,eval,1000,16,0.005610352,1
gwcs,../roman/.data/build21/r0000101001001001001_0001_wfi03_f158_cal.asdf,wfi03,eval,1000,17,0.005996575,1
gwcs,../roman/.data/build21/r0000101001001001001_0001_wfi03_f158_cal.asdf,wfi03,eval,1000,18,0.005776402,1
gwcs,../roman/.data/build21/r0000101001001001001_0001_wfi03_f158_cal.asdf,wfi03,eval,1000,19,0.005776757,1
gwcs,../roman/.data/build21/r0000101001001001001_0001_wfi03_f158_cal.asdf,wfi03,eval,10000,0,0.010174344,1
gwcs,../roman/.data/build21/r0000101001001001001_0001_wfi03_f158_cal.asdf,wfi03,eval,10000,1,0.008778579,1
gwcs,../roman/.data/build21/r0000101001001001001_0001_wfi03_f158_cal.asdf,wfi03,eval,10000,2,0.008639625,1
gwcs,../roman/.data/build21/r0000101001001001001_0001_wfi03_f158_cal.asdf,wfi03,eval,10000,3,0.008889976,1
gwcs,../roman/.data/build21/r0000101001001001001_0001_wfi03_f158_cal.asdf,wfi03,eval,10000,4,0.009157524,1
gwcs,../roman/.data/build21/r0000101001001001001_0001_wfi03_f158_cal.asdf,wfi03,eval,10000,5,0.009320554,1
gwcs,../roman/.data/build21/r0000101001001001001_0001_wfi03_f158_cal.asdf,wfi03,eval,10000,6,0.008951215,1
gwcs,../roman/.data/build21/r0000101001001001001_0001_wfi03_f158_cal.asdf,wfi03,eval,10000,7,0.009494993,1
gwcs,../roman/.data/build21/r0000101001001001001_0001_wfi03_f158_cal.asdf,wfi03,eval,10000,8,0.008921444,1
gwcs,../roman/.data/build21/r0000101001001001001_0001_wfi03_f158_cal.asdf,wfi03,eval,10000,9,0.009133857,1
gwcs,../roman/.data/build21/r0000101001001001001_0001_wfi03_f158_cal.asdf,wfi03,eval,100000,0,0.045671547,1
gwcs,../roman/.data/build21/r0000101001001001001_0001_wfi03_f158_cal.asdf,wfi03,eval,100000,1,0.038627271,1
gwcs,../roman/.data/build21/r0000101001001001001_0001_wfi03_f158_cal.asdf,wfi03,eval,100000,2,0.042772262,1
gwcs,../roman/.data/build21/r0000101001001001001_0001_wfi03_f158_cal.asdf,wfi03,eval,100000,3,0.038256930,1
gwcs,../roman/.data/build21/r0000101001001001001_0001_wfi03_f158_cal.asdf,wfi03,eval,100000,4,0.038624296,1
gwcs,../roman/.data/build21/r0000101001001001001_0001_wfi03_f158_cal.asdf,wfi03,eval,1000000,0,0.400100313,1
gwcs,../roman/.data/build21/r0000101001001001001_0001_wfi03_f158_cal.asdf,wfi03,eval,1000000,1,0.391931565,1
gwcs,../roman/.data/build21/r0000101001001001001_0001_wfi03_f158_cal.asdf,wfi03,eval,1000000,2,0.397482284,1
gwcs,../roman/.data/build21/r0000101001001001001_0001_wfi03_f158_cal.asdf,wfi03,eval,10000000,0,3.874673836,1
gwcs,../roman/.data/build21/r0000101001001001001_0001_wfi03_f158_cal.asdf,wfi03,eval,10000000,1,3.889818657,1
gwcs,../roman/.data/build21/r0000101001001001001_0001_wfi03_f158_cal.asdf,wfi03,eval,16711744,0,6.647507340,1
gwcs,../roman/.data/build21/r0000101001001001001_0001_wfi03_f158_cal.asdf,wfi03,eval,16711744,1,6.857586493,1
gwcs,../roman/.data/build21/r0000101001001001001_0001_wfi04_f158_cal.asdf,wfi04,parse_cold,0,0,0.833727204,1
gwcs,../roman/.data/build21/r0000101001001001001_0001_wfi04_f158_cal.asdf,wfi04,parse_hot,0,0,0.551210913,1
gwcs,../roman/.data/build21/r0000101001001001001_0001_wfi04_f158_cal.asdf,wfi04,eval,1,0,0.005256644,1
gwcs,../roman/.data/build21/r0000101001001001001_0001_wfi04_f158_cal.asdf,wfi04,eval,1,1,0.005997652,1
gwcs,../roman/.data/build21/r0000101001001001001_0001_wfi04_f158_cal.asdf,wfi04,eval,1,2,0.005017438,1
gwcs,../roman/.data/build21/r0000101001001001001_0001_wfi04_f158_cal.asdf,wfi04,eval,1,3,0.004875215,1
gwcs,../roman/.data/build21/r0000101001001001001_0001_wfi04_f158_cal.asdf,wfi04,eval,1,4,0.004847637,1
gwcs,../roman/.data/build21/r0000101001001001001_0001_wfi04_f158_cal.asdf,wfi04,eval,1,5,0.005272173,1
gwcs,../roman/.data/build21/r0000101001001001001_0001_wfi04_f158_cal.asdf,wfi04,eval,1,6,0.004812961,1
gwcs,../roman/.data/build21/r0000101001001001001_0001_wfi04_f158_cal.asdf,wfi04,eval,1,7,0.004797232,1
gwcs,../roman/.data/build21/r0000101001001001001_0001_wfi04_f158_cal.asdf,wfi04,eval,1,8,0.004956013,1
gwcs,../roman/.data/build21/r0000101001001001001_0001_wfi04_f158_cal.asdf,wfi04,eval,1,9,0.004766610,1
gwcs,../roman/.data/build21/r0000101001001001001_0001_wfi04_f158_cal.asdf,wfi04,eval,1,10,0.004728773,1
gwcs,../roman/.data/build21/r0000101001001001001_0001_wfi04_f158_cal.asdf,wfi04,eval,1,11,0.004831380,1
gwcs,../roman/.data/build21/r0000101001001001001_0001_wfi04_f158_cal.asdf,wfi04,eval,1,12,0.004815542,1
gwcs,../roman/.data/build21/r0000101001001001001_0001_wfi04_f158_cal.asdf,wfi04,eval,1,13,0.004937367,1
gwcs,../roman/.data/build21/r0000101001001001001_0001_wfi04_f158_cal.asdf,wfi04,eval,1,14,0.004746486,1
gwcs,../roman/.data/build21/r0000101001001001001_0001_wfi04_f158_cal.asdf,wfi04,eval,1,15,0.004823483,1
gwcs,../roman/.data/build21/r0000101001001001001_0001_wfi04_f158_cal.asdf,wfi04,eval,1,16,0.004897881,1
gwcs,../roman/.data/build21/r0000101001001001001_0001_wfi04_f158_cal.asdf,wfi04,eval,1,17,0.004791083,1
gwcs,../roman/.data/build21/r0000101001001001001_0001_wfi04_f158_cal.asdf,wfi04,eval,1,18,0.004815026,1
gwcs,../roman/.data/build21/r0000101001001001001_0001_wfi04_f158_cal.asdf,wfi04,eval,1,19,0.004784052,1
gwcs,../roman/.data/build21/r0000101001001001001_0001_wfi04_f158_cal.asdf,wfi04,eval,1,20,0.006200609,1
gwcs,../roman/.data/build21/r0000101001001001001_0001_wfi04_f158_cal.asdf,wfi04,eval,1,21,0.004962265,1
gwcs,../roman/.data/build21/r0000101001001001001_0001_wfi04_f158_cal.asdf,wfi04,eval,1,22,0.004820107,1
gwcs,../roman/.data/build21/r0000101001001001001_0001_wfi04_f158_cal.asdf,wfi04,eval,1,23,0.004738127,1
gwcs,../roman/.data/build21/r0000101001001001001_0001_wfi04_f158_cal.asdf,wfi04,eval,1,24,0.004795925,1
gwcs,../roman/.data/build21/r0000101001001001001_0001_wfi04_f158_cal.asdf,wfi04,eval,1,25,0.004875046,1
gwcs,../roman/.data/build21/r0000101001001001001_0001_wfi04_f158_cal.asdf,wfi04,eval,1,26,0.005054457,1
gwcs,../roman/.data/build21/r0000101001001001001_0001_wfi04_f158_cal.asdf,wfi04,eval,1,27,0.004777066,1
gwcs,../roman/.data/build21/r0000101001001001001_0001_wfi04_f158_cal.asdf,wfi04,eval,1,28,0.004856477,1
gwcs,../roman/.data/build21/r0000101001001001001_0001_wfi04_f158_cal.asdf,wfi04,eval,1,29,0.004790874,1
gwcs,../roman/.data/build21/r0000101001001001001_0001_wfi04_f158_cal.asdf,wfi04,eval,1,30,0.004763000,1
gwcs,../roman/.data/build21/r0000101001001001001_0001_wfi04_f158_cal.asdf,wfi04,eval,1,31,0.004871587,1
gwcs,../roman/.data/build21/r0000101001001001001_0001_wfi04_f158_cal.asdf,wfi04,eval,1,32,0.004789686,1
gwcs,../roman/.data/build21/r0000101001001001001_0001_wfi04_f158_cal.asdf,wfi04,eval,1,33,0.004969587,1
gwcs,../roman/.data/build21/r0000101001001001001_0001_wfi04_f158_cal.asdf,wfi04,eval,1,34,0.006109329,1
gwcs,../roman/.data/build21/r0000101001001001001_0001_wfi04_f158_cal.asdf,wfi04,eval,1,35,0.005937234,1
gwcs,../roman/.data/build21/r0000101001001001001_0001_wfi04_f158_cal.asdf,wfi04,eval,1,36,0.004901879,1
gwcs,../roman/.data/build21/r0000101001001001001_0001_wfi04_f158_cal.asdf,wfi04,eval,1,37,0.004765389,1
gwcs,../roman/.data/build21/r0000101001001001001_0001_wfi04_f158_cal.asdf,wfi04,eval,1,38,0.005038303,1
gwcs,../roman/.data/build21/r0000101001001001001_0001_wfi04_f158_cal.asdf,wfi04,eval,1,39,0.004810235,1
gwcs,../roman/.data/build21/r0000101001001001001_0001_wfi04_f158_cal.asdf,wfi04,eval,1,40,0.004735372,1
gwcs,../roman/.data/build21/r0000101001001001001_0001_wfi04_f158_cal.asdf,wfi04,eval,1,41,0.004951385,1
gwcs,../roman/.data/build21/r0000101001001001001_0001_wfi04_f158_cal.asdf,wfi04,eval,1,42,0.004838943,1
gwcs,../roman/.data/build21/r0000101001001001001_0001_wfi04_f158_cal.asdf,wfi04,eval,1,43,0.004782299,1
gwcs,../roman/.data/build21/r0000101001001001001_0001_wfi04_f158_cal.asdf,wfi04,eval,1,44,0.004831032,1
gwcs,../roman/.data/build21/r0000101001001001001_0001_wfi04_f158_cal.asdf,wfi04,eval,1,45,0.004967220,1
gwcs,../roman/.data/build21/r0000101001001001001_0001_wfi04_f158_cal.asdf,wfi04,eval,1,46,0.004953938,1
gwcs,../roman/.data/build21/r0000101001001001001_0001_wfi04_f158_cal.asdf,wfi04,eval,1,47,0.004812147,1
gwcs,../roman/.data/build21/r0000101001001001001_0001_wfi04_f158_cal.asdf,wfi04,eval,1,48,0.004882630,1
gwcs,../roman/.data/build21/r0000101001001001001_0001_wfi04_f158_cal.asdf,wfi04,eval,1,49,0.004871539,1
gwcs,../roman/.data/build21/r0000101001001001001_0001_wfi04_f158_cal.asdf,wfi04,eval,1,50,0.004744386,1
gwcs,../roman/.data/build21/r0000101001001001001_0001_wfi04_f158_cal.asdf,wfi04,eval,1,51,0.004923295,1
gwcs,../roman/.data/build21/r0000101001001001001_0001_wfi04_f158_cal.asdf,wfi04,eval,1,52,0.004890059,1
gwcs,../roman/.data/build21/r0000101001001001001_0001_wfi04_f158_cal.asdf,wfi04,eval,1,53,0.004747036,1
gwcs,../roman/.data/build21/r0000101001001001001_0001_wfi04_f158_cal.asdf,wfi04,eval,1,54,0.004716491,1
gwcs,../roman/.data/build21/r0000101001001001001_0001_wfi04_f158_cal.asdf,wfi04,eval,1,55,0.004806000,1
gwcs,../roman/.data/build21/r0000101001001001001_0001_wfi04_f158_cal.asdf,wfi04,eval,1,56,0.004847858,1
gwcs,../roman/.data/build21/r0000101001001001001_0001_wfi04_f158_cal.asdf,wfi04,eval,1,57,0.004794448,1
gwcs,../roman/.data/build21/r0000101001001001001_0001_wfi04_f158_cal.asdf,wfi04,eval,1,58,0.004827597,1
gwcs,../roman/.data/build21/r0000101001001001001_0001_wfi04_f158_cal.asdf,wfi04,eval,1,59,0.004853956,1
gwcs,../roman/.data/build21/r0000101001001001001_0001_wfi04_f158_cal.asdf,wfi04,eval,1,60,0.004846898,1
gwcs,../roman/.data/build21/r0000101001001001001_0001_wfi04_f158_cal.asdf,wfi04,eval,1,61,0.004740981,1
gwcs,../roman/.data/build21/r0000101001001001001_0001_wfi04_f158_cal.asdf,wfi04,eval,1,62,0.004889364,1
gwcs,../roman/.data/build21/r0000101001001001001_0001_wfi04_f158_cal.asdf,wfi04,eval,1,63,0.004781268,1
gwcs,../roman/.data/build21/r0000101001001001001_0001_wfi04_f158_cal.asdf,wfi04,eval,1,64,0.004728588,1
gwcs,../roman/.data/build21/r0000101001001001001_0001_wfi04_f158_cal.asdf,wfi04,eval,1,65,0.004859606,1
gwcs,../roman/.data/build21/r0000101001001001001_0001_wfi04_f158_cal.asdf,wfi04,eval,1,66,0.004904552,1
gwcs,../roman/.data/build21/r0000101001001001001_0001_wfi04_f158_cal.asdf,wfi04,eval,1,67,0.004740857,1
gwcs,../roman/.data/build21/r0000101001001001001_0001_wfi04_f158_cal.asdf,wfi04,eval,1,68,0.004696641,1
gwcs,../roman/.data/build21/r0000101001001001001_0001_wfi04_f158_cal.asdf,wfi04,eval,1,69,0.005340482,1
gwcs,../roman/.data/build21/r0000101001001001001_0001_wfi04_f158_cal.asdf,wfi04,eval,1,70,0.005076601,1
gwcs,../roman/.data/build21/r0000101001001001001_0001_wfi04_f158_cal.asdf,wfi04,eval,1,71,0.004722601,1
gwcs,../roman/.data/build21/r0000101001001001001_0001_wfi04_f158_cal.asdf,wfi04,eval,1,72,0.004856348,1
gwcs,../roman/.data/build21/r0000101001001001001_0001_wfi04_f158_cal.asdf,wfi04,eval,1,73,0.005058897,1
gwcs,../roman/.data/build21/r0000101001001001001_0001_wfi04_f158_cal.asdf,wfi04,eval,1,74,0.004707296,1
gwcs,../roman/.data/build21/r0000101001001001001_0001_wfi04_f158_cal.asdf,wfi04,eval,1,75,0.004786085,1
gwcs,../roman/.data/build21/r0000101001001001001_0001_wfi04_f158_cal.asdf,wfi04,eval,1,76,0.005252477,1
gwcs,../roman/.data/build21/r0000101001001001001_0001_wfi04_f158_cal.asdf,wfi04,eval,1,77,0.004788118,1
gwcs,../roman/.data/build21/r0000101001001001001_0001_wfi04_f158_cal.asdf,wfi04,eval,1,78,0.004755318,1
gwcs,../roman/.data/build21/r0000101001001001001_0001_wfi04_f158_cal.asdf,wfi04,eval,1,79,0.004836567,1
gwcs,../roman/.data/build21/r0000101001001001001_0001_wfi04_f158_cal.asdf,wfi04,eval,1,80,0.005084352,1
gwcs,../roman/.data/build21/r0000101001001001001_0001_wfi04_f158_cal.asdf,wfi04,eval,1,81,0.004735104,1
gwcs,../roman/.data/build21/r0000101001001001001_0001_wfi04_f158_cal.asdf,wfi04,eval,1,82,0.004893762,1
gwcs,../roman/.data/build21/r0000101001001001001_0001_wfi04_f158_cal.asdf,wfi04,eval,1,83,0.005059683,1
gwcs,../roman/.data/build21/r0000101001001001001_0001_wfi04_f158_cal.asdf,wfi04,eval,1,84,0.004807634,1
gwcs,../roman/.data/build21/r0000101001001001001_0001_wfi04_f158_cal.asdf,wfi04,eval,1,85,0.004802026,1
gwcs,../roman/.data/build21/r0000101001001001001_0001_wfi04_f158_cal.asdf,wfi04,eval,1,86,0.005143991,1
gwcs,../roman/.data/build21/r0000101001001001001_0001_wfi04_f158_cal.asdf,wfi04,eval,1,87,0.004825188,1
gwcs,../roman/.data/build21/r0000101001001001001_0001_wfi04_f158_cal.asdf,wfi04,eval,1,88,0.004765237,1
gwcs,../roman/.data/build21/r0000101001001001001_0001_wfi04_f158_cal.asdf,wfi04,eval,1,89,0.004753589,1
gwcs,../roman/.data/build21/r0000101001001001001_0001_wfi04_f158_cal.asdf,wfi04,eval,1,90,0.005028751,1
gwcs,../roman/.data/build21/r0000101001001001001_0001_wfi04_f158_cal.asdf,wfi04,eval,1,91,0.004738217,1
gwcs,../roman/.data/build21/r0000101001001001001_0001_wfi04_f158_cal.asdf,wfi04,eval,1,92,0.004890126,1
gwcs,../roman/.data/build21/r0000101001001001001_0001_wfi04_f158_cal.asdf,wfi04,eval,1,93,0.005202771,1
gwcs,../roman/.data/build21/r0000101001001001001_0001_wfi04_f158_cal.asdf,wfi04,eval,1,94,0.004741043,1
gwcs,../roman/.data/build21/r0000101001001001001_0001_wfi04_f158_cal.asdf,wfi04,eval,1,95,0.004720236,1
gwcs,../roman/.data/build21/r0000101001001001001_0001_wfi04_f158_cal.asdf,wfi04,eval,1,96,0.004737025,1
gwcs,../roman/.data/build21/r0000101001001001001_0001_wfi04_f158_cal.asdf,wfi04,eval,1,97,0.005144773,1
gwcs,../roman/.data/build21/r0000101001001001001_0001_wfi04_f158_cal.asdf,wfi04,eval,1,98,0.004738983,1
gwcs,../roman/.data/build21/r0000101001001001001_0001_wfi04_f158_cal.asdf,wfi04,eval,1,99,0.004746309,1
gwcs,../roman/.data/build21/r0000101001001001001_0001_wfi04_f158_cal.asdf,wfi04,eval,10,0,0.005747030,1
gwcs,../roman/.data/build21/r0000101001001001001_0001_wfi04_f158_cal.asdf,wfi04,eval,10,1,0.005753738,1
gwcs,../roman/.data/build21/r0000101001001001001_0001_wfi04_f158_cal.asdf,wfi04,eval,10,2,0.005183830,1
gwcs,../roman/.data/build21/r0000101001001001001_0001_wfi04_f158_cal.asdf,wfi04,eval,10,3,0.005076810,1
gwcs,../roman/.data/build21/r0000101001001001001_0001_wfi04_f158_cal.asdf,wfi04,eval,10,4,0.004899002,1
gwcs,../roman/.data/build21/r0000101001001001001_0001_wfi04_f158_cal.asdf,wfi04,eval,10,5,0.004992989,1
gwcs,../roman/.data/build21/r0000101001001001001_0001_wfi04_f158_cal.asdf,wfi04,eval,10,6,0.004966339,1
gwcs,../roman/.data/build21/r0000101001001001001_0001_wfi04_f158_cal.asdf,wfi04,eval,10,7,0.004936714,1
gwcs,../roman/.data/build21/r0000101001001001001_0001_wfi04_f158_cal.asdf,wfi04,eval,10,8,0.004837465,1
gwcs,../roman/.data/build21/r0000101001001001001_0001_wfi04_f158_cal.asdf,wfi04,eval,10,9,0.004977635,1
gwcs,../roman/.data/build21/r0000101001001001001_0001_wfi04_f158_cal.asdf,wfi04,eval,10,10,0.005111216,1
gwcs,../roman/.data/build21/r0000101001001001001_0001_wfi04_f158_cal.asdf,wfi04,eval,10,11,0.005302349,1
gwcs,../roman/.data/build21/r0000101001001001001_0001_wfi04_f158_cal.asdf,wfi04,eval,10,12,0.005053720,1
gwcs,../roman/.data/build21/r0000101001001001001_0001_wfi04_f158_cal.asdf,wfi04,eval,10,13,0.005334956,1
gwcs,../roman/.data/build21/r0000101001001001001_0001_wfi04_f158_cal.asdf,wfi04,eval,10,14,0.005071120,1
gwcs,../roman/.data/build21/r0000101001001001001_0001_wfi04_f158_cal.asdf,wfi04,eval,10,15,0.005213190,1
gwcs,../roman/.data/build21/r0000101001001001001_0001_wfi04_f158_cal.asdf,wfi04,eval,10,16,0.005096575,1
gwcs,../roman/.data/build21/r0000101001001001001_0001_wfi04_f158_cal.asdf,wfi04,eval,10,17,0.005506936,1
gwcs,../roman/.data/build21/r0000101001001001001_0001_wfi04_f158_cal.asdf,wfi04,eval,10,18,0.004965016,1
gwcs,../roman/.data/build21/r0000101001001001001_0001_wfi04_f158_cal.asdf,wfi04,eval,10,19,0.005324122,1
gwcs,../roman/.data/build21/r0000101001001001001_0001_wfi04_f158_cal.asdf,wfi04,eval,10,20,0.005152775,1
gwcs,../roman/.data/build21/r0000101001001001001_0001_wfi04_f158_cal.asdf,wfi04,eval,10,21,0.005263044,1
gwcs,../roman/.data/build21/r0000101001001001001_0001_wfi04_f158_cal.asdf,wfi04,eval,10,22,0.005183885,1
gwcs,../roman/.data/build21/r0000101001001001001_0001_wfi04_f158_cal.asdf,wfi04,eval,10,23,0.006025635,1
gwcs,../roman/.data/build21/r0000101001001001001_0001_wfi04_f158_cal.asdf,wfi04,eval,10,24,0.011089622,1
gwcs,../roman/.data/build21/r0000101001001001001_0001_wfi04_f158_cal.asdf,wfi04,eval,10,25,0.011325657,1
gwcs,../roman/.data/build21/r0000101001001001001_0001_wfi04_f158_cal.asdf,wfi04,eval,10,26,0.010996545,1
gwcs,../roman/.data/build21/r0000101001001001001_0001_wfi04_f158_cal.asdf,wfi04,eval,10,27,0.011508963,1
gwcs,../roman/.data/build21/r0000101001001001001_0001_wfi04_f158_cal.asdf,wfi04,eval,10,28,0.010546024,1
gwcs,../roman/.data/build21/r0000101001001001001_0001_wfi04_f158_cal.asdf,wfi04,eval,10,29,0.010141180,1
gwcs,../roman/.data/build21/r0000101001001001001_0001_wfi04_f158_cal.asdf,wfi04,eval,10,30,0.010188295,1
gwcs,../roman/.data/build21/r0000101001001001001_0001_wfi04_f158_cal.asdf,wfi04,eval,10,31,0.005778438,1
gwcs,../roman/.data/build21/r0000101001001001001_0001_wfi04_f158_cal.asdf,wfi04,eval,10,32,0.006596709,1
gwcs,../roman/.data/build21/r0000101001001001001_0001_wfi04_f158_cal.asdf,wfi04,eval,10,33,0.006940716,1
gwcs,../roman/.data/build21/r0000101001001001001_0001_wfi04_f158_cal.asdf,wfi04,eval,10,34,0.006412162,1
gwcs,../roman/.data/build21/r0000101001001001001_0001_wfi04_f158_cal.asdf,wfi04,eval,10,35,0.005231488,1
gwcs,../roman/.data/build21/r0000101001001001001_0001_wfi04_f158_cal.asdf,wfi04,eval,10,36,0.006268000,1
gwcs,../roman/.data/build21/r0000101001001001001_0001_wfi04_f158_cal.asdf,wfi04,eval,10,37,0.005309637,1
gwcs,../roman/.data/build21/r0000101001001001001_0001_wfi04_f158_cal.asdf,wfi04,eval,10,38,0.006481964,1
gwcs,../roman/.data/build21/r0000101001001001001_0001_wfi04_f158_cal.asdf,wfi04,eval,10,39,0.008742441,1
gwcs,../roman/.data/build21/r0000101001001001001_0001_wfi04_f158_cal.asdf,wfi04,eval,10,40,0.010328819,1
gwcs,../roman/.data/build21/r0000101001001001001_0001_wfi04_f158_cal.asdf,wfi04,eval,10,41,0.005713641,1
gwcs,../roman/.data/build21/r0000101001001001001_0001_wfi04_f158_cal.asdf,wfi04,eval,10,42,0.005622233,1
gwcs,../roman/.data/build21/r0000101001001001001_0001_wfi04_f158_cal.asdf,wfi04,eval,10,43,0.005394761,1
gwcs,../roman/.data/build21/r0000101001001001001_0001_wfi04_f158_cal.asdf,wfi04,eval,10,44,0.005229739,1
gwcs,../roman/.data/build21/r0000101001001001001_0001_wfi04_f158_cal.asdf,wfi04,eval,10,45,0.005077330,1
gwcs,../roman/.data/build21/r0000101001001001001_0001_wfi04_f158_cal.asdf,wfi04,eval,10,46,0.008240761,1
gwcs,../roman/.data/build21/r0000101001001001001_0001_wfi04_f158_cal.asdf,wfi04,eval,10,47,0.005032111,1
gwcs,../roman/.data/build21/r0000101001001001001_0001_wfi04_f158_cal.asdf,wfi04,eval,10,48,0.004964849,1
gwcs,../roman/.data/build21/r0000101001001001001_0001_wfi04_f158_cal.asdf,wfi04,eval,10,49,0.005044784,1
gwcs,../roman/.data/build21/r0000101001001001001_0001_wfi04_f158_cal.asdf,wfi04,eval,10,50,0.005500337,1
gwcs,../roman/.data/build21/r0000101001001001001_0001_wfi04_f158_cal.asdf,wfi04,eval,10,51,0.005046862,1
gwcs,../roman/.data/build21/r0000101001001001001_0001_wfi04_f158_cal.asdf,wfi04,eval,10,52,0.005200872,1
gwcs,../roman/.data/build21/r0000101001001001001_0001_wfi04_f158_cal.asdf,wfi04,eval,10,53,0.005536551,1
gwcs,../roman/.data/build21/r0000101001001001001_0001_wfi04_f158_cal.asdf,wfi04,eval,10,54,0.005076802,1
gwcs,../roman/.data/build21/r0000101001001001001_0001_wfi04_f158_cal.asdf,wfi04,eval,10,55,0.006404475,1
gwcs,../roman/.data/build21/r0000101001001001001_0001_wfi04_f158_cal.asdf,wfi04,eval,10,56,0.005640857,1
gwcs,../roman/.data/build21/r0000101001001001001_0001_wfi04_f158_cal.asdf,wfi04,eval,10,57,0.005092347,1
gwcs,../roman/.data/build21/r0000101001001001001_0001_wfi04_f158_cal.asdf,wfi04,eval,10,58,0.005531330,1
gwcs,../roman/.data/build21/r0000101001001001001_0001_wfi04_f158_cal.asdf,wfi04,eval,10,59,0.005814143,1
gwcs,../roman/.data/build21/r0000101001001001001_0001_wfi04_f158_cal.asdf,wfi04,eval,10,60,0.005230968,1
gwcs,../roman/.data/build21/r0000101001001001001_0001_wfi04_f158_cal.asdf,wfi04,eval,10,61,0.005334878,1
gwcs,../roman/.data/build21/r0000101001001001001_0001_wfi04_f158_cal.asdf,wfi04,eval,10,62,0.005134682,1
gwcs,../roman/.data/build21/r0000101001001001001_0001_wfi04_f158_cal.asdf,wfi04,eval,10,63,0.005111418,1
gwcs,../roman/.data/build21/r0000101001001001001_0001_wfi04_f158_cal.asdf,wfi04,eval,10,64,0.004966827,1
gwcs,../roman/.data/build21/r0000101001001001001_0001_wfi04_f158_cal.asdf,wfi04,eval,10,65,0.005330006,1
gwcs,../roman/.data/build21/r0000101001001001001_0001_wfi04_f158_cal.asdf,wfi04,eval,10,66,0.004997181,1
gwcs,../roman/.data/build21/r0000101001001001001_0001_wfi04_f158_cal.asdf,wfi04,eval,10,67,0.004974219,1
gwcs,../roman/.data/build21/r0000101001001001001_0001_wfi04_f158_cal.asdf,wfi04,eval,10,68,0.005294381,1
gwcs,../roman/.data/build21/r0000101001001001001_0001_wfi04_f158_cal.asdf,wfi04,eval,10,69,0.005052888,1
gwcs,../roman/.data/build21/r0000101001001001001_0001_wfi04_f158_cal.asdf,wfi04,eval,10,70,0.004984041,1
gwcs,../roman/.data/build21/r0000101001001001001_0001_wfi04_f158_cal.asdf,wfi04,eval,10,71,0.005325182,1
gwcs,../roman/.data/build21/r0000101001001001001_0001_wfi04_f158_cal.asdf,wfi04,eval,10,72,0.005366045,1
gwcs,../roman/.data/build21/r0000101001001001001_0001_wfi04_f158_cal.asdf,wfi04,eval,10,73,0.005454389,1
gwcs,../roman/.data/build21/r0000101001001001001_0001_wfi04_f158_cal.asdf,wfi04,eval,10,74,0.005630340,1
gwcs,../roman/.data/build21/r0000101001001001001_0001_wfi04_f158_cal.asdf,wfi04,eval,10,75,0.005198198,1
gwcs,../roman/.data/build21/r0000101001001001001_0001_wfi04_f158_cal.asdf,wfi04,eval,10,76,0.005414391,1
gwcs,../roman/.data/build21/r0000101001001001001_0001_wfi04_f158_cal.asdf,wfi04,eval,10,77,0.005555827,1
gwcs,../roman/.data/build21/r0000101001001001001_0001_wfi04_f158_cal.asdf,wfi04,eval,10,78,0.005693424,1
gwcs,../roman/.data/build21/r0000101001001001001_0001_wfi04_f158_cal.asdf,wfi04,eval,10,79,0.005233886,1
gwcs,../roman/.data/build21/r0000101001001001001_0001_wfi04_f158_cal.asdf,wfi04,eval,10,80,0.005442804,1
gwcs,../roman/.data/build21/r0000101001001001001_0001_wfi04_f158_cal.asdf,wfi04,eval,10,81,0.005355701,1
gwcs,../roman/.data/build21/r0000101001001001001_0001_wfi04_f158_cal.asdf,wfi04,eval,10,82,0.005299946,1
gwcs,../roman/.data/build21/r0000101001001001001_0001_wfi04_f158_cal.asdf,wfi04,eval,10,83,0.006339142,1
gwcs,../roman/.data/build21/r0000101001001001001_0001_wfi04_f158_cal.asdf,wfi04,eval,10,84,0.005425862,1
gwcs,../roman/.data/build21/r0000101001001001001_0001_wfi04_f158_cal.asdf,wfi04,eval,10,85,0.005255486,1
gwcs,../roman/.data/build21/r0000101001001001001_0001_wfi04_f158_cal.asdf,wfi04,eval,10,86,0.006518298,1
gwcs,../roman/.data/build21/r0000101001001001001_0001_wfi04_f158_cal.asdf,wfi04,eval,10,87,0.009358833,1
gwcs,../roman/.data/build21/r0000101001001001001_0001_wfi04_f158_cal.asdf,wfi04,eval,10,88,0.012727156,1
gwcs,../roman/.data/build21/r0000101001001001001_0001_wfi04_f158_cal.asdf,wfi04,eval,10,89,0.005039111,1
gwcs,../roman/.data/build21/r0000101001001001001_0001_wfi04_f158_cal.asdf,wfi04,eval,10,90,0.005347284,1
gwcs,../roman/.data/build21/r0000101001001001001_0001_wfi04_f158_cal.asdf,wfi04,eval,10,91,0.005046115,1
gwcs,../roman/.data/build21/r0000101001001001001_0001_wfi04_f158_cal.asdf,wfi04,eval,10,92,0.004947509,1
gwcs,../roman/.data/build21/r0000101001001001001_0001_wfi04_f158_cal.asdf,wfi04,eval,10,93,0.004877546,1
gwcs,../roman/.data/build21/r0000101001001001001_0001_wfi04_f158_cal.asdf,wfi04,eval,10,94,0.005401662,1
gwcs,../roman/.data/build21/r0000101001001001001_0001_wfi04_f158_cal.asdf,wfi04,eval,10,95,0.005103879,1
gwcs,../roman/.data/build21/r0000101001001001001_0001_wfi04_f158_cal.asdf,wfi04,eval,10,96,0.004888466,1
gwcs,../roman/.data/build21/r0000101001001001001_0001_wfi04_f158_cal.asdf,wfi04,eval,10,97,0.005315332,1
gwcs,../roman/.data/build21/r0000101001001001001_0001_wfi04_f158_cal.asdf,wfi04,eval,10,98,0.004937915,1
gwcs,../roman/.data/build21/r0000101001001001001_0001_wfi04_f158_cal.asdf,wfi04,eval,10,99,0.004888316,1
gwcs,../roman/.data/build21/r0000101001001001001_0001_wfi04_f158_cal.asdf,wfi04,eval,100,0,0.005695934,1
gwcs,../roman/.data/build21/r0000101001001001001_0001_wfi04_f158_cal.asdf,wfi04,eval,100,1,0.006384614,1
gwcs,../roman/.data/build21/r0000101001001001001_0001_wfi04_f158_cal.asdf,wfi04,eval,100,2,0.005108015,1
gwcs,../roman/.data/build21/r0000101001001001001_0001_wfi04_f158_cal.asdf,wfi04,eval,100,3,0.005415301,1
gwcs,../roman/.data/build21/r0000101001001001001_0001_wfi04_f158_cal.asdf,wfi04,eval,100,4,0.005064062,1
gwcs,../roman/.data/build21/r0000101001001001001_0001_wfi04_f158_cal.asdf,wfi04,eval,100,5,0.005188352,1
gwcs,../roman/.data/build21/r0000101001001001001_0001_wfi04_f158_cal.asdf,wfi04,eval,100,6,0.005443962,1
gwcs,../roman/.data/build21/r0000101001001001001_0001_wfi04_f158_cal.asdf,wfi04,eval,100,7,0.004999344,1
gwcs,../roman/.data/build21/r0000101001001001001_0001_wfi04_f158_cal.asdf,wfi04,eval,100,8,0.004950754,1
gwcs,../roman/.data/build21/r0000101001001001001_0001_wfi04_f158_cal.asdf,wfi04,eval,100,9,0.005044544,1
gwcs,../roman/.data/build21/r0000101001001001001_0001_wfi04_f158_cal.asdf,wfi04,eval,100,10,0.007633568,1
gwcs,../roman/.data/build21/r0000101001001001001_0001_wfi04_f158_cal.asdf,wfi04,eval,100,11,0.004939695,1
gwcs,../roman/.data/build21/r0000101001001001001_0001_wfi04_f158_cal.asdf,wfi04,eval,100,12,0.004982266,1
gwcs,../roman/.data/build21/r0000101001001001001_0001_wfi04_f158_cal.asdf,wfi04,eval,100,13,0.005223338,1
gwcs,../roman/.data/build21/r0000101001001001001_0001_wfi04_f158_cal.asdf,wfi04,eval,100,14,0.005031431,1
gwcs,../roman/.data/build21/r0000101001001001001_0001_wfi04_f158_cal.asdf,wfi04,eval,100,15,0.004940139,1
gwcs,../roman/.data/build21/r0000101001001001001_0001_wfi04_f158_cal.asdf,wfi04,eval,100,16,0.005299377,1
gwcs,../roman/.data/build21/r0000101001001001001_0001_wfi04_f158_cal.asdf,wfi04,eval,100,17,0.004990394,1
gwcs,../roman/.data/build21/r0000101001001001001_0001_wfi04_f158_cal.asdf,wfi04,eval,100,18,0.004924354,1
gwcs,../roman/.data/build21/r0000101001001001001_0001_wfi04_f158_cal.asdf,wfi04,eval,100,19,0.005408265,1
gwcs,../roman/.data/build21/r0000101001001001001_0001_wfi04_f158_cal.asdf,wfi04,eval,100,20,0.005011757,1
gwcs,../roman/.data/build21/r0000101001001001001_0001_wfi04_f158_cal.asdf,wfi04,eval,100,21,0.004938450,1
gwcs,../roman/.data/build21/r0000101001001001001_0001_wfi04_f158_cal.asdf,wfi04,eval,100,22,0.005124609,1
gwcs,../roman/.data/build21/r0000101001001001001_0001_wfi04_f158_cal.asdf,wfi04,eval,100,23,0.005054988,1
gwcs,../roman/.data/build21/r0000101001001001001_0001_wfi04_f158_cal.asdf,wfi04,eval,100,24,0.004989958,1
gwcs,../roman/.data/build21/r0000101001001001001_0001_wfi04_f158_cal.asdf,wfi04,eval,100,25,0.005049093,1
gwcs,../roman/.data/build21/r0000101001001001001_0001_wfi04_f158_cal.asdf,wfi04,eval,100,26,0.005468506,1
gwcs,../roman/.data/build21/r0000101001001001001_0001_wfi04_f158_cal.asdf,wfi04,eval,100,27,0.004953406,1
gwcs,../roman/.data/build21/r0000101001001001001_0001_wfi04_f158_cal.asdf,wfi04,eval,100,28,0.004958983,1
gwcs,../roman/.data/build21/r0000101001001001001_0001_wfi04_f158_cal.asdf,wfi04,eval,100,29,0.005457441,1
gwcs,../roman/.data/build21/r0000101001001001001_0001_wfi04_f158_cal.asdf,wfi04,eval,100,30,0.004960759,1
gwcs,../roman/.data/build21/r0000101001001001001_0001_wfi04_f158_cal.asdf,wfi04,eval,100,31,0.004904093,1
gwcs,../roman/.data/build21/r0000101001001001001_0001_wfi04_f158_cal.asdf,wfi04,eval,100,32,0.005445291,1
gwcs,../roman/.data/build21/r0000101001001001001_0001_wfi04_f158_cal.asdf,wfi04,eval,100,33,0.005072759,1
gwcs,../roman/.data/build21/r0000101001001001001_0001_wfi04_f158_cal.asdf,wfi04,eval,100,34,0.004944787,1
gwcs,../roman/.data/build21/r0000101001001001001_0001_wfi04_f158_cal.asdf,wfi04,eval,100,35,0.005335396,1
gwcs,../roman/.data/build21/r0000101001001001001_0001_wfi04_f158_cal.asdf,wfi04,eval,100,36,0.005239205,1
gwcs,../roman/.data/build21/r0000101001001001001_0001_wfi04_f158_cal.asdf,wfi04,eval,100,37,0.004926074,1
gwcs,../roman/.data/build21/r0000101001001001001_0001_wfi04_f158_cal.asdf,wfi04,eval,100,38,0.004913203,1
gwcs,../roman/.data/build21/r0000101001001001001_0001_wfi04_f158_cal.asdf,wfi04,eval,100,39,0.005683367,1
gwcs,../roman/.data/build21/r0000101001001001001_0001_wfi04_f158_cal.asdf,wfi04,eval,100,40,0.004935363,1
gwcs,../roman/.data/build21/r0000101001001001001_0001_wfi04_f158_cal.asdf,wfi04,eval,100,41,0.004895337,1
gwcs,../roman/.data/build21/r0000101001001001001_0001_wfi04_f158_cal.asdf,wfi04,eval,100,42,0.005488776,1
gwcs,../roman/.data/build21/r0000101001001001001_0001_wfi04_f158_cal.asdf,wfi04,eval,100,43,0.005147399,1
gwcs,../roman/.data/build21/r0000101001001001001_0001_wfi04_f158_cal.asdf,wfi04,eval,100,44,0.005081719,1
gwcs,../roman/.data/build21/r0000101001001001001_0001_wfi04_f158_cal.asdf,wfi04,eval,100,45,0.005553490,1
gwcs,../roman/.data/build21/r0000101001001001001_0001_wfi04_f158_cal.asdf,wfi04,eval,100,46,0.005003737,1
gwcs,../roman/.data/build21/r0000101001001001001_0001_wfi04_f158_cal.asdf,wfi04,eval,100,47,0.004980146,1
gwcs,../roman/.data/build21/r0000101001001001001_0001_wfi04_f158_cal.asdf,wfi04,eval,100,48,0.005946267,1
gwcs,../roman/.data/build21/r0000101001001001001_0001_wfi04_f158_cal.asdf,wfi04,eval,100,49,0.005062954,1
gwcs,../roman/.data/build21/r0000101001001001001_0001_wfi04_f158_cal.asdf,wfi04,eval,1000,0,0.005859240,1
gwcs,../roman/.data/build21/r0000101001001001001_0001_wfi04_f158_cal.asdf,wfi04,eval,1000,1,0.006434052,1
gwcs,../roman/.data/build21/r0000101001001001001_0001_wfi04_f158_cal.asdf,wfi04,eval,1000,2,0.005484614,1
gwcs,../roman/.data/build21/r0000101001001001001_0001_wfi04_f158_cal.asdf,wfi04,eval,1000,3,0.005527413,1
gwcs,../roman/.data/build21/r0000101001001001001_0001_wfi04_f158_cal.asdf,wfi04,eval,1000,4,0.006520705,1
gwcs,../roman/.data/build21/r0000101001001001001_0001_wfi04_f158_cal.asdf,wfi04,eval,1000,5,0.005397944,1
gwcs,../roman/.data/build21/r0000101001001001001_0001_wfi04_f158_cal.asdf,wfi04,eval,1000,6,0.005392071,1
gwcs,../roman/.data/build21/r0000101001001001001_0001_wfi04_f158_cal.asdf,wfi04,eval,1000,7,0.005940940,1
gwcs,../roman/.data/build21/r0000101001001001001_0001_wfi04_f158_cal.asdf,wfi04,eval,1000,8,0.005509162,1
gwcs,../roman/.data/build21/r0000101001001001001_0001_wfi04_f158_cal.asdf,wfi04,eval,1000,9,0.005369093,1
gwcs,../roman/.data/build21/r0000101001001001001_0001_wfi04_f158_cal.asdf,wfi04,eval,1000,10,0.006049152,1
gwcs,../roman/.data/build21/r0000101001001001001_0001_wfi04_f158_cal.asdf,wfi04,eval,1000,11,0.005544459,1
gwcs,../roman/.data/build21/r0000101001001001001_0001_wfi04_f158_cal.asdf,wfi04,eval,1000,12,0.005484933,1
gwcs,../roman/.data/build21/r0000101001001001001_0001_wfi04_f158_cal.asdf,wfi04,eval,1000,13,0.006293223,1
gwcs,../roman/.data/build21/r0000101001001001001_0001_wfi04_f158_cal.asdf,wfi04,eval,1000,14,0.005675768,1
gwcs,../roman/.data/build21/r0000101001001001001_0001_wfi04_f158_cal.asdf,wfi04,eval,1000,15,0.005622278,1
gwcs,../roman/.data/build21/r0000101001001001001_0001_wfi04_f158_cal.asdf,wfi04,eval,1000,16,0.006086217,1
gwcs,../roman/.data/build21/r0000101001001001001_0001_wfi04_f158_cal.asdf,wfi04,eval,1000,17,0.005714584,1
gwcs,../roman/.data/build21/r0000101001001001001_0001_wfi04_f158_cal.asdf,wfi04,eval,1000,18,0.005741357,1
gwcs,../roman/.data/build21/r0000101001001001001_0001_wfi04_f158_cal.asdf,wfi04,eval,1000,19,0.006214050,1
gwcs,../roman/.data/build21/r0000101001001001001_0001_wfi04_f158_cal.asdf,wfi04,eval,10000,0,0.009568263,1
gwcs,../roman/.data/build21/r0000101001001001001_0001_wfi04_f158_cal.asdf,wfi04,eval,10000,1,0.009255845,1
gwcs,../roman/.data/build21/r0000101001001001001_0001_wfi04_f158_cal.asdf,wfi04,eval,10000,2,0.009003378,1
gwcs,../roman/.data/build21/r0000101001001001001_0001_wfi04_f158_cal.asdf,wfi04,eval,10000,3,0.008870143,1
gwcs,../roman/.data/build21/r0000101001001001001_0001_wfi04_f158_cal.asdf,wfi04,eval,10000,4,0.009105910,1
gwcs,../roman/.data/build21/r0000101001001001001_0001_wfi04_f158_cal.asdf,wfi04,eval,10000,5,0.008689429,1
gwcs,../roman/.data/build21/r0000101001001001001_0001_wfi04_f158_cal.asdf,wfi04,eval,10000,6,0.010215638,1
gwcs,../roman/.data/build21/r0000101001001001001_0001_wfi04_f158_cal.asdf,wfi04,eval,10000,7,0.009193279,1
gwcs,../roman/.data/build21/r0000101001001001001_0001_wfi04_f158_cal.asdf,wfi04,eval,10000,8,0.009190322,1
gwcs,../roman/.data/build21/r0000101001001001001_0001_wfi04_f158_cal.asdf,wfi04,eval,10000,9,0.009332618,1
gwcs,../roman/.data/build21/r0000101001001001001_0001_wfi04_f158_cal.asdf,wfi04,eval,100000,0,0.039012157,1
gwcs,../roman/.data/build21/r0000101001001001001_0001_wfi04_f158_cal.asdf,wfi04,eval,100000,1,0.041940127,1
gwcs,../roman/.data/build21/r0000101001001001001_0001_wfi04_f158_cal.asdf,wfi04,eval,100000,2,0.038850483,1
gwcs,../roman/.data/build21/r0000101001001001001_0001_wfi04_f158_cal.asdf,wfi04,eval,100000,3,0.040234651,1
gwcs,../roman/.data/build21/r0000101001001001001_0001_wfi04_f158_cal.asdf,wfi04,eval,100000,4,0.039384734,1
gwcs,../roman/.data/build21/r0000101001001001001_0001_wfi04_f158_cal.asdf,wfi04,eval,1000000,0,0.394180400,1
gwcs,../roman/.data/build21/r0000101001001001001_0001_wfi04_f158_cal.asdf,wfi04,eval,1000000,1,0.387934294,1
gwcs,../roman/.data/build21/r0000101001001001001_0001_wfi04_f158_cal.asdf,wfi04,eval,1000000,2,0.402045757,1
gwcs,../roman/.data/build21/r0000101001001001001_0001_wfi04_f158_cal.asdf,wfi04,eval,10000000,0,4.136532493,1
gwcs,../roman/.data/build21/r0000101001001001001_0001_wfi04_f158_cal.asdf,wfi04,eval,10000000,1,3.896051421,1
gwcs,../roman/.data/build21/r0000101001001001001_0001_wfi04_f158_cal.asdf,wfi04,eval,16711744,0,6.648580411,1
gwcs,../roman/.data/build21/r0000101001001001001_0001_wfi04_f158_cal.asdf,wfi04,eval,16711744,1,6.567389101,1
gwcs,../roman/.data/build21/r0000101001001001001_0001_wfi05_f158_cal.asdf,wfi05,parse_cold,0,0,0.780932308,1
gwcs,../roman/.data/build21/r0000101001001001001_0001_wfi05_f158_cal.asdf,wfi05,parse_hot,0,0,0.587906325,1
gwcs,../roman/.data/build21/r0000101001001001001_0001_wfi05_f158_cal.asdf,wfi05,eval,1,0,0.005512998,1
gwcs,../roman/.data/build21/r0000101001001001001_0001_wfi05_f158_cal.asdf,wfi05,eval,1,1,0.005220889,1
gwcs,../roman/.data/build21/r0000101001001001001_0001_wfi05_f158_cal.asdf,wfi05,eval,1,2,0.004798695,1
gwcs,../roman/.data/build21/r0000101001001001001_0001_wfi05_f158_cal.asdf,wfi05,eval,1,3,0.005218813,1
gwcs,../roman/.data/build21/r0000101001001001001_0001_wfi05_f158_cal.asdf,wfi05,eval,1,4,0.005034200,1
gwcs,../roman/.data/build21/r0000101001001001001_0001_wfi05_f158_cal.asdf,wfi05,eval,1,5,0.004930121,1
gwcs,../roman/.data/build21/r0000101001001001001_0001_wfi05_f158_cal.asdf,wfi05,eval,1,6,0.004844307,1
gwcs,../roman/.data/build21/r0000101001001001001_0001_wfi05_f158_cal.asdf,wfi05,eval,1,7,0.004948088,1
gwcs,../roman/.data/build21/r0000101001001001001_0001_wfi05_f158_cal.asdf,wfi05,eval,1,8,0.004952693,1
gwcs,../roman/.data/build21/r0000101001001001001_0001_wfi05_f158_cal.asdf,wfi05,eval,1,9,0.004780424,1
gwcs,../roman/.data/build21/r0000101001001001001_0001_wfi05_f158_cal.asdf,wfi05,eval,1,10,0.004747853,1
gwcs,../roman/.data/build21/r0000101001001001001_0001_wfi05_f158_cal.asdf,wfi05,eval,1,11,0.005128727,1
gwcs,../roman/.data/build21/r0000101001001001001_0001_wfi05_f158_cal.asdf,wfi05,eval,1,12,0.004822761,1
gwcs,../roman/.data/build21/r0000101001001001001_0001_wfi05_f158_cal.asdf,wfi05,eval,1,13,0.004800493,1
gwcs,../roman/.data/build21/r0000101001001001001_0001_wfi05_f158_cal.asdf,wfi05,eval,1,14,0.005178317,1
gwcs,../roman/.data/build21/r0000101001001001001_0001_wfi05_f158_cal.asdf,wfi05,eval,1,15,0.005043446,1
gwcs,../roman/.data/build21/r0000101001001001001_0001_wfi05_f158_cal.asdf,wfi05,eval,1,16,0.004855922,1
gwcs,../roman/.data/build21/r0000101001001001001_0001_wfi05_f158_cal.asdf,wfi05,eval,1,17,0.004766675,1
gwcs,../roman/.data/build21/r0000101001001001001_0001_wfi05_f158_cal.asdf,wfi05,eval,1,18,0.004890746,1
gwcs,../roman/.data/build21/r0000101001001001001_0001_wfi05_f158_cal.asdf,wfi05,eval,1,19,0.004935840,1
gwcs,../roman/.data/build21/r0000101001001001001_0001_wfi05_f158_cal.asdf,wfi05,eval,1,20,0.004942759,1
gwcs,../roman/.data/build21/r0000101001001001001_0001_wfi05_f158_cal.asdf,wfi05,eval,1,21,0.005021455,1
gwcs,../roman/.data/build21/r0000101001001001001_0001_wfi05_f158_cal.asdf,wfi05,eval,1,22,0.004885562,1
gwcs,../roman/.data/build21/r0000101001001001001_0001_wfi05_f158_cal.asdf,wfi05,eval,1,23,0.004798610,1
gwcs,../roman/.data/build21/r0000101001001001001_0001_wfi05_f158_cal.asdf,wfi05,eval,1,24,0.004790942,1
gwcs,../roman/.data/build21/r0000101001001001001_0001_wfi05_f158_cal.asdf,wfi05,eval,1,25,0.005133565,1
gwcs,../roman/.data/build21/r0000101001001001001_0001_wfi05_f158_cal.asdf,wfi05,eval,1,26,0.004793408,1
gwcs,../roman/.data/build21/r0000101001001001001_0001_wfi05_f158_cal.asdf,wfi05,eval,1,27,0.005036061,1
gwcs,../roman/.data/build21/r0000101001001001001_0001_wfi05_f158_cal.asdf,wfi05,eval,1,28,0.005745559,1
gwcs,../roman/.data/build21/r0000101001001001001_0001_wfi05_f158_cal.asdf,wfi05,eval,1,29,0.004946660,1
gwcs,../roman/.data/build21/r0000101001001001001_0001_wfi05_f158_cal.asdf,wfi05,eval,1,30,0.004812236,1
gwcs,../roman/.data/build21/r0000101001001001001_0001_wfi05_f158_cal.asdf,wfi05,eval,1,31,0.004943568,1
gwcs,../roman/.data/build21/r0000101001001001001_0001_wfi05_f158_cal.asdf,wfi05,eval,1,32,0.004861436,1
gwcs,../roman/.data/build21/r0000101001001001001_0001_wfi05_f158_cal.asdf,wfi05,eval,1,33,0.004734241,1
gwcs,../roman/.data/build21/r0000101001001001001_0001_wfi05_f158_cal.asdf,wfi05,eval,1,34,0.005100071,1
gwcs,../roman/.data/build21/r0000101001001001001_0001_wfi05_f158_cal.asdf,wfi05,eval,1,35,0.006213848,1
gwcs,../roman/.data/build21/r0000101001001001001_0001_wfi05_f158_cal.asdf,wfi05,eval,1,36,0.004842764,1
gwcs,../roman/.data/build21/r0000101001001001001_0001_wfi05_f158_cal.asdf,wfi05,eval,1,37,0.004802754,1
gwcs,../roman/.data/build21/r0000101001001001001_0001_wfi05_f158_cal.asdf,wfi05,eval,1,38,0.004887395,1
gwcs,../roman/.data/build21/r0000101001001001001_0001_wfi05_f158_cal.asdf,wfi05,eval,1,39,0.004959665,1
gwcs,../roman/.data/build21/r0000101001001001001_0001_wfi05_f158_cal.asdf,wfi05,eval,1,40,0.004761416,1
gwcs,../roman/.data/build21/r0000101001001001001_0001_wfi05_f158_cal.asdf,wfi05,eval,1,41,0.004849729,1
gwcs,../roman/.data/build21/r0000101001001001001_0001_wfi05_f158_cal.asdf,wfi05,eval,1,42,0.004873482,1
gwcs,../roman/.data/build21/r0000101001001001001_0001_wfi05_f158_cal.asdf,wfi05,eval,1,43,0.004741616,1
gwcs,../roman/.data/build21/r0000101001001001001_0001_wfi05_f158_cal.asdf,wfi05,eval,1,44,0.004746923,1
gwcs,../roman/.data/build21/r0000101001001001001_0001_wfi05_f158_cal.asdf,wfi05,eval,1,45,0.004850101,1
gwcs,../roman/.data/build21/r0000101001001001001_0001_wfi05_f158_cal.asdf,wfi05,eval,1,46,0.004779357,1
gwcs,../roman/.data/build21/r0000101001001001001_0001_wfi05_f158_cal.asdf,wfi05,eval,1,47,0.004749792,1
gwcs,../roman/.data/build21/r0000101001001001001_0001_wfi05_f158_cal.asdf,wfi05,eval,1,48,0.004813806,1
gwcs,../roman/.data/build21/r0000101001001001001_0001_wfi05_f158_cal.asdf,wfi05,eval,1,49,0.004907208,1
gwcs,../roman/.data/build21/r0000101001001001001_0001_wfi05_f158_cal.asdf,wfi05,eval,1,50,0.004772102,1
gwcs,../roman/.data/build21/r0000101001001001001_0001_wfi05_f158_cal.asdf,wfi05,eval,1,51,0.004804999,1
gwcs,../roman/.data/build21/r0000101001001001001_0001_wfi05_f158_cal.asdf,wfi05,eval,1,52,0.004852667,1
gwcs,../roman/.data/build21/r0000101001001001001_0001_wfi05_f158_cal.asdf,wfi05,eval,1,53,0.004789378,1
gwcs,../roman/.data/build21/r0000101001001001001_0001_wfi05_f158_cal.asdf,wfi05,eval,1,54,0.004795830,1
gwcs,../roman/.data/build21/r0000101001001001001_0001_wfi05_f158_cal.asdf,wfi05,eval,1,55,0.004832596,1
gwcs,../roman/.data/build21/r0000101001001001001_0001_wfi05_f158_cal.asdf,wfi05,eval,1,56,0.004833980,1
gwcs,../roman/.data/build21/r0000101001001001001_0001_wfi05_f158_cal.asdf,wfi05,eval,1,57,0.004763577,1
gwcs,../roman/.data/build21/r0000101001001001001_0001_wfi05_f158_cal.asdf,wfi05,eval,1,58,0.004700454,1
gwcs,../roman/.data/build21/r0000101001001001001_0001_wfi05_f158_cal.asdf,wfi05,eval,1,59,0.004844001,1
gwcs,../roman/.data/build21/r0000101001001001001_0001_wfi05_f158_cal.asdf,wfi05,eval,1,60,0.004775260,1
gwcs,../roman/.data/build21/r0000101001001001001_0001_wfi05_f158_cal.asdf,wfi05,eval,1,61,0.004718894,1
gwcs,../roman/.data/build21/r0000101001001001001_0001_wfi05_f158_cal.asdf,wfi05,eval,1,62,0.004796281,1
gwcs,../roman/.data/build21/r0000101001001001001_0001_wfi05_f158_cal.asdf,wfi05,eval,1,63,0.004759883,1
gwcs,../roman/.data/build21/r0000101001001001001_0001_wfi05_f158_cal.asdf,wfi05,eval,1,64,0.004725995,1
gwcs,../roman/.data/build21/r0000101001001001001_0001_wfi05_f158_cal.asdf,wfi05,eval,1,65,0.004735308,1
gwcs,../roman/.data/build21/r0000101001001001001_0001_wfi05_f158_cal.asdf,wfi05,eval,1,66,0.004884172,1
gwcs,../roman/.data/build21/r0000101001001001001_0001_wfi05_f158_cal.asdf,wfi05,eval,1,67,0.004725492,1
gwcs,../roman/.data/build21/r0000101001001001001_0001_wfi05_f158_cal.asdf,wfi05,eval,1,68,0.004727161,1
gwcs,../roman/.data/build21/r0000101001001001001_0001_wfi05_f158_cal.asdf,wfi05,eval,1,69,0.004802884,1
gwcs,../roman/.data/build21/r0000101001001001001_0001_wfi05_f158_cal.asdf,wfi05,eval,1,70,0.004771153,1
gwcs,../roman/.data/build21/r0000101001001001001_0001_wfi05_f158_cal.asdf,wfi05,eval,1,71,0.004731600,1
gwcs,../roman/.data/build21/r0000101001001001001_0001_wfi05_f158_cal.asdf,wfi05,eval,1,72,0.004704867,1
gwcs,../roman/.data/build21/r0000101001001001001_0001_wfi05_f158_cal.asdf,wfi05,eval,1,73,0.004827796,1
gwcs,../roman/.data/build21/r0000101001001001001_0001_wfi05_f158_cal.asdf,wfi05,eval,1,74,0.004775002,1
gwcs,../roman/.data/build21/r0000101001001001001_0001_wfi05_f158_cal.asdf,wfi05,eval,1,75,0.004752077,1
gwcs,../roman/.data/build21/r0000101001001001001_0001_wfi05_f158_cal.asdf,wfi05,eval,1,76,0.004789137,1
gwcs,../roman/.data/build21/r0000101001001001001_0001_wfi05_f158_cal.asdf,wfi05,eval,1,77,0.004779815,1
gwcs,../roman/.data/build21/r0000101001001001001_0001_wfi05_f158_cal.asdf,wfi05,eval,1,78,0.004772796,1
gwcs,../roman/.data/build21/r0000101001001001001_0001_wfi05_f158_cal.asdf,wfi05,eval,1,79,0.004745697,1
gwcs,../roman/.data/build21/r0000101001001001001_0001_wfi05_f158_cal.asdf,wfi05,eval,1,80,0.004926545,1
gwcs,../roman/.data/build21/r0000101001001001001_0001_wfi05_f158_cal.asdf,wfi05,eval,1,81,0.004774746,1
gwcs,../roman/.data/build21/r0000101001001001001_0001_wfi05_f158_cal.asdf,wfi05,eval,1,82,0.004716747,1
gwcs,../roman/.data/build21/r0000101001001001001_0001_wfi05_f158_cal.asdf,wfi05,eval,1,83,0.004780498,1
gwcs,../roman/.data/build21/r0000101001001001001_0001_wfi05_f158_cal.asdf,wfi05,eval,1,84,0.004739975,1
gwcs,../roman/.data/build21/r0000101001001001001_0001_wfi05_f158_cal.asdf,wfi05,eval,1,85,0.006043411,1
gwcs,../roman/.data/build21/r0000101001001001001_0001_wfi05_f158_cal.asdf,wfi05,eval,1,86,0.004845173,1
gwcs,../roman/.data/build21/r0000101001001001001_0001_wfi05_f158_cal.asdf,wfi05,eval,1,87,0.004863005,1
gwcs,../roman/.data/build21/r0000101001001001001_0001_wfi05_f158_cal.asdf,wfi05,eval,1,88,0.004774315,1
gwcs,../roman/.data/build21/r0000101001001001001_0001_wfi05_f158_cal.asdf,wfi05,eval,1,89,0.004759037,1
gwcs,../roman/.data/build21/r0000101001001001001_0001_wfi05_f158_cal.asdf,wfi05,eval,1,90,0.004847709,1
gwcs,../roman/.data/build21/r0000101001001001001_0001_wfi05_f158_cal.asdf,wfi05,eval,1,91,0.004753971,1
gwcs,../roman/.data/build21/r0000101001001001001_0001_wfi05_f158_cal.asdf,wfi05,eval,1,92,0.004719497,1
gwcs,../roman/.data/build21/r0000101001001001001_0001_wfi05_f158_cal.asdf,wfi05,eval,1,93,0.004767629,1
gwcs,../roman/.data/build21/r0000101001001001001_0001_wfi05_f158_cal.asdf,wfi05,eval,1,94,0.004856998,1
gwcs,../roman/.data/build21/r0000101001001001001_0001_wfi05_f158_cal.asdf,wfi05,eval,1,95,0.004787679,1
gwcs,../roman/.data/build21/r0000101001001001001_0001_wfi05_f158_cal.asdf,wfi05,eval,1,96,0.004743859,1
gwcs,../roman/.data/build21/r0000101001001001001_0001_wfi05_f158_cal.asdf,wfi05,eval,1,97,0.004846638,1
gwcs,../roman/.data/build21/r0000101001001001001_0001_wfi05_f158_cal.asdf,wfi05,eval,1,98,0.004753491,1
gwcs,../roman/.data/build21/r0000101001001001001_0001_wfi05_f158_cal.asdf,wfi05,eval,1,99,0.004746007,1
gwcs,../roman/.data/build21/r0000101001001001001_0001_wfi05_f158_cal.asdf,wfi05,eval,10,0,0.005388321,1
gwcs,../roman/.data/build21/r0000101001001001001_0001_wfi05_f158_cal.asdf,wfi05,eval,10,1,0.005295285,1
gwcs,../roman/.data/build21/r0000101001001001001_0001_wfi05_f158_cal.asdf,wfi05,eval,10,2,0.004900278,1
gwcs,../roman/.data/build21/r0000101001001001001_0001_wfi05_f158_cal.asdf,wfi05,eval,10,3,0.007428591,1
gwcs,../roman/.data/build21/r0000101001001001001_0001_wfi05_f158_cal.asdf,wfi05,eval,10,4,0.004927253,1
gwcs,../roman/.data/build21/r0000101001001001001_0001_wfi05_f158_cal.asdf,wfi05,eval,10,5,0.004831474,1
gwcs,../roman/.data/build21/r0000101001001001001_0001_wfi05_f158_cal.asdf,wfi05,eval,10,6,0.005125958,1
gwcs,../roman/.data/build21/r0000101001001001001_0001_wfi05_f158_cal.asdf,wfi05,eval,10,7,0.004948969,1
gwcs,../roman/.data/build21/r0000101001001001001_0001_wfi05_f158_cal.asdf,wfi05,eval,10,8,0.004857702,1
gwcs,../roman/.data/build21/r0000101001001001001_0001_wfi05_f158_cal.asdf,wfi05,eval,10,9,0.005234108,1
gwcs,../roman/.data/build21/r0000101001001001001_0001_wfi05_f158_cal.asdf,wfi05,eval,10,10,0.005161876,1
gwcs,../roman/.data/build21/r0000101001001001001_0001_wfi05_f158_cal.asdf,wfi05,eval,10,11,0.005063180,1
gwcs,../roman/.data/build21/r0000101001001001001_0001_wfi05_f158_cal.asdf,wfi05,eval,10,12,0.005085579,1
gwcs,../roman/.data/build21/r0000101001001001001_0001_wfi05_f158_cal.asdf,wfi05,eval,10,13,0.005254493,1
gwcs,../roman/.data/build21/r0000101001001001001_0001_wfi05_f158_cal.asdf,wfi05,eval,10,14,0.004911424,1
gwcs,../roman/.data/build21/r0000101001001001001_0001_wfi05_f158_cal.asdf,wfi05,eval,10,15,0.004901303,1
gwcs,../roman/.data/build21/r0000101001001001001_0001_wfi05_f158_cal.asdf,wfi05,eval,10,16,0.005295267,1
gwcs,../roman/.data/build21/r0000101001001001001_0001_wfi05_f158_cal.asdf,wfi05,eval,10,17,0.005020595,1
gwcs,../roman/.data/build21/r0000101001001001001_0001_wfi05_f158_cal.asdf,wfi05,eval,10,18,0.004920582,1
gwcs,../roman/.data/build21/r0000101001001001001_0001_wfi05_f158_cal.asdf,wfi05,eval,10,19,0.005128633,1
gwcs,../roman/.data/build21/r0000101001001001001_0001_wfi05_f158_cal.asdf,wfi05,eval,10,20,0.005221363,1
gwcs,../roman/.data/build21/r0000101001001001001_0001_wfi05_f158_cal.asdf,wfi05,eval,10,21,0.004891021,1
gwcs,../roman/.data/build21/r0000101001001001001_0001_wfi05_f158_cal.asdf,wfi05,eval,10,22,0.004882794,1
gwcs,../roman/.data/build21/r0000101001001001001_0001_wfi05_f158_cal.asdf,wfi05,eval,10,23,0.005201085,1
gwcs,../roman/.data/build21/r0000101001001001001_0001_wfi05_f158_cal.asdf,wfi05,eval,10,24,0.005065084,1
gwcs,../roman/.data/build21/r0000101001001001001_0001_wfi05_f158_cal.asdf,wfi05,eval,10,25,0.004933336,1
gwcs,../roman/.data/build21/r0000101001001001001_0001_wfi05_f158_cal.asdf,wfi05,eval,10,26,0.005327380,1
gwcs,../roman/.data/build21/r0000101001001001001_0001_wfi05_f158_cal.asdf,wfi05,eval,10,27,0.005006956,1
gwcs,../roman/.data/build21/r0000101001001001001_0001_wfi05_f158_cal.asdf,wfi05,eval,10,28,0.004993189,1
gwcs,../roman/.data/build21/r0000101001001001001_0001_wfi05_f158_cal.asdf,wfi05,eval,10,29,0.005308576,1
gwcs,../roman/.data/build21/r0000101001001001001_0001_wfi05_f158_cal.asdf,wfi05,eval,10,30,0.005147871,1
gwcs,../roman/.data/build21/r0000101001001001001_0001_wfi05_f158_cal.asdf,wfi05,eval,10,31,0.004953617,1
gwcs,../roman/.data/build21/r0000101001001001001_0001_wfi05_f158_cal.asdf,wfi05,eval,10,32,0.004946386,1
gwcs,../roman/.data/build21/r0000101001001001001_0001_wfi05_f158_cal.asdf,wfi05,eval,10,33,0.005243747,1
gwcs,../roman/.data/build21/r0000101001001001001_0001_wfi05_f158_cal.asdf,wfi05,eval,10,34,0.004885221,1
gwcs,../roman/.data/build21/r0000101001001001001_0001_wfi05_f158_cal.asdf,wfi05,eval,10,35,0.004852596,1
gwcs,../roman/.data/build21/r0000101001001001001_0001_wfi05_f158_cal.asdf,wfi05,eval,10,36,0.005304848,1
gwcs,../roman/.data/build21/r0000101001001001001_0001_wfi05_f158_cal.asdf,wfi05,eval,10,37,0.004898339,1
gwcs,../roman/.data/build21/r0000101001001001001_0001_wfi05_f158_cal.asdf,wfi05,eval,10,38,0.004873528,1
gwcs,../roman/.data/build21/r0000101001001001001_0001_wfi05_f158_cal.asdf,wfi05,eval,10,39,0.006248200,1
gwcs,../roman/.data/build21/r0000101001001001001_0001_wfi05_f158_cal.asdf,wfi05,eval,10,40,0.005781560,1
gwcs,../roman/.data/build21/r0000101001001001001_0001_wfi05_f158_cal.asdf,wfi05,eval,10,41,0.005982455,1
gwcs,../roman/.data/build21/r0000101001001001001_0001_wfi05_f158_cal.asdf,wfi05,eval,10,42,0.005493739,1
gwcs,../roman/.data/build21/r0000101001001001001_0001_wfi05_f158_cal.asdf,wfi05,eval,10,43,0.005272122,1
gwcs,../roman/.data/build21/r0000101001001001001_0001_wfi05_f158_cal.asdf,wfi05,eval,10,44,0.005122888,1
gwcs,../roman/.data/build21/r0000101001001001001_0001_wfi05_f158_cal.asdf,wfi05,eval,10,45,0.005428246,1
gwcs,../roman/.data/build21/r0000101001001001001_0001_wfi05_f158_cal.asdf,wfi05,eval,10,46,0.005386041,1
gwcs,../roman/.data/build21/r0000101001001001001_0001_wfi05_f158_cal.asdf,wfi05,eval,10,47,0.005118769,1
gwcs,../roman/.data/build21/r0000101001001001001_0001_wfi05_f158_cal.asdf,wfi05,eval,10,48,0.005485835,1
gwcs,../roman/.data/build21/r0000101001001001001_0001_wfi05_f158_cal.asdf,wfi05,eval,10,49,0.005048698,1
gwcs,../roman/.data/build21/r0000101001001001001_0001_wfi05_f158_cal.asdf,wfi05,eval,10,50,0.005087420,1
gwcs,../roman/.data/build21/r0000101001001001001_0001_wfi05_f158_cal.asdf,wfi05,eval,10,51,0.005431196,1
gwcs,../roman/.data/build21/r0000101001001001001_0001_wfi05_f158_cal.asdf,wfi05,eval,10,52,0.005304879,1
gwcs,../roman/.data/build21/r0000101001001001001_0001_wfi05_f158_cal.asdf,wfi05,eval,10,53,0.005150166,1
gwcs,../roman/.data/build21/r0000101001001001001_0001_wfi05_f158_cal.asdf,wfi05,eval,10,54,0.005689898,1
gwcs,../roman/.data/build21/r0000101001001001001_0001_wfi05_f158_cal.asdf,wfi05,eval,10,55,0.006380020,1
gwcs,../roman/.data/build21/r0000101001001001001_0001_wfi05_f158_cal.asdf,wfi05,eval,10,56,0.006036873,1
gwcs,../roman/.data/build21/r0000101001001001001_0001_wfi05_f158_cal.asdf,wfi05,eval,10,57,0.005171593,1
gwcs,../roman/.data/build21/r0000101001001001001_0001_wfi05_f158_cal.asdf,wfi05,eval,10,58,0.005748841,1
gwcs,../roman/.data/build21/r0000101001001001001_0001_wfi05_f158_cal.asdf,wfi05,eval,10,59,0.005207205,1
gwcs,../roman/.data/build21/r0000101001001001001_0001_wfi05_f158_cal.asdf,wfi05,eval,10,60,0.005157799,1
gwcs,../roman/.data/build21/r0000101001001001001_0001_wfi05_f158_cal.asdf,wfi05,eval,10,61,0.005720092,1
gwcs,../roman/.data/build21/r0000101001001001001_0001_wfi05_f158_cal.asdf,wfi05,eval,10,62,0.005196501,1
gwcs,../roman/.data/build21/r0000101001001001001_0001_wfi05_f158_cal.asdf,wfi05,eval,10,63,0.005174959,1
gwcs,../roman/.data/build21/r0000101001001001001_0001_wfi05_f158_cal.asdf,wfi05,eval,10,64,0.005526181,1
gwcs,../roman/.data/build21/r0000101001001001001_0001_wfi05_f158_cal.asdf,wfi05,eval,10,65,0.005232423,1
gwcs,../roman/.data/build21/r0000101001001001001_0001_wfi05_f158_cal.asdf,wfi05,eval,10,66,0.006551151,1
gwcs,../roman/.data/build21/r0000101001001001001_0001_wfi05_f158_cal.asdf,wfi05,eval,10,67,0.006955898,1
gwcs,../roman/.data/build21/r0000101001001001001_0001_wfi05_f158_cal.asdf,wfi05,eval,10,68,0.008565566,1
gwcs,../roman/.data/build21/r0000101001001001001_0001_wfi05_f158_cal.asdf,wfi05,eval,10,69,0.005064736,1
gwcs,../roman/.data/build21/r0000101001001001001_0001_wfi05_f158_cal.asdf,wfi05,eval,10,70,0.004940567,1
gwcs,../roman/.data/build21/r0000101001001001001_0001_wfi05_f158_cal.asdf,wfi05,eval,10,71,0.004863566,1
gwcs,../roman/.data/build21/r0000101001001001001_0001_wfi05_f158_cal.asdf,wfi05,eval,10,72,0.005036524,1
gwcs,../roman/.data/build21/r0000101001001001001_0001_wfi05_f158_cal.asdf,wfi05,eval,10,73,0.004950230,1
gwcs,../roman/.data/build21/r0000101001001001001_0001_wfi05_f158_cal.asdf,wfi05,eval,10,74,0.004885818,1
gwcs,../roman/.data/build21/r0000101001001001001_0001_wfi05_f158_cal.asdf,wfi05,eval,10,75,0.004864614,1
gwcs,../roman/.data/build21/r0000101001001001001_0001_wfi05_f158_cal.asdf,wfi05,eval,10,76,0.005078818,1
gwcs,../roman/.data/build21/r0000101001001001001_0001_wfi05_f158_cal.asdf,wfi05,eval,10,77,0.004889218,1
gwcs,../roman/.data/build21/r0000101001001001001_0001_wfi05_f158_cal.asdf,wfi05,eval,10,78,0.005238960,1
gwcs,../roman/.data/build21/r0000101001001001001_0001_wfi05_f158_cal.asdf,wfi05,eval,10,79,0.005350552,1
gwcs,../roman/.data/build21/r0000101001001001001_0001_wfi05_f158_cal.asdf,wfi05,eval,10,80,0.006031088,1
gwcs,../roman/.data/build21/r0000101001001001001_0001_wfi05_f158_cal.asdf,wfi05,eval,10,81,0.005089769,1
gwcs,../roman/.data/build21/r0000101001001001001_0001_wfi05_f158_cal.asdf,wfi05,eval,10,82,0.005236521,1
gwcs,../roman/.data/build21/r0000101001001001001_0001_wfi05_f158_cal.asdf,wfi05,eval,10,83,0.005145825,1
gwcs,../roman/.data/build21/r0000101001001001001_0001_wfi05_f158_cal.asdf,wfi05,eval,10,84,0.005229337,1
gwcs,../roman/.data/build21/r0000101001001001001_0001_wfi05_f158_cal.asdf,wfi05,eval,10,85,0.005288507,1
gwcs,../roman/.data/build21/r0000101001001001001_0001_wfi05_f158_cal.asdf,wfi05,eval,10,86,0.005128217,1
gwcs,../roman/.data/build21/r0000101001001001001_0001_wfi05_f158_cal.asdf,wfi05,eval,10,87,0.005274543,1
gwcs,../roman/.data/build21/r0000101001001001001_0001_wfi05_f158_cal.asdf,wfi05,eval,10,88,0.005118269,1
gwcs,../roman/.data/build21/r0000101001001001001_0001_wfi05_f158_cal.asdf,wfi05,eval,10,89,0.005261953,1
gwcs,../roman/.data/build21/r0000101001001001001_0001_wfi05_f158_cal.asdf,wfi05,eval,10,90,0.005192628,1
gwcs,../roman/.data/build21/r0000101001001001001_0001_wfi05_f158_cal.asdf,wfi05,eval,10,91,0.005038535,1
gwcs,../roman/.data/build21/r0000101001001001001_0001_wfi05_f158_cal.asdf,wfi05,eval,10,92,0.005221723,1
gwcs,../roman/.data/build21/r0000101001001001001_0001_wfi05_f158_cal.asdf,wfi05,eval,10,93,0.005257931,1
gwcs,../roman/.data/build21/r0000101001001001001_0001_wfi05_f158_cal.asdf,wfi05,eval,10,94,0.005025402,1
gwcs,../roman/.data/build21/r0000101001001001001_0001_wfi05_f158_cal.asdf,wfi05,eval,10,95,0.005154165,1
gwcs,../roman/.data/build21/r0000101001001001001_0001_wfi05_f158_cal.asdf,wfi05,eval,10,96,0.005111110,1
gwcs,../roman/.data/build21/r0000101001001001001_0001_wfi05_f158_cal.asdf,wfi05,eval,10,97,0.005016663,1
gwcs,../roman/.data/build21/r0000101001001001001_0001_wfi05_f158_cal.asdf,wfi05,eval,10,98,0.005085293,1
gwcs,../roman/.data/build21/r0000101001001001001_0001_wfi05_f158_cal.asdf,wfi05,eval,10,99,0.005155034,1
gwcs,../roman/.data/build21/r0000101001001001001_0001_wfi05_f158_cal.asdf,wfi05,eval,100,0,0.005346346,1
gwcs,../roman/.data/build21/r0000101001001001001_0001_wfi05_f158_cal.asdf,wfi05,eval,100,1,0.005568003,1
gwcs,../roman/.data/build21/r0000101001001001001_0001_wfi05_f158_cal.asdf,wfi05,eval,100,2,0.005169984,1
gwcs,../roman/.data/build21/r0000101001001001001_0001_wfi05_f158_cal.asdf,wfi05,eval,100,3,0.005359747,1
gwcs,../roman/.data/build21/r0000101001001001001_0001_wfi05_f158_cal.asdf,wfi05,eval,100,4,0.005265801,1
gwcs,../roman/.data/build21/r0000101001001001001_0001_wfi05_f158_cal.asdf,wfi05,eval,100,5,0.005205477,1
gwcs,../roman/.data/build21/r0000101001001001001_0001_wfi05_f158_cal.asdf,wfi05,eval,100,6,0.005275556,1
gwcs,../roman/.data/build21/r0000101001001001001_0001_wfi05_f158_cal.asdf,wfi05,eval,100,7,0.005077604,1
gwcs,../roman/.data/build21/r0000101001001001001_0001_wfi05_f158_cal.asdf,wfi05,eval,100,8,0.005277659,1
gwcs,../roman/.data/build21/r0000101001001001001_0001_wfi05_f158_cal.asdf,wfi05,eval,100,9,0.005202521,1
gwcs,../roman/.data/build21/r0000101001001001001_0001_wfi05_f158_cal.asdf,wfi05,eval,100,10,0.005354399,1
gwcs,../roman/.data/build21/r0000101001001001001_0001_wfi05_f158_cal.asdf,wfi05,eval,100,11,0.005158846,1
gwcs,../roman/.data/build21/r0000101001001001001_0001_wfi05_f158_cal.asdf,wfi05,eval,100,12,0.005289006,1
gwcs,../roman/.data/build21/r0000101001001001001_0001_wfi05_f158_cal.asdf,wfi05,eval,100,13,0.005063743,1
gwcs,../roman/.data/build21/r0000101001001001001_0001_wfi05_f158_cal.asdf,wfi05,eval,100,14,0.005240785,1
gwcs,../roman/.data/build21/r0000101001001001001_0001_wfi05_f158_cal.asdf,wfi05,eval,100,15,0.005494240,1
gwcs,../roman/.data/build21/r0000101001001001001_0001_wfi05_f158_cal.asdf,wfi05,eval,100,16,0.005008380,1
gwcs,../roman/.data/build21/r0000101001001001001_0001_wfi05_f158_cal.asdf,wfi05,eval,100,17,0.005013909,1
gwcs,../roman/.data/build21/r0000101001001001001_0001_wfi05_f158_cal.asdf,wfi05,eval,100,18,0.005072070,1
gwcs,../roman/.data/build21/r0000101001001001001_0001_wfi05_f158_cal.asdf,wfi05,eval,100,19,0.004930645,1
gwcs,../roman/.data/build21/r0000101001001001001_0001_wfi05_f158_cal.asdf,wfi05,eval,100,20,0.004928711,1
gwcs,../roman/.data/build21/r0000101001001001001_0001_wfi05_f158_cal.asdf,wfi05,eval,100,21,0.005286238,1
gwcs,../roman/.data/build21/r0000101001001001001_0001_wfi05_f158_cal.asdf,wfi05,eval,100,22,0.005025887,1
gwcs,../roman/.data/build21/r0000101001001001001_0001_wfi05_f158_cal.asdf,wfi05,eval,100,23,0.005232119,1
gwcs,../roman/.data/build21/r0000101001001001001_0001_wfi05_f158_cal.asdf,wfi05,eval,100,24,0.005365371,1
gwcs,../roman/.data/build21/r0000101001001001001_0001_wfi05_f158_cal.asdf,wfi05,eval,100,25,0.005099234,1
gwcs,../roman/.data/build21/r0000101001001001001_0001_wfi05_f158_cal.asdf,wfi05,eval,100,26,0.005231912,1
gwcs,../roman/.data/build21/r0000101001001001001_0001_wfi05_f158_cal.asdf,wfi05,eval,100,27,0.005297877,1
gwcs,../roman/.data/build21/r0000101001001001001_0001_wfi05_f158_cal.asdf,wfi05,eval,100,28,0.005147711,1
gwcs,../roman/.data/build21/r0000101001001001001_0001_wfi05_f158_cal.asdf,wfi05,eval,100,29,0.005705340,1
gwcs,../roman/.data/build21/r0000101001001001001_0001_wfi05_f158_cal.asdf,wfi05,eval,100,30,0.005103552,1
gwcs,../roman/.data/build21/r0000101001001001001_0001_wfi05_f158_cal.asdf,wfi05,eval,100,31,0.005132398,1
gwcs,../roman/.data/build21/r0000101001001001001_0001_wfi05_f158_cal.asdf,wfi05,eval,100,32,0.005116793,1
gwcs,../roman/.data/build21/r0000101001001001001_0001_wfi05_f158_cal.asdf,wfi05,eval,100,33,0.005229015,1
gwcs,../roman/.data/build21/r0000101001001001001_0001_wfi05_f158_cal.asdf,wfi05,eval,100,34,0.005131835,1
gwcs,../roman/.data/build21/r0000101001001001001_0001_wfi05_f158_cal.asdf,wfi05,eval,100,35,0.005139385,1
gwcs,../roman/.data/build21/r0000101001001001001_0001_wfi05_f158_cal.asdf,wfi05,eval,100,36,0.005178387,1
gwcs,../roman/.data/build21/r0000101001001001001_0001_wfi05_f158_cal.asdf,wfi05,eval,100,37,0.005231908,1
gwcs,../roman/.data/build21/r0000101001001001001_0001_wfi05_f158_cal.asdf,wfi05,eval,100,38,0.005184268,1
gwcs,../roman/.data/build21/r0000101001001001001_0001_wfi05_f158_cal.asdf,wfi05,eval,100,39,0.005223673,1
gwcs,../roman/.data/build21/r0000101001001001001_0001_wfi05_f158_cal.asdf,wfi05,eval,100,40,0.005163853,1
gwcs,../roman/.data/build21/r0000101001001001001_0001_wfi05_f158_cal.asdf,wfi05,eval,100,41,0.005075607,1
gwcs,../roman/.data/build21/r0000101001001001001_0001_wfi05_f158_cal.asdf,wfi05,eval,100,42,0.005194798,1
gwcs,../roman/.data/build21/r0000101001001001001_0001_wfi05_f158_cal.asdf,wfi05,eval,100,43,0.005330335,1
gwcs,../roman/.data/build21/r0000101001001001001_0001_wfi05_f158_cal.asdf,wfi05,eval,100,44,0.005142392,1
gwcs,../roman/.data/build21/r0000101001001001001_0001_wfi05_f158_cal.asdf,wfi05,eval,100,45,0.005151657,1
gwcs,../roman/.data/build21/r0000101001001001001_0001_wfi05_f158_cal.asdf,wfi05,eval,100,46,0.005238849,1
gwcs,../roman/.data/build21/r0000101001001001001_0001_wfi05_f158_cal.asdf,wfi05,eval,100,47,0.005218102,1
gwcs,../roman/.data/build21/r0000101001001001001_0001_wfi05_f158_cal.asdf,wfi05,eval,100,48,0.005136780,1
gwcs,../roman/.data/build21/r0000101001001001001_0001_wfi05_f158_cal.asdf,wfi05,eval,100,49,0.005166818,1
gwcs,../roman/.data/build21/r0000101001001001001_0001_wfi05_f158_cal.asdf,wfi05,eval,1000,0,0.005976156,1
gwcs,../roman/.data/build21/r0000101001001001001_0001_wfi05_f158_cal.asdf,wfi05,eval,1000,1,0.005992783,1
gwcs,../roman/.data/build21/r0000101001001001001_0001_wfi05_f158_cal.asdf,wfi05,eval,1000,2,0.005574364,1
gwcs,../roman/.data/build21/r0000101001001001001_0001_wfi05_f158_cal.asdf,wfi05,eval,1000,3,0.005696869,1
gwcs,../roman/.data/build21/r0000101001001001001_0001_wfi05_f158_cal.asdf,wfi05,eval,1000,4,0.005679203,1
gwcs,../roman/.data/build21/r0000101001001001001_0001_wfi05_f158_cal.asdf,wfi05,eval,1000,5,0.005653439,1
gwcs,../roman/.data/build21/r0000101001001001001_0001_wfi05_f158_cal.asdf,wfi05,eval,1000,6,0.005684329,1
gwcs,../roman/.data/build21/r0000101001001001001_0001_wfi05_f158_cal.asdf,wfi05,eval,1000,7,0.006031077,1
gwcs,../roman/.data/build21/r0000101001001001001_0001_wfi05_f158_cal.asdf,wfi05,eval,1000,8,0.005654066,1
gwcs,../roman/.data/build21/r0000101001001001001_0001_wfi05_f158_cal.asdf,wfi05,eval,1000,9,0.005600704,1
gwcs,../roman/.data/build21/r0000101001001001001_0001_wfi05_f158_cal.asdf,wfi05,eval,1000,10,0.006024024,1
gwcs,../roman/.data/build21/r0000101001001001001_0001_wfi05_f158_cal.asdf,wfi05,eval,1000,11,0.006011453,1
gwcs,../roman/.data/build21/r0000101001001001001_0001_wfi05_f158_cal.asdf,wfi05,eval,1000,12,0.005702250,1
gwcs,../roman/.data/build21/r0000101001001001001_0001_wfi05_f158_cal.asdf,wfi05,eval,1000,13,0.005459918,1
gwcs,../roman/.data/build21/r0000101001001001001_0001_wfi05_f158_cal.asdf,wfi05,eval,1000,14,0.005770683,1
gwcs,../roman/.data/build21/r0000101001001001001_0001_wfi05_f158_cal.asdf,wfi05,eval,1000,15,0.005786700,1
gwcs,../roman/.data/build21/r0000101001001001001_0001_wfi05_f158_cal.asdf,wfi05,eval,1000,16,0.005480723,1
gwcs,../roman/.data/build21/r0000101001001001001_0001_wfi05_f158_cal.asdf,wfi05,eval,1000,17,0.005699884,1
gwcs,../roman/.data/build21/r0000101001001001001_0001_wfi05_f158_cal.asdf,wfi05,eval,1000,18,0.005999045,1
gwcs,../roman/.data/build21/r0000101001001001001_0001_wfi05_f158_cal.asdf,wfi05,eval,1000,19,0.005511027,1
gwcs,../roman/.data/build21/r0000101001001001001_0001_wfi05_f158_cal.asdf,wfi05,eval,10000,0,0.009852111,1
gwcs,../roman/.data/build21/r0000101001001001001_0001_wfi05_f158_cal.asdf,wfi05,eval,10000,1,0.009251286,1
gwcs,../roman/.data/build21/r0000101001001001001_0001_wfi05_f158_cal.asdf,wfi05,eval,10000,2,0.009435598,1
gwcs,../roman/.data/build21/r0000101001001001001_0001_wfi05_f158_cal.asdf,wfi05,eval,10000,3,0.009103513,1
gwcs,../roman/.data/build21/r0000101001001001001_0001_wfi05_f158_cal.asdf,wfi05,eval,10000,4,0.009093585,1
gwcs,../roman/.data/build21/r0000101001001001001_0001_wfi05_f158_cal.asdf,wfi05,eval,10000,5,0.009025705,1
gwcs,../roman/.data/build21/r0000101001001001001_0001_wfi05_f158_cal.asdf,wfi05,eval,10000,6,0.009021874,1
gwcs,../roman/.data/build21/r0000101001001001001_0001_wfi05_f158_cal.asdf,wfi05,eval,10000,7,0.009052670,1
gwcs,../roman/.data/build21/r0000101001001001001_0001_wfi05_f158_cal.asdf,wfi05,eval,10000,8,0.009487803,1
gwcs,../roman/.data/build21/r0000101001001001001_0001_wfi05_f158_cal.asdf,wfi05,eval,10000,9,0.011146465,1
gwcs,../roman/.data/build21/r0000101001001001001_0001_wfi05_f158_cal.asdf,wfi05,eval,100000,0,0.039080106,1
gwcs,../roman/.data/build21/r0000101001001001001_0001_wfi05_f158_cal.asdf,wfi05,eval,100000,1,0.040898452,1
gwcs,../roman/.data/build21/r0000101001001001001_0001_wfi05_f158_cal.asdf,wfi05,eval,100000,2,0.037679583,1
gwcs,../roman/.data/build21/r0000101001001001001_0001_wfi05_f158_cal.asdf,wfi05,eval,100000,3,0.037710586,1
gwcs,../roman/.data/build21/r0000101001001001001_0001_wfi05_f158_cal.asdf,wfi05,eval,100000,4,0.037359361,1
gwcs,../roman/.data/build21/r0000101001001001001_0001_wfi05_f158_cal.asdf,wfi05,eval,1000000,0,0.385784233,1
gwcs,../roman/.data/build21/r0000101001001001001_0001_wfi05_f158_cal.asdf,wfi05,eval,1000000,1,0.392879062,1
gwcs,../roman/.data/build21/r0000101001001001001_0001_wfi05_f158_cal.asdf,wfi05,eval,1000000,2,0.389246828,1
gwcs,../roman/.data/build21/r0000101001001001001_0001_wfi05_f158_cal.asdf,wfi05,eval,10000000,0,3.942163816,1
gwcs,../roman/.data/build21/r0000101001001001001_0001_wfi05_f158_cal.asdf,wfi05,eval,10000000,1,4.192222782,1
gwcs,../roman/.data/build21/r0000101001001001001_0001_wfi05_f158_cal.asdf,wfi05,eval,16711744,0,6.695340384,1
gwcs,../roman/.data/build21/r0000101001001001001_0001_wfi05_f158_cal.asdf,wfi05,eval,16711744,1,6.564876270,1
gwcs,../roman/.data/build21/r0000101001001001001_0001_wfi06_f158_cal.asdf,wfi06,parse_cold,0,0,0.833195975,1
gwcs,../roman/.data/build21/r0000101001001001001_0001_wfi06_f158_cal.asdf,wfi06,parse_hot,0,0,0.533778841,1
gwcs,../roman/.data/build21/r0000101001001001001_0001_wfi06_f158_cal.asdf,wfi06,eval,1,0,0.005908409,1
gwcs,../roman/.data/build21/r0000101001001001001_0001_wfi06_f158_cal.asdf,wfi06,eval,1,1,0.005052942,1
gwcs,../roman/.data/build21/r0000101001001001001_0001_wfi06_f158_cal.asdf,wfi06,eval,1,2,0.005381621,1
gwcs,../roman/.data/build21/r0000101001001001001_0001_wfi06_f158_cal.asdf,wfi06,eval,1,3,0.005265685,1
gwcs,../roman/.data/build21/r0000101001001001001_0001_wfi06_f158_cal.asdf,wfi06,eval,1,4,0.005323767,1
gwcs,../roman/.data/build21/r0000101001001001001_0001_wfi06_f158_cal.asdf,wfi06,eval,1,5,0.005194865,1
gwcs,../roman/.data/build21/r0000101001001001001_0001_wfi06_f158_cal.asdf,wfi06,eval,1,6,0.005308121,1
gwcs,../roman/.data/build21/r0000101001001001001_0001_wfi06_f158_cal.asdf,wfi06,eval,1,7,0.004942467,1
gwcs,../roman/.data/build21/r0000101001001001001_0001_wfi06_f158_cal.asdf,wfi06,eval,1,8,0.005063850,1
gwcs,../roman/.data/build21/r0000101001001001001_0001_wfi06_f158_cal.asdf,wfi06,eval,1,9,0.004847781,1
gwcs,../roman/.data/build21/r0000101001001001001_0001_wfi06_f158_cal.asdf,wfi06,eval,1,10,0.005364031,1
gwcs,../roman/.data/build21/r0000101001001001001_0001_wfi06_f158_cal.asdf,wfi06,eval,1,11,0.004922553,1
gwcs,../roman/.data/build21/r0000101001001001001_0001_wfi06_f158_cal.asdf,wfi06,eval,1,12,0.005051581,1
gwcs,../roman/.data/build21/r0000101001001001001_0001_wfi06_f158_cal.asdf,wfi06,eval,1,13,0.005127181,1
gwcs,../roman/.data/build21/r0000101001001001001_0001_wfi06_f158_cal.asdf,wfi06,eval,1,14,0.005060756,1
gwcs,../roman/.data/build21/r0000101001001001001_0001_wfi06_f158_cal.asdf,wfi06,eval,1,15,0.005091297,1
gwcs,../roman/.data/build21/r0000101001001001001_0001_wfi06_f158_cal.asdf,wfi06,eval,1,16,0.005518316,1
gwcs,../roman/.data/build21/r0000101001001001001_0001_wfi06_f158_cal.asdf,wfi06,eval,1,17,0.005339209,1
gwcs,../roman/.data/build21/r0000101001001001001_0001_wfi06_f158_cal.asdf,wfi06,eval,1,18,0.005041986,1
gwcs,../roman/.data/build21/r0000101001001001001_0001_wfi06_f158_cal.asdf,wfi06,eval,1,19,0.005069434,1
gwcs,../roman/.data/build21/r0000101001001001001_0001_wfi06_f158_cal.asdf,wfi06,eval,1,20,0.005399058,1
gwcs,../roman/.data/build21/r0000101001001001001_0001_wfi06_f158_cal.asdf,wfi06,eval,1,21,0.005081082,1
gwcs,../roman/.data/build21/r0000101001001001001_0001_wfi06_f158_cal.asdf,wfi06,eval,1,22,0.004982930,1
gwcs,../roman/.data/build21/r0000101001001001001_0001_wfi06_f158_cal.asdf,wfi06,eval,1,23,0.005626666,1
gwcs,../roman/.data/build21/r0000101001001001001_0001_wfi06_f158_cal.asdf,wfi06,eval,1,24,0.005013568,1
gwcs,../roman/.data/build21/r0000101001001001001_0001_wfi06_f158_cal.asdf,wfi06,eval,1,25,0.005319000,1
gwcs,../roman/.data/build21/r0000101001001001001_0001_wfi06_f158_cal.asdf,wfi06,eval,1,26,0.005485199,1
gwcs,../roman/.data/build21/r0000101001001001001_0001_wfi06_f158_cal.asdf,wfi06,eval,1,27,0.005251439,1
gwcs,../roman/.data/build21/r0000101001001001001_0001_wfi06_f158_cal.asdf,wfi06,eval,1,28,0.005136000,1
gwcs,../roman/.data/build21/r0000101001001001001_0001_wfi06_f158_cal.asdf,wfi06,eval,1,29,0.005439838,1
gwcs,../roman/.data/build21/r0000101001001001001_0001_wfi06_f158_cal.asdf,wfi06,eval,1,30,0.004985466,1
gwcs,../roman/.data/build21/r0000101001001001001_0001_wfi06_f158_cal.asdf,wfi06,eval,1,31,0.005030308,1
gwcs,../roman/.data/build21/r0000101001001001001_0001_wfi06_f158_cal.asdf,wfi06,eval,1,32,0.005135558,1
gwcs,../roman/.data/build21/r0000101001001001001_0001_wfi06_f158_cal.asdf,wfi06,eval,1,33,0.005116502,1
gwcs,../roman/.data/build21/r0000101001001001001_0001_wfi06_f158_cal.asdf,wfi06,eval,1,34,0.005504502,1
gwcs,../roman/.data/build21/r0000101001001001001_0001_wfi06_f158_cal.asdf,wfi06,eval,1,35,0.005151449,1
gwcs,../roman/.data/build21/r0000101001001001001_0001_wfi06_f158_cal.asdf,wfi06,eval,1,36,0.005001435,1
gwcs,../roman/.data/build21/r0000101001001001001_0001_wfi06_f158_cal.asdf,wfi06,eval,1,37,0.005215792,1
gwcs,../roman/.data/build21/r0000101001001001001_0001_wfi06_f158_cal.asdf,wfi06,eval,1,38,0.004877588,1
gwcs,../roman/.data/build21/r0000101001001001001_0001_wfi06_f158_cal.asdf,wfi06,eval,1,39,0.005328462,1
gwcs,../roman/.data/build21/r0000101001001001001_0001_wfi06_f158_cal.asdf,wfi06,eval,1,40,0.004931948,1
gwcs,../roman/.data/build21/r0000101001001001001_0001_wfi06_f158_cal.asdf,wfi06,eval,1,41,0.005079577,1
gwcs,../roman/.data/build21/r0000101001001001001_0001_wfi06_f158_cal.asdf,wfi06,eval,1,42,0.004990947,1
gwcs,../roman/.data/build21/r0000101001001001001_0001_wfi06_f158_cal.asdf,wfi06,eval,1,43,0.005122288,1
gwcs,../roman/.data/build21/r0000101001001001001_0001_wfi06_f158_cal.asdf,wfi06,eval,1,44,0.004931090,1
gwcs,../roman/.data/build21/r0000101001001001001_0001_wfi06_f158_cal.asdf,wfi06,eval,1,45,0.005286585,1
gwcs,../roman/.data/build21/r0000101001001001001_0001_wfi06_f158_cal.asdf,wfi06,eval,1,46,0.004991496,1
gwcs,../roman/.data/build21/r0000101001001001001_0001_wfi06_f158_cal.asdf,wfi06,eval,1,47,0.004764981,1
gwcs,../roman/.data/build21/r0000101001001001001_0001_wfi06_f158_cal.asdf,wfi06,eval,1,48,0.004755641,1
gwcs,../roman/.data/build21/r0000101001001001001_0001_wfi06_f158_cal.asdf,wfi06,eval,1,49,0.005034921,1
gwcs,../roman/.data/build21/r0000101001001001001_0001_wfi06_f158_cal.asdf,wfi06,eval,1,50,0.005095981,1
gwcs,../roman/.data/build21/r0000101001001001001_0001_wfi06_f158_cal.asdf,wfi06,eval,1,51,0.004945968,1
gwcs,../roman/.data/build21/r0000101001001001001_0001_wfi06_f158_cal.asdf,wfi06,eval,1,52,0.005136531,1
gwcs,../roman/.data/build21/r0000101001001001001_0001_wfi06_f158_cal.asdf,wfi06,eval,1,53,0.005010293,1
gwcs,../roman/.data/build21/r0000101001001001001_0001_wfi06_f158_cal.asdf,wfi06,eval,1,54,0.005201324,1
gwcs,../roman/.data/build21/r0000101001001001001_0001_wfi06_f158_cal.asdf,wfi06,eval,1,55,0.004964453,1
gwcs,../roman/.data/build21/r0000101001001001001_0001_wfi06_f158_cal.asdf,wfi06,eval,1,56,0.005237499,1
gwcs,../roman/.data/build21/r0000101001001001001_0001_wfi06_f158_cal.asdf,wfi06,eval,1,57,0.004879999,1
gwcs,../roman/.data/build21/r0000101001001001001_0001_wfi06_f158_cal.asdf,wfi06,eval,1,58,0.005123088,1
gwcs,../roman/.data/build21/r0000101001001001001_0001_wfi06_f158_cal.asdf,wfi06,eval,1,59,0.005011728,1
gwcs,../roman/.data/build21/r0000101001001001001_0001_wfi06_f158_cal.asdf,wfi06,eval,1,60,0.005104706,1
gwcs,../roman/.data/build21/r0000101001001001001_0001_wfi06_f158_cal.asdf,wfi06,eval,1,61,0.004815734,1
gwcs,../roman/.data/build21/r0000101001001001001_0001_wfi06_f158_cal.asdf,wfi06,eval,1,62,0.005179374,1
gwcs,../roman/.data/build21/r0000101001001001001_0001_wfi06_f158_cal.asdf,wfi06,eval,1,63,0.004966933,1
gwcs,../roman/.data/build21/r0000101001001001001_0001_wfi06_f158_cal.asdf,wfi06,eval,1,64,0.005176883,1
gwcs,../roman/.data/build21/r0000101001001001001_0001_wfi06_f158_cal.asdf,wfi06,eval,1,65,0.005011976,1
gwcs,../roman/.data/build21/r0000101001001001001_0001_wfi06_f158_cal.asdf,wfi06,eval,1,66,0.005149617,1
gwcs,../roman/.data/build21/r0000101001001001001_0001_wfi06_f158_cal.asdf,wfi06,eval,1,67,0.005052498,1
gwcs,../roman/.data/build21/r0000101001001001001_0001_wfi06_f158_cal.asdf,wfi06,eval,1,68,0.006070585,1
gwcs,../roman/.data/build21/r0000101001001001001_0001_wfi06_f158_cal.asdf,wfi06,eval,1,69,0.005027226,1
gwcs,../roman/.data/build21/r0000101001001001001_0001_wfi06_f158_cal.asdf,wfi06,eval,1,70,0.004991624,1
gwcs,../roman/.data/build21/r0000101001001001001_0001_wfi06_f158_cal.asdf,wfi06,eval,1,71,0.005011519,1
gwcs,../roman/.data/build21/r0000101001001001001_0001_wfi06_f158_cal.asdf,wfi06,eval,1,72,0.005019171,1
gwcs,../roman/.data/build21/r0000101001001001001_0001_wfi06_f158_cal.asdf,wfi06,eval,1,73,0.005117869,1
gwcs,../roman/.data/build21/r0000101001001001001_0001_wfi06_f158_cal.asdf,wfi06,eval,1,74,0.004918746,1
gwcs,../roman/.data/build21/r0000101001001001001_0001_wfi06_f158_cal.asdf,wfi06,eval,1,75,0.005124008,1
gwcs,../roman/.data/build21/r0000101001001001001_0001_wfi06_f158_cal.asdf,wfi06,eval,1,76,0.004913549,1
gwcs,../roman/.data/build21/r0000101001001001001_0001_wfi06_f158_cal.asdf,wfi06,eval,1,77,0.005216156,1
gwcs,../roman/.data/build21/r0000101001001001001_0001_wfi06_f158_cal.asdf,wfi06,eval,1,78,0.004955393,1
gwcs,../roman/.data/build21/r0000101001001001001_0001_wfi06_f158_cal.asdf,wfi06,eval,1,79,0.005311828,1
gwcs,../roman/.data/build21/r0000101001001001001_0001_wfi06_f158_cal.asdf,wfi06,eval,1,80,0.004895036,1
gwcs,../roman/.data/build21/r0000101001001001001_0001_wfi06_f158_cal.asdf,wfi06,eval,1,81,0.005131764,1
gwcs,../roman/.data/build21/r0000101001001001001_0001_wfi06_f158_cal.asdf,wfi06,eval,1,82,0.005277050,1
gwcs,../roman/.data/build21/r0000101001001001001_0001_wfi06_f158_cal.asdf,wfi06,eval,1,83,0.005603353,1
gwcs,../roman/.data/build21/r0000101001001001001_0001_wfi06_f158_cal.asdf,wfi06,eval,1,84,0.004939033,1
gwcs,../roman/.data/build21/r0000101001001001001_0001_wfi06_f158_cal.asdf,wfi06,eval,1,85,0.005253396,1
gwcs,../roman/.data/build21/r0000101001001001001_0001_wfi06_f158_cal.asdf,wfi06,eval,1,86,0.004866431,1
gwcs,../roman/.data/build21/r0000101001001001001_0001_wfi06_f158_cal.asdf,wfi06,eval,1,87,0.005021026,1
gwcs,../roman/.data/build21/r0000101001001001001_0001_wfi06_f158_cal.asdf,wfi06,eval,1,88,0.004989709,1
gwcs,../roman/.data/build21/r0000101001001001001_0001_wfi06_f158_cal.asdf,wfi06,eval,1,89,0.005197827,1
gwcs,../roman/.data/build21/r0000101001001001001_0001_wfi06_f158_cal.asdf,wfi06,eval,1,90,0.004924922,1
gwcs,../roman/.data/build21/r0000101001001001001_0001_wfi06_f158_cal.asdf,wfi06,eval,1,91,0.004852854,1
gwcs,../roman/.data/build21/r0000101001001001001_0001_wfi06_f158_cal.asdf,wfi06,eval,1,92,0.004810639,1
gwcs,../roman/.data/build21/r0000101001001001001_0001_wfi06_f158_cal.asdf,wfi06,eval,1,93,0.004764135,1
gwcs,../roman/.data/build21/r0000101001001001001_0001_wfi06_f158_cal.asdf,wfi06,eval,1,94,0.004794145,1
gwcs,../roman/.data/build21/r0000101001001001001_0001_wfi06_f158_cal.asdf,wfi06,eval,1,95,0.004882189,1
gwcs,../roman/.data/build21/r0000101001001001001_0001_wfi06_f158_cal.asdf,wfi06,eval,1,96,0.004817879,1
gwcs,../roman/.data/build21/r0000101001001001001_0001_wfi06_f158_cal.asdf,wfi06,eval,1,97,0.004784069,1
gwcs,../roman/.data/build21/r0000101001001001001_0001_wfi06_f158_cal.asdf,wfi06,eval,1,98,0.004861062,1
gwcs,../roman/.data/build21/r0000101001001001001_0001_wfi06_f158_cal.asdf,wfi06,eval,1,99,0.004896329,1
gwcs,../roman/.data/build21/r0000101001001001001_0001_wfi06_f158_cal.asdf,wfi06,eval,10,0,0.005152767,1
gwcs,../roman/.data/build21/r0000101001001001001_0001_wfi06_f158_cal.asdf,wfi06,eval,10,1,0.005221288,1
gwcs,../roman/.data/build21/r0000101001001001001_0001_wfi06_f158_cal.asdf,wfi06,eval,10,2,0.004978139,1
gwcs,../roman/.data/build21/r0000101001001001001_0001_wfi06_f158_cal.asdf,wfi06,eval,10,3,0.004861739,1
gwcs,../roman/.data/build21/r0000101001001001001_0001_wfi06_f158_cal.asdf,wfi06,eval,10,4,0.004944563,1
gwcs,../roman/.data/build21/r0000101001001001001_0001_wfi06_f158_cal.asdf,wfi06,eval,10,5,0.005034593,1
gwcs,../roman/.data/build21/r0000101001001001001_0001_wfi06_f158_cal.asdf,wfi06,eval,10,6,0.004927131,1
gwcs,../roman/.data/build21/r0000101001001001001_0001_wfi06_f158_cal.asdf,wfi06,eval,10,7,0.004904078,1
gwcs,../roman/.data/build21/r0000101001001001001_0001_wfi06_f158_cal.asdf,wfi06,eval,10,8,0.004998231,1
gwcs,../roman/.data/build21/r0000101001001001001_0001_wfi06_f158_cal.asdf,wfi06,eval,10,9,0.004974820,1
gwcs,../roman/.data/build21/r0000101001001001001_0001_wfi06_f158_cal.asdf,wfi06,eval,10,10,0.004938919,1
gwcs,../roman/.data/build21/r0000101001001001001_0001_wfi06_f158_cal.asdf,wfi06,eval,10,11,0.004997737,1
gwcs,../roman/.data/build21/r0000101001001001001_0001_wfi06_f158_cal.asdf,wfi06,eval,10,12,0.004952110,1
gwcs,../roman/.data/build21/r0000101001001001001_0001_wfi06_f158_cal.asdf,wfi06,eval,10,13,0.004908960,1
gwcs,../roman/.data/build21/r0000101001001001001_0001_wfi06_f158_cal.asdf,wfi06,eval,10,14,0.004971470,1
gwcs,../roman/.data/build21/r0000101001001001001_0001_wfi06_f158_cal.asdf,wfi06,eval,10,15,0.004977845,1
gwcs,../roman/.data/build21/r0000101001001001001_0001_wfi06_f158_cal.asdf,wfi06,eval,10,16,0.004960280,1
gwcs,../roman/.data/build21/r0000101001001001001_0001_wfi06_f158_cal.asdf,wfi06,eval,10,17,0.004877448,1
gwcs,../roman/.data/build21/r0000101001001001001_0001_wfi06_f158_cal.asdf,wfi06,eval,10,18,0.004975039,1
gwcs,../roman/.data/build21/r0000101001001001001_0001_wfi06_f158_cal.asdf,wfi06,eval,10,19,0.004968544,1
gwcs,../roman/.data/build21/r0000101001001001001_0001_wfi06_f158_cal.asdf,wfi06,eval,10,20,0.005001278,1
gwcs,../roman/.data/build21/r0000101001001001001_0001_wfi06_f158_cal.asdf,wfi06,eval,10,21,0.004885790,1
gwcs,../roman/.data/build21/r0000101001001001001_0001_wfi06_f158_cal.asdf,wfi06,eval,10,22,0.005012615,1
gwcs,../roman/.data/build21/r0000101001001001001_0001_wfi06_f158_cal.asdf,wfi06,eval,10,23,0.004914917,1
gwcs,../roman/.data/build21/r0000101001001001001_0001_wfi06_f158_cal.asdf,wfi06,eval,10,24,0.004906363,1
gwcs,../roman/.data/build21/r0000101001001001001_0001_wfi06_f158_cal.asdf,wfi06,eval,10,25,0.004949392,1
gwcs,../roman/.data/build21/r0000101001001001001_0001_wfi06_f158_cal.asdf,wfi06,eval,10,26,0.004939703,1
gwcs,../roman/.data/build21/r0000101001001001001_0001_wfi06_f158_cal.asdf,wfi06,eval,10,27,0.004885448,1
gwcs,../roman/.data/build21/r0000101001001001001_0001_wfi06_f158_cal.asdf,wfi06,eval,10,28,0.004897706,1
gwcs,../roman/.data/build21/r0000101001001001001_0001_wfi06_f158_cal.asdf,wfi06,eval,10,29,0.004976655,1
gwcs,../roman/.data/build21/r0000101001001001001_0001_wfi06_f158_cal.asdf,wfi06,eval,10,30,0.004896584,1
gwcs,../roman/.data/build21/r0000101001001001001_0001_wfi06_f158_cal.asdf,wfi06,eval,10,31,0.004878374,1
gwcs,../roman/.data/build21/r0000101001001001001_0001_wfi06_f158_cal.asdf,wfi06,eval,10,32,0.004984650,1
gwcs,../roman/.data/build21/r0000101001001001001_0001_wfi06_f158_cal.asdf,wfi06,eval,10,33,0.004914440,1
gwcs,../roman/.data/build21/r0000101001001001001_0001_wfi06_f158_cal.asdf,wfi06,eval,10,34,0.004879345,1
gwcs,../roman/.data/build21/r0000101001001001001_0001_wfi06_f158_cal.asdf,wfi06,eval,10,35,0.004913631,1
gwcs,../roman/.data/build21/r0000101001001001001_0001_wfi06_f158_cal.asdf,wfi06,eval,10,36,0.004956126,1
gwcs,../roman/.data/build21/r0000101001001001001_0001_wfi06_f158_cal.asdf,wfi06,eval,10,37,0.006690001,1
gwcs,../roman/.data/build21/r0000101001001001001_0001_wfi06_f158_cal.asdf,wfi06,eval,10,38,0.008470695,1
gwcs,../roman/.data/build21/r0000101001001001001_0001_wfi06_f158_cal.asdf,wfi06,eval,10,39,0.005462169,1
gwcs,../roman/.data/build21/r0000101001001001001_0001_wfi06_f158_cal.asdf,wfi06,eval,10,40,0.005190758,1
gwcs,../roman/.data/build21/r0000101001001001001_0001_wfi06_f158_cal.asdf,wfi06,eval,10,41,0.005108587,1
gwcs,../roman/.data/build21/r0000101001001001001_0001_wfi06_f158_cal.asdf,wfi06,eval,10,42,0.004968093,1
gwcs,../roman/.data/build21/r0000101001001001001_0001_wfi06_f158_cal.asdf,wfi06,eval,10,43,0.004915760,1
gwcs,../roman/.data/build21/r0000101001001001001_0001_wfi06_f158_cal.asdf,wfi06,eval,10,44,0.004999101,1
gwcs,../roman/.data/build21/r0000101001001001001_0001_wfi06_f158_cal.asdf,wfi06,eval,10,45,0.004972273,1
gwcs,../roman/.data/build21/r0000101001001001001_0001_wfi06_f158_cal.asdf,wfi06,eval,10,46,0.004901939,1
gwcs,../roman/.data/build21/r0000101001001001001_0001_wfi06_f158_cal.asdf,wfi06,eval,10,47,0.004978932,1
gwcs,../roman/.data/build21/r0000101001001001001_0001_wfi06_f158_cal.asdf,wfi06,eval,10,48,0.004955055,1
gwcs,../roman/.data/build21/r0000101001001001001_0001_wfi06_f158_cal.asdf,wfi06,eval,10,49,0.004971279,1
gwcs,../roman/.data/build21/r0000101001001001001_0001_wfi06_f158_cal.asdf,wfi06,eval,10,50,0.004934051,1
gwcs,../roman/.data/build21/r0000101001001001001_0001_wfi06_f158_cal.asdf,wfi06,eval,10,51,0.005175137,1
gwcs,../roman/.data/build21/r0000101001001001001_0001_wfi06_f158_cal.asdf,wfi06,eval,10,52,0.007147119,1
gwcs,../roman/.data/build21/r0000101001001001001_0001_wfi06_f158_cal.asdf,wfi06,eval,10,53,0.005079915,1
gwcs,../roman/.data/build21/r0000101001001001001_0001_wfi06_f158_cal.asdf,wfi06,eval,10,54,0.005083418,1
gwcs,../roman/.data/build21/r0000101001001001001_0001_wfi06_f158_cal.asdf,wfi06,eval,10,55,0.005090606,1
gwcs,../roman/.data/build21/r0000101001001001001_0001_wfi06_f158_cal.asdf,wfi06,eval,10,56,0.004908899,1
gwcs,../roman/.data/build21/r0000101001001001001_0001_wfi06_f158_cal.asdf,wfi06,eval,10,57,0.005007336,1
gwcs,../roman/.data/build21/r0000101001001001001_0001_wfi06_f158_cal.asdf,wfi06,eval,10,58,0.004958877,1
gwcs,../roman/.data/build21/r0000101001001001001_0001_wfi06_f158_cal.asdf,wfi06,eval,10,59,0.004977700,1
gwcs,../roman/.data/build21/r0000101001001001001_0001_wfi06_f158_cal.asdf,wfi06,eval,10,60,0.004897029,1
gwcs,../roman/.data/build21/r0000101001001001001_0001_wfi06_f158_cal.asdf,wfi06,eval,10,61,0.005181340,1
gwcs,../roman/.data/build21/r0000101001001001001_0001_wfi06_f158_cal.asdf,wfi06,eval,10,62,0.005000954,1
gwcs,../roman/.data/build21/r0000101001001001001_0001_wfi06_f158_cal.asdf,wfi06,eval,10,63,0.004969131,1
gwcs,../roman/.data/build21/r0000101001001001001_0001_wfi06_f158_cal.asdf,wfi06,eval,10,64,0.005271034,1
gwcs,../roman/.data/build21/r0000101001001001001_0001_wfi06_f158_cal.asdf,wfi06,eval,10,65,0.005055431,1
gwcs,../roman/.data/build21/r0000101001001001001_0001_wfi06_f158_cal.asdf,wfi06,eval,10,66,0.004991955,1
gwcs,../roman/.data/build21/r0000101001001001001_0001_wfi06_f158_cal.asdf,wfi06,eval,10,67,0.005176022,1
gwcs,../roman/.data/build21/r0000101001001001001_0001_wfi06_f158_cal.asdf,wfi06,eval,10,68,0.004990412,1
gwcs,../roman/.data/build21/r0000101001001001001_0001_wfi06_f158_cal.asdf,wfi06,eval,10,69,0.004898206,1
gwcs,../roman/.data/build21/r0000101001001001001_0001_wfi06_f158_cal.asdf,wfi06,eval,10,70,0.004968681,1
gwcs,../roman/.data/build21/r0000101001001001001_0001_wfi06_f158_cal.asdf,wfi06,eval,10,71,0.005198766,1
gwcs,../roman/.data/build21/r0000101001001001001_0001_wfi06_f158_cal.asdf,wfi06,eval,10,72,0.005032700,1
gwcs,../roman/.data/build21/r0000101001001001001_0001_wfi06_f158_cal.asdf,wfi06,eval,10,73,0.004934726,1
gwcs,../roman/.data/build21/r0000101001001001001_0001_wfi06_f158_cal.asdf,wfi06,eval,10,74,0.005205512,1
gwcs,../roman/.data/build21/r0000101001001001001_0001_wfi06_f158_cal.asdf,wfi06,eval,10,75,0.004998656,1
gwcs,../roman/.data/build21/r0000101001001001001_0001_wfi06_f158_cal.asdf,wfi06,eval,10,76,0.004931349,1
gwcs,../roman/.data/build21/r0000101001001001001_0001_wfi06_f158_cal.asdf,wfi06,eval,10,77,0.005166264,1
gwcs,../roman/.data/build21/r0000101001001001001_0001_wfi06_f158_cal.asdf,wfi06,eval,10,78,0.010678202,1
gwcs,../roman/.data/build21/r0000101001001001001_0001_wfi06_f158_cal.asdf,wfi06,eval,10,79,0.007760822,1
gwcs,../roman/.data/build21/r0000101001001001001_0001_wfi06_f158_cal.asdf,wfi06,eval,10,80,0.007726504,1
gwcs,../roman/.data/build21/r0000101001001001001_0001_wfi06_f158_cal.asdf,wfi06,eval,10,81,0.004954547,1
gwcs,../roman/.data/build21/r0000101001001001001_0001_wfi06_f158_cal.asdf,wfi06,eval,10,82,0.005063023,1
gwcs,../roman/.data/build21/r0000101001001001001_0001_wfi06_f158_cal.asdf,wfi06,eval,10,83,0.004923260,1
gwcs,../roman/.data/build21/r0000101001001001001_0001_wfi06_f158_cal.asdf,wfi06,eval,10,84,0.004946168,1
gwcs,../roman/.data/build21/r0000101001001001001_0001_wfi06_f158_cal.asdf,wfi06,eval,10,85,0.005122854,1
gwcs,../roman/.data/build21/r0000101001001001001_0001_wfi06_f158_cal.asdf,wfi06,eval,10,86,0.004998854,1
gwcs,../roman/.data/build21/r0000101001001001001_0001_wfi06_f158_cal.asdf,wfi06,eval,10,87,0.004876025,1
gwcs,../roman/.data/build21/r0000101001001001001_0001_wfi06_f158_cal.asdf,wfi06,eval,10,88,0.005233121,1
gwcs,../roman/.data/build21/r0000101001001001001_0001_wfi06_f158_cal.asdf,wfi06,eval,10,89,0.005042841,1
gwcs,../roman/.data/build21/r0000101001001001001_0001_wfi06_f158_cal.asdf,wfi06,eval,10,90,0.004879701,1
gwcs,../roman/.data/build21/r0000101001001001001_0001_wfi06_f158_cal.asdf,wfi06,eval,10,91,0.005025622,1
gwcs,../roman/.data/build21/r0000101001001001001_0001_wfi06_f158_cal.asdf,wfi06,eval,10,92,0.005028727,1
gwcs,../roman/.data/build21/r0000101001001001001_0001_wfi06_f158_cal.asdf,wfi06,eval,10,93,0.004913846,1
gwcs,../roman/.data/build21/r0000101001001001001_0001_wfi06_f158_cal.asdf,wfi06,eval,10,94,0.004901188,1
gwcs,../roman/.data/build21/r0000101001001001001_0001_wfi06_f158_cal.asdf,wfi06,eval,10,95,0.005160724,1
gwcs,../roman/.data/build21/r0000101001001001001_0001_wfi06_f158_cal.asdf,wfi06,eval,10,96,0.005000734,1
gwcs,../roman/.data/build21/r0000101001001001001_0001_wfi06_f158_cal.asdf,wfi06,eval,10,97,0.004866255,1
gwcs,../roman/.data/build21/r0000101001001001001_0001_wfi06_f158_cal.asdf,wfi06,eval,10,98,0.005198507,1
gwcs,../roman/.data/build21/r0000101001001001001_0001_wfi06_f158_cal.asdf,wfi06,eval,10,99,0.005042083,1
gwcs,../roman/.data/build21/r0000101001001001001_0001_wfi06_f158_cal.asdf,wfi06,eval,100,0,0.005261375,1
gwcs,../roman/.data/build21/r0000101001001001001_0001_wfi06_f158_cal.asdf,wfi06,eval,100,1,0.005476647,1
gwcs,../roman/.data/build21/r0000101001001001001_0001_wfi06_f158_cal.asdf,wfi06,eval,100,2,0.005081211,1
gwcs,../roman/.data/build21/r0000101001001001001_0001_wfi06_f158_cal.asdf,wfi06,eval,100,3,0.004935241,1
gwcs,../roman/.data/build21/r0000101001001001001_0001_wfi06_f158_cal.asdf,wfi06,eval,100,4,0.005166899,1
gwcs,../roman/.data/build21/r0000101001001001001_0001_wfi06_f158_cal.asdf,wfi06,eval,100,5,0.005084317,1
gwcs,../roman/.data/build21/r0000101001001001001_0001_wfi06_f158_cal.asdf,wfi06,eval,100,6,0.004974309,1
gwcs,../roman/.data/build21/r0000101001001001001_0001_wfi06_f158_cal.asdf,wfi06,eval,100,7,0.004904975,1
gwcs,../roman/.data/build21/r0000101001001001001_0001_wfi06_f158_cal.asdf,wfi06,eval,100,8,0.005298276,1
gwcs,../roman/.data/build21/r0000101001001001001_0001_wfi06_f158_cal.asdf,wfi06,eval,100,9,0.005037920,1
gwcs,../roman/.data/build21/r0000101001001001001_0001_wfi06_f158_cal.asdf,wfi06,eval,100,10,0.005127357,1
gwcs,../roman/.data/build21/r0000101001001001001_0001_wfi06_f158_cal.asdf,wfi06,eval,100,11,0.005079666,1
gwcs,../roman/.data/build21/r0000101001001001001_0001_wfi06_f158_cal.asdf,wfi06,eval,100,12,0.004947131,1
gwcs,../roman/.data/build21/r0000101001001001001_0001_wfi06_f158_cal.asdf,wfi06,eval,100,13,0.004916417,1
gwcs,../roman/.data/build21/r0000101001001001001_0001_wfi06_f158_cal.asdf,wfi06,eval,100,14,0.004980450,1
gwcs,../roman/.data/build21/r0000101001001001001_0001_wfi06_f158_cal.asdf,wfi06,eval,100,15,0.005820878,1
gwcs,../roman/.data/build21/r0000101001001001001_0001_wfi06_f158_cal.asdf,wfi06,eval,100,16,0.005095930,1
gwcs,../roman/.data/build21/r0000101001001001001_0001_wfi06_f158_cal.asdf,wfi06,eval,100,17,0.005335942,1
gwcs,../roman/.data/build21/r0000101001001001001_0001_wfi06_f158_cal.asdf,wfi06,eval,100,18,0.005189250,1
gwcs,../roman/.data/build21/r0000101001001001001_0001_wfi06_f158_cal.asdf,wfi06,eval,100,19,0.005350553,1
gwcs,../roman/.data/build21/r0000101001001001001_0001_wfi06_f158_cal.asdf,wfi06,eval,100,20,0.005197166,1
gwcs,../roman/.data/build21/r0000101001001001001_0001_wfi06_f158_cal.asdf,wfi06,eval,100,21,0.005328211,1
gwcs,../roman/.data/build21/r0000101001001001001_0001_wfi06_f158_cal.asdf,wfi06,eval,100,22,0.005157747,1
gwcs,../roman/.data/build21/r0000101001001001001_0001_wfi06_f158_cal.asdf,wfi06,eval,100,23,0.005418790,1
gwcs,../roman/.data/build21/r0000101001001001001_0001_wfi06_f158_cal.asdf,wfi06,eval,100,24,0.005168341,1
gwcs,../roman/.data/build21/r0000101001001001001_0001_wfi06_f158_cal.asdf,wfi06,eval,100,25,0.005274837,1
gwcs,../roman/.data/build21/r0000101001001001001_0001_wfi06_f158_cal.asdf,wfi06,eval,100,26,0.005155028,1
gwcs,../roman/.data/build21/r0000101001001001001_0001_wfi06_f158_cal.asdf,wfi06,eval,100,27,0.005244208,1
gwcs,../roman/.data/build21/r0000101001001001001_0001_wfi06_f158_cal.asdf,wfi06,eval,100,28,0.005905092,1
gwcs,../roman/.data/build21/r0000101001001001001_0001_wfi06_f158_cal.asdf,wfi06,eval,100,29,0.005182890,1
gwcs,../roman/.data/build21/r0000101001001001001_0001_wfi06_f158_cal.asdf,wfi06,eval,100,30,0.005171223,1
gwcs,../roman/.data/build21/r0000101001001001001_0001_wfi06_f158_cal.asdf,wfi06,eval,100,31,0.005140803,1
gwcs,../roman/.data/build21/r0000101001001001001_0001_wfi06_f158_cal.asdf,wfi06,eval,100,32,0.004956676,1
gwcs,../roman/.data/build21/r0000101001001001001_0001_wfi06_f158_cal.asdf,wfi06,eval,100,33,0.005028375,1
gwcs,../roman/.data/build21/r0000101001001001001_0001_wfi06_f158_cal.asdf,wfi06,eval,100,34,0.005172367,1
gwcs,../roman/.data/build21/r0000101001001001001_0001_wfi06_f158_cal.asdf,wfi06,eval,100,35,0.004973472,1
gwcs,../roman/.data/build21/r0000101001001001001_0001_wfi06_f158_cal.asdf,wfi06,eval,100,36,0.004955868,1
gwcs,../roman/.data/build21/r0000101001001001001_0001_wfi06_f158_cal.asdf,wfi06,eval,100,37,0.005262203,1
gwcs,../roman/.data/build21/r0000101001001001001_0001_wfi06_f158_cal.asdf,wfi06,eval,100,38,0.005027228,1
gwcs,../roman/.data/build21/r0000101001001001001_0001_wfi06_f158_cal.asdf,wfi06,eval,100,39,0.004972575,1
gwcs,../roman/.data/build21/r0000101001001001001_0001_wfi06_f158_cal.asdf,wfi06,eval,100,40,0.005225644,1
gwcs,../roman/.data/build21/r0000101001001001001_0001_wfi06_f158_cal.asdf,wfi06,eval,100,41,0.005082437,1
gwcs,../roman/.data/build21/r0000101001001001001_0001_wfi06_f158_cal.asdf,wfi06,eval,100,42,0.004933683,1
gwcs,../roman/.data/build21/r0000101001001001001_0001_wfi06_f158_cal.asdf,wfi06,eval,100,43,0.005215194,1
gwcs,../roman/.data/build21/r0000101001001001001_0001_wfi06_f158_cal.asdf,wfi06,eval,100,44,0.010251533,1
gwcs,../roman/.data/build21/r0000101001001001001_0001_wfi06_f158_cal.asdf,wfi06,eval,100,45,0.004952181,1
gwcs,../roman/.data/build21/r0000101001001001001_0001_wfi06_f158_cal.asdf,wfi06,eval,100,46,0.005341220,1
gwcs,../roman/.data/build21/r0000101001001001001_0001_wfi06_f158_cal.asdf,wfi06,eval,100,47,0.005018787,1
gwcs,../roman/.data/build21/r0000101001001001001_0001_wfi06_f158_cal.asdf,wfi06,eval,100,48,0.004901272,1
gwcs,../roman/.data/build21/r0000101001001001001_0001_wfi06_f158_cal.asdf,wfi06,eval,100,49,0.005233942,1
gwcs,../roman/.data/build21/r0000101001001001001_0001_wfi06_f158_cal.asdf,wfi06,eval,1000,0,0.005726395,1
gwcs,../roman/.data/build21/r0000101001001001001_0001_wfi06_f158_cal.asdf,wfi06,eval,1000,1,0.005699287,1
gwcs,../roman/.data/build21/r0000101001001001001_0001_wfi06_f158_cal.asdf,wfi06,eval,1000,2,0.005723364,1
gwcs,../roman/.data/build21/r0000101001001001001_0001_wfi06_f158_cal.asdf,wfi06,eval,1000,3,0.005392554,1
gwcs,../roman/.data/build21/r0000101001001001001_0001_wfi06_f158_cal.asdf,wfi06,eval,1000,4,0.005510447,1
gwcs,../roman/.data/build21/r0000101001001001001_0001_wfi06_f158_cal.asdf,wfi06,eval,1000,5,0.005977603,1
gwcs,../roman/.data/build21/r0000101001001001001_0001_wfi06_f158_cal.asdf,wfi06,eval,1000,6,0.005614056,1
gwcs,../roman/.data/build21/r0000101001001001001_0001_wfi06_f158_cal.asdf,wfi06,eval,1000,7,0.005735093,1
gwcs,../roman/.data/build21/r0000101001001001001_0001_wfi06_f158_cal.asdf,wfi06,eval,1000,8,0.005772440,1
gwcs,../roman/.data/build21/r0000101001001001001_0001_wfi06_f158_cal.asdf,wfi06,eval,1000,9,0.006040988,1
gwcs,../roman/.data/build21/r0000101001001001001_0001_wfi06_f158_cal.asdf,wfi06,eval,1000,10,0.005969528,1
gwcs,../roman/.data/build21/r0000101001001001001_0001_wfi06_f158_cal.asdf,wfi06,eval,1000,11,0.005768345,1
gwcs,../roman/.data/build21/r0000101001001001001_0001_wfi06_f158_cal.asdf,wfi06,eval,1000,12,0.005747478,1
gwcs,../roman/.data/build21/r0000101001001001001_0001_wfi06_f158_cal.asdf,wfi06,eval,1000,13,0.005454696,1
gwcs,../roman/.data/build21/r0000101001001001001_0001_wfi06_f158_cal.asdf,wfi06,eval,1000,14,0.006352030,1
gwcs,../roman/.data/build21/r0000101001001001001_0001_wfi06_f158_cal.asdf,wfi06,eval,1000,15,0.005538598,1
gwcs,../roman/.data/build21/r0000101001001001001_0001_wfi06_f158_cal.asdf,wfi06,eval,1000,16,0.005731453,1
gwcs,../roman/.data/build21/r0000101001001001001_0001_wfi06_f158_cal.asdf,wfi06,eval,1000,17,0.005682238,1
gwcs,../roman/.data/build21/r0000101001001001001_0001_wfi06_f158_cal.asdf,wfi06,eval,1000,18,0.005589337,1
gwcs,../roman/.data/build21/r0000101001001001001_0001_wfi06_f158_cal.asdf,wfi06,eval,1000,19,0.005494012,1
gwcs,../roman/.data/build21/r0000101001001001001_0001_wfi06_f158_cal.asdf,wfi06,eval,10000,0,0.009192631,1
gwcs,../roman/.data/build21/r0000101001001001001_0001_wfi06_f158_cal.asdf,wfi06,eval,10000,1,0.010396750,1
gwcs,../roman/.data/build21/r0000101001001001001_0001_wfi06_f158_cal.asdf,wfi06,eval,10000,2,0.008568992,1
gwcs,../roman/.data/build21/r0000101001001001001_0001_wfi06_f158_cal.asdf,wfi06,eval,10000,3,0.008730704,1
gwcs,../roman/.data/build21/r0000101001001001001_0001_wfi06_f158_cal.asdf,wfi06,eval,10000,4,0.009389555,1
gwcs,../roman/.data/build21/r0000101001001001001_0001_wfi06_f158_cal.asdf,wfi06,eval,10000,5,0.009166338,1
gwcs,../roman/.data/build21/r0000101001001001001_0001_wfi06_f158_cal.asdf,wfi06,eval,10000,6,0.009327902,1
gwcs,../roman/.data/build21/r0000101001001001001_0001_wfi06_f158_cal.asdf,wfi06,eval,10000,7,0.009027459,1
gwcs,../roman/.data/build21/r0000101001001001001_0001_wfi06_f158_cal.asdf,wfi06,eval,10000,8,0.009052518,1
gwcs,../roman/.data/build21/r0000101001001001001_0001_wfi06_f158_cal.asdf,wfi06,eval,10000,9,0.009171287,1
gwcs,../roman/.data/build21/r0000101001001001001_0001_wfi06_f158_cal.asdf,wfi06,eval,100000,0,0.039107711,1
gwcs,../roman/.data/build21/r0000101001001001001_0001_wfi06_f158_cal.asdf,wfi06,eval,100000,1,0.039088558,1
gwcs,../roman/.data/build21/r0000101001001001001_0001_wfi06_f158_cal.asdf,wfi06,eval,100000,2,0.039065478,1
gwcs,../roman/.data/build21/r0000101001001001001_0001_wfi06_f158_cal.asdf,wfi06,eval,100000,3,0.039952812,1
gwcs,../roman/.data/build21/r0000101001001001001_0001_wfi06_f158_cal.asdf,wfi06,eval,100000,4,0.039758004,1
gwcs,../roman/.data/build21/r0000101001001001001_0001_wfi06_f158_cal.asdf,wfi06,eval,1000000,0,0.391442421,1
gwcs,../roman/.data/build21/r0000101001001001001_0001_wfi06_f158_cal.asdf,wfi06,eval,1000000,1,0.388672543,1
gwcs,../roman/.data/build21/r0000101001001001001_0001_wfi06_f158_cal.asdf,wfi06,eval,1000000,2,0.401298541,1
gwcs,../roman/.data/build21/r0000101001001001001_0001_wfi06_f158_cal.asdf,wfi06,eval,10000000,0,3.953322068,1
gwcs,../roman/.data/build21/r0000101001001001001_0001_wfi06_f158_cal.asdf,wfi06,eval,10000000,1,3.916752998,1
gwcs,../roman/.data/build21/r0000101001001001001_0001_wfi06_f158_cal.asdf,wfi06,eval,16711744,0,6.593709850,1
gwcs,../roman/.data/build21/r0000101001001001001_0001_wfi06_f158_cal.asdf,wfi06,eval,16711744,1,6.564447343,1
gwcs,../roman/.data/build21/r0000101001001001001_0001_wfi07_f158_cal.asdf,wfi07,parse_cold,0,0,0.834483949,1
gwcs,../roman/.data/build21/r0000101001001001001_0001_wfi07_f158_cal.asdf,wfi07,parse_hot,0,0,0.584171449,1
gwcs,../roman/.data/build21/r0000101001001001001_0001_wfi07_f158_cal.asdf,wfi07,eval,1,0,0.005041106,1
gwcs,../roman/.data/build21/r0000101001001001001_0001_wfi07_f158_cal.asdf,wfi07,eval,1,1,0.004812554,1
gwcs,../roman/.data/build21/r0000101001001001001_0001_wfi07_f158_cal.asdf,wfi07,eval,1,2,0.004981122,1
gwcs,../roman/.data/build21/r0000101001001001001_0001_wfi07_f158_cal.asdf,wfi07,eval,1,3,0.005065395,1
gwcs,../roman/.data/build21/r0000101001001001001_0001_wfi07_f158_cal.asdf,wfi07,eval,1,4,0.004877836,1
gwcs,../roman/.data/build21/r0000101001001001001_0001_wfi07_f158_cal.asdf,wfi07,eval,1,5,0.004801306,1
gwcs,../roman/.data/build21/r0000101001001001001_0001_wfi07_f158_cal.asdf,wfi07,eval,1,6,0.005011478,1
gwcs,../roman/.data/build21/r0000101001001001001_0001_wfi07_f158_cal.asdf,wfi07,eval,1,7,0.004855478,1
gwcs,../roman/.data/build21/r0000101001001001001_0001_wfi07_f158_cal.asdf,wfi07,eval,1,8,0.004777627,1
gwcs,../roman/.data/build21/r0000101001001001001_0001_wfi07_f158_cal.asdf,wfi07,eval,1,9,0.004743055,1
gwcs,../roman/.data/build21/r0000101001001001001_0001_wfi07_f158_cal.asdf,wfi07,eval,1,10,0.004885681,1
gwcs,../roman/.data/build21/r0000101001001001001_0001_wfi07_f158_cal.asdf,wfi07,eval,1,11,0.004992696,1
gwcs,../roman/.data/build21/r0000101001001001001_0001_wfi07_f158_cal.asdf,wfi07,eval,1,12,0.006835731,1
gwcs,../roman/.data/build21/r0000101001001001001_0001_wfi07_f158_cal.asdf,wfi07,eval,1,13,0.004938144,1
gwcs,../roman/.data/build21/r0000101001001001001_0001_wfi07_f158_cal.asdf,wfi07,eval,1,14,0.004779558,1
gwcs,../roman/.data/build21/r0000101001001001001_0001_wfi07_f158_cal.asdf,wfi07,eval,1,15,0.004726371,1
gwcs,../roman/.data/build21/r0000101001001001001_0001_wfi07_f158_cal.asdf,wfi07,eval,1,16,0.004803660,1
gwcs,../roman/.data/build21/r0000101001001001001_0001_wfi07_f158_cal.asdf,wfi07,eval,1,17,0.004886783,1
gwcs,../roman/.data/build21/r0000101001001001001_0001_wfi07_f158_cal.asdf,wfi07,eval,1,18,0.004742337,1
gwcs,../roman/.data/build21/r0000101001001001001_0001_wfi07_f158_cal.asdf,wfi07,eval,1,19,0.004721000,1
gwcs,../roman/.data/build21/r0000101001001001001_0001_wfi07_f158_cal.asdf,wfi07,eval,1,20,0.004780846,1
gwcs,../roman/.data/build21/r0000101001001001001_0001_wfi07_f158_cal.asdf,wfi07,eval,1,21,0.004801624,1
gwcs,../roman/.data/build21/r0000101001001001001_0001_wfi07_f158_cal.asdf,wfi07,eval,1,22,0.004737130,1
gwcs,../roman/.data/build21/r0000101001001001001_0001_wfi07_f158_cal.asdf,wfi07,eval,1,23,0.004715394,1
gwcs,../roman/.data/build21/r0000101001001001001_0001_wfi07_f158_cal.asdf,wfi07,eval,1,24,0.004917818,1
gwcs,../roman/.data/build21/r0000101001001001001_0001_wfi07_f158_cal.asdf,wfi07,eval,1,25,0.004759256,1
gwcs,../roman/.data/build21/r0000101001001001001_0001_wfi07_f158_cal.asdf,wfi07,eval,1,26,0.004782431,1
gwcs,../roman/.data/build21/r0000101001001001001_0001_wfi07_f158_cal.asdf,wfi07,eval,1,27,0.004799227,1
gwcs,../roman/.data/build21/r0000101001001001001_0001_wfi07_f158_cal.asdf,wfi07,eval,1,28,0.004821344,1
gwcs,../roman/.data/build21/r0000101001001001001_0001_wfi07_f158_cal.asdf,wfi07,eval,1,29,0.004735807,1
gwcs,../roman/.data/build21/r0000101001001001001_0001_wfi07_f158_cal.asdf,wfi07,eval,1,30,0.004759891,1
gwcs,../roman/.data/build21/r0000101001001001001_0001_wfi07_f158_cal.asdf,wfi07,eval,1,31,0.004868097,1
gwcs,../roman/.data/build21/r0000101001001001001_0001_wfi07_f158_cal.asdf,wfi07,eval,1,32,0.004789496,1
gwcs,../roman/.data/build21/r0000101001001001001_0001_wfi07_f158_cal.asdf,wfi07,eval,1,33,0.004731168,1
gwcs,../roman/.data/build21/r0000101001001001001_0001_wfi07_f158_cal.asdf,wfi07,eval,1,34,0.004895868,1
gwcs,../roman/.data/build21/r0000101001001001001_0001_wfi07_f158_cal.asdf,wfi07,eval,1,35,0.004819370,1
gwcs,../roman/.data/build21/r0000101001001001001_0001_wfi07_f158_cal.asdf,wfi07,eval,1,36,0.004764226,1
gwcs,../roman/.data/build21/r0000101001001001001_0001_wfi07_f158_cal.asdf,wfi07,eval,1,37,0.005541590,1
gwcs,../roman/.data/build21/r0000101001001001001_0001_wfi07_f158_cal.asdf,wfi07,eval,1,38,0.005239376,1
gwcs,../roman/.data/build21/r0000101001001001001_0001_wfi07_f158_cal.asdf,wfi07,eval,1,39,0.005056232,1
gwcs,../roman/.data/build21/r0000101001001001001_0001_wfi07_f158_cal.asdf,wfi07,eval,1,40,0.005125633,1
gwcs,../roman/.data/build21/r0000101001001001001_0001_wfi07_f158_cal.asdf,wfi07,eval,1,41,0.005197550,1
gwcs,../roman/.data/build21/r0000101001001001001_0001_wfi07_f158_cal.asdf,wfi07,eval,1,42,0.005014168,1
gwcs,../roman/.data/build21/r0000101001001001001_0001_wfi07_f158_cal.asdf,wfi07,eval,1,43,0.005292881,1
gwcs,../roman/.data/build21/r0000101001001001001_0001_wfi07_f158_cal.asdf,wfi07,eval,1,44,0.005378038,1
gwcs,../roman/.data/build21/r0000101001001001001_0001_wfi07_f158_cal.asdf,wfi07,eval,1,45,0.005082389,1
gwcs,../roman/.data/build21/r0000101001001001001_0001_wfi07_f158_cal.asdf,wfi07,eval,1,46,0.004984382,1
gwcs,../roman/.data/build21/r0000101001001001001_0001_wfi07_f158_cal.asdf,wfi07,eval,1,47,0.005349623,1
gwcs,../roman/.data/build21/r0000101001001001001_0001_wfi07_f158_cal.asdf,wfi07,eval,1,48,0.005091310,1
gwcs,../roman/.data/build21/r0000101001001001001_0001_wfi07_f158_cal.asdf,wfi07,eval,1,49,0.005092097,1
gwcs,../roman/.data/build21/r0000101001001001001_0001_wfi07_f158_cal.asdf,wfi07,eval,1,50,0.005284075,1
gwcs,../roman/.data/build21/r0000101001001001001_0001_wfi07_f158_cal.asdf,wfi07,eval,1,51,0.004887390,1
gwcs,../roman/.data/build21/r0000101001001001001_0001_wfi07_f158_cal.asdf,wfi07,eval,1,52,0.004813299,1
gwcs,../roman/.data/build21/r0000101001001001001_0001_wfi07_f158_cal.asdf,wfi07,eval,1,53,0.004784652,1
gwcs,../roman/.data/build21/r0000101001001001001_0001_wfi07_f158_cal.asdf,wfi07,eval,1,54,0.005034636,1
gwcs,../roman/.data/build21/r0000101001001001001_0001_wfi07_f158_cal.asdf,wfi07,eval,1,55,0.004862212,1
gwcs,../roman/.data/build21/r0000101001001001001_0001_wfi07_f158_cal.asdf,wfi07,eval,1,56,0.004942548,1
gwcs,../roman/.data/build21/r0000101001001001001_0001_wfi07_f158_cal.asdf,wfi07,eval,1,57,0.004944331,1
gwcs,../roman/.data/build21/r0000101001001001001_0001_wfi07_f158_cal.asdf,wfi07,eval,1,58,0.004891152,1
gwcs,../roman/.data/build21/r0000101001001001001_0001_wfi07_f158_cal.asdf,wfi07,eval,1,59,0.004785911,1
gwcs,../roman/.data/build21/r0000101001001001001_0001_wfi07_f158_cal.asdf,wfi07,eval,1,60,0.004871995,1
gwcs,../roman/.data/build21/r0000101001001001001_0001_wfi07_f158_cal.asdf,wfi07,eval,1,61,0.004849548,1
gwcs,../roman/.data/build21/r0000101001001001001_0001_wfi07_f158_cal.asdf,wfi07,eval,1,62,0.004968426,1
gwcs,../roman/.data/build21/r0000101001001001001_0001_wfi07_f158_cal.asdf,wfi07,eval,1,63,0.004743206,1
gwcs,../roman/.data/build21/r0000101001001001001_0001_wfi07_f158_cal.asdf,wfi07,eval,1,64,0.005180309,1
gwcs,../roman/.data/build21/r0000101001001001001_0001_wfi07_f158_cal.asdf,wfi07,eval,1,65,0.007142141,1
gwcs,../roman/.data/build21/r0000101001001001001_0001_wfi07_f158_cal.asdf,wfi07,eval,1,66,0.004784801,1
gwcs,../roman/.data/build21/r0000101001001001001_0001_wfi07_f158_cal.asdf,wfi07,eval,1,67,0.005071539,1
gwcs,../roman/.data/build21/r0000101001001001001_0001_wfi07_f158_cal.asdf,wfi07,eval,1,68,0.004793406,1
gwcs,../roman/.data/build21/r0000101001001001001_0001_wfi07_f158_cal.asdf,wfi07,eval,1,69,0.004807080,1
gwcs,../roman/.data/build21/r0000101001001001001_0001_wfi07_f158_cal.asdf,wfi07,eval,1,70,0.004953330,1
gwcs,../roman/.data/build21/r0000101001001001001_0001_wfi07_f158_cal.asdf,wfi07,eval,1,71,0.004895338,1
gwcs,../roman/.data/build21/r0000101001001001001_0001_wfi07_f158_cal.asdf,wfi07,eval,1,72,0.004806594,1
gwcs,../roman/.data/build21/r0000101001001001001_0001_wfi07_f158_cal.asdf,wfi07,eval,1,73,0.005203029,1
gwcs,../roman/.data/build21/r0000101001001001001_0001_wfi07_f158_cal.asdf,wfi07,eval,1,74,0.005128836,1
gwcs,../roman/.data/build21/r0000101001001001001_0001_wfi07_f158_cal.asdf,wfi07,eval,1,75,0.004860374,1
gwcs,../roman/.data/build21/r0000101001001001001_0001_wfi07_f158_cal.asdf,wfi07,eval,1,76,0.005347463,1
gwcs,../roman/.data/build21/r0000101001001001001_0001_wfi07_f158_cal.asdf,wfi07,eval,1,77,0.005356115,1
gwcs,../roman/.data/build21/r0000101001001001001_0001_wfi07_f158_cal.asdf,wfi07,eval,1,78,0.004986773,1
gwcs,../roman/.data/build21/r0000101001001001001_0001_wfi07_f158_cal.asdf,wfi07,eval,1,79,0.005253135,1
gwcs,../roman/.data/build21/r0000101001001001001_0001_wfi07_f158_cal.asdf,wfi07,eval,1,80,0.005068527,1
gwcs,../roman/.data/build21/r0000101001001001001_0001_wfi07_f158_cal.asdf,wfi07,eval,1,81,0.004890318,1
gwcs,../roman/.data/build21/r0000101001001001001_0001_wfi07_f158_cal.asdf,wfi07,eval,1,82,0.004799290,1
gwcs,../roman/.data/build21/r0000101001001001001_0001_wfi07_f158_cal.asdf,wfi07,eval,1,83,0.004998111,1
gwcs,../roman/.data/build21/r0000101001001001001_0001_wfi07_f158_cal.asdf,wfi07,eval,1,84,0.004888981,1
gwcs,../roman/.data/build21/r0000101001001001001_0001_wfi07_f158_cal.asdf,wfi07,eval,1,85,0.004772942,1
gwcs,../roman/.data/build21/r0000101001001001001_0001_wfi07_f158_cal.asdf,wfi07,eval,1,86,0.004800275,1
gwcs,../roman/.data/build21/r0000101001001001001_0001_wfi07_f158_cal.asdf,wfi07,eval,1,87,0.004867738,1
gwcs,../roman/.data/build21/r0000101001001001001_0001_wfi07_f158_cal.asdf,wfi07,eval,1,88,0.005349414,1
gwcs,../roman/.data/build21/r0000101001001001001_0001_wfi07_f158_cal.asdf,wfi07,eval,1,89,0.004786629,1
gwcs,../roman/.data/build21/r0000101001001001001_0001_wfi07_f158_cal.asdf,wfi07,eval,1,90,0.004976609,1
gwcs,../roman/.data/build21/r0000101001001001001_0001_wfi07_f158_cal.asdf,wfi07,eval,1,91,0.004855645,1
gwcs,../roman/.data/build21/r0000101001001001001_0001_wfi07_f158_cal.asdf,wfi07,eval,1,92,0.004809167,1
gwcs,../roman/.data/build21/r0000101001001001001_0001_wfi07_f158_cal.asdf,wfi07,eval,1,93,0.004887559,1
gwcs,../roman/.data/build21/r0000101001001001001_0001_wfi07_f158_cal.asdf,wfi07,eval,1,94,0.004928136,1
gwcs,../roman/.data/build21/r0000101001001001001_0001_wfi07_f158_cal.asdf,wfi07,eval,1,95,0.004763640,1
gwcs,../roman/.data/build21/r0000101001001001001_0001_wfi07_f158_cal.asdf,wfi07,eval,1,96,0.004753440,1
gwcs,../roman/.data/build21/r0000101001001001001_0001_wfi07_f158_cal.asdf,wfi07,eval,1,97,0.004896103,1
gwcs,../roman/.data/build21/r0000101001001001001_0001_wfi07_f158_cal.asdf,wfi07,eval,1,98,0.004762736,1
gwcs,../roman/.data/build21/r0000101001001001001_0001_wfi07_f158_cal.asdf,wfi07,eval,1,99,0.004773063,1
gwcs,../roman/.data/build21/r0000101001001001001_0001_wfi07_f158_cal.asdf,wfi07,eval,10,0,0.005719355,1
gwcs,../roman/.data/build21/r0000101001001001001_0001_wfi07_f158_cal.asdf,wfi07,eval,10,1,0.005544158,1
gwcs,../roman/.data/build21/r0000101001001001001_0001_wfi07_f158_cal.asdf,wfi07,eval,10,2,0.005313043,1
gwcs,../roman/.data/build21/r0000101001001001001_0001_wfi07_f158_cal.asdf,wfi07,eval,10,3,0.005325244,1
gwcs,../roman/.data/build21/r0000101001001001001_0001_wfi07_f158_cal.asdf,wfi07,eval,10,4,0.005392683,1
gwcs,../roman/.data/build21/r0000101001001001001_0001_wfi07_f158_cal.asdf,wfi07,eval,10,5,0.004994851,1
gwcs,../roman/.data/build21/r0000101001001001001_0001_wfi07_f158_cal.asdf,wfi07,eval,10,6,0.005244460,1
gwcs,../roman/.data/build21/r0000101001001001001_0001_wfi07_f158_cal.asdf,wfi07,eval,10,7,0.005137455,1
gwcs,../roman/.data/build21/r0000101001001001001_0001_wfi07_f158_cal.asdf,wfi07,eval,10,8,0.005233438,1
gwcs,../roman/.data/build21/r0000101001001001001_0001_wfi07_f158_cal.asdf,wfi07,eval,10,9,0.005180971,1
gwcs,../roman/.data/build21/r0000101001001001001_0001_wfi07_f158_cal.asdf,wfi07,eval,10,10,0.005417686,1
gwcs,../roman/.data/build21/r0000101001001001001_0001_wfi07_f158_cal.asdf,wfi07,eval,10,11,0.005098947,1
gwcs,../roman/.data/build21/r0000101001001001001_0001_wfi07_f158_cal.asdf,wfi07,eval,10,12,0.005176968,1
gwcs,../roman/.data/build21/r0000101001001001001_0001_wfi07_f158_cal.asdf,wfi07,eval,10,13,0.005240925,1
gwcs,../roman/.data/build21/r0000101001001001001_0001_wfi07_f158_cal.asdf,wfi07,eval,10,14,0.005225796,1
gwcs,../roman/.data/build21/r0000101001001001001_0001_wfi07_f158_cal.asdf,wfi07,eval,10,15,0.005028619,1
gwcs,../roman/.data/build21/r0000101001001001001_0001_wfi07_f158_cal.asdf,wfi07,eval,10,16,0.005207117,1
gwcs,../roman/.data/build21/r0000101001001001001_0001_wfi07_f158_cal.asdf,wfi07,eval,10,17,0.005242120,1
gwcs,../roman/.data/build21/r0000101001001001001_0001_wfi07_f158_cal.asdf,wfi07,eval,10,18,0.005101379,1
gwcs,../roman/.data/build21/r0000101001001001001_0001_wfi07_f158_cal.asdf,wfi07,eval,10,19,0.005119519,1
gwcs,../roman/.data/build21/r0000101001001001001_0001_wfi07_f158_cal.asdf,wfi07,eval,10,20,0.005095935,1
gwcs,../roman/.data/build21/r0000101001001001001_0001_wfi07_f158_cal.asdf,wfi07,eval,10,21,0.005167396,1
gwcs,../roman/.data/build21/r0000101001001001001_0001_wfi07_f158_cal.asdf,wfi07,eval,10,22,0.005058888,1
gwcs,../roman/.data/build21/r0000101001001001001_0001_wfi07_f158_cal.asdf,wfi07,eval,10,23,0.005268510,1
gwcs,../roman/.data/build21/r0000101001001001001_0001_wfi07_f158_cal.asdf,wfi07,eval,10,24,0.005135599,1
gwcs,../roman/.data/build21/r0000101001001001001_0001_wfi07_f158_cal.asdf,wfi07,eval,10,25,0.005148049,1
gwcs,../roman/.data/build21/r0000101001001001001_0001_wfi07_f158_cal.asdf,wfi07,eval,10,26,0.005100662,1
gwcs,../roman/.data/build21/r0000101001001001001_0001_wfi07_f158_cal.asdf,wfi07,eval,10,27,0.005216048,1
gwcs,../roman/.data/build21/r0000101001001001001_0001_wfi07_f158_cal.asdf,wfi07,eval,10,28,0.005042983,1
gwcs,../roman/.data/build21/r0000101001001001001_0001_wfi07_f158_cal.asdf,wfi07,eval,10,29,0.005343762,1
gwcs,../roman/.data/build21/r0000101001001001001_0001_wfi07_f158_cal.asdf,wfi07,eval,10,30,0.005092124,1
gwcs,../roman/.data/build21/r0000101001001001001_0001_wfi07_f158_cal.asdf,wfi07,eval,10,31,0.005210551,1
gwcs,../roman/.data/build21/r0000101001001001001_0001_wfi07_f158_cal.asdf,wfi07,eval,10,32,0.004994492,1
gwcs,../roman/.data/build21/r0000101001001001001_0001_wfi07_f158_cal.asdf,wfi07,eval,10,33,0.005332796,1
gwcs,../roman/.data/build21/r0000101001001001001_0001_wfi07_f158_cal.asdf,wfi07,eval,10,34,0.005045920,1
gwcs,../roman/.data/build21/r0000101001001001001_0001_wfi07_f158_cal.asdf,wfi07,eval,10,35,0.005552334,1
gwcs,../roman/.data/build21/r0000101001001001001_0001_wfi07_f158_cal.asdf,wfi07,eval,10,36,0.006298760,1
gwcs,../roman/.data/build21/r0000101001001001001_0001_wfi07_f158_cal.asdf,wfi07,eval,10,37,0.005233573,1
gwcs,../roman/.data/build21/r0000101001001001001_0001_wfi07_f158_cal.asdf,wfi07,eval,10,38,0.004982148,1
gwcs,../roman/.data/build21/r0000101001001001001_0001_wfi07_f158_cal.asdf,wfi07,eval,10,39,0.005389449,1
gwcs,../roman/.data/build21/r0000101001001001001_0001_wfi07_f158_cal.asdf,wfi07,eval,10,40,0.005048687,1
gwcs,../roman/.data/build21/r0000101001001001001_0001_wfi07_f158_cal.asdf,wfi07,eval,10,41,0.005222145,1
gwcs,../roman/.data/build21/r0000101001001001001_0001_wfi07_f158_cal.asdf,wfi07,eval,10,42,0.005134224,1
gwcs,../roman/.data/build21/r0000101001001001001_0001_wfi07_f158_cal.asdf,wfi07,eval,10,43,0.005299845,1
gwcs,../roman/.data/build21/r0000101001001001001_0001_wfi07_f158_cal.asdf,wfi07,eval,10,44,0.005061385,1
gwcs,../roman/.data/build21/r0000101001001001001_0001_wfi07_f158_cal.asdf,wfi07,eval,10,45,0.005382142,1
gwcs,../roman/.data/build21/r0000101001001001001_0001_wfi07_f158_cal.asdf,wfi07,eval,10,46,0.005084348,1
gwcs,../roman/.data/build21/r0000101001001001001_0001_wfi07_f158_cal.asdf,wfi07,eval,10,47,0.005462588,1
gwcs,../roman/.data/build21/r0000101001001001001_0001_wfi07_f158_cal.asdf,wfi07,eval,10,48,0.005068669,1
gwcs,../roman/.data/build21/r0000101001001001001_0001_wfi07_f158_cal.asdf,wfi07,eval,10,49,0.005339262,1
gwcs,../roman/.data/build21/r0000101001001001001_0001_wfi07_f158_cal.asdf,wfi07,eval,10,50,0.005031062,1
gwcs,../roman/.data/build21/r0000101001001001001_0001_wfi07_f158_cal.asdf,wfi07,eval,10,51,0.005297400,1
gwcs,../roman/.data/build21/r0000101001001001001_0001_wfi07_f158_cal.asdf,wfi07,eval,10,52,0.005038626,1
gwcs,../roman/.data/build21/r0000101001001001001_0001_wfi07_f158_cal.asdf,wfi07,eval,10,53,0.005232972,1
gwcs,../roman/.data/build21/r0000101001001001001_0001_wfi07_f158_cal.asdf,wfi07,eval,10,54,0.005016983,1
gwcs,../roman/.data/build21/r0000101001001001001_0001_wfi07_f158_cal.asdf,wfi07,eval,10,55,0.005366727,1
gwcs,../roman/.data/build21/r0000101001001001001_0001_wfi07_f158_cal.asdf,wfi07,eval,10,56,0.005057046,1
gwcs,../roman/.data/build21/r0000101001001001001_0001_wfi07_f158_cal.asdf,wfi07,eval,10,57,0.005192493,1
gwcs,../roman/.data/build21/r0000101001001001001_0001_wfi07_f158_cal.asdf,wfi07,eval,10,58,0.005140037,1
gwcs,../roman/.data/build21/r0000101001001001001_0001_wfi07_f158_cal.asdf,wfi07,eval,10,59,0.005203525,1
gwcs,../roman/.data/build21/r0000101001001001001_0001_wfi07_f158_cal.asdf,wfi07,eval,10,60,0.005126563,1
gwcs,../roman/.data/build21/r0000101001001001001_0001_wfi07_f158_cal.asdf,wfi07,eval,10,61,0.005209643,1
gwcs,../roman/.data/build21/r0000101001001001001_0001_wfi07_f158_cal.asdf,wfi07,eval,10,62,0.005243825,1
gwcs,../roman/.data/build21/r0000101001001001001_0001_wfi07_f158_cal.asdf,wfi07,eval,10,63,0.005243237,1
gwcs,../roman/.data/build21/r0000101001001001001_0001_wfi07_f158_cal.asdf,wfi07,eval,10,64,0.005193958,1
gwcs,../roman/.data/build21/r0000101001001001001_0001_wfi07_f158_cal.asdf,wfi07,eval,10,65,0.005206779,1
gwcs,../roman/.data/build21/r0000101001001001001_0001_wfi07_f158_cal.asdf,wfi07,eval,10,66,0.005223084,1
gwcs,../roman/.data/build21/r0000101001001001001_0001_wfi07_f158_cal.asdf,wfi07,eval,10,67,0.005041265,1
gwcs,../roman/.data/build21/r0000101001001001001_0001_wfi07_f158_cal.asdf,wfi07,eval,10,68,0.005334358,1
gwcs,../roman/.data/build21/r0000101001001001001_0001_wfi07_f158_cal.asdf,wfi07,eval,10,69,0.005088846,1
gwcs,../roman/.data/build21/r0000101001001001001_0001_wfi07_f158_cal.asdf,wfi07,eval,10,70,0.005233964,1
gwcs,../roman/.data/build21/r0000101001001001001_0001_wfi07_f158_cal.asdf,wfi07,eval,10,71,0.005218467,1
gwcs,../roman/.data/build21/r0000101001001001001_0001_wfi07_f158_cal.asdf,wfi07,eval,10,72,0.005154508,1
gwcs,../roman/.data/build21/r0000101001001001001_0001_wfi07_f158_cal.asdf,wfi07,eval,10,73,0.005049223,1
gwcs,../roman/.data/build21/r0000101001001001001_0001_wfi07_f158_cal.asdf,wfi07,eval,10,74,0.005290133,1
gwcs,../roman/.data/build21/r0000101001001001001_0001_wfi07_f158_cal.asdf,wfi07,eval,10,75,0.005060305,1
gwcs,../roman/.data/build21/r0000101001001001001_0001_wfi07_f158_cal.asdf,wfi07,eval,10,76,0.005389187,1
gwcs,../roman/.data/build21/r0000101001001001001_0001_wfi07_f158_cal.asdf,wfi07,eval,10,77,0.005087151,1
gwcs,../roman/.data/build21/r0000101001001001001_0001_wfi07_f158_cal.asdf,wfi07,eval,10,78,0.011047170,1
gwcs,../roman/.data/build21/r0000101001001001001_0001_wfi07_f158_cal.asdf,wfi07,eval,10,79,0.006766009,1
gwcs,../roman/.data/build21/r0000101001001001001_0001_wfi07_f158_cal.asdf,wfi07,eval,10,80,0.004982053,1
gwcs,../roman/.data/build21/r0000101001001001001_0001_wfi07_f158_cal.asdf,wfi07,eval,10,81,0.004958426,1
gwcs,../roman/.data/build21/r0000101001001001001_0001_wfi07_f158_cal.asdf,wfi07,eval,10,82,0.005248344,1
gwcs,../roman/.data/build21/r0000101001001001001_0001_wfi07_f158_cal.asdf,wfi07,eval,10,83,0.005288173,1
gwcs,../roman/.data/build21/r0000101001001001001_0001_wfi07_f158_cal.asdf,wfi07,eval,10,84,0.005173977,1
gwcs,../roman/.data/build21/r0000101001001001001_0001_wfi07_f158_cal.asdf,wfi07,eval,10,85,0.005363534,1
gwcs,../roman/.data/build21/r0000101001001001001_0001_wfi07_f158_cal.asdf,wfi07,eval,10,86,0.007425442,1
gwcs,../roman/.data/build21/r0000101001001001001_0001_wfi07_f158_cal.asdf,wfi07,eval,10,87,0.008104590,1
gwcs,../roman/.data/build21/r0000101001001001001_0001_wfi07_f158_cal.asdf,wfi07,eval,10,88,0.005534596,1
gwcs,../roman/.data/build21/r0000101001001001001_0001_wfi07_f158_cal.asdf,wfi07,eval,10,89,0.005137246,1
gwcs,../roman/.data/build21/r0000101001001001001_0001_wfi07_f158_cal.asdf,wfi07,eval,10,90,0.005073577,1
gwcs,../roman/.data/build21/r0000101001001001001_0001_wfi07_f158_cal.asdf,wfi07,eval,10,91,0.005109247,1
gwcs,../roman/.data/build21/r0000101001001001001_0001_wfi07_f158_cal.asdf,wfi07,eval,10,92,0.004904680,1
gwcs,../roman/.data/build21/r0000101001001001001_0001_wfi07_f158_cal.asdf,wfi07,eval,10,93,0.004975800,1
gwcs,../roman/.data/build21/r0000101001001001001_0001_wfi07_f158_cal.asdf,wfi07,eval,10,94,0.005083323,1
gwcs,../roman/.data/build21/r0000101001001001001_0001_wfi07_f158_cal.asdf,wfi07,eval,10,95,0.004962596,1
gwcs,../roman/.data/build21/r0000101001001001001_0001_wfi07_f158_cal.asdf,wfi07,eval,10,96,0.004872669,1
gwcs,../roman/.data/build21/r0000101001001001001_0001_wfi07_f158_cal.asdf,wfi07,eval,10,97,0.005052737,1
gwcs,../roman/.data/build21/r0000101001001001001_0001_wfi07_f158_cal.asdf,wfi07,eval,10,98,0.004937922,1
gwcs,../roman/.data/build21/r0000101001001001001_0001_wfi07_f158_cal.asdf,wfi07,eval,10,99,0.004865768,1
gwcs,../roman/.data/build21/r0000101001001001001_0001_wfi07_f158_cal.asdf,wfi07,eval,100,0,0.005119781,1
gwcs,../roman/.data/build21/r0000101001001001001_0001_wfi07_f158_cal.asdf,wfi07,eval,100,1,0.005339399,1
gwcs,../roman/.data/build21/r0000101001001001001_0001_wfi07_f158_cal.asdf,wfi07,eval,100,2,0.004973673,1
gwcs,../roman/.data/build21/r0000101001001001001_0001_wfi07_f158_cal.asdf,wfi07,eval,100,3,0.004951733,1
gwcs,../roman/.data/build21/r0000101001001001001_0001_wfi07_f158_cal.asdf,wfi07,eval,100,4,0.005162784,1
gwcs,../roman/.data/build21/r0000101001001001001_0001_wfi07_f158_cal.asdf,wfi07,eval,100,5,0.006226931,1
gwcs,../roman/.data/build21/r0000101001001001001_0001_wfi07_f158_cal.asdf,wfi07,eval,100,6,0.004992571,1
gwcs,../roman/.data/build21/r0000101001001001001_0001_wfi07_f158_cal.asdf,wfi07,eval,100,7,0.005049789,1
gwcs,../roman/.data/build21/r0000101001001001001_0001_wfi07_f158_cal.asdf,wfi07,eval,100,8,0.004942193,1
gwcs,../roman/.data/build21/r0000101001001001001_0001_wfi07_f158_cal.asdf,wfi07,eval,100,9,0.004927997,1
gwcs,../roman/.data/build21/r0000101001001001001_0001_wfi07_f158_cal.asdf,wfi07,eval,100,10,0.005147059,1
gwcs,../roman/.data/build21/r0000101001001001001_0001_wfi07_f158_cal.asdf,wfi07,eval,100,11,0.004936988,1
gwcs,../roman/.data/build21/r0000101001001001001_0001_wfi07_f158_cal.asdf,wfi07,eval,100,12,0.004899203,1
gwcs,../roman/.data/build21/r0000101001001001001_0001_wfi07_f158_cal.asdf,wfi07,eval,100,13,0.004960538,1
gwcs,../roman/.data/build21/r0000101001001001001_0001_wfi07_f158_cal.asdf,wfi07,eval,100,14,0.005057367,1
gwcs,../roman/.data/build21/r0000101001001001001_0001_wfi07_f158_cal.asdf,wfi07,eval,100,15,0.004967862,1
gwcs,../roman/.data/build21/r0000101001001001001_0001_wfi07_f158_cal.asdf,wfi07,eval,100,16,0.004917117,1
gwcs,../roman/.data/build21/r0000101001001001001_0001_wfi07_f158_cal.asdf,wfi07,eval,100,17,0.004971537,1
gwcs,../roman/.data/build21/r0000101001001001001_0001_wfi07_f158_cal.asdf,wfi07,eval,100,18,0.005060904,1
gwcs,../roman/.data/build21/r0000101001001001001_0001_wfi07_f158_cal.asdf,wfi07,eval,100,19,0.004912484,1
gwcs,../roman/.data/build21/r0000101001001001001_0001_wfi07_f158_cal.asdf,wfi07,eval,100,20,0.004912672,1
gwcs,../roman/.data/build21/r0000101001001001001_0001_wfi07_f158_cal.asdf,wfi07,eval,100,21,0.005152309,1
gwcs,../roman/.data/build21/r0000101001001001001_0001_wfi07_f158_cal.asdf,wfi07,eval,100,22,0.004980090,1
gwcs,../roman/.data/build21/r0000101001001001001_0001_wfi07_f158_cal.asdf,wfi07,eval,100,23,0.004892534,1
gwcs,../roman/.data/build21/r0000101001001001001_0001_wfi07_f158_cal.asdf,wfi07,eval,100,24,0.005072377,1
gwcs,../roman/.data/build21/r0000101001001001001_0001_wfi07_f158_cal.asdf,wfi07,eval,100,25,0.005024589,1
gwcs,../roman/.data/build21/r0000101001001001001_0001_wfi07_f158_cal.asdf,wfi07,eval,100,26,0.004961391,1
gwcs,../roman/.data/build21/r0000101001001001001_0001_wfi07_f158_cal.asdf,wfi07,eval,100,27,0.004943048,1
gwcs,../roman/.data/build21/r0000101001001001001_0001_wfi07_f158_cal.asdf,wfi07,eval,100,28,0.005052385,1
gwcs,../roman/.data/build21/r0000101001001001001_0001_wfi07_f158_cal.asdf,wfi07,eval,100,29,0.004878542,1
gwcs,../roman/.data/build21/r0000101001001001001_0001_wfi07_f158_cal.asdf,wfi07,eval,100,30,0.005354747,1
gwcs,../roman/.data/build21/r0000101001001001001_0001_wfi07_f158_cal.asdf,wfi07,eval,100,31,0.005095690,1
gwcs,../roman/.data/build21/r0000101001001001001_0001_wfi07_f158_cal.asdf,wfi07,eval,100,32,0.004929249,1
gwcs,../roman/.data/build21/r0000101001001001001_0001_wfi07_f158_cal.asdf,wfi07,eval,100,33,0.004894683,1
gwcs,../roman/.data/build21/r0000101001001001001_0001_wfi07_f158_cal.asdf,wfi07,eval,100,34,0.005071514,1
gwcs,../roman/.data/build21/r0000101001001001001_0001_wfi07_f158_cal.asdf,wfi07,eval,100,35,0.004944565,1
gwcs,../roman/.data/build21/r0000101001001001001_0001_wfi07_f158_cal.asdf,wfi07,eval,100,36,0.004912422,1
gwcs,../roman/.data/build21/r0000101001001001001_0001_wfi07_f158_cal.asdf,wfi07,eval,100,37,0.004996971,1
gwcs,../roman/.data/build21/r0000101001001001001_0001_wfi07_f158_cal.asdf,wfi07,eval,100,38,0.005029863,1
gwcs,../roman/.data/build21/r0000101001001001001_0001_wfi07_f158_cal.asdf,wfi07,eval,100,39,0.004902659,1
gwcs,../roman/.data/build21/r0000101001001001001_0001_wfi07_f158_cal.asdf,wfi07,eval,100,40,0.004896891,1
gwcs,../roman/.data/build21/r0000101001001001001_0001_wfi07_f158_cal.asdf,wfi07,eval,100,41,0.005069164,1
gwcs,../roman/.data/build21/r0000101001001001001_0001_wfi07_f158_cal.asdf,wfi07,eval,100,42,0.004927720,1
gwcs,../roman/.data/build21/r0000101001001001001_0001_wfi07_f158_cal.asdf,wfi07,eval,100,43,0.004924813,1
gwcs,../roman/.data/build21/r0000101001001001001_0001_wfi07_f158_cal.asdf,wfi07,eval,100,44,0.005031195,1
gwcs,../roman/.data/build21/r0000101001001001001_0001_wfi07_f158_cal.asdf,wfi07,eval,100,45,0.004964920,1
gwcs,../roman/.data/build21/r0000101001001001001_0001_wfi07_f158_cal.asdf,wfi07,eval,100,46,0.004891369,1
gwcs,../roman/.data/build21/r0000101001001001001_0001_wfi07_f158_cal.asdf,wfi07,eval,100,47,0.004948104,1
gwcs,../roman/.data/build21/r0000101001001001001_0001_wfi07_f158_cal.asdf,wfi07,eval,100,48,0.005066631,1
gwcs,../roman/.data/build21/r0000101001001001001_0001_wfi07_f158_cal.asdf,wfi07,eval,100,49,0.004928499,1
gwcs,../roman/.data/build21/r0000101001001001001_0001_wfi07_f158_cal.asdf,wfi07,eval,1000,0,0.005590409,1
gwcs,../roman/.data/build21/r0000101001001001001_0001_wfi07_f158_cal.asdf,wfi07,eval,1000,1,0.005879677,1
gwcs,../roman/.data/build21/r0000101001001001001_0001_wfi07_f158_cal.asdf,wfi07,eval,1000,2,0.008489007,1
gwcs,../roman/.data/build21/r0000101001001001001_0001_wfi07_f158_cal.asdf,wfi07,eval,1000,3,0.005542795,1
gwcs,../roman/.data/build21/r0000101001001001001_0001_wfi07_f158_cal.asdf,wfi07,eval,1000,4,0.005414127,1
gwcs,../roman/.data/build21/r0000101001001001001_0001_wfi07_f158_cal.asdf,wfi07,eval,1000,5,0.005295573,1
gwcs,../roman/.data/build21/r0000101001001001001_0001_wfi07_f158_cal.asdf,wfi07,eval,1000,6,0.005463364,1
gwcs,../roman/.data/build21/r0000101001001001001_0001_wfi07_f158_cal.asdf,wfi07,eval,1000,7,0.005443157,1
gwcs,../roman/.data/build21/r0000101001001001001_0001_wfi07_f158_cal.asdf,wfi07,eval,1000,8,0.005562508,1
gwcs,../roman/.data/build21/r0000101001001001001_0001_wfi07_f158_cal.asdf,wfi07,eval,1000,9,0.005451161,1
gwcs,../roman/.data/build21/r0000101001001001001_0001_wfi07_f158_cal.asdf,wfi07,eval,1000,10,0.005318651,1
gwcs,../roman/.data/build21/r0000101001001001001_0001_wfi07_f158_cal.asdf,wfi07,eval,1000,11,0.005380177,1
gwcs,../roman/.data/build21/r0000101001001001001_0001_wfi07_f158_cal.asdf,wfi07,eval,1000,12,0.005363402,1
gwcs,../roman/.data/build21/r0000101001001001001_0001_wfi07_f158_cal.asdf,wfi07,eval,1000,13,0.005544567,1
gwcs,../roman/.data/build21/r0000101001001001001_0001_wfi07_f158_cal.asdf,wfi07,eval,1000,14,0.005477653,1
gwcs,../roman/.data/build21/r0000101001001001001_0001_wfi07_f158_cal.asdf,wfi07,eval,1000,15,0.005401666,1
gwcs,../roman/.data/build21/r0000101001001001001_0001_wfi07_f158_cal.asdf,wfi07,eval,1000,16,0.005489866,1
gwcs,../roman/.data/build21/r0000101001001001001_0001_wfi07_f158_cal.asdf,wfi07,eval,1000,17,0.005340755,1
gwcs,../roman/.data/build21/r0000101001001001001_0001_wfi07_f158_cal.asdf,wfi07,eval,1000,18,0.005358376,1
gwcs,../roman/.data/build21/r0000101001001001001_0001_wfi07_f158_cal.asdf,wfi07,eval,1000,19,0.005491458,1
gwcs,../roman/.data/build21/r0000101001001001001_0001_wfi07_f158_cal.asdf,wfi07,eval,10000,0,0.008843496,1
gwcs,../roman/.data/build21/r0000101001001001001_0001_wfi07_f158_cal.asdf,wfi07,eval,10000,1,0.008755902,1
gwcs,../roman/.data/build21/r0000101001001001001_0001_wfi07_f158_cal.asdf,wfi07,eval,10000,2,0.008451090,1
gwcs,../roman/.data/build21/r0000101001001001001_0001_wfi07_f158_cal.asdf,wfi07,eval,10000,3,0.008580039,1
gwcs,../roman/.data/build21/r0000101001001001001_0001_wfi07_f158_cal.asdf,wfi07,eval,10000,4,0.008450460,1
gwcs,../roman/.data/build21/r0000101001001001001_0001_wfi07_f158_cal.asdf,wfi07,eval,10000,5,0.009419139,1
gwcs,../roman/.data/build21/r0000101001001001001_0001_wfi07_f158_cal.asdf,wfi07,eval,10000,6,0.008701923,1
gwcs,../roman/.data/build21/r0000101001001001001_0001_wfi07_f158_cal.asdf,wfi07,eval,10000,7,0.008441786,1
gwcs,../roman/.data/build21/r0000101001001001001_0001_wfi07_f158_cal.asdf,wfi07,eval,10000,8,0.008382862,1
gwcs,../roman/.data/build21/r0000101001001001001_0001_wfi07_f158_cal.asdf,wfi07,eval,10000,9,0.008610860,1
gwcs,../roman/.data/build21/r0000101001001001001_0001_wfi07_f158_cal.asdf,wfi07,eval,100000,0,0.038414815,1
gwcs,../roman/.data/build21/r0000101001001001001_0001_wfi07_f158_cal.asdf,wfi07,eval,100000,1,0.038227895,1
gwcs,../roman/.data/build21/r0000101001001001001_0001_wfi07_f158_cal.asdf,wfi07,eval,100000,2,0.037804271,1
gwcs,../roman/.data/build21/r0000101001001001001_0001_wfi07_f158_cal.asdf,wfi07,eval,100000,3,0.037879099,1
gwcs,../roman/.data/build21/r0000101001001001001_0001_wfi07_f158_cal.asdf,wfi07,eval,100000,4,0.037753669,1
gwcs,../roman/.data/build21/r0000101001001001001_0001_wfi07_f158_cal.asdf,wfi07,eval,1000000,0,0.386286615,1
gwcs,../roman/.data/build21/r0000101001001001001_0001_wfi07_f158_cal.asdf,wfi07,eval,1000000,1,0.394205187,1
gwcs,../roman/.data/build21/r0000101001001001001_0001_wfi07_f158_cal.asdf,wfi07,eval,1000000,2,0.389545773,1
gwcs,../roman/.data/build21/r0000101001001001001_0001_wfi07_f158_cal.asdf,wfi07,eval,10000000,0,3.893975733,1
gwcs,../roman/.data/build21/r0000101001001001001_0001_wfi07_f158_cal.asdf,wfi07,eval,10000000,1,3.914594555,1
gwcs,../roman/.data/build21/r0000101001001001001_0001_wfi07_f158_cal.asdf,wfi07,eval,16711744,0,6.561291488,1
gwcs,../roman/.data/build21/r0000101001001001001_0001_wfi07_f158_cal.asdf,wfi07,eval,16711744,1,6.593078654,1
gwcs,../roman/.data/build21/r0000101001001001001_0001_wfi08_f158_cal.asdf,wfi08,parse_cold,0,0,0.783840238,1
gwcs,../roman/.data/build21/r0000101001001001001_0001_wfi08_f158_cal.asdf,wfi08,parse_hot,0,0,0.538149911,1
gwcs,../roman/.data/build21/r0000101001001001001_0001_wfi08_f158_cal.asdf,wfi08,eval,1,0,0.005626127,1
gwcs,../roman/.data/build21/r0000101001001001001_0001_wfi08_f158_cal.asdf,wfi08,eval,1,1,0.005468804,1
gwcs,../roman/.data/build21/r0000101001001001001_0001_wfi08_f158_cal.asdf,wfi08,eval,1,2,0.004891436,1
gwcs,../roman/.data/build21/r0000101001001001001_0001_wfi08_f158_cal.asdf,wfi08,eval,1,3,0.005290875,1
gwcs,../roman/.data/build21/r0000101001001001001_0001_wfi08_f158_cal.asdf,wfi08,eval,1,4,0.004790561,1
gwcs,../roman/.data/build21/r0000101001001001001_0001_wfi08_f158_cal.asdf,wfi08,eval,1,5,0.004850401,1
gwcs,../roman/.data/build21/r0000101001001001001_0001_wfi08_f158_cal.asdf,wfi08,eval,1,6,0.004985914,1
gwcs,../roman/.data/build21/r0000101001001001001_0001_wfi08_f158_cal.asdf,wfi08,eval,1,7,0.004833343,1
gwcs,../roman/.data/build21/r0000101001001001001_0001_wfi08_f158_cal.asdf,wfi08,eval,1,8,0.004764173,1
gwcs,../roman/.data/build21/r0000101001001001001_0001_wfi08_f158_cal.asdf,wfi08,eval,1,9,0.005041909,1
gwcs,../roman/.data/build21/r0000101001001001001_0001_wfi08_f158_cal.asdf,wfi08,eval,1,10,0.005028505,1
gwcs,../roman/.data/build21/r0000101001001001001_0001_wfi08_f158_cal.asdf,wfi08,eval,1,11,0.004758180,1
gwcs,../roman/.data/build21/r0000101001001001001_0001_wfi08_f158_cal.asdf,wfi08,eval,1,12,0.004781416,1
gwcs,../roman/.data/build21/r0000101001001001001_0001_wfi08_f158_cal.asdf,wfi08,eval,1,13,0.005065297,1
gwcs,../roman/.data/build21/r0000101001001001001_0001_wfi08_f158_cal.asdf,wfi08,eval,1,14,0.004762321,1
gwcs,../roman/.data/build21/r0000101001001001001_0001_wfi08_f158_cal.asdf,wfi08,eval,1,15,0.004735703,1
gwcs,../roman/.data/build21/r0000101001001001001_0001_wfi08_f158_cal.asdf,wfi08,eval,1,16,0.005089586,1
gwcs,../roman/.data/build21/r0000101001001001001_0001_wfi08_f158_cal.asdf,wfi08,eval,1,17,0.004809892,1
gwcs,../roman/.data/build21/r0000101001001001001_0001_wfi08_f158_cal.asdf,wfi08,eval,1,18,0.004875920,1
gwcs,../roman/.data/build21/r0000101001001001001_0001_wfi08_f158_cal.asdf,wfi08,eval,1,19,0.005030674,1
gwcs,../roman/.data/build21/r0000101001001001001_0001_wfi08_f158_cal.asdf,wfi08,eval,1,20,0.004936489,1
gwcs,../roman/.data/build21/r0000101001001001001_0001_wfi08_f158_cal.asdf,wfi08,eval,1,21,0.004864965,1
gwcs,../roman/.data/build21/r0000101001001001001_0001_wfi08_f158_cal.asdf,wfi08,eval,1,22,0.007126748,1
gwcs,../roman/.data/build21/r0000101001001001001_0001_wfi08_f158_cal.asdf,wfi08,eval,1,23,0.004948401,1
gwcs,../roman/.data/build21/r0000101001001001001_0001_wfi08_f158_cal.asdf,wfi08,eval,1,24,0.004744657,1
gwcs,../roman/.data/build21/r0000101001001001001_0001_wfi08_f158_cal.asdf,wfi08,eval,1,25,0.004949015,1
gwcs,../roman/.data/build21/r0000101001001001001_0001_wfi08_f158_cal.asdf,wfi08,eval,1,26,0.004775849,1
gwcs,../roman/.data/build21/r0000101001001001001_0001_wfi08_f158_cal.asdf,wfi08,eval,1,27,0.004789283,1
gwcs,../roman/.data/build21/r0000101001001001001_0001_wfi08_f158_cal.asdf,wfi08,eval,1,28,0.004736945,1
gwcs,../roman/.data/build21/r0000101001001001001_0001_wfi08_f158_cal.asdf,wfi08,eval,1,29,0.004987811,1
gwcs,../roman/.data/build21/r0000101001001001001_0001_wfi08_f158_cal.asdf,wfi08,eval,1,30,0.005066913,1
gwcs,../roman/.data/build21/r0000101001001001001_0001_wfi08_f158_cal.asdf,wfi08,eval,1,31,0.004951707,1
gwcs,../roman/.data/build21/r0000101001001001001_0001_wfi08_f158_cal.asdf,wfi08,eval,1,32,0.004928283,1
gwcs,../roman/.data/build21/r0000101001001001001_0001_wfi08_f158_cal.asdf,wfi08,eval,1,33,0.004993335,1
gwcs,../roman/.data/build21/r0000101001001001001_0001_wfi08_f158_cal.asdf,wfi08,eval,1,34,0.005034891,1
gwcs,../roman/.data/build21/r0000101001001001001_0001_wfi08_f158_cal.asdf,wfi08,eval,1,35,0.004897434,1
gwcs,../roman/.data/build21/r0000101001001001001_0001_wfi08_f158_cal.asdf,wfi08,eval,1,36,0.005764256,1
gwcs,../roman/.data/build21/r0000101001001001001_0001_wfi08_f158_cal.asdf,wfi08,eval,1,37,0.004772365,1
gwcs,../roman/.data/build21/r0000101001001001001_0001_wfi08_f158_cal.asdf,wfi08,eval,1,38,0.004732726,1
gwcs,../roman/.data/build21/r0000101001001001001_0001_wfi08_f158_cal.asdf,wfi08,eval,1,39,0.004747604,1
gwcs,../roman/.data/build21/r0000101001001001001_0001_wfi08_f158_cal.asdf,wfi08,eval,1,40,0.004828142,1
gwcs,../roman/.data/build21/r0000101001001001001_0001_wfi08_f158_cal.asdf,wfi08,eval,1,41,0.004744967,1
gwcs,../roman/.data/build21/r0000101001001001001_0001_wfi08_f158_cal.asdf,wfi08,eval,1,42,0.004818438,1
gwcs,../roman/.data/build21/r0000101001001001001_0001_wfi08_f158_cal.asdf,wfi08,eval,1,43,0.004834070,1
gwcs,../roman/.data/build21/r0000101001001001001_0001_wfi08_f158_cal.asdf,wfi08,eval,1,44,0.004773687,1
gwcs,../roman/.data/build21/r0000101001001001001_0001_wfi08_f158_cal.asdf,wfi08,eval,1,45,0.004717970,1
gwcs,../roman/.data/build21/r0000101001001001001_0001_wfi08_f158_cal.asdf,wfi08,eval,1,46,0.004814028,1
gwcs,../roman/.data/build21/r0000101001001001001_0001_wfi08_f158_cal.asdf,wfi08,eval,1,47,0.004782428,1
gwcs,../roman/.data/build21/r0000101001001001001_0001_wfi08_f158_cal.asdf,wfi08,eval,1,48,0.004722561,1
gwcs,../roman/.data/build21/r0000101001001001001_0001_wfi08_f158_cal.asdf,wfi08,eval,1,49,0.004753359,1
gwcs,../roman/.data/build21/r0000101001001001001_0001_wfi08_f158_cal.asdf,wfi08,eval,1,50,0.004795574,1
gwcs,../roman/.data/build21/r0000101001001001001_0001_wfi08_f158_cal.asdf,wfi08,eval,1,51,0.004796732,1
gwcs,../roman/.data/build21/r0000101001001001001_0001_wfi08_f158_cal.asdf,wfi08,eval,1,52,0.004801176,1
gwcs,../roman/.data/build21/r0000101001001001001_0001_wfi08_f158_cal.asdf,wfi08,eval,1,53,0.004747578,1
gwcs,../roman/.data/build21/r0000101001001001001_0001_wfi08_f158_cal.asdf,wfi08,eval,1,54,0.004820402,1
gwcs,../roman/.data/build21/r0000101001001001001_0001_wfi08_f158_cal.asdf,wfi08,eval,1,55,0.004722157,1
gwcs,../roman/.data/build21/r0000101001001001001_0001_wfi08_f158_cal.asdf,wfi08,eval,1,56,0.004995354,1
gwcs,../roman/.data/build21/r0000101001001001001_0001_wfi08_f158_cal.asdf,wfi08,eval,1,57,0.004878110,1
gwcs,../roman/.data/build21/r0000101001001001001_0001_wfi08_f158_cal.asdf,wfi08,eval,1,58,0.005166289,1
gwcs,../roman/.data/build21/r0000101001001001001_0001_wfi08_f158_cal.asdf,wfi08,eval,1,59,0.004878731,1
gwcs,../roman/.data/build21/r0000101001001001001_0001_wfi08_f158_cal.asdf,wfi08,eval,1,60,0.005168498,1
gwcs,../roman/.data/build21/r0000101001001001001_0001_wfi08_f158_cal.asdf,wfi08,eval,1,61,0.004927787,1
gwcs,../roman/.data/build21/r0000101001001001001_0001_wfi08_f158_cal.asdf,wfi08,eval,1,62,0.005032703,1
gwcs,../roman/.data/build21/r0000101001001001001_0001_wfi08_f158_cal.asdf,wfi08,eval,1,63,0.004836279,1
gwcs,../roman/.data/build21/r0000101001001001001_0001_wfi08_f158_cal.asdf,wfi08,eval,1,64,0.005179912,1
gwcs,../roman/.data/build21/r0000101001001001001_0001_wfi08_f158_cal.asdf,wfi08,eval,1,65,0.004952624,1
gwcs,../roman/.data/build21/r0000101001001001001_0001_wfi08_f158_cal.asdf,wfi08,eval,1,66,0.005230136,1
gwcs,../roman/.data/build21/r0000101001001001001_0001_wfi08_f158_cal.asdf,wfi08,eval,1,67,0.005009864,1
gwcs,../roman/.data/build21/r0000101001001001001_0001_wfi08_f158_cal.asdf,wfi08,eval,1,68,0.005034774,1
gwcs,../roman/.data/build21/r0000101001001001001_0001_wfi08_f158_cal.asdf,wfi08,eval,1,69,0.005066650,1
gwcs,../roman/.data/build21/r0000101001001001001_0001_wfi08_f158_cal.asdf,wfi08,eval,1,70,0.005093232,1
gwcs,../roman/.data/build21/r0000101001001001001_0001_wfi08_f158_cal.asdf,wfi08,eval,1,71,0.005026060,1
gwcs,../roman/.data/build21/r0000101001001001001_0001_wfi08_f158_cal.asdf,wfi08,eval,1,72,0.004912112,1
gwcs,../roman/.data/build21/r0000101001001001001_0001_wfi08_f158_cal.asdf,wfi08,eval,1,73,0.005158726,1
gwcs,../roman/.data/build21/r0000101001001001001_0001_wfi08_f158_cal.asdf,wfi08,eval,1,74,0.005035577,1
gwcs,../roman/.data/build21/r0000101001001001001_0001_wfi08_f158_cal.asdf,wfi08,eval,1,75,0.005228896,1
gwcs,../roman/.data/build21/r0000101001001001001_0001_wfi08_f158_cal.asdf,wfi08,eval,1,76,0.004937141,1
gwcs,../roman/.data/build21/r0000101001001001001_0001_wfi08_f158_cal.asdf,wfi08,eval,1,77,0.005226651,1
gwcs,../roman/.data/build21/r0000101001001001001_0001_wfi08_f158_cal.asdf,wfi08,eval,1,78,0.004901708,1
gwcs,../roman/.data/build21/r0000101001001001001_0001_wfi08_f158_cal.asdf,wfi08,eval,1,79,0.005135333,1
gwcs,../roman/.data/build21/r0000101001001001001_0001_wfi08_f158_cal.asdf,wfi08,eval,1,80,0.004962071,1
gwcs,../roman/.data/build21/r0000101001001001001_0001_wfi08_f158_cal.asdf,wfi08,eval,1,81,0.005186658,1
gwcs,../roman/.data/build21/r0000101001001001001_0001_wfi08_f158_cal.asdf,wfi08,eval,1,82,0.004971886,1
gwcs,../roman/.data/build21/r0000101001001001001_0001_wfi08_f158_cal.asdf,wfi08,eval,1,83,0.005126502,1
gwcs,../roman/.data/build21/r0000101001001001001_0001_wfi08_f158_cal.asdf,wfi08,eval,1,84,0.004979852,1
gwcs,../roman/.data/build21/r0000101001001001001_0001_wfi08_f158_cal.asdf,wfi08,eval,1,85,0.005201924,1
gwcs,../roman/.data/build21/r0000101001001001001_0001_wfi08_f158_cal.asdf,wfi08,eval,1,86,0.005016646,1
gwcs,../roman/.data/build21/r0000101001001001001_0001_wfi08_f158_cal.asdf,wfi08,eval,1,87,0.005131143,1
gwcs,../roman/.data/build21/r0000101001001001001_0001_wfi08_f158_cal.asdf,wfi08,eval,1,88,0.004989933,1
gwcs,../roman/.data/build21/r0000101001001001001_0001_wfi08_f158_cal.asdf,wfi08,eval,1,89,0.005032857,1
gwcs,../roman/.data/build21/r0000101001001001001_0001_wfi08_f158_cal.asdf,wfi08,eval,1,90,0.005288566,1
gwcs,../roman/.data/build21/r0000101001001001001_0001_wfi08_f158_cal.asdf,wfi08,eval,1,91,0.005312864,1
gwcs,../roman/.data/build21/r0000101001001001001_0001_wfi08_f158_cal.asdf,wfi08,eval,1,92,0.006907946,1
gwcs,../roman/.data/build21/r0000101001001001001_0001_wfi08_f158_cal.asdf,wfi08,eval,1,93,0.005429277,1
gwcs,../roman/.data/build21/r0000101001001001001_0001_wfi08_f158_cal.asdf,wfi08,eval,1,94,0.005366487,1
gwcs,../roman/.data/build21/r0000101001001001001_0001_wfi08_f158_cal.asdf,wfi08,eval,1,95,0.005675467,1
gwcs,../roman/.data/build21/r0000101001001001001_0001_wfi08_f158_cal.asdf,wfi08,eval,1,96,0.004911002,1
gwcs,../roman/.data/build21/r0000101001001001001_0001_wfi08_f158_cal.asdf,wfi08,eval,1,97,0.005084083,1
gwcs,../roman/.data/build21/r0000101001001001001_0001_wfi08_f158_cal.asdf,wfi08,eval,1,98,0.004964182,1
gwcs,../roman/.data/build21/r0000101001001001001_0001_wfi08_f158_cal.asdf,wfi08,eval,1,99,0.005189237,1
gwcs,../roman/.data/build21/r0000101001001001001_0001_wfi08_f158_cal.asdf,wfi08,eval,10,0,0.005274850,1
gwcs,../roman/.data/build21/r0000101001001001001_0001_wfi08_f158_cal.asdf,wfi08,eval,10,1,0.005295664,1
gwcs,../roman/.data/build21/r0000101001001001001_0001_wfi08_f158_cal.asdf,wfi08,eval,10,2,0.005386740,1
gwcs,../roman/.data/build21/r0000101001001001001_0001_wfi08_f158_cal.asdf,wfi08,eval,10,3,0.005324888,1
gwcs,../roman/.data/build21/r0000101001001001001_0001_wfi08_f158_cal.asdf,wfi08,eval,10,4,0.005027895,1
gwcs,../roman/.data/build21/r0000101001001001001_0001_wfi08_f158_cal.asdf,wfi08,eval,10,5,0.005172763,1
gwcs,../roman/.data/build21/r0000101001001001001_0001_wfi08_f158_cal.asdf,wfi08,eval,10,6,0.005037819,1
gwcs,../roman/.data/build21/r0000101001001001001_0001_wfi08_f158_cal.asdf,wfi08,eval,10,7,0.005030829,1
gwcs,../roman/.data/build21/r0000101001001001001_0001_wfi08_f158_cal.asdf,wfi08,eval,10,8,0.004945057,1
gwcs,../roman/.data/build21/r0000101001001001001_0001_wfi08_f158_cal.asdf,wfi08,eval,10,9,0.005531559,1
gwcs,../roman/.data/build21/r0000101001001001001_0001_wfi08_f158_cal.asdf,wfi08,eval,10,10,0.005874954,1
gwcs,../roman/.data/build21/r0000101001001001001_0001_wfi08_f158_cal.asdf,wfi08,eval,10,11,0.005075390,1
gwcs,../roman/.data/build21/r0000101001001001001_0001_wfi08_f158_cal.asdf,wfi08,eval,10,12,0.005321788,1
gwcs,../roman/.data/build21/r0000101001001001001_0001_wfi08_f158_cal.asdf,wfi08,eval,10,13,0.004898949,1
gwcs,../roman/.data/build21/r0000101001001001001_0001_wfi08_f158_cal.asdf,wfi08,eval,10,14,0.005037126,1
gwcs,../roman/.data/build21/r0000101001001001001_0001_wfi08_f158_cal.asdf,wfi08,eval,10,15,0.005201369,1
gwcs,../roman/.data/build21/r0000101001001001001_0001_wfi08_f158_cal.asdf,wfi08,eval,10,16,0.004959981,1
gwcs,../roman/.data/build21/r0000101001001001001_0001_wfi08_f158_cal.asdf,wfi08,eval,10,17,0.004942350,1
gwcs,../roman/.data/build21/r0000101001001001001_0001_wfi08_f158_cal.asdf,wfi08,eval,10,18,0.004942791,1
gwcs,../roman/.data/build21/r0000101001001001001_0001_wfi08_f158_cal.asdf,wfi08,eval,10,19,0.005256218,1
gwcs,../roman/.data/build21/r0000101001001001001_0001_wfi08_f158_cal.asdf,wfi08,eval,10,20,0.004904063,1
gwcs,../roman/.data/build21/r0000101001001001001_0001_wfi08_f158_cal.asdf,wfi08,eval,10,21,0.004923802,1
gwcs,../roman/.data/build21/r0000101001001001001_0001_wfi08_f158_cal.asdf,wfi08,eval,10,22,0.005223031,1
gwcs,../roman/.data/build21/r0000101001001001001_0001_wfi08_f158_cal.asdf,wfi08,eval,10,23,0.005017680,1
gwcs,../roman/.data/build21/r0000101001001001001_0001_wfi08_f158_cal.asdf,wfi08,eval,10,24,0.005065216,1
gwcs,../roman/.data/build21/r0000101001001001001_0001_wfi08_f158_cal.asdf,wfi08,eval,10,25,0.005327454,1
gwcs,../roman/.data/build21/r0000101001001001001_0001_wfi08_f158_cal.asdf,wfi08,eval,10,26,0.004948612,1
gwcs,../roman/.data/build21/r0000101001001001001_0001_wfi08_f158_cal.asdf,wfi08,eval,10,27,0.005094857,1
gwcs,../roman/.data/build21/r0000101001001001001_0001_wfi08_f158_cal.asdf,wfi08,eval,10,28,0.005156574,1
gwcs,../roman/.data/build21/r0000101001001001001_0001_wfi08_f158_cal.asdf,wfi08,eval,10,29,0.005059358,1
gwcs,../roman/.data/build21/r0000101001001001001_0001_wfi08_f158_cal.asdf,wfi08,eval,10,30,0.004912043,1
gwcs,../roman/.data/build21/r0000101001001001001_0001_wfi08_f158_cal.asdf,wfi08,eval,10,31,0.004986584,1
gwcs,../roman/.data/build21/r0000101001001001001_0001_wfi08_f158_cal.asdf,wfi08,eval,10,32,0.005248900,1
gwcs,../roman/.data/build21/r0000101001001001001_0001_wfi08_f158_cal.asdf,wfi08,eval,10,33,0.004950786,1
gwcs,../roman/.data/build21/r0000101001001001001_0001_wfi08_f158_cal.asdf,wfi08,eval,10,34,0.005518987,1
gwcs,../roman/.data/build21/r0000101001001001001_0001_wfi08_f158_cal.asdf,wfi08,eval,10,35,0.005352979,1
gwcs,../roman/.data/build21/r0000101001001001001_0001_wfi08_f158_cal.asdf,wfi08,eval,10,36,0.004913347,1
gwcs,../roman/.data/build21/r0000101001001001001_0001_wfi08_f158_cal.asdf,wfi08,eval,10,37,0.004992722,1
gwcs,../roman/.data/build21/r0000101001001001001_0001_wfi08_f158_cal.asdf,wfi08,eval,10,38,0.005415912,1
gwcs,../roman/.data/build21/r0000101001001001001_0001_wfi08_f158_cal.asdf,wfi08,eval,10,39,0.005466263,1
gwcs,../roman/.data/build21/r0000101001001001001_0001_wfi08_f158_cal.asdf,wfi08,eval,10,40,0.005257429,1
gwcs,../roman/.data/build21/r0000101001001001001_0001_wfi08_f158_cal.asdf,wfi08,eval,10,41,0.005212319,1
gwcs,../roman/.data/build21/r0000101001001001001_0001_wfi08_f158_cal.asdf,wfi08,eval,10,42,0.005032513,1
gwcs,../roman/.data/build21/r0000101001001001001_0001_wfi08_f158_cal.asdf,wfi08,eval,10,43,0.004965850,1
gwcs,../roman/.data/build21/r0000101001001001001_0001_wfi08_f158_cal.asdf,wfi08,eval,10,44,0.005005256,1
gwcs,../roman/.data/build21/r0000101001001001001_0001_wfi08_f158_cal.asdf,wfi08,eval,10,45,0.005426422,1
gwcs,../roman/.data/build21/r0000101001001001001_0001_wfi08_f158_cal.asdf,wfi08,eval,10,46,0.005288389,1
gwcs,../roman/.data/build21/r0000101001001001001_0001_wfi08_f158_cal.asdf,wfi08,eval,10,47,0.005270864,1
gwcs,../roman/.data/build21/r0000101001001001001_0001_wfi08_f158_cal.asdf,wfi08,eval,10,48,0.005331579,1
gwcs,../roman/.data/build21/r0000101001001001001_0001_wfi08_f158_cal.asdf,wfi08,eval,10,49,0.004920657,1
gwcs,../roman/.data/build21/r0000101001001001001_0001_wfi08_f158_cal.asdf,wfi08,eval,10,50,0.004930440,1
gwcs,../roman/.data/build21/r0000101001001001001_0001_wfi08_f158_cal.asdf,wfi08,eval,10,51,0.005285442,1
gwcs,../roman/.data/build21/r0000101001001001001_0001_wfi08_f158_cal.asdf,wfi08,eval,10,52,0.004954616,1
gwcs,../roman/.data/build21/r0000101001001001001_0001_wfi08_f158_cal.asdf,wfi08,eval,10,53,0.004965060,1
gwcs,../roman/.data/build21/r0000101001001001001_0001_wfi08_f158_cal.asdf,wfi08,eval,10,54,0.005362409,1
gwcs,../roman/.data/build21/r0000101001001001001_0001_wfi08_f158_cal.asdf,wfi08,eval,10,55,0.005443622,1
gwcs,../roman/.data/build21/r0000101001001001001_0001_wfi08_f158_cal.asdf,wfi08,eval,10,56,0.005480000,1
gwcs,../roman/.data/build21/r0000101001001001001_0001_wfi08_f158_cal.asdf,wfi08,eval,10,57,0.005369423,1
gwcs,../roman/.data/build21/r0000101001001001001_0001_wfi08_f158_cal.asdf,wfi08,eval,10,58,0.005351132,1
gwcs,../roman/.data/build21/r0000101001001001001_0001_wfi08_f158_cal.asdf,wfi08,eval,10,59,0.005099097,1
gwcs,../roman/.data/build21/r0000101001001001001_0001_wfi08_f158_cal.asdf,wfi08,eval,10,60,0.005296107,1
gwcs,../roman/.data/build21/r0000101001001001001_0001_wfi08_f158_cal.asdf,wfi08,eval,10,61,0.005043848,1
gwcs,../roman/.data/build21/r0000101001001001001_0001_wfi08_f158_cal.asdf,wfi08,eval,10,62,0.004890328,1
gwcs,../roman/.data/build21/r0000101001001001001_0001_wfi08_f158_cal.asdf,wfi08,eval,10,63,0.004948550,1
gwcs,../roman/.data/build21/r0000101001001001001_0001_wfi08_f158_cal.asdf,wfi08,eval,10,64,0.005274518,1
gwcs,../roman/.data/build21/r0000101001001001001_0001_wfi08_f158_cal.asdf,wfi08,eval,10,65,0.004899181,1
gwcs,../roman/.data/build21/r0000101001001001001_0001_wfi08_f158_cal.asdf,wfi08,eval,10,66,0.004988757,1
gwcs,../roman/.data/build21/r0000101001001001001_0001_wfi08_f158_cal.asdf,wfi08,eval,10,67,0.005112020,1
gwcs,../roman/.data/build21/r0000101001001001001_0001_wfi08_f158_cal.asdf,wfi08,eval,10,68,0.004917988,1
gwcs,../roman/.data/build21/r0000101001001001001_0001_wfi08_f158_cal.asdf,wfi08,eval,10,69,0.005066942,1
gwcs,../roman/.data/build21/r0000101001001001001_0001_wfi08_f158_cal.asdf,wfi08,eval,10,70,0.005211215,1
gwcs,../roman/.data/build21/r0000101001001001001_0001_wfi08_f158_cal.asdf,wfi08,eval,10,71,0.004946946,1
gwcs,../roman/.data/build21/r0000101001001001001_0001_wfi08_f158_cal.asdf,wfi08,eval,10,72,0.004988426,1
gwcs,../roman/.data/build21/r0000101001001001001_0001_wfi08_f158_cal.asdf,wfi08,eval,10,73,0.005148618,1
gwcs,../roman/.data/build21/r0000101001001001001_0001_wfi08_f158_cal.asdf,wfi08,eval,10,74,0.004901143,1
gwcs,../roman/.data/build21/r0000101001001001001_0001_wfi08_f158_cal.asdf,wfi08,eval,10,75,0.004881591,1
gwcs,../roman/.data/build21/r0000101001001001001_0001_wfi08_f158_cal.asdf,wfi08,eval,10,76,0.004982965,1
gwcs,../roman/.data/build21/r0000101001001001001_0001_wfi08_f158_cal.asdf,wfi08,eval,10,77,0.004904253,1
gwcs,../roman/.data/build21/r0000101001001001001_0001_wfi08_f158_cal.asdf,wfi08,eval,10,78,0.004958305,1
gwcs,../roman/.data/build21/r0000101001001001001_0001_wfi08_f158_cal.asdf,wfi08,eval,10,79,0.004997944,1
gwcs,../roman/.data/build21/r0000101001001001001_0001_wfi08_f158_cal.asdf,wfi08,eval,10,80,0.004969375,1
gwcs,../roman/.data/build21/r0000101001001001001_0001_wfi08_f158_cal.asdf,wfi08,eval,10,81,0.004947646,1
gwcs,../roman/.data/build21/r0000101001001001001_0001_wfi08_f158_cal.asdf,wfi08,eval,10,82,0.004878562,1
gwcs,../roman/.data/build21/r0000101001001001001_0001_wfi08_f158_cal.asdf,wfi08,eval,10,83,0.005129009,1
gwcs,../roman/.data/build21/r0000101001001001001_0001_wfi08_f158_cal.asdf,wfi08,eval,10,84,0.005474615,1
gwcs,../roman/.data/build21/r0000101001001001001_0001_wfi08_f158_cal.asdf,wfi08,eval,10,85,0.005102040,1
gwcs,../roman/.data/build21/r0000101001001001001_0001_wfi08_f158_cal.asdf,wfi08,eval,10,86,0.005225024,1
gwcs,../roman/.data/build21/r0000101001001001001_0001_wfi08_f158_cal.asdf,wfi08,eval,10,87,0.005098633,1
gwcs,../roman/.data/build21/r0000101001001001001_0001_wfi08_f158_cal.asdf,wfi08,eval,10,88,0.005142015,1
gwcs,../roman/.data/build21/r0000101001001001001_0001_wfi08_f158_cal.asdf,wfi08,eval,10,89,0.005133961,1
gwcs,../roman/.data/build21/r0000101001001001001_0001_wfi08_f158_cal.asdf,wfi08,eval,10,90,0.005211570,1
gwcs,../roman/.data/build21/r0000101001001001001_0001_wfi08_f158_cal.asdf,wfi08,eval,10,91,0.005169467,1
gwcs,../roman/.data/build21/r0000101001001001001_0001_wfi08_f158_cal.asdf,wfi08,eval,10,92,0.005103087,1
gwcs,../roman/.data/build21/r0000101001001001001_0001_wfi08_f158_cal.asdf,wfi08,eval,10,93,0.005263566,1
gwcs,../roman/.data/build21/r0000101001001001001_0001_wfi08_f158_cal.asdf,wfi08,eval,10,94,0.005113308,1
gwcs,../roman/.data/build21/r0000101001001001001_0001_wfi08_f158_cal.asdf,wfi08,eval,10,95,0.005067728,1
gwcs,../roman/.data/build21/r0000101001001001001_0001_wfi08_f158_cal.asdf,wfi08,eval,10,96,0.005285713,1
gwcs,../roman/.data/build21/r0000101001001001001_0001_wfi08_f158_cal.asdf,wfi08,eval,10,97,0.005119232,1
gwcs,../roman/.data/build21/r0000101001001001001_0001_wfi08_f158_cal.asdf,wfi08,eval,10,98,0.005079474,1
gwcs,../roman/.data/build21/r0000101001001001001_0001_wfi08_f158_cal.asdf,wfi08,eval,10,99,0.005243220,1
gwcs,../roman/.data/build21/r0000101001001001001_0001_wfi08_f158_cal.asdf,wfi08,eval,100,0,0.005454140,1
gwcs,../roman/.data/build21/r0000101001001001001_0001_wfi08_f158_cal.asdf,wfi08,eval,100,1,0.005645427,1
gwcs,../roman/.data/build21/r0000101001001001001_0001_wfi08_f158_cal.asdf,wfi08,eval,100,2,0.005500332,1
gwcs,../roman/.data/build21/r0000101001001001001_0001_wfi08_f158_cal.asdf,wfi08,eval,100,3,0.004952027,1
gwcs,../roman/.data/build21/r0000101001001001001_0001_wfi08_f158_cal.asdf,wfi08,eval,100,4,0.004910372,1
gwcs,../roman/.data/build21/r0000101001001001001_0001_wfi08_f158_cal.asdf,wfi08,eval,100,5,0.005103415,1
gwcs,../roman/.data/build21/r0000101001001001001_0001_wfi08_f158_cal.asdf,wfi08,eval,100,6,0.005120407,1
gwcs,../roman/.data/build21/r0000101001001001001_0001_wfi08_f158_cal.asdf,wfi08,eval,100,7,0.005165656,1
gwcs,../roman/.data/build21/r0000101001001001001_0001_wfi08_f158_cal.asdf,wfi08,eval,100,8,0.005306457,1
gwcs,../roman/.data/build21/r0000101001001001001_0001_wfi08_f158_cal.asdf,wfi08,eval,100,9,0.005240786,1
gwcs,../roman/.data/build21/r0000101001001001001_0001_wfi08_f158_cal.asdf,wfi08,eval,100,10,0.005151489,1
gwcs,../roman/.data/build21/r0000101001001001001_0001_wfi08_f158_cal.asdf,wfi08,eval,100,11,0.005402928,1
gwcs,../roman/.data/build21/r0000101001001001001_0001_wfi08_f158_cal.asdf,wfi08,eval,100,12,0.007587870,1
gwcs,../roman/.data/build21/r0000101001001001001_0001_wfi08_f158_cal.asdf,wfi08,eval,100,13,0.005240787,1
gwcs,../roman/.data/build21/r0000101001001001001_0001_wfi08_f158_cal.asdf,wfi08,eval,100,14,0.005393208,1
gwcs,../roman/.data/build21/r0000101001001001001_0001_wfi08_f158_cal.asdf,wfi08,eval,100,15,0.005433778,1
gwcs,../roman/.data/build21/r0000101001001001001_0001_wfi08_f158_cal.asdf,wfi08,eval,100,16,0.005189296,1
gwcs,../roman/.data/build21/r0000101001001001001_0001_wfi08_f158_cal.asdf,wfi08,eval,100,17,0.005142080,1
gwcs,../roman/.data/build21/r0000101001001001001_0001_wfi08_f158_cal.asdf,wfi08,eval,100,18,0.005315639,1
gwcs,../roman/.data/build21/r0000101001001001001_0001_wfi08_f158_cal.asdf,wfi08,eval,100,19,0.005172853,1
gwcs,../roman/.data/build21/r0000101001001001001_0001_wfi08_f158_cal.asdf,wfi08,eval,100,20,0.005183063,1
gwcs,../roman/.data/build21/r0000101001001001001_0001_wfi08_f158_cal.asdf,wfi08,eval,100,21,0.005277100,1
gwcs,../roman/.data/build21/r0000101001001001001_0001_wfi08_f158_cal.asdf,wfi08,eval,100,22,0.005117563,1
gwcs,../roman/.data/build21/r0000101001001001001_0001_wfi08_f158_cal.asdf,wfi08,eval,100,23,0.005187486,1
gwcs,../roman/.data/build21/r0000101001001001001_0001_wfi08_f158_cal.asdf,wfi08,eval,100,24,0.005134802,1
gwcs,../roman/.data/build21/r0000101001001001001_0001_wfi08_f158_cal.asdf,wfi08,eval,100,25,0.005141838,1
gwcs,../roman/.data/build21/r0000101001001001001_0001_wfi08_f158_cal.asdf,wfi08,eval,100,26,0.005236090,1
gwcs,../roman/.data/build21/r0000101001001001001_0001_wfi08_f158_cal.asdf,wfi08,eval,100,27,0.005131656,1
gwcs,../roman/.data/build21/r0000101001001001001_0001_wfi08_f158_cal.asdf,wfi08,eval,100,28,0.005187606,1
gwcs,../roman/.data/build21/r0000101001001001001_0001_wfi08_f158_cal.asdf,wfi08,eval,100,29,0.005387797,1
gwcs,../roman/.data/build21/r0000101001001001001_0001_wfi08_f158_cal.asdf,wfi08,eval,100,30,0.005758989,1
gwcs,../roman/.data/build21/r0000101001001001001_0001_wfi08_f158_cal.asdf,wfi08,eval,100,31,0.005044769,1
gwcs,../roman/.data/build21/r0000101001001001001_0001_wfi08_f158_cal.asdf,wfi08,eval,100,32,0.004930949,1
gwcs,../roman/.data/build21/r0000101001001001001_0001_wfi08_f158_cal.asdf,wfi08,eval,100,33,0.005131003,1
gwcs,../roman/.data/build21/r0000101001001001001_0001_wfi08_f158_cal.asdf,wfi08,eval,100,34,0.005060126,1
gwcs,../roman/.data/build21/r0000101001001001001_0001_wfi08_f158_cal.asdf,wfi08,eval,100,35,0.004948069,1
gwcs,../roman/.data/build21/r0000101001001001001_0001_wfi08_f158_cal.asdf,wfi08,eval,100,36,0.004933438,1
gwcs,../roman/.data/build21/r0000101001001001001_0001_wfi08_f158_cal.asdf,wfi08,eval,100,37,0.005465775,1
gwcs,../roman/.data/build21/r0000101001001001001_0001_wfi08_f158_cal.asdf,wfi08,eval,100,38,0.005337194,1
gwcs,../roman/.data/build21/r0000101001001001001_0001_wfi08_f158_cal.asdf,wfi08,eval,100,39,0.005151371,1
gwcs,../roman/.data/build21/r0000101001001001001_0001_wfi08_f158_cal.asdf,wfi08,eval,100,40,0.005724508,1
gwcs,../roman/.data/build21/r0000101001001001001_0001_wfi08_f158_cal.asdf,wfi08,eval,100,41,0.005279008,1
gwcs,../roman/.data/build21/r0000101001001001001_0001_wfi08_f158_cal.asdf,wfi08,eval,100,42,0.005030745,1
gwcs,../roman/.data/build21/r0000101001001001001_0001_wfi08_f158_cal.asdf,wfi08,eval,100,43,0.005574319,1
gwcs,../roman/.data/build21/r0000101001001001001_0001_wfi08_f158_cal.asdf,wfi08,eval,100,44,0.005230465,1
gwcs,../roman/.data/build21/r0000101001001001001_0001_wfi08_f158_cal.asdf,wfi08,eval,100,45,0.005107296,1
gwcs,../roman/.data/build21/r0000101001001001001_0001_wfi08_f158_cal.asdf,wfi08,eval,100,46,0.005499846,1
gwcs,../roman/.data/build21/r0000101001001001001_0001_wfi08_f158_cal.asdf,wfi08,eval,100,47,0.004978481,1
gwcs,../roman/.data/build21/r0000101001001001001_0001_wfi08_f158_cal.asdf,wfi08,eval,100,48,0.004979650,1
gwcs,../roman/.data/build21/r0000101001001001001_0001_wfi08_f158_cal.asdf,wfi08,eval,100,49,0.005266843,1
gwcs,../roman/.data/build21/r0000101001001001001_0001_wfi08_f158_cal.asdf,wfi08,eval,1000,0,0.005808291,1
gwcs,../roman/.data/build21/r0000101001001001001_0001_wfi08_f158_cal.asdf,wfi08,eval,1000,1,0.005930983,1
gwcs,../roman/.data/build21/r0000101001001001001_0001_wfi08_f158_cal.asdf,wfi08,eval,1000,2,0.005554739,1
gwcs,../roman/.data/build21/r0000101001001001001_0001_wfi08_f158_cal.asdf,wfi08,eval,1000,3,0.005447093,1
gwcs,../roman/.data/build21/r0000101001001001001_0001_wfi08_f158_cal.asdf,wfi08,eval,1000,4,0.005364560,1
gwcs,../roman/.data/build21/r0000101001001001001_0001_wfi08_f158_cal.asdf,wfi08,eval,1000,5,0.005953379,1
gwcs,../roman/.data/build21/r0000101001001001001_0001_wfi08_f158_cal.asdf,wfi08,eval,1000,6,0.005378667,1
gwcs,../roman/.data/build21/r0000101001001001001_0001_wfi08_f158_cal.asdf,wfi08,eval,1000,7,0.005312775,1
gwcs,../roman/.data/build21/r0000101001001001001_0001_wfi08_f158_cal.asdf,wfi08,eval,1000,8,0.006023996,1
gwcs,../roman/.data/build21/r0000101001001001001_0001_wfi08_f158_cal.asdf,wfi08,eval,1000,9,0.005710478,1
gwcs,../roman/.data/build21/r0000101001001001001_0001_wfi08_f158_cal.asdf,wfi08,eval,1000,10,0.005653857,1
gwcs,../roman/.data/build21/r0000101001001001001_0001_wfi08_f158_cal.asdf,wfi08,eval,1000,11,0.005974521,1
gwcs,../roman/.data/build21/r0000101001001001001_0001_wfi08_f158_cal.asdf,wfi08,eval,1000,12,0.005608775,1
gwcs,../roman/.data/build21/r0000101001001001001_0001_wfi08_f158_cal.asdf,wfi08,eval,1000,13,0.005514484,1
gwcs,../roman/.data/build21/r0000101001001001001_0001_wfi08_f158_cal.asdf,wfi08,eval,1000,14,0.005993237,1
gwcs,../roman/.data/build21/r0000101001001001001_0001_wfi08_f158_cal.asdf,wfi08,eval,1000,15,0.005655153,1
gwcs,../roman/.data/build21/r0000101001001001001_0001_wfi08_f158_cal.asdf,wfi08,eval,1000,16,0.005762475,1
gwcs,../roman/.data/build21/r0000101001001001001_0001_wfi08_f158_cal.asdf,wfi08,eval,1000,17,0.005895102,1
gwcs,../roman/.data/build21/r0000101001001001001_0001_wfi08_f158_cal.asdf,wfi08,eval,1000,18,0.005458368,1
gwcs,../roman/.data/build21/r0000101001001001001_0001_wfi08_f158_cal.asdf,wfi08,eval,1000,19,0.005438027,1
gwcs,../roman/.data/build21/r0000101001001001001_0001_wfi08_f158_cal.asdf,wfi08,eval,10000,0,0.008918185,1
gwcs,../roman/.data/build21/r0000101001001001001_0001_wfi08_f158_cal.asdf,wfi08,eval,10000,1,0.008913670,1
gwcs,../roman/.data/build21/r0000101001001001001_0001_wfi08_f158_cal.asdf,wfi08,eval,10000,2,0.009141243,1
gwcs,../roman/.data/build21/r0000101001001001001_0001_wfi08_f158_cal.asdf,wfi08,eval,10000,3,0.008941100,1
gwcs,../roman/.data/build21/r0000101001001001001_0001_wfi08_f158_cal.asdf,wfi08,eval,10000,4,0.009115932,1
gwcs,../roman/.data/build21/r0000101001001001001_0001_wfi08_f158_cal.asdf,wfi08,eval,10000,5,0.008967243,1
gwcs,../roman/.data/build21/r0000101001001001001_0001_wfi08_f158_cal.asdf,wfi08,eval,10000,6,0.009879573,1
gwcs,../roman/.data/build21/r0000101001001001001_0001_wfi08_f158_cal.asdf,wfi08,eval,10000,7,0.010782868,1
gwcs,../roman/.data/build21/r0000101001001001001_0001_wfi08_f158_cal.asdf,wfi08,eval,10000,8,0.009135348,1
gwcs,../roman/.data/build21/r0000101001001001001_0001_wfi08_f158_cal.asdf,wfi08,eval,10000,9,0.008962691,1
gwcs,../roman/.data/build21/r0000101001001001001_0001_wfi08_f158_cal.asdf,wfi08,eval,100000,0,0.039318084,1
gwcs,../roman/.data/build21/r0000101001001001001_0001_wfi08_f158_cal.asdf,wfi08,eval,100000,1,0.040244831,1
gwcs,../roman/.data/build21/r0000101001001001001_0001_wfi08_f158_cal.asdf,wfi08,eval,100000,2,0.038777378,1
gwcs,../roman/.data/build21/r0000101001001001001_0001_wfi08_f158_cal.asdf,wfi08,eval,100000,3,0.040241266,1
gwcs,../roman/.data/build21/r0000101001001001001_0001_wfi08_f158_cal.asdf,wfi08,eval,100000,4,0.041903081,1
gwcs,../roman/.data/build21/r0000101001001001001_0001_wfi08_f158_cal.asdf,wfi08,eval,1000000,0,0.395852751,1
gwcs,../roman/.data/build21/r0000101001001001001_0001_wfi08_f158_cal.asdf,wfi08,eval,1000000,1,0.393180983,1
gwcs,../roman/.data/build21/r0000101001001001001_0001_wfi08_f158_cal.asdf,wfi08,eval,1000000,2,0.389003143,1
gwcs,../roman/.data/build21/r0000101001001001001_0001_wfi08_f158_cal.asdf,wfi08,eval,10000000,0,3.889954898,1
gwcs,../roman/.data/build21/r0000101001001001001_0001_wfi08_f158_cal.asdf,wfi08,eval,10000000,1,3.945214828,1
gwcs,../roman/.data/build21/r0000101001001001001_0001_wfi08_f158_cal.asdf,wfi08,eval,16711744,0,6.668810846,1
gwcs,../roman/.data/build21/r0000101001001001001_0001_wfi08_f158_cal.asdf,wfi08,eval,16711744,1,6.569906322,1
gwcs,../roman/.data/build21/r0000101001001001001_0001_wfi09_f158_cal.asdf,wfi09,parse_cold,0,0,0.907047645,1
gwcs,../roman/.data/build21/r0000101001001001001_0001_wfi09_f158_cal.asdf,wfi09,parse_hot,0,0,0.553825643,1
gwcs,../roman/.data/build21/r0000101001001001001_0001_wfi09_f158_cal.asdf,wfi09,eval,1,0,0.006755924,1
gwcs,../roman/.data/build21/r0000101001001001001_0001_wfi09_f158_cal.asdf,wfi09,eval,1,1,0.005342345,1
gwcs,../roman/.data/build21/r0000101001001001001_0001_wfi09_f158_cal.asdf,wfi09,eval,1,2,0.005025238,1
gwcs,../roman/.data/build21/r0000101001001001001_0001_wfi09_f158_cal.asdf,wfi09,eval,1,3,0.005095653,1
gwcs,../roman/.data/build21/r0000101001001001001_0001_wfi09_f158_cal.asdf,wfi09,eval,1,4,0.005264054,1
gwcs,../roman/.data/build21/r0000101001001001001_0001_wfi09_f158_cal.asdf,wfi09,eval,1,5,0.005116674,1
gwcs,../roman/.data/build21/r0000101001001001001_0001_wfi09_f158_cal.asdf,wfi09,eval,1,6,0.004949760,1
gwcs,../roman/.data/build21/r0000101001001001001_0001_wfi09_f158_cal.asdf,wfi09,eval,1,7,0.006055268,1
gwcs,../roman/.data/build21/r0000101001001001001_0001_wfi09_f158_cal.asdf,wfi09,eval,1,8,0.005200303,1
gwcs,../roman/.data/build21/r0000101001001001001_0001_wfi09_f158_cal.asdf,wfi09,eval,1,9,0.005112523,1
gwcs,../roman/.data/build21/r0000101001001001001_0001_wfi09_f158_cal.asdf,wfi09,eval,1,10,0.005195827,1
gwcs,../roman/.data/build21/r0000101001001001001_0001_wfi09_f158_cal.asdf,wfi09,eval,1,11,0.007232713,1
gwcs,../roman/.data/build21/r0000101001001001001_0001_wfi09_f158_cal.asdf,wfi09,eval,1,12,0.005089261,1
gwcs,../roman/.data/build21/r0000101001001001001_0001_wfi09_f158_cal.asdf,wfi09,eval,1,13,0.005192705,1
gwcs,../roman/.data/build21/r0000101001001001001_0001_wfi09_f158_cal.asdf,wfi09,eval,1,14,0.005524604,1
gwcs,../roman/.data/build21/r0000101001001001001_0001_wfi09_f158_cal.asdf,wfi09,eval,1,15,0.005349409,1
gwcs,../roman/.data/build21/r0000101001001001001_0001_wfi09_f158_cal.asdf,wfi09,eval,1,16,0.009204105,1
gwcs,../roman/.data/build21/r0000101001001001001_0001_wfi09_f158_cal.asdf,wfi09,eval,1,17,0.009314550,1
gwcs,../roman/.data/build21/r0000101001001001001_0001_wfi09_f158_cal.asdf,wfi09,eval,1,18,0.008632462,1
gwcs,../roman/.data/build21/r0000101001001001001_0001_wfi09_f158_cal.asdf,wfi09,eval,1,19,0.007789375,1
gwcs,../roman/.data/build21/r0000101001001001001_0001_wfi09_f158_cal.asdf,wfi09,eval,1,20,0.008676426,1
gwcs,../roman/.data/build21/r0000101001001001001_0001_wfi09_f158_cal.asdf,wfi09,eval,1,21,0.010736383,1
gwcs,../roman/.data/build21/r0000101001001001001_0001_wfi09_f158_cal.asdf,wfi09,eval,1,22,0.006305128,1
gwcs,../roman/.data/build21/r0000101001001001001_0001_wfi09_f158_cal.asdf,wfi09,eval,1,23,0.010366258,1
gwcs,../roman/.data/build21/r0000101001001001001_0001_wfi09_f158_cal.asdf,wfi09,eval,1,24,0.006162188,1
gwcs,../roman/.data/build21/r0000101001001001001_0001_wfi09_f158_cal.asdf,wfi09,eval,1,25,0.010431382,1
gwcs,../roman/.data/build21/r0000101001001001001_0001_wfi09_f158_cal.asdf,wfi09,eval,1,26,0.010254405,1
gwcs,../roman/.data/build21/r0000101001001001001_0001_wfi09_f158_cal.asdf,wfi09,eval,1,27,0.010223947,1
gwcs,../roman/.data/build21/r0000101001001001001_0001_wfi09_f158_cal.asdf,wfi09,eval,1,28,0.010334482,1
gwcs,../roman/.data/build21/r0000101001001001001_0001_wfi09_f158_cal.asdf,wfi09,eval,1,29,0.010415283,1
gwcs,../roman/.data/build21/r0000101001001001001_0001_wfi09_f158_cal.asdf,wfi09,eval,1,30,0.010286153,1
gwcs,../roman/.data/build21/r0000101001001001001_0001_wfi09_f158_cal.asdf,wfi09,eval,1,31,0.010408828,1
gwcs,../roman/.data/build21/r0000101001001001001_0001_wfi09_f158_cal.asdf,wfi09,eval,1,32,0.010352898,1
gwcs,../roman/.data/build21/r0000101001001001001_0001_wfi09_f158_cal.asdf,wfi09,eval,1,33,0.010367524,1
gwcs,../roman/.data/build21/r0000101001001001001_0001_wfi09_f158_cal.asdf,wfi09,eval,1,34,0.010335500,1
gwcs,../roman/.data/build21/r0000101001001001001_0001_wfi09_f158_cal.asdf,wfi09,eval,1,35,0.010278553,1
gwcs,../roman/.data/build21/r0000101001001001001_0001_wfi09_f158_cal.asdf,wfi09,eval,1,36,0.010339420,1
gwcs,../roman/.data/build21/r0000101001001001001_0001_wfi09_f158_cal.asdf,wfi09,eval,1,37,0.010013971,1
gwcs,../roman/.data/build21/r0000101001001001001_0001_wfi09_f158_cal.asdf,wfi09,eval,1,38,0.009714724,1
gwcs,../roman/.data/build21/r0000101001001001001_0001_wfi09_f158_cal.asdf,wfi09,eval,1,39,0.009663729,1
gwcs,../roman/.data/build21/r0000101001001001001_0001_wfi09_f158_cal.asdf,wfi09,eval,1,40,0.009666721,1
gwcs,../roman/.data/build21/r0000101001001001001_0001_wfi09_f158_cal.asdf,wfi09,eval,1,41,0.009601311,1
gwcs,../roman/.data/build21/r0000101001001001001_0001_wfi09_f158_cal.asdf,wfi09,eval,1,42,0.009640214,1
gwcs,../roman/.data/build21/r0000101001001001001_0001_wfi09_f158_cal.asdf,wfi09,eval,1,43,0.009669850,1
gwcs,../roman/.data/build21/r0000101001001001001_0001_wfi09_f158_cal.asdf,wfi09,eval,1,44,0.009703040,1
gwcs,../roman/.data/build21/r0000101001001001001_0001_wfi09_f158_cal.asdf,wfi09,eval,1,45,0.009622104,1
gwcs,../roman/.data/build21/r0000101001001001001_0001_wfi09_f158_cal.asdf,wfi09,eval,1,46,0.009536118,1
gwcs,../roman/.data/build21/r0000101001001001001_0001_wfi09_f158_cal.asdf,wfi09,eval,1,47,0.009629429,1
gwcs,../roman/.data/build21/r0000101001001001001_0001_wfi09_f158_cal.asdf,wfi09,eval,1,48,0.009622103,1
gwcs,../roman/.data/build21/r0000101001001001001_0001_wfi09_f158_cal.asdf,wfi09,eval,1,49,0.009691220,1
gwcs,../roman/.data/build21/r0000101001001001001_0001_wfi09_f158_cal.asdf,wfi09,eval,1,50,0.009651631,1
gwcs,../roman/.data/build21/r0000101001001001001_0001_wfi09_f158_cal.asdf,wfi09,eval,1,51,0.009591214,1
gwcs,../roman/.data/build21/r0000101001001001001_0001_wfi09_f158_cal.asdf,wfi09,eval,1,52,0.009661134,1
gwcs,../roman/.data/build21/r0000101001001001001_0001_wfi09_f158_cal.asdf,wfi09,eval,1,53,0.009713538,1
gwcs,../roman/.data/build21/r0000101001001001001_0001_wfi09_f158_cal.asdf,wfi09,eval,1,54,0.012842901,1
gwcs,../roman/.data/build21/r0000101001001001001_0001_wfi09_f158_cal.asdf,wfi09,eval,1,55,0.011517488,1
gwcs,../roman/.data/build21/r0000101001001001001_0001_wfi09_f158_cal.asdf,wfi09,eval,1,56,0.009611908,1
gwcs,../roman/.data/build21/r0000101001001001001_0001_wfi09_f158_cal.asdf,wfi09,eval,1,57,0.009650324,1
gwcs,../roman/.data/build21/r0000101001001001001_0001_wfi09_f158_cal.asdf,wfi09,eval,1,58,0.009174743,1
gwcs,../roman/.data/build21/r0000101001001001001_0001_wfi09_f158_cal.asdf,wfi09,eval,1,59,0.008516240,1
gwcs,../roman/.data/build21/r0000101001001001001_0001_wfi09_f158_cal.asdf,wfi09,eval,1,60,0.007244818,1
gwcs,../roman/.data/build21/r0000101001001001001_0001_wfi09_f158_cal.asdf,wfi09,eval,1,61,0.005178145,1
gwcs,../roman/.data/build21/r0000101001001001001_0001_wfi09_f158_cal.asdf,wfi09,eval,1,62,0.004980383,1
gwcs,../roman/.data/build21/r0000101001001001001_0001_wfi09_f158_cal.asdf,wfi09,eval,1,63,0.005051406,1
gwcs,../roman/.data/build21/r0000101001001001001_0001_wfi09_f158_cal.asdf,wfi09,eval,1,64,0.005115272,1
gwcs,../roman/.data/build21/r0000101001001001001_0001_wfi09_f158_cal.asdf,wfi09,eval,1,65,0.004941924,1
gwcs,../roman/.data/build21/r0000101001001001001_0001_wfi09_f158_cal.asdf,wfi09,eval,1,66,0.005117399,1
gwcs,../roman/.data/build21/r0000101001001001001_0001_wfi09_f158_cal.asdf,wfi09,eval,1,67,0.004997284,1
gwcs,../roman/.data/build21/r0000101001001001001_0001_wfi09_f158_cal.asdf,wfi09,eval,1,68,0.005423090,1
gwcs,../roman/.data/build21/r0000101001001001001_0001_wfi09_f158_cal.asdf,wfi09,eval,1,69,0.004970150,1
gwcs,../roman/.data/build21/r0000101001001001001_0001_wfi09_f158_cal.asdf,wfi09,eval,1,70,0.005070241,1
gwcs,../roman/.data/build21/r0000101001001001001_0001_wfi09_f158_cal.asdf,wfi09,eval,1,71,0.004897544,1
gwcs,../roman/.data/build21/r0000101001001001001_0001_wfi09_f158_cal.asdf,wfi09,eval,1,72,0.005143165,1
gwcs,../roman/.data/build21/r0000101001001001001_0001_wfi09_f158_cal.asdf,wfi09,eval,1,73,0.004940494,1
gwcs,../roman/.data/build21/r0000101001001001001_0001_wfi09_f158_cal.asdf,wfi09,eval,1,74,0.007615373,1
gwcs,../roman/.data/build21/r0000101001001001001_0001_wfi09_f158_cal.asdf,wfi09,eval,1,75,0.005043506,1
gwcs,../roman/.data/build21/r0000101001001001001_0001_wfi09_f158_cal.asdf,wfi09,eval,1,76,0.005131376,1
gwcs,../roman/.data/build21/r0000101001001001001_0001_wfi09_f158_cal.asdf,wfi09,eval,1,77,0.005074025,1
gwcs,../roman/.data/build21/r0000101001001001001_0001_wfi09_f158_cal.asdf,wfi09,eval,1,78,0.005208700,1
gwcs,../roman/.data/build21/r0000101001001001001_0001_wfi09_f158_cal.asdf,wfi09,eval,1,79,0.005004998,1
gwcs,../roman/.data/build21/r0000101001001001001_0001_wfi09_f158_cal.asdf,wfi09,eval,1,80,0.005202061,1
gwcs,../roman/.data/build21/r0000101001001001001_0001_wfi09_f158_cal.asdf,wfi09,eval,1,81,0.005020975,1
gwcs,../roman/.data/build21/r0000101001001001001_0001_wfi09_f158_cal.asdf,wfi09,eval,1,82,0.005264577,1
gwcs,../roman/.data/build21/r0000101001001001001_0001_wfi09_f158_cal.asdf,wfi09,eval,1,83,0.005110160,1
gwcs,../roman/.data/build21/r0000101001001001001_0001_wfi09_f158_cal.asdf,wfi09,eval,1,84,0.005218882,1
gwcs,../roman/.data/build21/r0000101001001001001_0001_wfi09_f158_cal.asdf,wfi09,eval,1,85,0.005046169,1
gwcs,../roman/.data/build21/r0000101001001001001_0001_wfi09_f158_cal.asdf,wfi09,eval,1,86,0.005282588,1
gwcs,../roman/.data/build21/r0000101001001001001_0001_wfi09_f158_cal.asdf,wfi09,eval,1,87,0.004925429,1
gwcs,../roman/.data/build21/r0000101001001001001_0001_wfi09_f158_cal.asdf,wfi09,eval,1,88,0.004812346,1
gwcs,../roman/.data/build21/r0000101001001001001_0001_wfi09_f158_cal.asdf,wfi09,eval,1,89,0.004783547,1
gwcs,../roman/.data/build21/r0000101001001001001_0001_wfi09_f158_cal.asdf,wfi09,eval,1,90,0.004911677,1
gwcs,../roman/.data/build21/r0000101001001001001_0001_wfi09_f158_cal.asdf,wfi09,eval,1,91,0.005673143,1
gwcs,../roman/.data/build21/r0000101001001001001_0001_wfi09_f158_cal.asdf,wfi09,eval,1,92,0.005696270,1
gwcs,../roman/.data/build21/r0000101001001001001_0001_wfi09_f158_cal.asdf,wfi09,eval,1,93,0.004952794,1
gwcs,../roman/.data/build21/r0000101001001001001_0001_wfi09_f158_cal.asdf,wfi09,eval,1,94,0.004918393,1
gwcs,../roman/.data/build21/r0000101001001001001_0001_wfi09_f158_cal.asdf,wfi09,eval,1,95,0.004789831,1
gwcs,../roman/.data/build21/r0000101001001001001_0001_wfi09_f158_cal.asdf,wfi09,eval,1,96,0.004959101,1
gwcs,../roman/.data/build21/r0000101001001001001_0001_wfi09_f158_cal.asdf,wfi09,eval,1,97,0.005033025,1
gwcs,../roman/.data/build21/r0000101001001001001_0001_wfi09_f158_cal.asdf,wfi09,eval,1,98,0.005019233,1
gwcs,../roman/.data/build21/r0000101001001001001_0001_wfi09_f158_cal.asdf,wfi09,eval,1,99,0.005106760,1
gwcs,../roman/.data/build21/r0000101001001001001_0001_wfi09_f158_cal.asdf,wfi09,eval,10,0,0.005478364,1
gwcs,../roman/.data/build21/r0000101001001001001_0001_wfi09_f158_cal.asdf,wfi09,eval,10,1,0.005786237,1
gwcs,../roman/.data/build21/r0000101001001001001_0001_wfi09_f158_cal.asdf,wfi09,eval,10,2,0.005291877,1
gwcs,../roman/.data/build21/r0000101001001001001_0001_wfi09_f158_cal.asdf,wfi09,eval,10,3,0.005383215,1
gwcs,../roman/.data/build21/r0000101001001001001_0001_wfi09_f158_cal.asdf,wfi09,eval,10,4,0.005164271,1
gwcs,../roman/.data/build21/r0000101001001001001_0001_wfi09_f158_cal.asdf,wfi09,eval,10,5,0.004997992,1
gwcs,../roman/.data/build21/r0000101001001001001_0001_wfi09_f158_cal.asdf,wfi09,eval,10,6,0.004999782,1
gwcs,../roman/.data/build21/r0000101001001001001_0001_wfi09_f158_cal.asdf,wfi09,eval,10,7,0.005336408,1
gwcs,../roman/.data/build21/r0000101001001001001_0001_wfi09_f158_cal.asdf,wfi09,eval,10,8,0.005050718,1
gwcs,../roman/.data/build21/r0000101001001001001_0001_wfi09_f158_cal.asdf,wfi09,eval,10,9,0.004943354,1
gwcs,../roman/.data/build21/r0000101001001001001_0001_wfi09_f158_cal.asdf,wfi09,eval,10,10,0.005323024,1
gwcs,../roman/.data/build21/r0000101001001001001_0001_wfi09_f158_cal.asdf,wfi09,eval,10,11,0.005228692,1
gwcs,../roman/.data/build21/r0000101001001001001_0001_wfi09_f158_cal.asdf,wfi09,eval,10,12,0.006047856,1
gwcs,../roman/.data/build21/r0000101001001001001_0001_wfi09_f158_cal.asdf,wfi09,eval,10,13,0.005411386,1
gwcs,../roman/.data/build21/r0000101001001001001_0001_wfi09_f158_cal.asdf,wfi09,eval,10,14,0.005226001,1
gwcs,../roman/.data/build21/r0000101001001001001_0001_wfi09_f158_cal.asdf,wfi09,eval,10,15,0.004990021,1
gwcs,../roman/.data/build21/r0000101001001001001_0001_wfi09_f158_cal.asdf,wfi09,eval,10,16,0.005279543,1
gwcs,../roman/.data/build21/r0000101001001001001_0001_wfi09_f158_cal.asdf,wfi09,eval,10,17,0.005384802,1
gwcs,../roman/.data/build21/r0000101001001001001_0001_wfi09_f158_cal.asdf,wfi09,eval,10,18,0.005203817,1
gwcs,../roman/.data/build21/r0000101001001001001_0001_wfi09_f158_cal.asdf,wfi09,eval,10,19,0.005286449,1
gwcs,../roman/.data/build21/r0000101001001001001_0001_wfi09_f158_cal.asdf,wfi09,eval,10,20,0.005463748,1
gwcs,../roman/.data/build21/r0000101001001001001_0001_wfi09_f158_cal.asdf,wfi09,eval,10,21,0.005331787,1
gwcs,../roman/.data/build21/r0000101001001001001_0001_wfi09_f158_cal.asdf,wfi09,eval,10,22,0.005122693,1
gwcs,../roman/.data/build21/r0000101001001001001_0001_wfi09_f158_cal.asdf,wfi09,eval,10,23,0.005621405,1
gwcs,../roman/.data/build21/r0000101001001001001_0001_wfi09_f158_cal.asdf,wfi09,eval,10,24,0.005279843,1
gwcs,../roman/.data/build21/r0000101001001001001_0001_wfi09_f158_cal.asdf,wfi09,eval,10,25,0.005524730,1
gwcs,../roman/.data/build21/r0000101001001001001_0001_wfi09_f158_cal.asdf,wfi09,eval,10,26,0.005928528,1
gwcs,../roman/.data/build21/r0000101001001001001_0001_wfi09_f158_cal.asdf,wfi09,eval,10,27,0.005104553,1
gwcs,../roman/.data/build21/r0000101001001001001_0001_wfi09_f158_cal.asdf,wfi09,eval,10,28,0.004995819,1
gwcs,../roman/.data/build21/r0000101001001001001_0001_wfi09_f158_cal.asdf,wfi09,eval,10,29,0.005335211,1
gwcs,../roman/.data/build21/r0000101001001001001_0001_wfi09_f158_cal.asdf,wfi09,eval,10,30,0.005012456,1
gwcs,../roman/.data/build21/r0000101001001001001_0001_wfi09_f158_cal.asdf,wfi09,eval,10,31,0.004929471,1
gwcs,../roman/.data/build21/r0000101001001001001_0001_wfi09_f158_cal.asdf,wfi09,eval,10,32,0.005298637,1
gwcs,../roman/.data/build21/r0000101001001001001_0001_wfi09_f158_cal.asdf,wfi09,eval,10,33,0.005784370,1
gwcs,../roman/.data/build21/r0000101001001001001_0001_wfi09_f158_cal.asdf,wfi09,eval,10,34,0.005181835,1
gwcs,../roman/.data/build21/r0000101001001001001_0001_wfi09_f158_cal.asdf,wfi09,eval,10,35,0.005683675,1
gwcs,../roman/.data/build21/r0000101001001001001_0001_wfi09_f158_cal.asdf,wfi09,eval,10,36,0.005223136,1
gwcs,../roman/.data/build21/r0000101001001001001_0001_wfi09_f158_cal.asdf,wfi09,eval,10,37,0.005080611,1
gwcs,../roman/.data/build21/r0000101001001001001_0001_wfi09_f158_cal.asdf,wfi09,eval,10,38,0.005551117,1
gwcs,../roman/.data/build21/r0000101001001001001_0001_wfi09_f158_cal.asdf,wfi09,eval,10,39,0.005581049,1
gwcs,../roman/.data/build21/r0000101001001001001_0001_wfi09_f158_cal.asdf,wfi09,eval,10,40,0.005648310,1
gwcs,../roman/.data/build21/r0000101001001001001_0001_wfi09_f158_cal.asdf,wfi09,eval,10,41,0.005665659,1
gwcs,../roman/.data/build21/r0000101001001001001_0001_wfi09_f158_cal.asdf,wfi09,eval,10,42,0.005327632,1
gwcs,../roman/.data/build21/r0000101001001001001_0001_wfi09_f158_cal.asdf,wfi09,eval,10,43,0.005317689,1
gwcs,../roman/.data/build21/r0000101001001001001_0001_wfi09_f158_cal.asdf,wfi09,eval,10,44,0.005681161,1
gwcs,../roman/.data/build21/r0000101001001001001_0001_wfi09_f158_cal.asdf,wfi09,eval,10,45,0.005489770,1
gwcs,../roman/.data/build21/r0000101001001001001_0001_wfi09_f158_cal.asdf,wfi09,eval,10,46,0.004959199,1
gwcs,../roman/.data/build21/r0000101001001001001_0001_wfi09_f158_cal.asdf,wfi09,eval,10,47,0.005441594,1
gwcs,../roman/.data/build21/r0000101001001001001_0001_wfi09_f158_cal.asdf,wfi09,eval,10,48,0.004995123,1
gwcs,../roman/.data/build21/r0000101001001001001_0001_wfi09_f158_cal.asdf,wfi09,eval,10,49,0.004898179,1
gwcs,../roman/.data/build21/r0000101001001001001_0001_wfi09_f158_cal.asdf,wfi09,eval,10,50,0.005104250,1
gwcs,../roman/.data/build21/r0000101001001001001_0001_wfi09_f158_cal.asdf,wfi09,eval,10,51,0.005074764,1
gwcs,../roman/.data/build21/r0000101001001001001_0001_wfi09_f158_cal.asdf,wfi09,eval,10,52,0.004925887,1
gwcs,../roman/.data/build21/r0000101001001001001_0001_wfi09_f158_cal.asdf,wfi09,eval,10,53,0.004908701,1
gwcs,../roman/.data/build21/r0000101001001001001_0001_wfi09_f158_cal.asdf,wfi09,eval,10,54,0.005264557,1
gwcs,../roman/.data/build21/r0000101001001001001_0001_wfi09_f158_cal.asdf,wfi09,eval,10,55,0.004974204,1
gwcs,../roman/.data/build21/r0000101001001001001_0001_wfi09_f158_cal.asdf,wfi09,eval,10,56,0.004912491,1
gwcs,../roman/.data/build21/r0000101001001001001_0001_wfi09_f158_cal.asdf,wfi09,eval,10,57,0.005226397,1
gwcs,../roman/.data/build21/r0000101001001001001_0001_wfi09_f158_cal.asdf,wfi09,eval,10,58,0.004995952,1
gwcs,../roman/.data/build21/r0000101001001001001_0001_wfi09_f158_cal.asdf,wfi09,eval,10,59,0.004904917,1
gwcs,../roman/.data/build21/r0000101001001001001_0001_wfi09_f158_cal.asdf,wfi09,eval,10,60,0.004935146,1
gwcs,../roman/.data/build21/r0000101001001001001_0001_wfi09_f158_cal.asdf,wfi09,eval,10,61,0.005236231,1
gwcs,../roman/.data/build21/r0000101001001001001_0001_wfi09_f158_cal.asdf,wfi09,eval,10,62,0.004909414,1
gwcs,../roman/.data/build21/r0000101001001001001_0001_wfi09_f158_cal.asdf,wfi09,eval,10,63,0.004944957,1
gwcs,../roman/.data/build21/r0000101001001001001_0001_wfi09_f158_cal.asdf,wfi09,eval,10,64,0.005224693,1
gwcs,../roman/.data/build21/r0000101001001001001_0001_wfi09_f158_cal.asdf,wfi09,eval,10,65,0.005018012,1
gwcs,../roman/.data/build21/r0000101001001001001_0001_wfi09_f158_cal.asdf,wfi09,eval,10,66,0.004971993,1
gwcs,../roman/.data/build21/r0000101001001001001_0001_wfi09_f158_cal.asdf,wfi09,eval,10,67,0.005196929,1
gwcs,../roman/.data/build21/r0000101001001001001_0001_wfi09_f158_cal.asdf,wfi09,eval,10,68,0.005184921,1
gwcs,../roman/.data/build21/r0000101001001001001_0001_wfi09_f158_cal.asdf,wfi09,eval,10,69,0.005016760,1
gwcs,../roman/.data/build21/r0000101001001001001_0001_wfi09_f158_cal.asdf,wfi09,eval,10,70,0.005157643,1
gwcs,../roman/.data/build21/r0000101001001001001_0001_wfi09_f158_cal.asdf,wfi09,eval,10,71,0.005156797,1
gwcs,../roman/.data/build21/r0000101001001001001_0001_wfi09_f158_cal.asdf,wfi09,eval,10,72,0.004932188,1
gwcs,../roman/.data/build21/r0000101001001001001_0001_wfi09_f158_cal.asdf,wfi09,eval,10,73,0.004916775,1
gwcs,../roman/.data/build21/r0000101001001001001_0001_wfi09_f158_cal.asdf,wfi09,eval,10,74,0.005295636,1
gwcs,../roman/.data/build21/r0000101001001001001_0001_wfi09_f158_cal.asdf,wfi09,eval,10,75,0.004940570,1
gwcs,../roman/.data/build21/r0000101001001001001_0001_wfi09_f158_cal.asdf,wfi09,eval,10,76,0.004898733,1
gwcs,../roman/.data/build21/r0000101001001001001_0001_wfi09_f158_cal.asdf,wfi09,eval,10,77,0.005191138,1
gwcs,../roman/.data/build21/r0000101001001001001_0001_wfi09_f158_cal.asdf,wfi09,eval,10,78,0.005035829,1
gwcs,../roman/.data/build21/r0000101001001001001_0001_wfi09_f158_cal.asdf,wfi09,eval,10,79,0.004904148,1
gwcs,../roman/.data/build21/r0000101001001001001_0001_wfi09_f158_cal.asdf,wfi09,eval,10,80,0.005171418,1
gwcs,../roman/.data/build21/r0000101001001001001_0001_wfi09_f158_cal.asdf,wfi09,eval,10,81,0.005007545,1
gwcs,../roman/.data/build21/r0000101001001001001_0001_wfi09_f158_cal.asdf,wfi09,eval,10,82,0.004890839,1
gwcs,../roman/.data/build21/r0000101001001001001_0001_wfi09_f158_cal.asdf,wfi09,eval,10,83,0.005645333,1
gwcs,../roman/.data/build21/r0000101001001001001_0001_wfi09_f158_cal.asdf,wfi09,eval,10,84,0.005107039,1
gwcs,../roman/.data/build21/r0000101001001001001_0001_wfi09_f158_cal.asdf,wfi09,eval,10,85,0.004879070,1
gwcs,../roman/.data/build21/r0000101001001001001_0001_wfi09_f158_cal.asdf,wfi09,eval,10,86,0.004886025,1
gwcs,../roman/.data/build21/r0000101001001001001_0001_wfi09_f158_cal.asdf,wfi09,eval,10,87,0.005154192,1
gwcs,../roman/.data/build21/r0000101001001001001_0001_wfi09_f158_cal.asdf,wfi09,eval,10,88,0.004946958,1
gwcs,../roman/.data/build21/r0000101001001001001_0001_wfi09_f158_cal.asdf,wfi09,eval,10,89,0.004922112,1
gwcs,../roman/.data/build21/r0000101001001001001_0001_wfi09_f158_cal.asdf,wfi09,eval,10,90,0.005236059,1
gwcs,../roman/.data/build21/r0000101001001001001_0001_wfi09_f158_cal.asdf,wfi09,eval,10,91,0.004991914,1
gwcs,../roman/.data/build21/r0000101001001001001_0001_wfi09_f158_cal.asdf,wfi09,eval,10,92,0.004882985,1
gwcs,../roman/.data/build21/r0000101001001001001_0001_wfi09_f158_cal.asdf,wfi09,eval,10,93,0.005095386,1
gwcs,../roman/.data/build21/r0000101001001001001_0001_wfi09_f158_cal.asdf,wfi09,eval,10,94,0.005513690,1
gwcs,../roman/.data/build21/r0000101001001001001_0001_wfi09_f158_cal.asdf,wfi09,eval,10,95,0.004907832,1
gwcs,../roman/.data/build21/r0000101001001001001_0001_wfi09_f158_cal.asdf,wfi09,eval,10,96,0.004959072,1
gwcs,../roman/.data/build21/r0000101001001001001_0001_wfi09_f158_cal.asdf,wfi09,eval,10,97,0.005310271,1
gwcs,../roman/.data/build21/r0000101001001001001_0001_wfi09_f158_cal.asdf,wfi09,eval,10,98,0.004913097,1
gwcs,../roman/.data/build21/r0000101001001001001_0001_wfi09_f158_cal.asdf,wfi09,eval,10,99,0.004904749,1
gwcs,../roman/.data/build21/r0000101001001001001_0001_wfi09_f158_cal.asdf,wfi09,eval,100,0,0.005516222,1
gwcs,../roman/.data/build21/r0000101001001001001_0001_wfi09_f158_cal.asdf,wfi09,eval,100,1,0.005299889,1
gwcs,../roman/.data/build21/r0000101001001001001_0001_wfi09_f158_cal.asdf,wfi09,eval,100,2,0.005111275,1
gwcs,../roman/.data/build21/r0000101001001001001_0001_wfi09_f158_cal.asdf,wfi09,eval,100,3,0.005323380,1
gwcs,../roman/.data/build21/r0000101001001001001_0001_wfi09_f158_cal.asdf,wfi09,eval,100,4,0.005119756,1
gwcs,../roman/.data/build21/r0000101001001001001_0001_wfi09_f158_cal.asdf,wfi09,eval,100,5,0.004979581,1
gwcs,../roman/.data/build21/r0000101001001001001_0001_wfi09_f158_cal.asdf,wfi09,eval,100,6,0.005192903,1
gwcs,../roman/.data/build21/r0000101001001001001_0001_wfi09_f158_cal.asdf,wfi09,eval,100,7,0.006138452,1
gwcs,../roman/.data/build21/r0000101001001001001_0001_wfi09_f158_cal.asdf,wfi09,eval,100,8,0.005016389,1
gwcs,../roman/.data/build21/r0000101001001001001_0001_wfi09_f158_cal.asdf,wfi09,eval,100,9,0.005481984,1
gwcs,../roman/.data/build21/r0000101001001001001_0001_wfi09_f158_cal.asdf,wfi09,eval,100,10,0.005473924,1
gwcs,../roman/.data/build21/r0000101001001001001_0001_wfi09_f158_cal.asdf,wfi09,eval,100,11,0.004965843,1
gwcs,../roman/.data/build21/r0000101001001001001_0001_wfi09_f158_cal.asdf,wfi09,eval,100,12,0.004974526,1
gwcs,../roman/.data/build21/r0000101001001001001_0001_wfi09_f158_cal.asdf,wfi09,eval,100,13,0.004994658,1
gwcs,../roman/.data/build21/r0000101001001001001_0001_wfi09_f158_cal.asdf,wfi09,eval,100,14,0.004944977,1
gwcs,../roman/.data/build21/r0000101001001001001_0001_wfi09_f158_cal.asdf,wfi09,eval,100,15,0.004908348,1
gwcs,../roman/.data/build21/r0000101001001001001_0001_wfi09_f158_cal.asdf,wfi09,eval,100,16,0.004973485,1
gwcs,../roman/.data/build21/r0000101001001001001_0001_wfi09_f158_cal.asdf,wfi09,eval,100,17,0.005676292,1
gwcs,../roman/.data/build21/r0000101001001001001_0001_wfi09_f158_cal.asdf,wfi09,eval,100,18,0.005095386,1
gwcs,../roman/.data/build21/r0000101001001001001_0001_wfi09_f158_cal.asdf,wfi09,eval,100,19,0.005046550,1
gwcs,../roman/.data/build21/r0000101001001001001_0001_wfi09_f158_cal.asdf,wfi09,eval,100,20,0.005064636,1
gwcs,../roman/.data/build21/r0000101001001001001_0001_wfi09_f158_cal.asdf,wfi09,eval,100,21,0.004995273,1
gwcs,../roman/.data/build21/r0000101001001001001_0001_wfi09_f158_cal.asdf,wfi09,eval,100,22,0.004984295,1
gwcs,../roman/.data/build21/r0000101001001001001_0001_wfi09_f158_cal.asdf,wfi09,eval,100,23,0.005122602,1
gwcs,../roman/.data/build21/r0000101001001001001_0001_wfi09_f158_cal.asdf,wfi09,eval,100,24,0.005009355,1
gwcs,../roman/.data/build21/r0000101001001001001_0001_wfi09_f158_cal.asdf,wfi09,eval,100,25,0.005013257,1
gwcs,../roman/.data/build21/r0000101001001001001_0001_wfi09_f158_cal.asdf,wfi09,eval,100,26,0.005102997,1
gwcs,../roman/.data/build21/r0000101001001001001_0001_wfi09_f158_cal.asdf,wfi09,eval,100,27,0.005066247,1
gwcs,../roman/.data/build21/r0000101001001001001_0001_wfi09_f158_cal.asdf,wfi09,eval,100,28,0.005000276,1
gwcs,../roman/.data/build21/r0000101001001001001_0001_wfi09_f158_cal.asdf,wfi09,eval,100,29,0.005023628,1
gwcs,../roman/.data/build21/r0000101001001001001_0001_wfi09_f158_cal.asdf,wfi09,eval,100,30,0.005371844,1
gwcs,../roman/.data/build21/r0000101001001001001_0001_wfi09_f158_cal.asdf,wfi09,eval,100,31,0.004998517,1
gwcs,../roman/.data/build21/r0000101001001001001_0001_wfi09_f158_cal.asdf,wfi09,eval,100,32,0.005098213,1
gwcs,../roman/.data/build21/r0000101001001001001_0001_wfi09_f158_cal.asdf,wfi09,eval,100,33,0.005113233,1
gwcs,../roman/.data/build21/r0000101001001001001_0001_wfi09_f158_cal.asdf,wfi09,eval,100,34,0.004958108,1
gwcs,../roman/.data/build21/r0000101001001001001_0001_wfi09_f158_cal.asdf,wfi09,eval,100,35,0.004914229,1
gwcs,../roman/.data/build21/r0000101001001001001_0001_wfi09_f158_cal.asdf,wfi09,eval,100,36,0.005265791,1
gwcs,../roman/.data/build21/r0000101001001001001_0001_wfi09_f158_cal.asdf,wfi09,eval,100,37,0.005079651,1
gwcs,../roman/.data/build21/r0000101001001001001_0001_wfi09_f158_cal.asdf,wfi09,eval,100,38,0.004939266,1
gwcs,../roman/.data/build21/r0000101001001001001_0001_wfi09_f158_cal.asdf,wfi09,eval,100,39,0.005335989,1
gwcs,../roman/.data/build21/r0000101001001001001_0001_wfi09_f158_cal.asdf,wfi09,eval,100,40,0.005010730,1
gwcs,../roman/.data/build21/r0000101001001001001_0001_wfi09_f158_cal.asdf,wfi09,eval,100,41,0.004958220,1
gwcs,../roman/.data/build21/r0000101001001001001_0001_wfi09_f158_cal.asdf,wfi09,eval,100,42,0.005204884,1
gwcs,../roman/.data/build21/r0000101001001001001_0001_wfi09_f158_cal.asdf,wfi09,eval,100,43,0.005037476,1
gwcs,../roman/.data/build21/r0000101001001001001_0001_wfi09_f158_cal.asdf,wfi09,eval,100,44,0.005007806,1
gwcs,../roman/.data/build21/r0000101001001001001_0001_wfi09_f158_cal.asdf,wfi09,eval,100,45,0.004996871,1
gwcs,../roman/.data/build21/r0000101001001001001_0001_wfi09_f158_cal.asdf,wfi09,eval,100,46,0.005235522,1
gwcs,../roman/.data/build21/r0000101001001001001_0001_wfi09_f158_cal.asdf,wfi09,eval,100,47,0.004944743,1
gwcs,../roman/.data/build21/r0000101001001001001_0001_wfi09_f158_cal.asdf,wfi09,eval,100,48,0.004971187,1
gwcs,../roman/.data/build21/r0000101001001001001_0001_wfi09_f158_cal.asdf,wfi09,eval,100,49,0.005288137,1
gwcs,../roman/.data/build21/r0000101001001001001_0001_wfi09_f158_cal.asdf,wfi09,eval,1000,0,0.005907007,1
gwcs,../roman/.data/build21/r0000101001001001001_0001_wfi09_f158_cal.asdf,wfi09,eval,1000,1,0.005758228,1
gwcs,../roman/.data/build21/r0000101001001001001_0001_wfi09_f158_cal.asdf,wfi09,eval,1000,2,0.005752267,1
gwcs,../roman/.data/build21/r0000101001001001001_0001_wfi09_f158_cal.asdf,wfi09,eval,1000,3,0.005355002,1
gwcs,../roman/.data/build21/r0000101001001001001_0001_wfi09_f158_cal.asdf,wfi09,eval,1000,4,0.005311521,1
gwcs,../roman/.data/build21/r0000101001001001001_0001_wfi09_f158_cal.asdf,wfi09,eval,1000,5,0.005641581,1
gwcs,../roman/.data/build21/r0000101001001001001_0001_wfi09_f158_cal.asdf,wfi09,eval,1000,6,0.005465558,1
gwcs,../roman/.data/build21/r0000101001001001001_0001_wfi09_f158_cal.asdf,wfi09,eval,1000,7,0.005558439,1
gwcs,../roman/.data/build21/r0000101001001001001_0001_wfi09_f158_cal.asdf,wfi09,eval,1000,8,0.005557687,1
gwcs,../roman/.data/build21/r0000101001001001001_0001_wfi09_f158_cal.asdf,wfi09,eval,1000,9,0.005374065,1
gwcs,../roman/.data/build21/r0000101001001001001_0001_wfi09_f158_cal.asdf,wfi09,eval,1000,10,0.005616672,1
gwcs,../roman/.data/build21/r0000101001001001001_0001_wfi09_f158_cal.asdf,wfi09,eval,1000,11,0.008213937,1
gwcs,../roman/.data/build21/r0000101001001001001_0001_wfi09_f158_cal.asdf,wfi09,eval,1000,12,0.005452471,1
gwcs,../roman/.data/build21/r0000101001001001001_0001_wfi09_f158_cal.asdf,wfi09,eval,1000,13,0.005362319,1
gwcs,../roman/.data/build21/r0000101001001001001_0001_wfi09_f158_cal.asdf,wfi09,eval,1000,14,0.005594480,1
gwcs,../roman/.data/build21/r0000101001001001001_0001_wfi09_f158_cal.asdf,wfi09,eval,1000,15,0.005323606,1
gwcs,../roman/.data/build21/r0000101001001001001_0001_wfi09_f158_cal.asdf,wfi09,eval,1000,16,0.005660230,1
gwcs,../roman/.data/build21/r0000101001001001001_0001_wfi09_f158_cal.asdf,wfi09,eval,1000,17,0.005733990,1
gwcs,../roman/.data/build21/r0000101001001001001_0001_wfi09_f158_cal.asdf,wfi09,eval,1000,18,0.005344074,1
gwcs,../roman/.data/build21/r0000101001001001001_0001_wfi09_f158_cal.asdf,wfi09,eval,1000,19,0.005379600,1
gwcs,../roman/.data/build21/r0000101001001001001_0001_wfi09_f158_cal.asdf,wfi09,eval,10000,0,0.009188478,1
gwcs,../roman/.data/build21/r0000101001001001001_0001_wfi09_f158_cal.asdf,wfi09,eval,10000,1,0.009118436,1
gwcs,../roman/.data/build21/r0000101001001001001_0001_wfi09_f158_cal.asdf,wfi09,eval,10000,2,0.009045870,1
gwcs,../roman/.data/build21/r0000101001001001001_0001_wfi09_f158_cal.asdf,wfi09,eval,10000,3,0.009097829,1
gwcs,../roman/.data/build21/r0000101001001001001_0001_wfi09_f158_cal.asdf,wfi09,eval,10000,4,0.009084381,1
gwcs,../roman/.data/build21/r0000101001001001001_0001_wfi09_f158_cal.asdf,wfi09,eval,10000,5,0.009355765,1
gwcs,../roman/.data/build21/r0000101001001001001_0001_wfi09_f158_cal.asdf,wfi09,eval,10000,6,0.009662217,1
gwcs,../roman/.data/build21/r0000101001001001001_0001_wfi09_f158_cal.asdf,wfi09,eval,10000,7,0.009819325,1
gwcs,../roman/.data/build21/r0000101001001001001_0001_wfi09_f158_cal.asdf,wfi09,eval,10000,8,0.008540327,1
gwcs,../roman/.data/build21/r0000101001001001001_0001_wfi09_f158_cal.asdf,wfi09,eval,10000,9,0.008613299,1
gwcs,../roman/.data/build21/r0000101001001001001_0001_wfi09_f158_cal.asdf,wfi09,eval,100000,0,0.041505963,1
gwcs,../roman/.data/build21/r0000101001001001001_0001_wfi09_f158_cal.asdf,wfi09,eval,100000,1,0.038350340,1
gwcs,../roman/.data/build21/r0000101001001001001_0001_wfi09_f158_cal.asdf,wfi09,eval,100000,2,0.040010128,1
gwcs,../roman/.data/build21/r0000101001001001001_0001_wfi09_f158_cal.asdf,wfi09,eval,100000,3,0.038801409,1
gwcs,../roman/.data/build21/r0000101001001001001_0001_wfi09_f158_cal.asdf,wfi09,eval,100000,4,0.039786872,1
gwcs,../roman/.data/build21/r0000101001001001001_0001_wfi09_f158_cal.asdf,wfi09,eval,1000000,0,0.387025602,1
gwcs,../roman/.data/build21/r0000101001001001001_0001_wfi09_f158_cal.asdf,wfi09,eval,1000000,1,0.395939356,1
gwcs,../roman/.data/build21/r0000101001001001001_0001_wfi09_f158_cal.asdf,wfi09,eval,1000000,2,0.394870479,1
gwcs,../roman/.data/build21/r0000101001001001001_0001_wfi09_f158_cal.asdf,wfi09,eval,10000000,0,3.918887246,1
gwcs,../roman/.data/build21/r0000101001001001001_0001_wfi09_f158_cal.asdf,wfi09,eval,10000000,1,3.905582256,1
gwcs,../roman/.data/build21/r0000101001001001001_0001_wfi09_f158_cal.asdf,wfi09,eval,16711744,0,6.583358321,1
gwcs,../roman/.data/build21/r0000101001001001001_0001_wfi09_f158_cal.asdf,wfi09,eval,16711744,1,6.547015973,1
gwcs,../roman/.data/build21/r0000101001001001001_0001_wfi10_f158_cal.asdf,wfi10,parse_cold,0,0,0.792416532,1
gwcs,../roman/.data/build21/r0000101001001001001_0001_wfi10_f158_cal.asdf,wfi10,parse_hot,0,0,0.539981318,1
gwcs,../roman/.data/build21/r0000101001001001001_0001_wfi10_f158_cal.asdf,wfi10,eval,1,0,0.005221421,1
gwcs,../roman/.data/build21/r0000101001001001001_0001_wfi10_f158_cal.asdf,wfi10,eval,1,1,0.005176211,1
gwcs,../roman/.data/build21/r0000101001001001001_0001_wfi10_f158_cal.asdf,wfi10,eval,1,2,0.004804865,1
gwcs,../roman/.data/build21/r0000101001001001001_0001_wfi10_f158_cal.asdf,wfi10,eval,1,3,0.005154794,1
gwcs,../roman/.data/build21/r0000101001001001001_0001_wfi10_f158_cal.asdf,wfi10,eval,1,4,0.005020895,1
gwcs,../roman/.data/build21/r0000101001001001001_0001_wfi10_f158_cal.asdf,wfi10,eval,1,5,0.004828135,1
gwcs,../roman/.data/build21/r0000101001001001001_0001_wfi10_f158_cal.asdf,wfi10,eval,1,6,0.004753547,1
gwcs,../roman/.data/build21/r0000101001001001001_0001_wfi10_f158_cal.asdf,wfi10,eval,1,7,0.004993696,1
gwcs,../roman/.data/build21/r0000101001001001001_0001_wfi10_f158_cal.asdf,wfi10,eval,1,8,0.004769673,1
gwcs,../roman/.data/build21/r0000101001001001001_0001_wfi10_f158_cal.asdf,wfi10,eval,1,9,0.006126937,1
gwcs,../roman/.data/build21/r0000101001001001001_0001_wfi10_f158_cal.asdf,wfi10,eval,1,10,0.004833484,1
gwcs,../roman/.data/build21/r0000101001001001001_0001_wfi10_f158_cal.asdf,wfi10,eval,1,11,0.004780581,1
gwcs,../roman/.data/build21/r0000101001001001001_0001_wfi10_f158_cal.asdf,wfi10,eval,1,12,0.005143360,1
gwcs,../roman/.data/build21/r0000101001001001001_0001_wfi10_f158_cal.asdf,wfi10,eval,1,13,0.005648003,1
gwcs,../roman/.data/build21/r0000101001001001001_0001_wfi10_f158_cal.asdf,wfi10,eval,1,14,0.004799828,1
gwcs,../roman/.data/build21/r0000101001001001001_0001_wfi10_f158_cal.asdf,wfi10,eval,1,15,0.004705247,1
gwcs,../roman/.data/build21/r0000101001001001001_0001_wfi10_f158_cal.asdf,wfi10,eval,1,16,0.004745723,1
gwcs,../roman/.data/build21/r0000101001001001001_0001_wfi10_f158_cal.asdf,wfi10,eval,1,17,0.004799272,1
gwcs,../roman/.data/build21/r0000101001001001001_0001_wfi10_f158_cal.asdf,wfi10,eval,1,18,0.004744924,1
gwcs,../roman/.data/build21/r0000101001001001001_0001_wfi10_f158_cal.asdf,wfi10,eval,1,19,0.004701807,1
gwcs,../roman/.data/build21/r0000101001001001001_0001_wfi10_f158_cal.asdf,wfi10,eval,1,20,0.004781005,1
gwcs,../roman/.data/build21/r0000101001001001001_0001_wfi10_f158_cal.asdf,wfi10,eval,1,21,0.004852783,1
gwcs,../roman/.data/build21/r0000101001001001001_0001_wfi10_f158_cal.asdf,wfi10,eval,1,22,0.004790981,1
gwcs,../roman/.data/build21/r0000101001001001001_0001_wfi10_f158_cal.asdf,wfi10,eval,1,23,0.004762121,1
gwcs,../roman/.data/build21/r0000101001001001001_0001_wfi10_f158_cal.asdf,wfi10,eval,1,24,0.004827481,1
gwcs,../roman/.data/build21/r0000101001001001001_0001_wfi10_f158_cal.asdf,wfi10,eval,1,25,0.004763690,1
gwcs,../roman/.data/build21/r0000101001001001001_0001_wfi10_f158_cal.asdf,wfi10,eval,1,26,0.004731745,1
gwcs,../roman/.data/build21/r0000101001001001001_0001_wfi10_f158_cal.asdf,wfi10,eval,1,27,0.007389593,1
gwcs,../roman/.data/build21/r0000101001001001001_0001_wfi10_f158_cal.asdf,wfi10,eval,1,28,0.004796261,1
gwcs,../roman/.data/build21/r0000101001001001001_0001_wfi10_f158_cal.asdf,wfi10,eval,1,29,0.004750832,1
gwcs,../roman/.data/build21/r0000101001001001001_0001_wfi10_f158_cal.asdf,wfi10,eval,1,30,0.004996641,1
gwcs,../roman/.data/build21/r0000101001001001001_0001_wfi10_f158_cal.asdf,wfi10,eval,1,31,0.006640470,1
gwcs,../roman/.data/build21/r0000101001001001001_0001_wfi10_f158_cal.asdf,wfi10,eval,1,32,0.006782772,1
gwcs,../roman/.data/build21/r0000101001001001001_0001_wfi10_f158_cal.asdf,wfi10,eval,1,33,0.005121145,1
gwcs,../roman/.data/build21/r0000101001001001001_0001_wfi10_f158_cal.asdf,wfi10,eval,1,34,0.004787823,1
gwcs,../roman/.data/build21/r0000101001001001001_0001_wfi10_f158_cal.asdf,wfi10,eval,1,35,0.004724778,1
gwcs,../roman/.data/build21/r0000101001001001001_0001_wfi10_f158_cal.asdf,wfi10,eval,1,36,0.005052499,1
gwcs,../roman/.data/build21/r0000101001001001001_0001_wfi10_f158_cal.asdf,wfi10,eval,1,37,0.004864546,1
gwcs,../roman/.data/build21/r0000101001001001001_0001_wfi10_f158_cal.asdf,wfi10,eval,1,38,0.004741813,1
gwcs,../roman/.data/build21/r0000101001001001001_0001_wfi10_f158_cal.asdf,wfi10,eval,1,39,0.004763347,1
gwcs,../roman/.data/build21/r0000101001001001001_0001_wfi10_f158_cal.asdf,wfi10,eval,1,40,0.005102353,1
gwcs,../roman/.data/build21/r0000101001001001001_0001_wfi10_f158_cal.asdf,wfi10,eval,1,41,0.004752032,1
gwcs,../roman/.data/build21/r0000101001001001001_0001_wfi10_f158_cal.asdf,wfi10,eval,1,42,0.004733434,1
gwcs,../roman/.data/build21/r0000101001001001001_0001_wfi10_f158_cal.asdf,wfi10,eval,1,43,0.004993709,1
gwcs,../roman/.data/build21/r0000101001001001001_0001_wfi10_f158_cal.asdf,wfi10,eval,1,44,0.005006604,1
gwcs,../roman/.data/build21/r0000101001001001001_0001_wfi10_f158_cal.asdf,wfi10,eval,1,45,0.004753689,1
gwcs,../roman/.data/build21/r0000101001001001001_0001_wfi10_f158_cal.asdf,wfi10,eval,1,46,0.005158704,1
gwcs,../roman/.data/build21/r0000101001001001001_0001_wfi10_f158_cal.asdf,wfi10,eval,1,47,0.005184988,1
gwcs,../roman/.data/build21/r0000101001001001001_0001_wfi10_f158_cal.asdf,wfi10,eval,1,48,0.004741079,1
gwcs,../roman/.data/build21/r0000101001001001001_0001_wfi10_f158_cal.asdf,wfi10,eval,1,49,0.004883524,1
gwcs,../roman/.data/build21/r0000101001001001001_0001_wfi10_f158_cal.asdf,wfi10,eval,1,50,0.005183424,1
gwcs,../roman/.data/build21/r0000101001001001001_0001_wfi10_f158_cal.asdf,wfi10,eval,1,51,0.004784240,1
gwcs,../roman/.data/build21/r0000101001001001001_0001_wfi10_f158_cal.asdf,wfi10,eval,1,52,0.004810716,1
gwcs,../roman/.data/build21/r0000101001001001001_0001_wfi10_f158_cal.asdf,wfi10,eval,1,53,0.005017347,1
gwcs,../roman/.data/build21/r0000101001001001001_0001_wfi10_f158_cal.asdf,wfi10,eval,1,54,0.004843445,1
gwcs,../roman/.data/build21/r0000101001001001001_0001_wfi10_f158_cal.asdf,wfi10,eval,1,55,0.004804037,1
gwcs,../roman/.data/build21/r0000101001001001001_0001_wfi10_f158_cal.asdf,wfi10,eval,1,56,0.004759965,1
gwcs,../roman/.data/build21/r0000101001001001001_0001_wfi10_f158_cal.asdf,wfi10,eval,1,57,0.005093585,1
gwcs,../roman/.data/build21/r0000101001001001001_0001_wfi10_f158_cal.asdf,wfi10,eval,1,58,0.004845541,1
gwcs,../roman/.data/build21/r0000101001001001001_0001_wfi10_f158_cal.asdf,wfi10,eval,1,59,0.004699275,1
gwcs,../roman/.data/build21/r0000101001001001001_0001_wfi10_f158_cal.asdf,wfi10,eval,1,60,0.005065437,1
gwcs,../roman/.data/build21/r0000101001001001001_0001_wfi10_f158_cal.asdf,wfi10,eval,1,61,0.004845813,1
gwcs,../roman/.data/build21/r0000101001001001001_0001_wfi10_f158_cal.asdf,wfi10,eval,1,62,0.004696363,1
gwcs,../roman/.data/build21/r0000101001001001001_0001_wfi10_f158_cal.asdf,wfi10,eval,1,63,0.004744355,1
gwcs,../roman/.data/build21/r0000101001001001001_0001_wfi10_f158_cal.asdf,wfi10,eval,1,64,0.005051794,1
gwcs,../roman/.data/build21/r0000101001001001001_0001_wfi10_f158_cal.asdf,wfi10,eval,1,65,0.004741396,1
gwcs,../roman/.data/build21/r0000101001001001001_0001_wfi10_f158_cal.asdf,wfi10,eval,1,66,0.004709917,1
gwcs,../roman/.data/build21/r0000101001001001001_0001_wfi10_f158_cal.asdf,wfi10,eval,1,67,0.005098391,1
gwcs,../roman/.data/build21/r0000101001001001001_0001_wfi10_f158_cal.asdf,wfi10,eval,1,68,0.005071601,1
gwcs,../roman/.data/build21/r0000101001001001001_0001_wfi10_f158_cal.asdf,wfi10,eval,1,69,0.004752068,1
gwcs,../roman/.data/build21/r0000101001001001001_0001_wfi10_f158_cal.asdf,wfi10,eval,1,70,0.005042254,1
gwcs,../roman/.data/build21/r0000101001001001001_0001_wfi10_f158_cal.asdf,wfi10,eval,1,71,0.005188909,1
gwcs,../roman/.data/build21/r0000101001001001001_0001_wfi10_f158_cal.asdf,wfi10,eval,1,72,0.004867420,1
gwcs,../roman/.data/build21/r0000101001001001001_0001_wfi10_f158_cal.asdf,wfi10,eval,1,73,0.004998184,1
gwcs,../roman/.data/build21/r0000101001001001001_0001_wfi10_f158_cal.asdf,wfi10,eval,1,74,0.005073809,1
gwcs,../roman/.data/build21/r0000101001001001001_0001_wfi10_f158_cal.asdf,wfi10,eval,1,75,0.004770357,1
gwcs,../roman/.data/build21/r0000101001001001001_0001_wfi10_f158_cal.asdf,wfi10,eval,1,76,0.004721822,1
gwcs,../roman/.data/build21/r0000101001001001001_0001_wfi10_f158_cal.asdf,wfi10,eval,1,77,0.005047329,1
gwcs,../roman/.data/build21/r0000101001001001001_0001_wfi10_f158_cal.asdf,wfi10,eval,1,78,0.004808457,1
gwcs,../roman/.data/build21/r0000101001001001001_0001_wfi10_f158_cal.asdf,wfi10,eval,1,79,0.004821876,1
gwcs,../roman/.data/build21/r0000101001001001001_0001_wfi10_f158_cal.asdf,wfi10,eval,1,80,0.004892781,1
gwcs,../roman/.data/build21/r0000101001001001001_0001_wfi10_f158_cal.asdf,wfi10,eval,1,81,0.004966072,1
gwcs,../roman/.data/build21/r0000101001001001001_0001_wfi10_f158_cal.asdf,wfi10,eval,1,82,0.006289739,1
gwcs,../roman/.data/build21/r0000101001001001001_0001_wfi10_f158_cal.asdf,wfi10,eval,1,83,0.005507025,1
gwcs,../roman/.data/build21/r0000101001001001001_0001_wfi10_f158_cal.asdf,wfi10,eval,1,84,0.004972833,1
gwcs,../roman/.data/build21/r0000101001001001001_0001_wfi10_f158_cal.asdf,wfi10,eval,1,85,0.004793370,1
gwcs,../roman/.data/build21/r0000101001001001001_0001_wfi10_f158_cal.asdf,wfi10,eval,1,86,0.004801353,1
gwcs,../roman/.data/build21/r0000101001001001001_0001_wfi10_f158_cal.asdf,wfi10,eval,1,87,0.005087899,1
gwcs,../roman/.data/build21/r0000101001001001001_0001_wfi10_f158_cal.asdf,wfi10,eval,1,88,0.004877298,1
gwcs,../roman/.data/build21/r0000101001001001001_0001_wfi10_f158_cal.asdf,wfi10,eval,1,89,0.005117618,1
gwcs,../roman/.data/build21/r0000101001001001001_0001_wfi10_f158_cal.asdf,wfi10,eval,1,90,0.005318941,1
gwcs,../roman/.data/build21/r0000101001001001001_0001_wfi10_f158_cal.asdf,wfi10,eval,1,91,0.005024645,1
gwcs,../roman/.data/build21/r0000101001001001001_0001_wfi10_f158_cal.asdf,wfi10,eval,1,92,0.005071498,1
gwcs,../roman/.data/build21/r0000101001001001001_0001_wfi10_f158_cal.asdf,wfi10,eval,1,93,0.005537778,1
gwcs,../roman/.data/build21/r0000101001001001001_0001_wfi10_f158_cal.asdf,wfi10,eval,1,94,0.005180380,1
gwcs,../roman/.data/build21/r0000101001001001001_0001_wfi10_f158_cal.asdf,wfi10,eval,1,95,0.005021875,1
gwcs,../roman/.data/build21/r0000101001001001001_0001_wfi10_f158_cal.asdf,wfi10,eval,1,96,0.005299026,1
gwcs,../roman/.data/build21/r0000101001001001001_0001_wfi10_f158_cal.asdf,wfi10,eval,1,97,0.005142094,1
gwcs,../roman/.data/build21/r0000101001001001001_0001_wfi10_f158_cal.asdf,wfi10,eval,1,98,0.004827471,1
gwcs,../roman/.data/build21/r0000101001001001001_0001_wfi10_f158_cal.asdf,wfi10,eval,1,99,0.004878192,1
gwcs,../roman/.data/build21/r0000101001001001001_0001_wfi10_f158_cal.asdf,wfi10,eval,10,0,0.005508573,1
gwcs,../roman/.data/build21/r0000101001001001001_0001_wfi10_f158_cal.asdf,wfi10,eval,10,1,0.005295667,1
gwcs,../roman/.data/build21/r0000101001001001001_0001_wfi10_f158_cal.asdf,wfi10,eval,10,2,0.005022900,1
gwcs,../roman/.data/build21/r0000101001001001001_0001_wfi10_f158_cal.asdf,wfi10,eval,10,3,0.005293082,1
gwcs,../roman/.data/build21/r0000101001001001001_0001_wfi10_f158_cal.asdf,wfi10,eval,10,4,0.004945282,1
gwcs,../roman/.data/build21/r0000101001001001001_0001_wfi10_f158_cal.asdf,wfi10,eval,10,5,0.004899081,1
gwcs,../roman/.data/build21/r0000101001001001001_0001_wfi10_f158_cal.asdf,wfi10,eval,10,6,0.005584789,1
gwcs,../roman/.data/build21/r0000101001001001001_0001_wfi10_f158_cal.asdf,wfi10,eval,10,7,0.005279514,1
gwcs,../roman/.data/build21/r0000101001001001001_0001_wfi10_f158_cal.asdf,wfi10,eval,10,8,0.004994732,1
gwcs,../roman/.data/build21/r0000101001001001001_0001_wfi10_f158_cal.asdf,wfi10,eval,10,9,0.005527477,1
gwcs,../roman/.data/build21/r0000101001001001001_0001_wfi10_f158_cal.asdf,wfi10,eval,10,10,0.005008104,1
gwcs,../roman/.data/build21/r0000101001001001001_0001_wfi10_f158_cal.asdf,wfi10,eval,10,11,0.004896822,1
gwcs,../roman/.data/build21/r0000101001001001001_0001_wfi10_f158_cal.asdf,wfi10,eval,10,12,0.005207093,1
gwcs,../roman/.data/build21/r0000101001001001001_0001_wfi10_f158_cal.asdf,wfi10,eval,10,13,0.005098945,1
gwcs,../roman/.data/build21/r0000101001001001001_0001_wfi10_f158_cal.asdf,wfi10,eval,10,14,0.004875596,1
gwcs,../roman/.data/build21/r0000101001001001001_0001_wfi10_f158_cal.asdf,wfi10,eval,10,15,0.004915972,1
gwcs,../roman/.data/build21/r0000101001001001001_0001_wfi10_f158_cal.asdf,wfi10,eval,10,16,0.005200956,1
gwcs,../roman/.data/build21/r0000101001001001001_0001_wfi10_f158_cal.asdf,wfi10,eval,10,17,0.004968012,1
gwcs,../roman/.data/build21/r0000101001001001001_0001_wfi10_f158_cal.asdf,wfi10,eval,10,18,0.004885362,1
gwcs,../roman/.data/build21/r0000101001001001001_0001_wfi10_f158_cal.asdf,wfi10,eval,10,19,0.005966689,1
gwcs,../roman/.data/build21/r0000101001001001001_0001_wfi10_f158_cal.asdf,wfi10,eval,10,20,0.005062744,1
gwcs,../roman/.data/build21/r0000101001001001001_0001_wfi10_f158_cal.asdf,wfi10,eval,10,21,0.004879142,1
gwcs,../roman/.data/build21/r0000101001001001001_0001_wfi10_f158_cal.asdf,wfi10,eval,10,22,0.004917433,1
gwcs,../roman/.data/build21/r0000101001001001001_0001_wfi10_f158_cal.asdf,wfi10,eval,10,23,0.005456533,1
gwcs,../roman/.data/build21/r0000101001001001001_0001_wfi10_f158_cal.asdf,wfi10,eval,10,24,0.004906913,1
gwcs,../roman/.data/build21/r0000101001001001001_0001_wfi10_f158_cal.asdf,wfi10,eval,10,25,0.004913430,1
gwcs,../roman/.data/build21/r0000101001001001001_0001_wfi10_f158_cal.asdf,wfi10,eval,10,26,0.005141061,1
gwcs,../roman/.data/build21/r0000101001001001001_0001_wfi10_f158_cal.asdf,wfi10,eval,10,27,0.005105884,1
gwcs,../roman/.data/build21/r0000101001001001001_0001_wfi10_f158_cal.asdf,wfi10,eval,10,28,0.005093020,1
gwcs,../roman/.data/build21/r0000101001001001001_0001_wfi10_f158_cal.asdf,wfi10,eval,10,29,0.005067864,1
gwcs,../roman/.data/build21/r0000101001001001001_0001_wfi10_f158_cal.asdf,wfi10,eval,10,30,0.007273937,1
gwcs,../roman/.data/build21/r0000101001001001001_0001_wfi10_f158_cal.asdf,wfi10,eval,10,31,0.004970323,1
gwcs,../roman/.data/build21/r0000101001001001001_0001_wfi10_f158_cal.asdf,wfi10,eval,10,32,0.005125941,1
gwcs,../roman/.data/build21/r0000101001001001001_0001_wfi10_f158_cal.asdf,wfi10,eval,10,33,0.005050222,1
gwcs,../roman/.data/build21/r0000101001001001001_0001_wfi10_f158_cal.asdf,wfi10,eval,10,34,0.005005261,1
gwcs,../roman/.data/build21/r0000101001001001001_0001_wfi10_f158_cal.asdf,wfi10,eval,10,35,0.005149073,1
gwcs,../roman/.data/build21/r0000101001001001001_0001_wfi10_f158_cal.asdf,wfi10,eval,10,36,0.005241899,1
gwcs,../roman/.data/build21/r0000101001001001001_0001_wfi10_f158_cal.asdf,wfi10,eval,10,37,0.005093261,1
gwcs,../roman/.data/build21/r0000101001001001001_0001_wfi10_f158_cal.asdf,wfi10,eval,10,38,0.005196451,1
gwcs,../roman/.data/build21/r0000101001001001001_0001_wfi10_f158_cal.asdf,wfi10,eval,10,39,0.005084662,1
gwcs,../roman/.data/build21/r0000101001001001001_0001_wfi10_f158_cal.asdf,wfi10,eval,10,40,0.005093284,1
gwcs,../roman/.data/build21/r0000101001001001001_0001_wfi10_f158_cal.asdf,wfi10,eval,10,41,0.005055379,1
gwcs,../roman/.data/build21/r0000101001001001001_0001_wfi10_f158_cal.asdf,wfi10,eval,10,42,0.005850780,1
gwcs,../roman/.data/build21/r0000101001001001001_0001_wfi10_f158_cal.asdf,wfi10,eval,10,43,0.005050423,1
gwcs,../roman/.data/build21/r0000101001001001001_0001_wfi10_f158_cal.asdf,wfi10,eval,10,44,0.005395162,1
gwcs,../roman/.data/build21/r0000101001001001001_0001_wfi10_f158_cal.asdf,wfi10,eval,10,45,0.005353515,1
gwcs,../roman/.data/build21/r0000101001001001001_0001_wfi10_f158_cal.asdf,wfi10,eval,10,46,0.005188820,1
gwcs,../roman/.data/build21/r0000101001001001001_0001_wfi10_f158_cal.asdf,wfi10,eval,10,47,0.005018174,1
gwcs,../roman/.data/build21/r0000101001001001001_0001_wfi10_f158_cal.asdf,wfi10,eval,10,48,0.005378854,1
gwcs,../roman/.data/build21/r0000101001001001001_0001_wfi10_f158_cal.asdf,wfi10,eval,10,49,0.005071318,1
gwcs,../roman/.data/build21/r0000101001001001001_0001_wfi10_f158_cal.asdf,wfi10,eval,10,50,0.005330422,1
gwcs,../roman/.data/build21/r0000101001001001001_0001_wfi10_f158_cal.asdf,wfi10,eval,10,51,0.005304966,1
gwcs,../roman/.data/build21/r0000101001001001001_0001_wfi10_f158_cal.asdf,wfi10,eval,10,52,0.005315654,1
gwcs,../roman/.data/build21/r0000101001001001001_0001_wfi10_f158_cal.asdf,wfi10,eval,10,53,0.005098982,1
gwcs,../roman/.data/build21/r0000101001001001001_0001_wfi10_f158_cal.asdf,wfi10,eval,10,54,0.005382295,1
gwcs,../roman/.data/build21/r0000101001001001001_0001_wfi10_f158_cal.asdf,wfi10,eval,10,55,0.005469293,1
gwcs,../roman/.data/build21/r0000101001001001001_0001_wfi10_f158_cal.asdf,wfi10,eval,10,56,0.005423039,1
gwcs,../roman/.data/build21/r0000101001001001001_0001_wfi10_f158_cal.asdf,wfi10,eval,10,57,0.005180785,1
gwcs,../roman/.data/build21/r0000101001001001001_0001_wfi10_f158_cal.asdf,wfi10,eval,10,58,0.005255247,1
gwcs,../roman/.data/build21/r0000101001001001001_0001_wfi10_f158_cal.asdf,wfi10,eval,10,59,0.004891546,1
gwcs,../roman/.data/build21/r0000101001001001001_0001_wfi10_f158_cal.asdf,wfi10,eval,10,60,0.004909726,1
gwcs,../roman/.data/build21/r0000101001001001001_0001_wfi10_f158_cal.asdf,wfi10,eval,10,61,0.005266504,1
gwcs,../roman/.data/build21/r0000101001001001001_0001_wfi10_f158_cal.asdf,wfi10,eval,10,62,0.004908105,1
gwcs,../roman/.data/build21/r0000101001001001001_0001_wfi10_f158_cal.asdf,wfi10,eval,10,63,0.005003988,1
gwcs,../roman/.data/build21/r0000101001001001001_0001_wfi10_f158_cal.asdf,wfi10,eval,10,64,0.005194554,1
gwcs,../roman/.data/build21/r0000101001001001001_0001_wfi10_f158_cal.asdf,wfi10,eval,10,65,0.005195740,1
gwcs,../roman/.data/build21/r0000101001001001001_0001_wfi10_f158_cal.asdf,wfi10,eval,10,66,0.005550781,1
gwcs,../roman/.data/build21/r0000101001001001001_0001_wfi10_f158_cal.asdf,wfi10,eval,10,67,0.005559790,1
gwcs,../roman/.data/build21/r0000101001001001001_0001_wfi10_f158_cal.asdf,wfi10,eval,10,68,0.005382199,1
gwcs,../roman/.data/build21/r0000101001001001001_0001_wfi10_f158_cal.asdf,wfi10,eval,10,69,0.005301363,1
gwcs,../roman/.data/build21/r0000101001001001001_0001_wfi10_f158_cal.asdf,wfi10,eval,10,70,0.005565066,1
gwcs,../roman/.data/build21/r0000101001001001001_0001_wfi10_f158_cal.asdf,wfi10,eval,10,71,0.005222914,1
gwcs,../roman/.data/build21/r0000101001001001001_0001_wfi10_f158_cal.asdf,wfi10,eval,10,72,0.005259549,1
gwcs,../roman/.data/build21/r0000101001001001001_0001_wfi10_f158_cal.asdf,wfi10,eval,10,73,0.005097042,1
gwcs,../roman/.data/build21/r0000101001001001001_0001_wfi10_f158_cal.asdf,wfi10,eval,10,74,0.005362432,1
gwcs,../roman/.data/build21/r0000101001001001001_0001_wfi10_f158_cal.asdf,wfi10,eval,10,75,0.005224615,1
gwcs,../roman/.data/build21/r0000101001001001001_0001_wfi10_f158_cal.asdf,wfi10,eval,10,76,0.005122806,1
gwcs,../roman/.data/build21/r0000101001001001001_0001_wfi10_f158_cal.asdf,wfi10,eval,10,77,0.005339994,1
gwcs,../roman/.data/build21/r0000101001001001001_0001_wfi10_f158_cal.asdf,wfi10,eval,10,78,0.005191655,1
gwcs,../roman/.data/build21/r0000101001001001001_0001_wfi10_f158_cal.asdf,wfi10,eval,10,79,0.005077344,1
gwcs,../roman/.data/build21/r0000101001001001001_0001_wfi10_f158_cal.asdf,wfi10,eval,10,80,0.005219680,1
gwcs,../roman/.data/build21/r0000101001001001001_0001_wfi10_f158_cal.asdf,wfi10,eval,10,81,0.005489253,1
gwcs,../roman/.data/build21/r0000101001001001001_0001_wfi10_f158_cal.asdf,wfi10,eval,10,82,0.005281573,1
gwcs,../roman/.data/build21/r0000101001001001001_0001_wfi10_f158_cal.asdf,wfi10,eval,10,83,0.006494102,1
gwcs,../roman/.data/build21/r0000101001001001001_0001_wfi10_f158_cal.asdf,wfi10,eval,10,84,0.005709338,1
gwcs,../roman/.data/build21/r0000101001001001001_0001_wfi10_f158_cal.asdf,wfi10,eval,10,85,0.005300118,1
gwcs,../roman/.data/build21/r0000101001001001001_0001_wfi10_f158_cal.asdf,wfi10,eval,10,86,0.005467355,1
gwcs,../roman/.data/build21/r0000101001001001001_0001_wfi10_f158_cal.asdf,wfi10,eval,10,87,0.005328888,1
gwcs,../roman/.data/build21/r0000101001001001001_0001_wfi10_f158_cal.asdf,wfi10,eval,10,88,0.005849327,1
gwcs,../roman/.data/build21/r0000101001001001001_0001_wfi10_f158_cal.asdf,wfi10,eval,10,89,0.005609769,1
gwcs,../roman/.data/build21/r0000101001001001001_0001_wfi10_f158_cal.asdf,wfi10,eval,10,90,0.005304873,1
gwcs,../roman/.data/build21/r0000101001001001001_0001_wfi10_f158_cal.asdf,wfi10,eval,10,91,0.005415782,1
gwcs,../roman/.data/build21/r0000101001001001001_0001_wfi10_f158_cal.asdf,wfi10,eval,10,92,0.005454537,1
gwcs,../roman/.data/build21/r0000101001001001001_0001_wfi10_f158_cal.asdf,wfi10,eval,10,93,0.005042185,1
gwcs,../roman/.data/build21/r0000101001001001001_0001_wfi10_f158_cal.asdf,wfi10,eval,10,94,0.005024141,1
gwcs,../roman/.data/build21/r0000101001001001001_0001_wfi10_f158_cal.asdf,wfi10,eval,10,95,0.005081444,1
gwcs,../roman/.data/build21/r0000101001001001001_0001_wfi10_f158_cal.asdf,wfi10,eval,10,96,0.005306911,1
gwcs,../roman/.data/build21/r0000101001001001001_0001_wfi10_f158_cal.asdf,wfi10,eval,10,97,0.005080561,1
gwcs,../roman/.data/build21/r0000101001001001001_0001_wfi10_f158_cal.asdf,wfi10,eval,10,98,0.005196876,1
gwcs,../roman/.data/build21/r0000101001001001001_0001_wfi10_f158_cal.asdf,wfi10,eval,10,99,0.005333388,1
gwcs,../roman/.data/build21/r0000101001001001001_0001_wfi10_f158_cal.asdf,wfi10,eval,100,0,0.006222760,1
gwcs,../roman/.data/build21/r0000101001001001001_0001_wfi10_f158_cal.asdf,wfi10,eval,100,1,0.005547023,1
gwcs,../roman/.data/build21/r0000101001001001001_0001_wfi10_f158_cal.asdf,wfi10,eval,100,2,0.006256601,1
gwcs,../roman/.data/build21/r0000101001001001001_0001_wfi10_f158_cal.asdf,wfi10,eval,100,3,0.006155042,1
gwcs,../roman/.data/build21/r0000101001001001001_0001_wfi10_f158_cal.asdf,wfi10,eval,100,4,0.005766888,1
gwcs,../roman/.data/build21/r0000101001001001001_0001_wfi10_f158_cal.asdf,wfi10,eval,100,5,0.005387408,1
gwcs,../roman/.data/build21/r0000101001001001001_0001_wfi10_f158_cal.asdf,wfi10,eval,100,6,0.006007917,1
gwcs,../roman/.data/build21/r0000101001001001001_0001_wfi10_f158_cal.asdf,wfi10,eval,100,7,0.005203365,1
gwcs,../roman/.data/build21/r0000101001001001001_0001_wfi10_f158_cal.asdf,wfi10,eval,100,8,0.005033675,1
gwcs,../roman/.data/build21/r0000101001001001001_0001_wfi10_f158_cal.asdf,wfi10,eval,100,9,0.004973067,1
gwcs,../roman/.data/build21/r0000101001001001001_0001_wfi10_f158_cal.asdf,wfi10,eval,100,10,0.005329482,1
gwcs,../roman/.data/build21/r0000101001001001001_0001_wfi10_f158_cal.asdf,wfi10,eval,100,11,0.005029065,1
gwcs,../roman/.data/build21/r0000101001001001001_0001_wfi10_f158_cal.asdf,wfi10,eval,100,12,0.004981652,1
gwcs,../roman/.data/build21/r0000101001001001001_0001_wfi10_f158_cal.asdf,wfi10,eval,100,13,0.005055933,1
gwcs,../roman/.data/build21/r0000101001001001001_0001_wfi10_f158_cal.asdf,wfi10,eval,100,14,0.007606790,1
gwcs,../roman/.data/build21/r0000101001001001001_0001_wfi10_f158_cal.asdf,wfi10,eval,100,15,0.005094147,1
gwcs,../roman/.data/build21/r0000101001001001001_0001_wfi10_f158_cal.asdf,wfi10,eval,100,16,0.005355791,1
gwcs,../roman/.data/build21/r0000101001001001001_0001_wfi10_f158_cal.asdf,wfi10,eval,100,17,0.006155173,1
gwcs,../roman/.data/build21/r0000101001001001001_0001_wfi10_f158_cal.asdf,wfi10,eval,100,18,0.005430144,1
gwcs,../roman/.data/build21/r0000101001001001001_0001_wfi10_f158_cal.asdf,wfi10,eval,100,19,0.005653068,1
gwcs,../roman/.data/build21/r0000101001001001001_0001_wfi10_f158_cal.asdf,wfi10,eval,100,20,0.005463726,1
gwcs,../roman/.data/build21/r0000101001001001001_0001_wfi10_f158_cal.asdf,wfi10,eval,100,21,0.005495962,1
gwcs,../roman/.data/build21/r0000101001001001001_0001_wfi10_f158_cal.asdf,wfi10,eval,100,22,0.005837764,1
gwcs,../roman/.data/build21/r0000101001001001001_0001_wfi10_f158_cal.asdf,wfi10,eval,100,23,0.005807654,1
gwcs,../roman/.data/build21/r0000101001001001001_0001_wfi10_f158_cal.asdf,wfi10,eval,100,24,0.005280047,1
gwcs,../roman/.data/build21/r0000101001001001001_0001_wfi10_f158_cal.asdf,wfi10,eval,100,25,0.005421394,1
gwcs,../roman/.data/build21/r0000101001001001001_0001_wfi10_f158_cal.asdf,wfi10,eval,100,26,0.005145906,1
gwcs,../roman/.data/build21/r0000101001001001001_0001_wfi10_f158_cal.asdf,wfi10,eval,100,27,0.005183225,1
gwcs,../roman/.data/build21/r0000101001001001001_0001_wfi10_f158_cal.asdf,wfi10,eval,100,28,0.005356728,1
gwcs,../roman/.data/build21/r0000101001001001001_0001_wfi10_f158_cal.asdf,wfi10,eval,100,29,0.004955510,1
gwcs,../roman/.data/build21/r0000101001001001001_0001_wfi10_f158_cal.asdf,wfi10,eval,100,30,0.004906855,1
gwcs,../roman/.data/build21/r0000101001001001001_0001_wfi10_f158_cal.asdf,wfi10,eval,100,31,0.005133332,1
gwcs,../roman/.data/build21/r0000101001001001001_0001_wfi10_f158_cal.asdf,wfi10,eval,100,32,0.005114985,1
gwcs,../roman/.data/build21/r0000101001001001001_0001_wfi10_f158_cal.asdf,wfi10,eval,100,33,0.005208756,1
gwcs,../roman/.data/build21/r0000101001001001001_0001_wfi10_f158_cal.asdf,wfi10,eval,100,34,0.005772059,1
gwcs,../roman/.data/build21/r0000101001001001001_0001_wfi10_f158_cal.asdf,wfi10,eval,100,35,0.005264772,1
gwcs,../roman/.data/build21/r0000101001001001001_0001_wfi10_f158_cal.asdf,wfi10,eval,100,36,0.005029405,1
gwcs,../roman/.data/build21/r0000101001001001001_0001_wfi10_f158_cal.asdf,wfi10,eval,100,37,0.005438589,1
gwcs,../roman/.data/build21/r0000101001001001001_0001_wfi10_f158_cal.asdf,wfi10,eval,100,38,0.004959179,1
gwcs,../roman/.data/build21/r0000101001001001001_0001_wfi10_f158_cal.asdf,wfi10,eval,100,39,0.004923844,1
gwcs,../roman/.data/build21/r0000101001001001001_0001_wfi10_f158_cal.asdf,wfi10,eval,100,40,0.005265865,1
gwcs,../roman/.data/build21/r0000101001001001001_0001_wfi10_f158_cal.asdf,wfi10,eval,100,41,0.005184582,1
gwcs,../roman/.data/build21/r0000101001001001001_0001_wfi10_f158_cal.asdf,wfi10,eval,100,42,0.004908855,1
gwcs,../roman/.data/build21/r0000101001001001001_0001_wfi10_f158_cal.asdf,wfi10,eval,100,43,0.005311728,1
gwcs,../roman/.data/build21/r0000101001001001001_0001_wfi10_f158_cal.asdf,wfi10,eval,100,44,0.005200547,1
gwcs,../roman/.data/build21/r0000101001001001001_0001_wfi10_f158_cal.asdf,wfi10,eval,100,45,0.004953514,1
gwcs,../roman/.data/build21/r0000101001001001001_0001_wfi10_f158_cal.asdf,wfi10,eval,100,46,0.005054402,1
gwcs,../roman/.data/build21/r0000101001001001001_0001_wfi10_f158_cal.asdf,wfi10,eval,100,47,0.005821971,1
gwcs,../roman/.data/build21/r0000101001001001001_0001_wfi10_f158_cal.asdf,wfi10,eval,100,48,0.005227583,1
gwcs,../roman/.data/build21/r0000101001001001001_0001_wfi10_f158_cal.asdf,wfi10,eval,100,49,0.005581312,1
gwcs,../roman/.data/build21/r0000101001001001001_0001_wfi10_f158_cal.asdf,wfi10,eval,1000,0,0.006598176,1
gwcs,../roman/.data/build21/r0000101001001001001_0001_wfi10_f158_cal.asdf,wfi10,eval,1000,1,0.006367957,1
gwcs,../roman/.data/build21/r0000101001001001001_0001_wfi10_f158_cal.asdf,wfi10,eval,1000,2,0.006184443,1
gwcs,../roman/.data/build21/r0000101001001001001_0001_wfi10_f158_cal.asdf,wfi10,eval,1000,3,0.005713640,1
gwcs,../roman/.data/build21/r0000101001001001001_0001_wfi10_f158_cal.asdf,wfi10,eval,1000,4,0.005581262,1
gwcs,../roman/.data/build21/r0000101001001001001_0001_wfi10_f158_cal.asdf,wfi10,eval,1000,5,0.006261528,1
gwcs,../roman/.data/build21/r0000101001001001001_0001_wfi10_f158_cal.asdf,wfi10,eval,1000,6,0.005852886,1
gwcs,../roman/.data/build21/r0000101001001001001_0001_wfi10_f158_cal.asdf,wfi10,eval,1000,7,0.005676271,1
gwcs,../roman/.data/build21/r0000101001001001001_0001_wfi10_f158_cal.asdf,wfi10,eval,1000,8,0.005517824,1
gwcs,../roman/.data/build21/r0000101001001001001_0001_wfi10_f158_cal.asdf,wfi10,eval,1000,9,0.005472939,1
gwcs,../roman/.data/build21/r0000101001001001001_0001_wfi10_f158_cal.asdf,wfi10,eval,1000,10,0.005391179,1
gwcs,../roman/.data/build21/r0000101001001001001_0001_wfi10_f158_cal.asdf,wfi10,eval,1000,11,0.005570531,1
gwcs,../roman/.data/build21/r0000101001001001001_0001_wfi10_f158_cal.asdf,wfi10,eval,1000,12,0.005650990,1
gwcs,../roman/.data/build21/r0000101001001001001_0001_wfi10_f158_cal.asdf,wfi10,eval,1000,13,0.005349367,1
gwcs,../roman/.data/build21/r0000101001001001001_0001_wfi10_f158_cal.asdf,wfi10,eval,1000,14,0.005293939,1
gwcs,../roman/.data/build21/r0000101001001001001_0001_wfi10_f158_cal.asdf,wfi10,eval,1000,15,0.005603621,1
gwcs,../roman/.data/build21/r0000101001001001001_0001_wfi10_f158_cal.asdf,wfi10,eval,1000,16,0.005572321,1
gwcs,../roman/.data/build21/r0000101001001001001_0001_wfi10_f158_cal.asdf,wfi10,eval,1000,17,0.005838853,1
gwcs,../roman/.data/build21/r0000101001001001001_0001_wfi10_f158_cal.asdf,wfi10,eval,1000,18,0.006068645,1
gwcs,../roman/.data/build21/r0000101001001001001_0001_wfi10_f158_cal.asdf,wfi10,eval,1000,19,0.006770137,1
gwcs,../roman/.data/build21/r0000101001001001001_0001_wfi10_f158_cal.asdf,wfi10,eval,10000,0,0.009790520,1
gwcs,../roman/.data/build21/r0000101001001001001_0001_wfi10_f158_cal.asdf,wfi10,eval,10000,1,0.008752443,1
gwcs,../roman/.data/build21/r0000101001001001001_0001_wfi10_f158_cal.asdf,wfi10,eval,10000,2,0.009001030,1
gwcs,../roman/.data/build21/r0000101001001001001_0001_wfi10_f158_cal.asdf,wfi10,eval,10000,3,0.008511364,1
gwcs,../roman/.data/build21/r0000101001001001001_0001_wfi10_f158_cal.asdf,wfi10,eval,10000,4,0.008669825,1
gwcs,../roman/.data/build21/r0000101001001001001_0001_wfi10_f158_cal.asdf,wfi10,eval,10000,5,0.008827468,1
gwcs,../roman/.data/build21/r0000101001001001001_0001_wfi10_f158_cal.asdf,wfi10,eval,10000,6,0.008782724,1
gwcs,../roman/.data/build21/r0000101001001001001_0001_wfi10_f158_cal.asdf,wfi10,eval,10000,7,0.009039882,1
gwcs,../roman/.data/build21/r0000101001001001001_0001_wfi10_f158_cal.asdf,wfi10,eval,10000,8,0.009103522,1
gwcs,../roman/.data/build21/r0000101001001001001_0001_wfi10_f158_cal.asdf,wfi10,eval,10000,9,0.008767096,1
gwcs,../roman/.data/build21/r0000101001001001001_0001_wfi10_f158_cal.asdf,wfi10,eval,100000,0,0.039332779,1
gwcs,../roman/.data/build21/r0000101001001001001_0001_wfi10_f158_cal.asdf,wfi10,eval,100000,1,0.039260498,1
gwcs,../roman/.data/build21/r0000101001001001001_0001_wfi10_f158_cal.asdf,wfi10,eval,100000,2,0.039532648,1
gwcs,../roman/.data/build21/r0000101001001001001_0001_wfi10_f158_cal.asdf,wfi10,eval,100000,3,0.039372158,1
gwcs,../roman/.data/build21/r0000101001001001001_0001_wfi10_f158_cal.asdf,wfi10,eval,100000,4,0.040145755,1
gwcs,../roman/.data/build21/r0000101001001001001_0001_wfi10_f158_cal.asdf,wfi10,eval,1000000,0,0.406600237,1
gwcs,../roman/.data/build21/r0000101001001001001_0001_wfi10_f158_cal.asdf,wfi10,eval,1000000,1,0.391896624,1
gwcs,../roman/.data/build21/r0000101001001001001_0001_wfi10_f158_cal.asdf,wfi10,eval,1000000,2,0.397966702,1
gwcs,../roman/.data/build21/r0000101001001001001_0001_wfi10_f158_cal.asdf,wfi10,eval,10000000,0,3.946555342,1
gwcs,../roman/.data/build21/r0000101001001001001_0001_wfi10_f158_cal.asdf,wfi10,eval,10000000,1,3.920985798,1
gwcs,../roman/.data/build21/r0000101001001001001_0001_wfi10_f158_cal.asdf,wfi10,eval,16711744,0,6.568062726,1
gwcs,../roman/.data/build21/r0000101001001001001_0001_wfi10_f158_cal.asdf,wfi10,eval,16711744,1,6.641018435,1
gwcs,../roman/.data/build21/r0000101001001001001_0001_wfi11_f158_cal.asdf,wfi11,parse_cold,0,0,0.855143689,1
gwcs,../roman/.data/build21/r0000101001001001001_0001_wfi11_f158_cal.asdf,wfi11,parse_hot,0,0,0.538295927,1
gwcs,../roman/.data/build21/r0000101001001001001_0001_wfi11_f158_cal.asdf,wfi11,eval,1,0,0.005251151,1
gwcs,../roman/.data/build21/r0000101001001001001_0001_wfi11_f158_cal.asdf,wfi11,eval,1,1,0.005138343,1
gwcs,../roman/.data/build21/r0000101001001001001_0001_wfi11_f158_cal.asdf,wfi11,eval,1,2,0.005098414,1
gwcs,../roman/.data/build21/r0000101001001001001_0001_wfi11_f158_cal.asdf,wfi11,eval,1,3,0.004797387,1
gwcs,../roman/.data/build21/r0000101001001001001_0001_wfi11_f158_cal.asdf,wfi11,eval,1,4,0.004745774,1
gwcs,../roman/.data/build21/r0000101001001001001_0001_wfi11_f158_cal.asdf,wfi11,eval,1,5,0.004885527,1
gwcs,../roman/.data/build21/r0000101001001001001_0001_wfi11_f158_cal.asdf,wfi11,eval,1,6,0.004809354,1
gwcs,../roman/.data/build21/r0000101001001001001_0001_wfi11_f158_cal.asdf,wfi11,eval,1,7,0.005016112,1
gwcs,../roman/.data/build21/r0000101001001001001_0001_wfi11_f158_cal.asdf,wfi11,eval,1,8,0.004869393,1
gwcs,../roman/.data/build21/r0000101001001001001_0001_wfi11_f158_cal.asdf,wfi11,eval,1,9,0.004983895,1
gwcs,../roman/.data/build21/r0000101001001001001_0001_wfi11_f158_cal.asdf,wfi11,eval,1,10,0.004847291,1
gwcs,../roman/.data/build21/r0000101001001001001_0001_wfi11_f158_cal.asdf,wfi11,eval,1,11,0.004815516,1
gwcs,../roman/.data/build21/r0000101001001001001_0001_wfi11_f158_cal.asdf,wfi11,eval,1,12,0.004985672,1
gwcs,../roman/.data/build21/r0000101001001001001_0001_wfi11_f158_cal.asdf,wfi11,eval,1,13,0.004898513,1
gwcs,../roman/.data/build21/r0000101001001001001_0001_wfi11_f158_cal.asdf,wfi11,eval,1,14,0.004833494,1
gwcs,../roman/.data/build21/r0000101001001001001_0001_wfi11_f158_cal.asdf,wfi11,eval,1,15,0.004874924,1
gwcs,../roman/.data/build21/r0000101001001001001_0001_wfi11_f158_cal.asdf,wfi11,eval,1,16,0.004934667,1
gwcs,../roman/.data/build21/r0000101001001001001_0001_wfi11_f158_cal.asdf,wfi11,eval,1,17,0.004794734,1
gwcs,../roman/.data/build21/r0000101001001001001_0001_wfi11_f158_cal.asdf,wfi11,eval,1,18,0.004782983,1
gwcs,../roman/.data/build21/r0000101001001001001_0001_wfi11_f158_cal.asdf,wfi11,eval,1,19,0.004952525,1
gwcs,../roman/.data/build21/r0000101001001001001_0001_wfi11_f158_cal.asdf,wfi11,eval,1,20,0.004788484,1
gwcs,../roman/.data/build21/r0000101001001001001_0001_wfi11_f158_cal.asdf,wfi11,eval,1,21,0.004759579,1
gwcs,../roman/.data/build21/r0000101001001001001_0001_wfi11_f158_cal.asdf,wfi11,eval,1,22,0.004966921,1
gwcs,../roman/.data/build21/r0000101001001001001_0001_wfi11_f158_cal.asdf,wfi11,eval,1,23,0.004822205,1
gwcs,../roman/.data/build21/r0000101001001001001_0001_wfi11_f158_cal.asdf,wfi11,eval,1,24,0.004777476,1
gwcs,../roman/.data/build21/r0000101001001001001_0001_wfi11_f158_cal.asdf,wfi11,eval,1,25,0.004751000,1
gwcs,../roman/.data/build21/r0000101001001001001_0001_wfi11_f158_cal.asdf,wfi11,eval,1,26,0.004993370,1
gwcs,../roman/.data/build21/r0000101001001001001_0001_wfi11_f158_cal.asdf,wfi11,eval,1,27,0.004937677,1
gwcs,../roman/.data/build21/r0000101001001001001_0001_wfi11_f158_cal.asdf,wfi11,eval,1,28,0.004751805,1
gwcs,../roman/.data/build21/r0000101001001001001_0001_wfi11_f158_cal.asdf,wfi11,eval,1,29,0.004946808,1
gwcs,../roman/.data/build21/r0000101001001001001_0001_wfi11_f158_cal.asdf,wfi11,eval,1,30,0.004794535,1
gwcs,../roman/.data/build21/r0000101001001001001_0001_wfi11_f158_cal.asdf,wfi11,eval,1,31,0.004735265,1
gwcs,../roman/.data/build21/r0000101001001001001_0001_wfi11_f158_cal.asdf,wfi11,eval,1,32,0.004716323,1
gwcs,../roman/.data/build21/r0000101001001001001_0001_wfi11_f158_cal.asdf,wfi11,eval,1,33,0.005859386,1
gwcs,../roman/.data/build21/r0000101001001001001_0001_wfi11_f158_cal.asdf,wfi11,eval,1,34,0.008905444,1
gwcs,../roman/.data/build21/r0000101001001001001_0001_wfi11_f158_cal.asdf,wfi11,eval,1,35,0.010812273,1
gwcs,../roman/.data/build21/r0000101001001001001_0001_wfi11_f158_cal.asdf,wfi11,eval,1,36,0.010370455,1
gwcs,../roman/.data/build21/r0000101001001001001_0001_wfi11_f158_cal.asdf,wfi11,eval,1,37,0.009924106,1
gwcs,../roman/.data/build21/r0000101001001001001_0001_wfi11_f158_cal.asdf,wfi11,eval,1,38,0.008865102,1
gwcs,../roman/.data/build21/r0000101001001001001_0001_wfi11_f158_cal.asdf,wfi11,eval,1,39,0.010556017,1
gwcs,../roman/.data/build21/r0000101001001001001_0001_wfi11_f158_cal.asdf,wfi11,eval,1,40,0.010283608,1
gwcs,../roman/.data/build21/r0000101001001001001_0001_wfi11_f158_cal.asdf,wfi11,eval,1,41,0.010299686,1
gwcs,../roman/.data/build21/r0000101001001001001_0001_wfi11_f158_cal.asdf,wfi11,eval,1,42,0.010230932,1
gwcs,../roman/.data/build21/r0000101001001001001_0001_wfi11_f158_cal.asdf,wfi11,eval,1,43,0.009177960,1
gwcs,../roman/.data/build21/r0000101001001001001_0001_wfi11_f158_cal.asdf,wfi11,eval,1,44,0.009870575,1
gwcs,../roman/.data/build21/r0000101001001001001_0001_wfi11_f158_cal.asdf,wfi11,eval,1,45,0.009804316,1
gwcs,../roman/.data/build21/r0000101001001001001_0001_wfi11_f158_cal.asdf,wfi11,eval,1,46,0.010050634,1
gwcs,../roman/.data/build21/r0000101001001001001_0001_wfi11_f158_cal.asdf,wfi11,eval,1,47,0.010211058,1
gwcs,../roman/.data/build21/r0000101001001001001_0001_wfi11_f158_cal.asdf,wfi11,eval,1,48,0.009947455,1
gwcs,../roman/.data/build21/r0000101001001001001_0001_wfi11_f158_cal.asdf,wfi11,eval,1,49,0.010090324,1
gwcs,../roman/.data/build21/r0000101001001001001_0001_wfi11_f158_cal.asdf,wfi11,eval,1,50,0.010043474,1
gwcs,../roman/.data/build21/r0000101001001001001_0001_wfi11_f158_cal.asdf,wfi11,eval,1,51,0.009007061,1
gwcs,../roman/.data/build21/r0000101001001001001_0001_wfi11_f158_cal.asdf,wfi11,eval,1,52,0.006026344,1
gwcs,../roman/.data/build21/r0000101001001001001_0001_wfi11_f158_cal.asdf,wfi11,eval,1,53,0.005133803,1
gwcs,../roman/.data/build21/r0000101001001001001_0001_wfi11_f158_cal.asdf,wfi11,eval,1,54,0.005096258,1
gwcs,../roman/.data/build21/r0000101001001001001_0001_wfi11_f158_cal.asdf,wfi11,eval,1,55,0.007346248,1
gwcs,../roman/.data/build21/r0000101001001001001_0001_wfi11_f158_cal.asdf,wfi11,eval,1,56,0.009715625,1
gwcs,../roman/.data/build21/r0000101001001001001_0001_wfi11_f158_cal.asdf,wfi11,eval,1,57,0.010055303,1
gwcs,../roman/.data/build21/r0000101001001001001_0001_wfi11_f158_cal.asdf,wfi11,eval,1,58,0.008492873,1
gwcs,../roman/.data/build21/r0000101001001001001_0001_wfi11_f158_cal.asdf,wfi11,eval,1,59,0.006719599,1
gwcs,../roman/.data/build21/r0000101001001001001_0001_wfi11_f158_cal.asdf,wfi11,eval,1,60,0.005262823,1
gwcs,../roman/.data/build21/r0000101001001001001_0001_wfi11_f158_cal.asdf,wfi11,eval,1,61,0.005130463,1
gwcs,../roman/.data/build21/r0000101001001001001_0001_wfi11_f158_cal.asdf,wfi11,eval,1,62,0.005122146,1
gwcs,../roman/.data/build21/r0000101001001001001_0001_wfi11_f158_cal.asdf,wfi11,eval,1,63,0.004825420,1
gwcs,../roman/.data/build21/r0000101001001001001_0001_wfi11_f158_cal.asdf,wfi11,eval,1,64,0.005152179,1
gwcs,../roman/.data/build21/r0000101001001001001_0001_wfi11_f158_cal.asdf,wfi11,eval,1,65,0.005509570,1
gwcs,../roman/.data/build21/r0000101001001001001_0001_wfi11_f158_cal.asdf,wfi11,eval,1,66,0.005046371,1
gwcs,../roman/.data/build21/r0000101001001001001_0001_wfi11_f158_cal.asdf,wfi11,eval,1,67,0.005270462,1
gwcs,../roman/.data/build21/r0000101001001001001_0001_wfi11_f158_cal.asdf,wfi11,eval,1,68,0.005462406,1
gwcs,../roman/.data/build21/r0000101001001001001_0001_wfi11_f158_cal.asdf,wfi11,eval,1,69,0.005180646,1
gwcs,../roman/.data/build21/r0000101001001001001_0001_wfi11_f158_cal.asdf,wfi11,eval,1,70,0.004936148,1
gwcs,../roman/.data/build21/r0000101001001001001_0001_wfi11_f158_cal.asdf,wfi11,eval,1,71,0.005649040,1
gwcs,../roman/.data/build21/r0000101001001001001_0001_wfi11_f158_cal.asdf,wfi11,eval,1,72,0.005309439,1
gwcs,../roman/.data/build21/r0000101001001001001_0001_wfi11_f158_cal.asdf,wfi11,eval,1,73,0.004973157,1
gwcs,../roman/.data/build21/r0000101001001001001_0001_wfi11_f158_cal.asdf,wfi11,eval,1,74,0.005494840,1
gwcs,../roman/.data/build21/r0000101001001001001_0001_wfi11_f158_cal.asdf,wfi11,eval,1,75,0.005427515,1
gwcs,../roman/.data/build21/r0000101001001001001_0001_wfi11_f158_cal.asdf,wfi11,eval,1,76,0.004960457,1
gwcs,../roman/.data/build21/r0000101001001001001_0001_wfi11_f158_cal.asdf,wfi11,eval,1,77,0.005427676,1
gwcs,../roman/.data/build21/r0000101001001001001_0001_wfi11_f158_cal.asdf,wfi11,eval,1,78,0.004906662,1
gwcs,../roman/.data/build21/r0000101001001001001_0001_wfi11_f158_cal.asdf,wfi11,eval,1,79,0.004835621,1
gwcs,../roman/.data/build21/r0000101001001001001_0001_wfi11_f158_cal.asdf,wfi11,eval,1,80,0.004867001,1
gwcs,../roman/.data/build21/r0000101001001001001_0001_wfi11_f158_cal.asdf,wfi11,eval,1,81,0.005196052,1
gwcs,../roman/.data/build21/r0000101001001001001_0001_wfi11_f158_cal.asdf,wfi11,eval,1,82,0.004784235,1
gwcs,../roman/.data/build21/r0000101001001001001_0001_wfi11_f158_cal.asdf,wfi11,eval,1,83,0.004968610,1
gwcs,../roman/.data/build21/r0000101001001001001_0001_wfi11_f158_cal.asdf,wfi11,eval,1,84,0.005882831,1
gwcs,../roman/.data/build21/r0000101001001001001_0001_wfi11_f158_cal.asdf,wfi11,eval,1,85,0.005386724,1
gwcs,../roman/.data/build21/r0000101001001001001_0001_wfi11_f158_cal.asdf,wfi11,eval,1,86,0.004986558,1
gwcs,../roman/.data/build21/r0000101001001001001_0001_wfi11_f158_cal.asdf,wfi11,eval,1,87,0.005789153,1
gwcs,../roman/.data/build21/r0000101001001001001_0001_wfi11_f158_cal.asdf,wfi11,eval,1,88,0.005057897,1
gwcs,../roman/.data/build21/r0000101001001001001_0001_wfi11_f158_cal.asdf,wfi11,eval,1,89,0.005252797,1
gwcs,../roman/.data/build21/r0000101001001001001_0001_wfi11_f158_cal.asdf,wfi11,eval,1,90,0.005318408,1
gwcs,../roman/.data/build21/r0000101001001001001_0001_wfi11_f158_cal.asdf,wfi11,eval,1,91,0.005312775,1
gwcs,../roman/.data/build21/r0000101001001001001_0001_wfi11_f158_cal.asdf,wfi11,eval,1,92,0.005115259,1
gwcs,../roman/.data/build21/r0000101001001001001_0001_wfi11_f158_cal.asdf,wfi11,eval,1,93,0.005372318,1
gwcs,../roman/.data/build21/r0000101001001001001_0001_wfi11_f158_cal.asdf,wfi11,eval,1,94,0.004982831,1
gwcs,../roman/.data/build21/r0000101001001001001_0001_wfi11_f158_cal.asdf,wfi11,eval,1,95,0.005073997,1
gwcs,../roman/.data/build21/r0000101001001001001_0001_wfi11_f158_cal.asdf,wfi11,eval,1,96,0.005107522,1
gwcs,../roman/.data/build21/r0000101001001001001_0001_wfi11_f158_cal.asdf,wfi11,eval,1,97,0.005462935,1
gwcs,../roman/.data/build21/r0000101001001001001_0001_wfi11_f158_cal.asdf,wfi11,eval,1,98,0.004916313,1
gwcs,../roman/.data/build21/r0000101001001001001_0001_wfi11_f158_cal.asdf,wfi11,eval,1,99,0.005472935,1
gwcs,../roman/.data/build21/r0000101001001001001_0001_wfi11_f158_cal.asdf,wfi11,eval,10,0,0.011484526,1
gwcs,../roman/.data/build21/r0000101001001001001_0001_wfi11_f158_cal.asdf,wfi11,eval,10,1,0.006531422,1
gwcs,../roman/.data/build21/r0000101001001001001_0001_wfi11_f158_cal.asdf,wfi11,eval,10,2,0.007366797,1
gwcs,../roman/.data/build21/r0000101001001001001_0001_wfi11_f158_cal.asdf,wfi11,eval,10,3,0.005228397,1
gwcs,../roman/.data/build21/r0000101001001001001_0001_wfi11_f158_cal.asdf,wfi11,eval,10,4,0.005562256,1
gwcs,../roman/.data/build21/r0000101001001001001_0001_wfi11_f158_cal.asdf,wfi11,eval,10,5,0.005366252,1
gwcs,../roman/.data/build21/r0000101001001001001_0001_wfi11_f158_cal.asdf,wfi11,eval,10,6,0.005058369,1
gwcs,../roman/.data/build21/r0000101001001001001_0001_wfi11_f158_cal.asdf,wfi11,eval,10,7,0.005322976,1
gwcs,../roman/.data/build21/r0000101001001001001_0001_wfi11_f158_cal.asdf,wfi11,eval,10,8,0.005046458,1
gwcs,../roman/.data/build21/r0000101001001001001_0001_wfi11_f158_cal.asdf,wfi11,eval,10,9,0.005303189,1
gwcs,../roman/.data/build21/r0000101001001001001_0001_wfi11_f158_cal.asdf,wfi11,eval,10,10,0.005281402,1
gwcs,../roman/.data/build21/r0000101001001001001_0001_wfi11_f158_cal.asdf,wfi11,eval,10,11,0.005112195,1
gwcs,../roman/.data/build21/r0000101001001001001_0001_wfi11_f158_cal.asdf,wfi11,eval,10,12,0.005138584,1
gwcs,../roman/.data/build21/r0000101001001001001_0001_wfi11_f158_cal.asdf,wfi11,eval,10,13,0.005118421,1
gwcs,../roman/.data/build21/r0000101001001001001_0001_wfi11_f158_cal.asdf,wfi11,eval,10,14,0.005166192,1
gwcs,../roman/.data/build21/r0000101001001001001_0001_wfi11_f158_cal.asdf,wfi11,eval,10,15,0.005043398,1
gwcs,../roman/.data/build21/r0000101001001001001_0001_wfi11_f158_cal.asdf,wfi11,eval,10,16,0.005309847,1
gwcs,../roman/.data/build21/r0000101001001001001_0001_wfi11_f158_cal.asdf,wfi11,eval,10,17,0.005176242,1
gwcs,../roman/.data/build21/r0000101001001001001_0001_wfi11_f158_cal.asdf,wfi11,eval,10,18,0.005278063,1
gwcs,../roman/.data/build21/r0000101001001001001_0001_wfi11_f158_cal.asdf,wfi11,eval,10,19,0.005095885,1
gwcs,../roman/.data/build21/r0000101001001001001_0001_wfi11_f158_cal.asdf,wfi11,eval,10,20,0.005254244,1
gwcs,../roman/.data/build21/r0000101001001001001_0001_wfi11_f158_cal.asdf,wfi11,eval,10,21,0.005210865,1
gwcs,../roman/.data/build21/r0000101001001001001_0001_wfi11_f158_cal.asdf,wfi11,eval,10,22,0.005174783,1
gwcs,../roman/.data/build21/r0000101001001001001_0001_wfi11_f158_cal.asdf,wfi11,eval,10,23,0.005232993,1
gwcs,../roman/.data/build21/r0000101001001001001_0001_wfi11_f158_cal.asdf,wfi11,eval,10,24,0.005494102,1
gwcs,../roman/.data/build21/r0000101001001001001_0001_wfi11_f158_cal.asdf,wfi11,eval,10,25,0.005152935,1
gwcs,../roman/.data/build21/r0000101001001001001_0001_wfi11_f158_cal.asdf,wfi11,eval,10,26,0.005100863,1
gwcs,../roman/.data/build21/r0000101001001001001_0001_wfi11_f158_cal.asdf,wfi11,eval,10,27,0.005419367,1
gwcs,../roman/.data/build21/r0000101001001001001_0001_wfi11_f158_cal.asdf,wfi11,eval,10,28,0.005102957,1
gwcs,../roman/.data/build21/r0000101001001001001_0001_wfi11_f158_cal.asdf,wfi11,eval,10,29,0.005005299,1
gwcs,../roman/.data/build21/r0000101001001001001_0001_wfi11_f158_cal.asdf,wfi11,eval,10,30,0.005159486,1
gwcs,../roman/.data/build21/r0000101001001001001_0001_wfi11_f158_cal.asdf,wfi11,eval,10,31,0.004980386,1
gwcs,../roman/.data/build21/r0000101001001001001_0001_wfi11_f158_cal.asdf,wfi11,eval,10,32,0.004992279,1
gwcs,../roman/.data/build21/r0000101001001001001_0001_wfi11_f158_cal.asdf,wfi11,eval,10,33,0.005073415,1
gwcs,../roman/.data/build21/r0000101001001001001_0001_wfi11_f158_cal.asdf,wfi11,eval,10,34,0.005270578,1
gwcs,../roman/.data/build21/r0000101001001001001_0001_wfi11_f158_cal.asdf,wfi11,eval,10,35,0.004978418,1
gwcs,../roman/.data/build21/r0000101001001001001_0001_wfi11_f158_cal.asdf,wfi11,eval,10,36,0.005225861,1
gwcs,../roman/.data/build21/r0000101001001001001_0001_wfi11_f158_cal.asdf,wfi11,eval,10,37,0.005081346,1
gwcs,../roman/.data/build21/r0000101001001001001_0001_wfi11_f158_cal.asdf,wfi11,eval,10,38,0.005225449,1
gwcs,../roman/.data/build21/r0000101001001001001_0001_wfi11_f158_cal.asdf,wfi11,eval,10,39,0.005062182,1
gwcs,../roman/.data/build21/r0000101001001001001_0001_wfi11_f158_cal.asdf,wfi11,eval,10,40,0.005335929,1
gwcs,../roman/.data/build21/r0000101001001001001_0001_wfi11_f158_cal.asdf,wfi11,eval,10,41,0.005127723,1
gwcs,../roman/.data/build21/r0000101001001001001_0001_wfi11_f158_cal.asdf,wfi11,eval,10,42,0.005179147,1
gwcs,../roman/.data/build21/r0000101001001001001_0001_wfi11_f158_cal.asdf,wfi11,eval,10,43,0.005135270,1
gwcs,../roman/.data/build21/r0000101001001001001_0001_wfi11_f158_cal.asdf,wfi11,eval,10,44,0.005143564,1
gwcs,../roman/.data/build21/r0000101001001001001_0001_wfi11_f158_cal.asdf,wfi11,eval,10,45,0.005111475,1
gwcs,../roman/.data/build21/r0000101001001001001_0001_wfi11_f158_cal.asdf,wfi11,eval,10,46,0.005229933,1
gwcs,../roman/.data/build21/r0000101001001001001_0001_wfi11_f158_cal.asdf,wfi11,eval,10,47,0.005340027,1
gwcs,../roman/.data/build21/r0000101001001001001_0001_wfi11_f158_cal.asdf,wfi11,eval,10,48,0.005207774,1
gwcs,../roman/.data/build21/r0000101001001001001_0001_wfi11_f158_cal.asdf,wfi11,eval,10,49,0.005149054,1
gwcs,../roman/.data/build21/r0000101001001001001_0001_wfi11_f158_cal.asdf,wfi11,eval,10,50,0.005187781,1
gwcs,../roman/.data/build21/r0000101001001001001_0001_wfi11_f158_cal.asdf,wfi11,eval,10,51,0.005194308,1
gwcs,../roman/.data/build21/r0000101001001001001_0001_wfi11_f158_cal.asdf,wfi11,eval,10,52,0.005263910,1
gwcs,../roman/.data/build21/r0000101001001001001_0001_wfi11_f158_cal.asdf,wfi11,eval,10,53,0.005382653,1
gwcs,../roman/.data/build21/r0000101001001001001_0001_wfi11_f158_cal.asdf,wfi11,eval,10,54,0.005066421,1
gwcs,../roman/.data/build21/r0000101001001001001_0001_wfi11_f158_cal.asdf,wfi11,eval,10,55,0.005352537,1
gwcs,../roman/.data/build21/r0000101001001001001_0001_wfi11_f158_cal.asdf,wfi11,eval,10,56,0.005185537,1
gwcs,../roman/.data/build21/r0000101001001001001_0001_wfi11_f158_cal.asdf,wfi11,eval,10,57,0.005255701,1
gwcs,../roman/.data/build21/r0000101001001001001_0001_wfi11_f158_cal.asdf,wfi11,eval,10,58,0.005077650,1
gwcs,../roman/.data/build21/r0000101001001001001_0001_wfi11_f158_cal.asdf,wfi11,eval,10,59,0.005433619,1
gwcs,../roman/.data/build21/r0000101001001001001_0001_wfi11_f158_cal.asdf,wfi11,eval,10,60,0.005114987,1
gwcs,../roman/.data/build21/r0000101001001001001_0001_wfi11_f158_cal.asdf,wfi11,eval,10,61,0.005256516,1
gwcs,../roman/.data/build21/r0000101001001001001_0001_wfi11_f158_cal.asdf,wfi11,eval,10,62,0.005274054,1
gwcs,../roman/.data/build21/r0000101001001001001_0001_wfi11_f158_cal.asdf,wfi11,eval,10,63,0.005281210,1
gwcs,../roman/.data/build21/r0000101001001001001_0001_wfi11_f158_cal.asdf,wfi11,eval,10,64,0.005036998,1
gwcs,../roman/.data/build21/r0000101001001001001_0001_wfi11_f158_cal.asdf,wfi11,eval,10,65,0.005503386,1
gwcs,../roman/.data/build21/r0000101001001001001_0001_wfi11_f158_cal.asdf,wfi11,eval,10,66,0.005116607,1
gwcs,../roman/.data/build21/r0000101001001001001_0001_wfi11_f158_cal.asdf,wfi11,eval,10,67,0.005256833,1
gwcs,../roman/.data/build21/r0000101001001001001_0001_wfi11_f158_cal.asdf,wfi11,eval,10,68,0.005160108,1
gwcs,../roman/.data/build21/r0000101001001001001_0001_wfi11_f158_cal.asdf,wfi11,eval,10,69,0.005288084,1
gwcs,../roman/.data/build21/r0000101001001001001_0001_wfi11_f158_cal.asdf,wfi11,eval,10,70,0.004993918,1
gwcs,../roman/.data/build21/r0000101001001001001_0001_wfi11_f158_cal.asdf,wfi11,eval,10,71,0.005248337,1
gwcs,../roman/.data/build21/r0000101001001001001_0001_wfi11_f158_cal.asdf,wfi11,eval,10,72,0.005078305,1
gwcs,../roman/.data/build21/r0000101001001001001_0001_wfi11_f158_cal.asdf,wfi11,eval,10,73,0.005267135,1
gwcs,../roman/.data/build21/r0000101001001001001_0001_wfi11_f158_cal.asdf,wfi11,eval,10,74,0.005074323,1
gwcs,../roman/.data/build21/r0000101001001001001_0001_wfi11_f158_cal.asdf,wfi11,eval,10,75,0.005284106,1
gwcs,../roman/.data/build21/r0000101001001001001_0001_wfi11_f158_cal.asdf,wfi11,eval,10,76,0.005024699,1
gwcs,../roman/.data/build21/r0000101001001001001_0001_wfi11_f158_cal.asdf,wfi11,eval,10,77,0.005235740,1
gwcs,../roman/.data/build21/r0000101001001001001_0001_wfi11_f158_cal.asdf,wfi11,eval,10,78,0.005133759,1
gwcs,../roman/.data/build21/r0000101001001001001_0001_wfi11_f158_cal.asdf,wfi11,eval,10,79,0.005345806,1
gwcs,../roman/.data/build21/r0000101001001001001_0001_wfi11_f158_cal.asdf,wfi11,eval,10,80,0.004949006,1
gwcs,../roman/.data/build21/r0000101001001001001_0001_wfi11_f158_cal.asdf,wfi11,eval,10,81,0.005292452,1
gwcs,../roman/.data/build21/r0000101001001001001_0001_wfi11_f158_cal.asdf,wfi11,eval,10,82,0.005124215,1
gwcs,../roman/.data/build21/r0000101001001001001_0001_wfi11_f158_cal.asdf,wfi11,eval,10,83,0.005236205,1
gwcs,../roman/.data/build21/r0000101001001001001_0001_wfi11_f158_cal.asdf,wfi11,eval,10,84,0.005053552,1
gwcs,../roman/.data/build21/r0000101001001001001_0001_wfi11_f158_cal.asdf,wfi11,eval,10,85,0.005333412,1
gwcs,../roman/.data/build21/r0000101001001001001_0001_wfi11_f158_cal.asdf,wfi11,eval,10,86,0.005245164,1
gwcs,../roman/.data/build21/r0000101001001001001_0001_wfi11_f158_cal.asdf,wfi11,eval,10,87,0.005179237,1
gwcs,../roman/.data/build21/r0000101001001001001_0001_wfi11_f158_cal.asdf,wfi11,eval,10,88,0.005227452,1
gwcs,../roman/.data/build21/r0000101001001001001_0001_wfi11_f158_cal.asdf,wfi11,eval,10,89,0.005096852,1
gwcs,../roman/.data/build21/r0000101001001001001_0001_wfi11_f158_cal.asdf,wfi11,eval,10,90,0.005079577,1
gwcs,../roman/.data/build21/r0000101001001001001_0001_wfi11_f158_cal.asdf,wfi11,eval,10,91,0.005240169,1
gwcs,../roman/.data/build21/r0000101001001001001_0001_wfi11_f158_cal.asdf,wfi11,eval,10,92,0.005212842,1
gwcs,../roman/.data/build21/r0000101001001001001_0001_wfi11_f158_cal.asdf,wfi11,eval,10,93,0.005131495,1
gwcs,../roman/.data/build21/r0000101001001001001_0001_wfi11_f158_cal.asdf,wfi11,eval,10,94,0.005182311,1
gwcs,../roman/.data/build21/r0000101001001001001_0001_wfi11_f158_cal.asdf,wfi11,eval,10,95,0.010341281,1
gwcs,../roman/.data/build21/r0000101001001001001_0001_wfi11_f158_cal.asdf,wfi11,eval,10,96,0.005182854,1
gwcs,../roman/.data/build21/r0000101001001001001_0001_wfi11_f158_cal.asdf,wfi11,eval,10,97,0.005274829,1
gwcs,../roman/.data/build21/r0000101001001001001_0001_wfi11_f158_cal.asdf,wfi11,eval,10,98,0.005313917,1
gwcs,../roman/.data/build21/r0000101001001001001_0001_wfi11_f158_cal.asdf,wfi11,eval,10,99,0.005196600,1
gwcs,../roman/.data/build21/r0000101001001001001_0001_wfi11_f158_cal.asdf,wfi11,eval,100,0,0.005513638,1
gwcs,../roman/.data/build21/r0000101001001001001_0001_wfi11_f158_cal.asdf,wfi11,eval,100,1,0.005614444,1
gwcs,../roman/.data/build21/r0000101001001001001_0001_wfi11_f158_cal.asdf,wfi11,eval,100,2,0.005897320,1
gwcs,../roman/.data/build21/r0000101001001001001_0001_wfi11_f158_cal.asdf,wfi11,eval,100,3,0.006318068,1
gwcs,../roman/.data/build21/r0000101001001001001_0001_wfi11_f158_cal.asdf,wfi11,eval,100,4,0.007492011,1
gwcs,../roman/.data/build21/r0000101001001001001_0001_wfi11_f158_cal.asdf,wfi11,eval,100,5,0.006354352,1
gwcs,../roman/.data/build21/r0000101001001001001_0001_wfi11_f158_cal.asdf,wfi11,eval,100,6,0.005414277,1
gwcs,../roman/.data/build21/r0000101001001001001_0001_wfi11_f158_cal.asdf,wfi11,eval,100,7,0.005853191,1
gwcs,../roman/.data/build21/r0000101001001001001_0001_wfi11_f158_cal.asdf,wfi11,eval,100,8,0.005558777,1
gwcs,../roman/.data/build21/r0000101001001001001_0001_wfi11_f158_cal.asdf,wfi11,eval,100,9,0.005177202,1
gwcs,../roman/.data/build21/r0000101001001001001_0001_wfi11_f158_cal.asdf,wfi11,eval,100,10,0.005299301,1
gwcs,../roman/.data/build21/r0000101001001001001_0001_wfi11_f158_cal.asdf,wfi11,eval,100,11,0.005405287,1
gwcs,../roman/.data/build21/r0000101001001001001_0001_wfi11_f158_cal.asdf,wfi11,eval,100,12,0.005216246,1
gwcs,../roman/.data/build21/r0000101001001001001_0001_wfi11_f158_cal.asdf,wfi11,eval,100,13,0.005408485,1
gwcs,../roman/.data/build21/r0000101001001001001_0001_wfi11_f158_cal.asdf,wfi11,eval,100,14,0.005408564,1
gwcs,../roman/.data/build21/r0000101001001001001_0001_wfi11_f158_cal.asdf,wfi11,eval,100,15,0.005214200,1
gwcs,../roman/.data/build21/r0000101001001001001_0001_wfi11_f158_cal.asdf,wfi11,eval,100,16,0.005411635,1
gwcs,../roman/.data/build21/r0000101001001001001_0001_wfi11_f158_cal.asdf,wfi11,eval,100,17,0.005276386,1
gwcs,../roman/.data/build21/r0000101001001001001_0001_wfi11_f158_cal.asdf,wfi11,eval,100,18,0.005198446,1
gwcs,../roman/.data/build21/r0000101001001001001_0001_wfi11_f158_cal.asdf,wfi11,eval,100,19,0.005257413,1
gwcs,../roman/.data/build21/r0000101001001001001_0001_wfi11_f158_cal.asdf,wfi11,eval,100,20,0.005413567,1
gwcs,../roman/.data/build21/r0000101001001001001_0001_wfi11_f158_cal.asdf,wfi11,eval,100,21,0.005243543,1
gwcs,../roman/.data/build21/r0000101001001001001_0001_wfi11_f158_cal.asdf,wfi11,eval,100,22,0.005130552,1
gwcs,../roman/.data/build21/r0000101001001001001_0001_wfi11_f158_cal.asdf,wfi11,eval,100,23,0.005535545,1
gwcs,../roman/.data/build21/r0000101001001001001_0001_wfi11_f158_cal.asdf,wfi11,eval,100,24,0.006289559,1
gwcs,../roman/.data/build21/r0000101001001001001_0001_wfi11_f158_cal.asdf,wfi11,eval,100,25,0.005272089,1
gwcs,../roman/.data/build21/r0000101001001001001_0001_wfi11_f158_cal.asdf,wfi11,eval,100,26,0.005189836,1
gwcs,../roman/.data/build21/r0000101001001001001_0001_wfi11_f158_cal.asdf,wfi11,eval,100,27,0.005546383,1
gwcs,../roman/.data/build21/r0000101001001001001_0001_wfi11_f158_cal.asdf,wfi11,eval,100,28,0.006434332,1
gwcs,../roman/.data/build21/r0000101001001001001_0001_wfi11_f158_cal.asdf,wfi11,eval,100,29,0.005493276,1
gwcs,../roman/.data/build21/r0000101001001001001_0001_wfi11_f158_cal.asdf,wfi11,eval,100,30,0.005231732,1
gwcs,../roman/.data/build21/r0000101001001001001_0001_wfi11_f158_cal.asdf,wfi11,eval,100,31,0.005575566,1
gwcs,../roman/.data/build21/r0000101001001001001_0001_wfi11_f158_cal.asdf,wfi11,eval,100,32,0.005489925,1
gwcs,../roman/.data/build21/r0000101001001001001_0001_wfi11_f158_cal.asdf,wfi11,eval,100,33,0.005354023,1
gwcs,../roman/.data/build21/r0000101001001001001_0001_wfi11_f158_cal.asdf,wfi11,eval,100,34,0.005267597,1
gwcs,../roman/.data/build21/r0000101001001001001_0001_wfi11_f158_cal.asdf,wfi11,eval,100,35,0.005529454,1
gwcs,../roman/.data/build21/r0000101001001001001_0001_wfi11_f158_cal.asdf,wfi11,eval,100,36,0.005213196,1
gwcs,../roman/.data/build21/r0000101001001001001_0001_wfi11_f158_cal.asdf,wfi11,eval,100,37,0.005324242,1
gwcs,../roman/.data/build21/r0000101001001001001_0001_wfi11_f158_cal.asdf,wfi11,eval,100,38,0.005498965,1
gwcs,../roman/.data/build21/r0000101001001001001_0001_wfi11_f158_cal.asdf,wfi11,eval,100,39,0.005223764,1
gwcs,../roman/.data/build21/r0000101001001001001_0001_wfi11_f158_cal.asdf,wfi11,eval,100,40,0.005197123,1
gwcs,../roman/.data/build21/r0000101001001001001_0001_wfi11_f158_cal.asdf,wfi11,eval,100,41,0.005266244,1
gwcs,../roman/.data/build21/r0000101001001001001_0001_wfi11_f158_cal.asdf,wfi11,eval,100,42,0.005054785,1
gwcs,../roman/.data/build21/r0000101001001001001_0001_wfi11_f158_cal.asdf,wfi11,eval,100,43,0.004947548,1
gwcs,../roman/.data/build21/r0000101001001001001_0001_wfi11_f158_cal.asdf,wfi11,eval,100,44,0.005818465,1
gwcs,../roman/.data/build21/r0000101001001001001_0001_wfi11_f158_cal.asdf,wfi11,eval,100,45,0.004966273,1
gwcs,../roman/.data/build21/r0000101001001001001_0001_wfi11_f158_cal.asdf,wfi11,eval,100,46,0.004918368,1
gwcs,../roman/.data/build21/r0000101001001001001_0001_wfi11_f158_cal.asdf,wfi11,eval,100,47,0.005097157,1
gwcs,../roman/.data/build21/r0000101001001001001_0001_wfi11_f158_cal.asdf,wfi11,eval,100,48,0.005210039,1
gwcs,../roman/.data/build21/r0000101001001001001_0001_wfi11_f158_cal.asdf,wfi11,eval,100,49,0.004933382,1
gwcs,../roman/.data/build21/r0000101001001001001_0001_wfi11_f158_cal.asdf,wfi11,eval,1000,0,0.005962474,1
gwcs,../roman/.data/build21/r0000101001001001001_0001_wfi11_f158_cal.asdf,wfi11,eval,1000,1,0.006497158,1
gwcs,../roman/.data/build21/r0000101001001001001_0001_wfi11_f158_cal.asdf,wfi11,eval,1000,2,0.005328255,1
gwcs,../roman/.data/build21/r0000101001001001001_0001_wfi11_f158_cal.asdf,wfi11,eval,1000,3,0.005624093,1
gwcs,../roman/.data/build21/r0000101001001001001_0001_wfi11_f158_cal.asdf,wfi11,eval,1000,4,0.005510894,1
gwcs,../roman/.data/build21/r0000101001001001001_0001_wfi11_f158_cal.asdf,wfi11,eval,1000,5,0.005311216,1
gwcs,../roman/.data/build21/r0000101001001001001_0001_wfi11_f158_cal.asdf,wfi11,eval,1000,6,0.005631095,1
gwcs,../roman/.data/build21/r0000101001001001001_0001_wfi11_f158_cal.asdf,wfi11,eval,1000,7,0.005481476,1
gwcs,../roman/.data/build21/r0000101001001001001_0001_wfi11_f158_cal.asdf,wfi11,eval,1000,8,0.005385878,1
gwcs,../roman/.data/build21/r0000101001001001001_0001_wfi11_f158_cal.asdf,wfi11,eval,1000,9,0.005623241,1
gwcs,../roman/.data/build21/r0000101001001001001_0001_wfi11_f158_cal.asdf,wfi11,eval,1000,10,0.005488425,1
gwcs,../roman/.data/build21/r0000101001001001001_0001_wfi11_f158_cal.asdf,wfi11,eval,1000,11,0.005283925,1
gwcs,../roman/.data/build21/r0000101001001001001_0001_wfi11_f158_cal.asdf,wfi11,eval,1000,12,0.005604888,1
gwcs,../roman/.data/build21/r0000101001001001001_0001_wfi11_f158_cal.asdf,wfi11,eval,1000,13,0.005473251,1
gwcs,../roman/.data/build21/r0000101001001001001_0001_wfi11_f158_cal.asdf,wfi11,eval,1000,14,0.005297729,1
gwcs,../roman/.data/build21/r0000101001001001001_0001_wfi11_f158_cal.asdf,wfi11,eval,1000,15,0.005432233,1
gwcs,../roman/.data/build21/r0000101001001001001_0001_wfi11_f158_cal.asdf,wfi11,eval,1000,16,0.005697229,1
gwcs,../roman/.data/build21/r0000101001001001001_0001_wfi11_f158_cal.asdf,wfi11,eval,1000,17,0.005329121,1
gwcs,../roman/.data/build21/r0000101001001001001_0001_wfi11_f158_cal.asdf,wfi11,eval,1000,18,0.005304837,1
gwcs,../roman/.data/build21/r0000101001001001001_0001_wfi11_f158_cal.asdf,wfi11,eval,1000,19,0.005821548,1
gwcs,../roman/.data/build21/r0000101001001001001_0001_wfi11_f158_cal.asdf,wfi11,eval,10000,0,0.008747256,1
gwcs,../roman/.data/build21/r0000101001001001001_0001_wfi11_f158_cal.asdf,wfi11,eval,10000,1,0.009053399,1
gwcs,../roman/.data/build21/r0000101001001001001_0001_wfi11_f158_cal.asdf,wfi11,eval,10000,2,0.008467334,1
gwcs,../roman/.data/build21/r0000101001001001001_0001_wfi11_f158_cal.asdf,wfi11,eval,10000,3,0.008861144,1
gwcs,../roman/.data/build21/r0000101001001001001_0001_wfi11_f158_cal.asdf,wfi11,eval,10000,4,0.008742151,1
gwcs,../roman/.data/build21/r0000101001001001001_0001_wfi11_f158_cal.asdf,wfi11,eval,10000,5,0.009155357,1
gwcs,../roman/.data/build21/r0000101001001001001_0001_wfi11_f158_cal.asdf,wfi11,eval,10000,6,0.008746045,1
gwcs,../roman/.data/build21/r0000101001001001001_0001_wfi11_f158_cal.asdf,wfi11,eval,10000,7,0.009869732,1
gwcs,../roman/.data/build21/r0000101001001001001_0001_wfi11_f158_cal.asdf,wfi11,eval,10000,8,0.009603389,1
gwcs,../roman/.data/build21/r0000101001001001001_0001_wfi11_f158_cal.asdf,wfi11,eval,10000,9,0.008518195,1
gwcs,../roman/.data/build21/r0000101001001001001_0001_wfi11_f158_cal.asdf,wfi11,eval,100000,0,0.040190944,1
gwcs,../roman/.data/build21/r0000101001001001001_0001_wfi11_f158_cal.asdf,wfi11,eval,100000,1,0.039118074,1
gwcs,../roman/.data/build21/r0000101001001001001_0001_wfi11_f158_cal.asdf,wfi11,eval,100000,2,0.038070913,1
gwcs,../roman/.data/build21/r0000101001001001001_0001_wfi11_f158_cal.asdf,wfi11,eval,100000,3,0.038256164,1
gwcs,../roman/.data/build21/r0000101001001001001_0001_wfi11_f158_cal.asdf,wfi11,eval,100000,4,0.038177672,1
gwcs,../roman/.data/build21/r0000101001001001001_0001_wfi11_f158_cal.asdf,wfi11,eval,1000000,0,0.387789592,1
gwcs,../roman/.data/build21/r0000101001001001001_0001_wfi11_f158_cal.asdf,wfi11,eval,1000000,1,0.384393709,1
gwcs,../roman/.data/build21/r0000101001001001001_0001_wfi11_f158_cal.asdf,wfi11,eval,1000000,2,0.382710746,1
gwcs,../roman/.data/build21/r0000101001001001001_0001_wfi11_f158_cal.asdf,wfi11,eval,10000000,0,3.923483949,1
gwcs,../roman/.data/build21/r0000101001001001001_0001_wfi11_f158_cal.asdf,wfi11,eval,10000000,1,3.889159401,1
gwcs,../roman/.data/build21/r0000101001001001001_0001_wfi11_f158_cal.asdf,wfi11,eval,16711744,0,6.531163109,1
gwcs,../roman/.data/build21/r0000101001001001001_0001_wfi11_f158_cal.asdf,wfi11,eval,16711744,1,6.551802955,1
gwcs,../roman/.data/build21/r0000101001001001001_0001_wfi12_f158_cal.asdf,wfi12,parse_cold,0,0,0.846046013,1
gwcs,../roman/.data/build21/r0000101001001001001_0001_wfi12_f158_cal.asdf,wfi12,parse_hot,0,0,0.543808832,1
gwcs,../roman/.data/build21/r0000101001001001001_0001_wfi12_f158_cal.asdf,wfi12,eval,1,0,0.005205945,1
gwcs,../roman/.data/build21/r0000101001001001001_0001_wfi12_f158_cal.asdf,wfi12,eval,1,1,0.006202708,1
gwcs,../roman/.data/build21/r0000101001001001001_0001_wfi12_f158_cal.asdf,wfi12,eval,1,2,0.005069094,1
gwcs,../roman/.data/build21/r0000101001001001001_0001_wfi12_f158_cal.asdf,wfi12,eval,1,3,0.005192645,1
gwcs,../roman/.data/build21/r0000101001001001001_0001_wfi12_f158_cal.asdf,wfi12,eval,1,4,0.005049128,1
gwcs,../roman/.data/build21/r0000101001001001001_0001_wfi12_f158_cal.asdf,wfi12,eval,1,5,0.004783480,1
gwcs,../roman/.data/build21/r0000101001001001001_0001_wfi12_f158_cal.asdf,wfi12,eval,1,6,0.004749032,1
gwcs,../roman/.data/build21/r0000101001001001001_0001_wfi12_f158_cal.asdf,wfi12,eval,1,7,0.005471432,1
gwcs,../roman/.data/build21/r0000101001001001001_0001_wfi12_f158_cal.asdf,wfi12,eval,1,8,0.005086967,1
gwcs,../roman/.data/build21/r0000101001001001001_0001_wfi12_f158_cal.asdf,wfi12,eval,1,9,0.005079377,1
gwcs,../roman/.data/build21/r0000101001001001001_0001_wfi12_f158_cal.asdf,wfi12,eval,1,10,0.005006784,1
gwcs,../roman/.data/build21/r0000101001001001001_0001_wfi12_f158_cal.asdf,wfi12,eval,1,11,0.005641578,1
gwcs,../roman/.data/build21/r0000101001001001001_0001_wfi12_f158_cal.asdf,wfi12,eval,1,12,0.004859770,1
gwcs,../roman/.data/build21/r0000101001001001001_0001_wfi12_f158_cal.asdf,wfi12,eval,1,13,0.005094322,1
gwcs,../roman/.data/build21/r0000101001001001001_0001_wfi12_f158_cal.asdf,wfi12,eval,1,14,0.005111012,1
gwcs,../roman/.data/build21/r0000101001001001001_0001_wfi12_f158_cal.asdf,wfi12,eval,1,15,0.005098540,1
gwcs,../roman/.data/build21/r0000101001001001001_0001_wfi12_f158_cal.asdf,wfi12,eval,1,16,0.004871038,1
gwcs,../roman/.data/build21/r0000101001001001001_0001_wfi12_f158_cal.asdf,wfi12,eval,1,17,0.005133482,1
gwcs,../roman/.data/build21/r0000101001001001001_0001_wfi12_f158_cal.asdf,wfi12,eval,1,18,0.004965642,1
gwcs,../roman/.data/build21/r0000101001001001001_0001_wfi12_f158_cal.asdf,wfi12,eval,1,19,0.004871609,1
gwcs,../roman/.data/build21/r0000101001001001001_0001_wfi12_f158_cal.asdf,wfi12,eval,1,20,0.005077144,1
gwcs,../roman/.data/build21/r0000101001001001001_0001_wfi12_f158_cal.asdf,wfi12,eval,1,21,0.005118919,1
gwcs,../roman/.data/build21/r0000101001001001001_0001_wfi12_f158_cal.asdf,wfi12,eval,1,22,0.005042468,1
gwcs,../roman/.data/build21/r0000101001001001001_0001_wfi12_f158_cal.asdf,wfi12,eval,1,23,0.004892205,1
gwcs,../roman/.data/build21/r0000101001001001001_0001_wfi12_f158_cal.asdf,wfi12,eval,1,24,0.005605576,1
gwcs,../roman/.data/build21/r0000101001001001001_0001_wfi12_f158_cal.asdf,wfi12,eval,1,25,0.004899775,1
gwcs,../roman/.data/build21/r0000101001001001001_0001_wfi12_f158_cal.asdf,wfi12,eval,1,26,0.005111828,1
gwcs,../roman/.data/build21/r0000101001001001001_0001_wfi12_f158_cal.asdf,wfi12,eval,1,27,0.005077167,1
gwcs,../roman/.data/build21/r0000101001001001001_0001_wfi12_f158_cal.asdf,wfi12,eval,1,28,0.005173272,1
gwcs,../roman/.data/build21/r0000101001001001001_0001_wfi12_f158_cal.asdf,wfi12,eval,1,29,0.004924539,1
gwcs,../roman/.data/build21/r0000101001001001001_0001_wfi12_f158_cal.asdf,wfi12,eval,1,30,0.005149141,1
gwcs,../roman/.data/build21/r0000101001001001001_0001_wfi12_f158_cal.asdf,wfi12,eval,1,31,0.005006814,1
gwcs,../roman/.data/build21/r0000101001001001001_0001_wfi12_f158_cal.asdf,wfi12,eval,1,32,0.005043522,1
gwcs,../roman/.data/build21/r0000101001001001001_0001_wfi12_f158_cal.asdf,wfi12,eval,1,33,0.004992765,1
gwcs,../roman/.data/build21/r0000101001001001001_0001_wfi12_f158_cal.asdf,wfi12,eval,1,34,0.005094846,1
gwcs,../roman/.data/build21/r0000101001001001001_0001_wfi12_f158_cal.asdf,wfi12,eval,1,35,0.004869182,1
gwcs,../roman/.data/build21/r0000101001001001001_0001_wfi12_f158_cal.asdf,wfi12,eval,1,36,0.005080595,1
gwcs,../roman/.data/build21/r0000101001001001001_0001_wfi12_f158_cal.asdf,wfi12,eval,1,37,0.005102761,1
gwcs,../roman/.data/build21/r0000101001001001001_0001_wfi12_f158_cal.asdf,wfi12,eval,1,38,0.004985260,1
gwcs,../roman/.data/build21/r0000101001001001001_0001_wfi12_f158_cal.asdf,wfi12,eval,1,39,0.005118925,1
gwcs,../roman/.data/build21/r0000101001001001001_0001_wfi12_f158_cal.asdf,wfi12,eval,1,40,0.004867280,1
gwcs,../roman/.data/build21/r0000101001001001001_0001_wfi12_f158_cal.asdf,wfi12,eval,1,41,0.004822203,1
gwcs,../roman/.data/build21/r0000101001001001001_0001_wfi12_f158_cal.asdf,wfi12,eval,1,42,0.004808028,1
gwcs,../roman/.data/build21/r0000101001001001001_0001_wfi12_f158_cal.asdf,wfi12,eval,1,43,0.004763319,1
gwcs,../roman/.data/build21/r0000101001001001001_0001_wfi12_f158_cal.asdf,wfi12,eval,1,44,0.004815435,1
gwcs,../roman/.data/build21/r0000101001001001001_0001_wfi12_f158_cal.asdf,wfi12,eval,1,45,0.004751750,1
gwcs,../roman/.data/build21/r0000101001001001001_0001_wfi12_f158_cal.asdf,wfi12,eval,1,46,0.004736353,1
gwcs,../roman/.data/build21/r0000101001001001001_0001_wfi12_f158_cal.asdf,wfi12,eval,1,47,0.004783241,1
gwcs,../roman/.data/build21/r0000101001001001001_0001_wfi12_f158_cal.asdf,wfi12,eval,1,48,0.004963683,1
gwcs,../roman/.data/build21/r0000101001001001001_0001_wfi12_f158_cal.asdf,wfi12,eval,1,49,0.005045534,1
gwcs,../roman/.data/build21/r0000101001001001001_0001_wfi12_f158_cal.asdf,wfi12,eval,1,50,0.006556710,1
gwcs,../roman/.data/build21/r0000101001001001001_0001_wfi12_f158_cal.asdf,wfi12,eval,1,51,0.005158868,1
gwcs,../roman/.data/build21/r0000101001001001001_0001_wfi12_f158_cal.asdf,wfi12,eval,1,52,0.004944196,1
gwcs,../roman/.data/build21/r0000101001001001001_0001_wfi12_f158_cal.asdf,wfi12,eval,1,53,0.005172615,1
gwcs,../roman/.data/build21/r0000101001001001001_0001_wfi12_f158_cal.asdf,wfi12,eval,1,54,0.005061968,1
gwcs,../roman/.data/build21/r0000101001001001001_0001_wfi12_f158_cal.asdf,wfi12,eval,1,55,0.005020512,1
gwcs,../roman/.data/build21/r0000101001001001001_0001_wfi12_f158_cal.asdf,wfi12,eval,1,56,0.006831097,1
gwcs,../roman/.data/build21/r0000101001001001001_0001_wfi12_f158_cal.asdf,wfi12,eval,1,57,0.005581288,1
gwcs,../roman/.data/build21/r0000101001001001001_0001_wfi12_f158_cal.asdf,wfi12,eval,1,58,0.004872784,1
gwcs,../roman/.data/build21/r0000101001001001001_0001_wfi12_f158_cal.asdf,wfi12,eval,1,59,0.005395986,1
gwcs,../roman/.data/build21/r0000101001001001001_0001_wfi12_f158_cal.asdf,wfi12,eval,1,60,0.005111599,1
gwcs,../roman/.data/build21/r0000101001001001001_0001_wfi12_f158_cal.asdf,wfi12,eval,1,61,0.005111225,1
gwcs,../roman/.data/build21/r0000101001001001001_0001_wfi12_f158_cal.asdf,wfi12,eval,1,62,0.004921393,1
gwcs,../roman/.data/build21/r0000101001001001001_0001_wfi12_f158_cal.asdf,wfi12,eval,1,63,0.005421042,1
gwcs,../roman/.data/build21/r0000101001001001001_0001_wfi12_f158_cal.asdf,wfi12,eval,1,64,0.005002375,1
gwcs,../roman/.data/build21/r0000101001001001001_0001_wfi12_f158_cal.asdf,wfi12,eval,1,65,0.005077003,1
gwcs,../roman/.data/build21/r0000101001001001001_0001_wfi12_f158_cal.asdf,wfi12,eval,1,66,0.005154959,1
gwcs,../roman/.data/build21/r0000101001001001001_0001_wfi12_f158_cal.asdf,wfi12,eval,1,67,0.005058937,1
gwcs,../roman/.data/build21/r0000101001001001001_0001_wfi12_f158_cal.asdf,wfi12,eval,1,68,0.004917438,1
gwcs,../roman/.data/build21/r0000101001001001001_0001_wfi12_f158_cal.asdf,wfi12,eval,1,69,0.005051749,1
gwcs,../roman/.data/build21/r0000101001001001001_0001_wfi12_f158_cal.asdf,wfi12,eval,1,70,0.005337170,1
gwcs,../roman/.data/build21/r0000101001001001001_0001_wfi12_f158_cal.asdf,wfi12,eval,1,71,0.004945993,1
gwcs,../roman/.data/build21/r0000101001001001001_0001_wfi12_f158_cal.asdf,wfi12,eval,1,72,0.005164140,1
gwcs,../roman/.data/build21/r0000101001001001001_0001_wfi12_f158_cal.asdf,wfi12,eval,1,73,0.005070709,1
gwcs,../roman/.data/build21/r0000101001001001001_0001_wfi12_f158_cal.asdf,wfi12,eval,1,74,0.005211936,1
gwcs,../roman/.data/build21/r0000101001001001001_0001_wfi12_f158_cal.asdf,wfi12,eval,1,75,0.004971585,1
gwcs,../roman/.data/build21/r0000101001001001001_0001_wfi12_f158_cal.asdf,wfi12,eval,1,76,0.005352402,1
gwcs,../roman/.data/build21/r0000101001001001001_0001_wfi12_f158_cal.asdf,wfi12,eval,1,77,0.004898620,1
gwcs,../roman/.data/build21/r0000101001001001001_0001_wfi12_f158_cal.asdf,wfi12,eval,1,78,0.005167226,1
gwcs,../roman/.data/build21/r0000101001001001001_0001_wfi12_f158_cal.asdf,wfi12,eval,1,79,0.005326469,1
gwcs,../roman/.data/build21/r0000101001001001001_0001_wfi12_f158_cal.asdf,wfi12,eval,1,80,0.005258587,1
gwcs,../roman/.data/build21/r0000101001001001001_0001_wfi12_f158_cal.asdf,wfi12,eval,1,81,0.004865820,1
gwcs,../roman/.data/build21/r0000101001001001001_0001_wfi12_f158_cal.asdf,wfi12,eval,1,82,0.005362522,1
gwcs,../roman/.data/build21/r0000101001001001001_0001_wfi12_f158_cal.asdf,wfi12,eval,1,83,0.005078260,1
gwcs,../roman/.data/build21/r0000101001001001001_0001_wfi12_f158_cal.asdf,wfi12,eval,1,84,0.005114466,1
gwcs,../roman/.data/build21/r0000101001001001001_0001_wfi12_f158_cal.asdf,wfi12,eval,1,85,0.004929874,1
gwcs,../roman/.data/build21/r0000101001001001001_0001_wfi12_f158_cal.asdf,wfi12,eval,1,86,0.005276683,1
gwcs,../roman/.data/build21/r0000101001001001001_0001_wfi12_f158_cal.asdf,wfi12,eval,1,87,0.004973009,1
gwcs,../roman/.data/build21/r0000101001001001001_0001_wfi12_f158_cal.asdf,wfi12,eval,1,88,0.005163065,1
gwcs,../roman/.data/build21/r0000101001001001001_0001_wfi12_f158_cal.asdf,wfi12,eval,1,89,0.005263759,1
gwcs,../roman/.data/build21/r0000101001001001001_0001_wfi12_f158_cal.asdf,wfi12,eval,1,90,0.005218377,1
gwcs,../roman/.data/build21/r0000101001001001001_0001_wfi12_f158_cal.asdf,wfi12,eval,1,91,0.004943420,1
gwcs,../roman/.data/build21/r0000101001001001001_0001_wfi12_f158_cal.asdf,wfi12,eval,1,92,0.004988343,1
gwcs,../roman/.data/build21/r0000101001001001001_0001_wfi12_f158_cal.asdf,wfi12,eval,1,93,0.004844218,1
gwcs,../roman/.data/build21/r0000101001001001001_0001_wfi12_f158_cal.asdf,wfi12,eval,1,94,0.004801335,1
gwcs,../roman/.data/build21/r0000101001001001001_0001_wfi12_f158_cal.asdf,wfi12,eval,1,95,0.004877634,1
gwcs,../roman/.data/build21/r0000101001001001001_0001_wfi12_f158_cal.asdf,wfi12,eval,1,96,0.004907805,1
gwcs,../roman/.data/build21/r0000101001001001001_0001_wfi12_f158_cal.asdf,wfi12,eval,1,97,0.004771895,1
gwcs,../roman/.data/build21/r0000101001001001001_0001_wfi12_f158_cal.asdf,wfi12,eval,1,98,0.004781694,1
gwcs,../roman/.data/build21/r0000101001001001001_0001_wfi12_f158_cal.asdf,wfi12,eval,1,99,0.004959332,1
gwcs,../roman/.data/build21/r0000101001001001001_0001_wfi12_f158_cal.asdf,wfi12,eval,10,0,0.005126039,1
gwcs,../roman/.data/build21/r0000101001001001001_0001_wfi12_f158_cal.asdf,wfi12,eval,10,1,0.005209752,1
gwcs,../roman/.data/build21/r0000101001001001001_0001_wfi12_f158_cal.asdf,wfi12,eval,10,2,0.005328396,1
gwcs,../roman/.data/build21/r0000101001001001001_0001_wfi12_f158_cal.asdf,wfi12,eval,10,3,0.005546157,1
gwcs,../roman/.data/build21/r0000101001001001001_0001_wfi12_f158_cal.asdf,wfi12,eval,10,4,0.008903079,1
gwcs,../roman/.data/build21/r0000101001001001001_0001_wfi12_f158_cal.asdf,wfi12,eval,10,5,0.005407137,1
gwcs,../roman/.data/build21/r0000101001001001001_0001_wfi12_f158_cal.asdf,wfi12,eval,10,6,0.004999137,1
gwcs,../roman/.data/build21/r0000101001001001001_0001_wfi12_f158_cal.asdf,wfi12,eval,10,7,0.004935965,1
gwcs,../roman/.data/build21/r0000101001001001001_0001_wfi12_f158_cal.asdf,wfi12,eval,10,8,0.005057220,1
gwcs,../roman/.data/build21/r0000101001001001001_0001_wfi12_f158_cal.asdf,wfi12,eval,10,9,0.005004778,1
gwcs,../roman/.data/build21/r0000101001001001001_0001_wfi12_f158_cal.asdf,wfi12,eval,10,10,0.004917029,1
gwcs,../roman/.data/build21/r0000101001001001001_0001_wfi12_f158_cal.asdf,wfi12,eval,10,11,0.004935033,1
gwcs,../roman/.data/build21/r0000101001001001001_0001_wfi12_f158_cal.asdf,wfi12,eval,10,12,0.005140016,1
gwcs,../roman/.data/build21/r0000101001001001001_0001_wfi12_f158_cal.asdf,wfi12,eval,10,13,0.005208840,1
gwcs,../roman/.data/build21/r0000101001001001001_0001_wfi12_f158_cal.asdf,wfi12,eval,10,14,0.005048875,1
gwcs,../roman/.data/build21/r0000101001001001001_0001_wfi12_f158_cal.asdf,wfi12,eval,10,15,0.005499643,1
gwcs,../roman/.data/build21/r0000101001001001001_0001_wfi12_f158_cal.asdf,wfi12,eval,10,16,0.005091586,1
gwcs,../roman/.data/build21/r0000101001001001001_0001_wfi12_f158_cal.asdf,wfi12,eval,10,17,0.005407142,1
gwcs,../roman/.data/build21/r0000101001001001001_0001_wfi12_f158_cal.asdf,wfi12,eval,10,18,0.005114718,1
gwcs,../roman/.data/build21/r0000101001001001001_0001_wfi12_f158_cal.asdf,wfi12,eval,10,19,0.005258380,1
gwcs,../roman/.data/build21/r0000101001001001001_0001_wfi12_f158_cal.asdf,wfi12,eval,10,20,0.005032344,1
gwcs,../roman/.data/build21/r0000101001001001001_0001_wfi12_f158_cal.asdf,wfi12,eval,10,21,0.005513971,1
gwcs,../roman/.data/build21/r0000101001001001001_0001_wfi12_f158_cal.asdf,wfi12,eval,10,22,0.005082576,1
gwcs,../roman/.data/build21/r0000101001001001001_0001_wfi12_f158_cal.asdf,wfi12,eval,10,23,0.005310292,1
gwcs,../roman/.data/build21/r0000101001001001001_0001_wfi12_f158_cal.asdf,wfi12,eval,10,24,0.005107707,1
gwcs,../roman/.data/build21/r0000101001001001001_0001_wfi12_f158_cal.asdf,wfi12,eval,10,25,0.005321796,1
gwcs,../roman/.data/build21/r0000101001001001001_0001_wfi12_f158_cal.asdf,wfi12,eval,10,26,0.006313345,1
gwcs,../roman/.data/build21/r0000101001001001001_0001_wfi12_f158_cal.asdf,wfi12,eval,10,27,0.005471075,1
gwcs,../roman/.data/build21/r0000101001001001001_0001_wfi12_f158_cal.asdf,wfi12,eval,10,28,0.005171329,1
gwcs,../roman/.data/build21/r0000101001001001001_0001_wfi12_f158_cal.asdf,wfi12,eval,10,29,0.005538109,1
gwcs,../roman/.data/build21/r0000101001001001001_0001_wfi12_f158_cal.asdf,wfi12,eval,10,30,0.005346398,1
gwcs,../roman/.data/build21/r0000101001001001001_0001_wfi12_f158_cal.asdf,wfi12,eval,10,31,0.005312514,1
gwcs,../roman/.data/build21/r0000101001001001001_0001_wfi12_f158_cal.asdf,wfi12,eval,10,32,0.005041600,1
gwcs,../roman/.data/build21/r0000101001001001001_0001_wfi12_f158_cal.asdf,wfi12,eval,10,33,0.005365472,1
gwcs,../roman/.data/build21/r0000101001001001001_0001_wfi12_f158_cal.asdf,wfi12,eval,10,34,0.005102255,1
gwcs,../roman/.data/build21/r0000101001001001001_0001_wfi12_f158_cal.asdf,wfi12,eval,10,35,0.005335607,1
gwcs,../roman/.data/build21/r0000101001001001001_0001_wfi12_f158_cal.asdf,wfi12,eval,10,36,0.005074745,1
gwcs,../roman/.data/build21/r0000101001001001001_0001_wfi12_f158_cal.asdf,wfi12,eval,10,37,0.005326084,1
gwcs,../roman/.data/build21/r0000101001001001001_0001_wfi12_f158_cal.asdf,wfi12,eval,10,38,0.005027635,1
gwcs,../roman/.data/build21/r0000101001001001001_0001_wfi12_f158_cal.asdf,wfi12,eval,10,39,0.005438168,1
gwcs,../roman/.data/build21/r0000101001001001001_0001_wfi12_f158_cal.asdf,wfi12,eval,10,40,0.005159054,1
gwcs,../roman/.data/build21/r0000101001001001001_0001_wfi12_f158_cal.asdf,wfi12,eval,10,41,0.005446828,1
gwcs,../roman/.data/build21/r0000101001001001001_0001_wfi12_f158_cal.asdf,wfi12,eval,10,42,0.005066034,1
gwcs,../roman/.data/build21/r0000101001001001001_0001_wfi12_f158_cal.asdf,wfi12,eval,10,43,0.005632141,1
gwcs,../roman/.data/build21/r0000101001001001001_0001_wfi12_f158_cal.asdf,wfi12,eval,10,44,0.005308800,1
gwcs,../roman/.data/build21/r0000101001001001001_0001_wfi12_f158_cal.asdf,wfi12,eval,10,45,0.005674107,1
gwcs,../roman/.data/build21/r0000101001001001001_0001_wfi12_f158_cal.asdf,wfi12,eval,10,46,0.005262320,1
gwcs,../roman/.data/build21/r0000101001001001001_0001_wfi12_f158_cal.asdf,wfi12,eval,10,47,0.005407315,1
gwcs,../roman/.data/build21/r0000101001001001001_0001_wfi12_f158_cal.asdf,wfi12,eval,10,48,0.005055411,1
gwcs,../roman/.data/build21/r0000101001001001001_0001_wfi12_f158_cal.asdf,wfi12,eval,10,49,0.005495084,1
gwcs,../roman/.data/build21/r0000101001001001001_0001_wfi12_f158_cal.asdf,wfi12,eval,10,50,0.005061791,1
gwcs,../roman/.data/build21/r0000101001001001001_0001_wfi12_f158_cal.asdf,wfi12,eval,10,51,0.005276318,1
gwcs,../roman/.data/build21/r0000101001001001001_0001_wfi12_f158_cal.asdf,wfi12,eval,10,52,0.005134901,1
gwcs,../roman/.data/build21/r0000101001001001001_0001_wfi12_f158_cal.asdf,wfi12,eval,10,53,0.005399344,1
gwcs,../roman/.data/build21/r0000101001001001001_0001_wfi12_f158_cal.asdf,wfi12,eval,10,54,0.005033954,1
gwcs,../roman/.data/build21/r0000101001001001001_0001_wfi12_f158_cal.asdf,wfi12,eval,10,55,0.005366564,1
gwcs,../roman/.data/build21/r0000101001001001001_0001_wfi12_f158_cal.asdf,wfi12,eval,10,56,0.005069183,1
gwcs,../roman/.data/build21/r0000101001001001001_0001_wfi12_f158_cal.asdf,wfi12,eval,10,57,0.005201929,1
gwcs,../roman/.data/build21/r0000101001001001001_0001_wfi12_f158_cal.asdf,wfi12,eval,10,58,0.005165572,1
gwcs,../roman/.data/build21/r0000101001001001001_0001_wfi12_f158_cal.asdf,wfi12,eval,10,59,0.005547839,1
gwcs,../roman/.data/build21/r0000101001001001001_0001_wfi12_f158_cal.asdf,wfi12,eval,10,60,0.005083696,1
gwcs,../roman/.data/build21/r0000101001001001001_0001_wfi12_f158_cal.asdf,wfi12,eval,10,61,0.005237364,1
gwcs,../roman/.data/build21/r0000101001001001001_0001_wfi12_f158_cal.asdf,wfi12,eval,10,62,0.005120304,1
gwcs,../roman/.data/build21/r0000101001001001001_0001_wfi12_f158_cal.asdf,wfi12,eval,10,63,0.005393039,1
gwcs,../roman/.data/build21/r0000101001001001001_0001_wfi12_f158_cal.asdf,wfi12,eval,10,64,0.005220582,1
gwcs,../roman/.data/build21/r0000101001001001001_0001_wfi12_f158_cal.asdf,wfi12,eval,10,65,0.005376881,1
gwcs,../roman/.data/build21/r0000101001001001001_0001_wfi12_f158_cal.asdf,wfi12,eval,10,66,0.005064637,1
gwcs,../roman/.data/build21/r0000101001001001001_0001_wfi12_f158_cal.asdf,wfi12,eval,10,67,0.005246895,1
gwcs,../roman/.data/build21/r0000101001001001001_0001_wfi12_f158_cal.asdf,wfi12,eval,10,68,0.005478387,1
gwcs,../roman/.data/build21/r0000101001001001001_0001_wfi12_f158_cal.asdf,wfi12,eval,10,69,0.005328516,1
gwcs,../roman/.data/build21/r0000101001001001001_0001_wfi12_f158_cal.asdf,wfi12,eval,10,70,0.005117388,1
gwcs,../roman/.data/build21/r0000101001001001001_0001_wfi12_f158_cal.asdf,wfi12,eval,10,71,0.005697794,1
gwcs,../roman/.data/build21/r0000101001001001001_0001_wfi12_f158_cal.asdf,wfi12,eval,10,72,0.005123379,1
gwcs,../roman/.data/build21/r0000101001001001001_0001_wfi12_f158_cal.asdf,wfi12,eval,10,73,0.005226412,1
gwcs,../roman/.data/build21/r0000101001001001001_0001_wfi12_f158_cal.asdf,wfi12,eval,10,74,0.005335839,1
gwcs,../roman/.data/build21/r0000101001001001001_0001_wfi12_f158_cal.asdf,wfi12,eval,10,75,0.004959803,1
gwcs,../roman/.data/build21/r0000101001001001001_0001_wfi12_f158_cal.asdf,wfi12,eval,10,76,0.004900630,1
gwcs,../roman/.data/build21/r0000101001001001001_0001_wfi12_f158_cal.asdf,wfi12,eval,10,77,0.005182019,1
gwcs,../roman/.data/build21/r0000101001001001001_0001_wfi12_f158_cal.asdf,wfi12,eval,10,78,0.011023916,1
gwcs,../roman/.data/build21/r0000101001001001001_0001_wfi12_f158_cal.asdf,wfi12,eval,10,79,0.006997639,1
gwcs,../roman/.data/build21/r0000101001001001001_0001_wfi12_f158_cal.asdf,wfi12,eval,10,80,0.005229454,1
gwcs,../roman/.data/build21/r0000101001001001001_0001_wfi12_f158_cal.asdf,wfi12,eval,10,81,0.004902888,1
gwcs,../roman/.data/build21/r0000101001001001001_0001_wfi12_f158_cal.asdf,wfi12,eval,10,82,0.005059075,1
gwcs,../roman/.data/build21/r0000101001001001001_0001_wfi12_f158_cal.asdf,wfi12,eval,10,83,0.005058873,1
gwcs,../roman/.data/build21/r0000101001001001001_0001_wfi12_f158_cal.asdf,wfi12,eval,10,84,0.004921005,1
gwcs,../roman/.data/build21/r0000101001001001001_0001_wfi12_f158_cal.asdf,wfi12,eval,10,85,0.004877105,1
gwcs,../roman/.data/build21/r0000101001001001001_0001_wfi12_f158_cal.asdf,wfi12,eval,10,86,0.005258814,1
gwcs,../roman/.data/build21/r0000101001001001001_0001_wfi12_f158_cal.asdf,wfi12,eval,10,87,0.004921741,1
gwcs,../roman/.data/build21/r0000101001001001001_0001_wfi12_f158_cal.asdf,wfi12,eval,10,88,0.004902134,1
gwcs,../roman/.data/build21/r0000101001001001001_0001_wfi12_f158_cal.asdf,wfi12,eval,10,89,0.005247720,1
gwcs,../roman/.data/build21/r0000101001001001001_0001_wfi12_f158_cal.asdf,wfi12,eval,10,90,0.004974268,1
gwcs,../roman/.data/build21/r0000101001001001001_0001_wfi12_f158_cal.asdf,wfi12,eval,10,91,0.004879147,1
gwcs,../roman/.data/build21/r0000101001001001001_0001_wfi12_f158_cal.asdf,wfi12,eval,10,92,0.005149637,1
gwcs,../roman/.data/build21/r0000101001001001001_0001_wfi12_f158_cal.asdf,wfi12,eval,10,93,0.005682122,1
gwcs,../roman/.data/build21/r0000101001001001001_0001_wfi12_f158_cal.asdf,wfi12,eval,10,94,0.004933498,1
gwcs,../roman/.data/build21/r0000101001001001001_0001_wfi12_f158_cal.asdf,wfi12,eval,10,95,0.004888150,1
gwcs,../roman/.data/build21/r0000101001001001001_0001_wfi12_f158_cal.asdf,wfi12,eval,10,96,0.005018681,1
gwcs,../roman/.data/build21/r0000101001001001001_0001_wfi12_f158_cal.asdf,wfi12,eval,10,97,0.004929841,1
gwcs,../roman/.data/build21/r0000101001001001001_0001_wfi12_f158_cal.asdf,wfi12,eval,10,98,0.004867253,1
gwcs,../roman/.data/build21/r0000101001001001001_0001_wfi12_f158_cal.asdf,wfi12,eval,10,99,0.005256161,1
gwcs,../roman/.data/build21/r0000101001001001001_0001_wfi12_f158_cal.asdf,wfi12,eval,100,0,0.005414831,1
gwcs,../roman/.data/build21/r0000101001001001001_0001_wfi12_f158_cal.asdf,wfi12,eval,100,1,0.005224452,1
gwcs,../roman/.data/build21/r0000101001001001001_0001_wfi12_f158_cal.asdf,wfi12,eval,100,2,0.005409540,1
gwcs,../roman/.data/build21/r0000101001001001001_0001_wfi12_f158_cal.asdf,wfi12,eval,100,3,0.005000751,1
gwcs,../roman/.data/build21/r0000101001001001001_0001_wfi12_f158_cal.asdf,wfi12,eval,100,4,0.004918346,1
gwcs,../roman/.data/build21/r0000101001001001001_0001_wfi12_f158_cal.asdf,wfi12,eval,100,5,0.005188940,1
gwcs,../roman/.data/build21/r0000101001001001001_0001_wfi12_f158_cal.asdf,wfi12,eval,100,6,0.005273207,1
gwcs,../roman/.data/build21/r0000101001001001001_0001_wfi12_f158_cal.asdf,wfi12,eval,100,7,0.004941004,1
gwcs,../roman/.data/build21/r0000101001001001001_0001_wfi12_f158_cal.asdf,wfi12,eval,100,8,0.004999685,1
gwcs,../roman/.data/build21/r0000101001001001001_0001_wfi12_f158_cal.asdf,wfi12,eval,100,9,0.005254053,1
gwcs,../roman/.data/build21/r0000101001001001001_0001_wfi12_f158_cal.asdf,wfi12,eval,100,10,0.004960167,1
gwcs,../roman/.data/build21/r0000101001001001001_0001_wfi12_f158_cal.asdf,wfi12,eval,100,11,0.004927015,1
gwcs,../roman/.data/build21/r0000101001001001001_0001_wfi12_f158_cal.asdf,wfi12,eval,100,12,0.005300744,1
gwcs,../roman/.data/build21/r0000101001001001001_0001_wfi12_f158_cal.asdf,wfi12,eval,100,13,0.005009712,1
gwcs,../roman/.data/build21/r0000101001001001001_0001_wfi12_f158_cal.asdf,wfi12,eval,100,14,0.004938493,1
gwcs,../roman/.data/build21/r0000101001001001001_0001_wfi12_f158_cal.asdf,wfi12,eval,100,15,0.005188723,1
gwcs,../roman/.data/build21/r0000101001001001001_0001_wfi12_f158_cal.asdf,wfi12,eval,100,16,0.005062064,1
gwcs,../roman/.data/build21/r0000101001001001001_0001_wfi12_f158_cal.asdf,wfi12,eval,100,17,0.004927731,1
gwcs,../roman/.data/build21/r0000101001001001001_0001_wfi12_f158_cal.asdf,wfi12,eval,100,18,0.004929656,1
gwcs,../roman/.data/build21/r0000101001001001001_0001_wfi12_f158_cal.asdf,wfi12,eval,100,19,0.005300515,1
gwcs,../roman/.data/build21/r0000101001001001001_0001_wfi12_f158_cal.asdf,wfi12,eval,100,20,0.004960541,1
gwcs,../roman/.data/build21/r0000101001001001001_0001_wfi12_f158_cal.asdf,wfi12,eval,100,21,0.004922014,1
gwcs,../roman/.data/build21/r0000101001001001001_0001_wfi12_f158_cal.asdf,wfi12,eval,100,22,0.005286383,1
gwcs,../roman/.data/build21/r0000101001001001001_0001_wfi12_f158_cal.asdf,wfi12,eval,100,23,0.004992746,1
gwcs,../roman/.data/build21/r0000101001001001001_0001_wfi12_f158_cal.asdf,wfi12,eval,100,24,0.004932850,1
gwcs,../roman/.data/build21/r0000101001001001001_0001_wfi12_f158_cal.asdf,wfi12,eval,100,25,0.005281889,1
gwcs,../roman/.data/build21/r0000101001001001001_0001_wfi12_f158_cal.asdf,wfi12,eval,100,26,0.005008508,1
gwcs,../roman/.data/build21/r0000101001001001001_0001_wfi12_f158_cal.asdf,wfi12,eval,100,27,0.004924305,1
gwcs,../roman/.data/build21/r0000101001001001001_0001_wfi12_f158_cal.asdf,wfi12,eval,100,28,0.005014384,1
gwcs,../roman/.data/build21/r0000101001001001001_0001_wfi12_f158_cal.asdf,wfi12,eval,100,29,0.005310704,1
gwcs,../roman/.data/build21/r0000101001001001001_0001_wfi12_f158_cal.asdf,wfi12,eval,100,30,0.004950149,1
gwcs,../roman/.data/build21/r0000101001001001001_0001_wfi12_f158_cal.asdf,wfi12,eval,100,31,0.004935719,1
gwcs,../roman/.data/build21/r0000101001001001001_0001_wfi12_f158_cal.asdf,wfi12,eval,100,32,0.005270507,1
gwcs,../roman/.data/build21/r0000101001001001001_0001_wfi12_f158_cal.asdf,wfi12,eval,100,33,0.004969941,1
gwcs,../roman/.data/build21/r0000101001001001001_0001_wfi12_f158_cal.asdf,wfi12,eval,100,34,0.004912638,1
gwcs,../roman/.data/build21/r0000101001001001001_0001_wfi12_f158_cal.asdf,wfi12,eval,100,35,0.005230392,1
gwcs,../roman/.data/build21/r0000101001001001001_0001_wfi12_f158_cal.asdf,wfi12,eval,100,36,0.004991745,1
gwcs,../roman/.data/build21/r0000101001001001001_0001_wfi12_f158_cal.asdf,wfi12,eval,100,37,0.004941594,1
gwcs,../roman/.data/build21/r0000101001001001001_0001_wfi12_f158_cal.asdf,wfi12,eval,100,38,0.005105064,1
gwcs,../roman/.data/build21/r0000101001001001001_0001_wfi12_f158_cal.asdf,wfi12,eval,100,39,0.005071105,1
gwcs,../roman/.data/build21/r0000101001001001001_0001_wfi12_f158_cal.asdf,wfi12,eval,100,40,0.004964184,1
gwcs,../roman/.data/build21/r0000101001001001001_0001_wfi12_f158_cal.asdf,wfi12,eval,100,41,0.007117913,1
gwcs,../roman/.data/build21/r0000101001001001001_0001_wfi12_f158_cal.asdf,wfi12,eval,100,42,0.005335278,1
gwcs,../roman/.data/build21/r0000101001001001001_0001_wfi12_f158_cal.asdf,wfi12,eval,100,43,0.006967007,1
gwcs,../roman/.data/build21/r0000101001001001001_0001_wfi12_f158_cal.asdf,wfi12,eval,100,44,0.005260610,1
gwcs,../roman/.data/build21/r0000101001001001001_0001_wfi12_f158_cal.asdf,wfi12,eval,100,45,0.004991776,1
gwcs,../roman/.data/build21/r0000101001001001001_0001_wfi12_f158_cal.asdf,wfi12,eval,100,46,0.004932864,1
gwcs,../roman/.data/build21/r0000101001001001001_0001_wfi12_f158_cal.asdf,wfi12,eval,100,47,0.005058637,1
gwcs,../roman/.data/build21/r0000101001001001001_0001_wfi12_f158_cal.asdf,wfi12,eval,100,48,0.005341531,1
gwcs,../roman/.data/build21/r0000101001001001001_0001_wfi12_f158_cal.asdf,wfi12,eval,100,49,0.004991639,1
gwcs,../roman/.data/build21/r0000101001001001001_0001_wfi12_f158_cal.asdf,wfi12,eval,1000,0,0.005668580,1
gwcs,../roman/.data/build21/r0000101001001001001_0001_wfi12_f158_cal.asdf,wfi12,eval,1000,1,0.005868135,1
gwcs,../roman/.data/build21/r0000101001001001001_0001_wfi12_f158_cal.asdf,wfi12,eval,1000,2,0.005398828,1
gwcs,../roman/.data/build21/r0000101001001001001_0001_wfi12_f158_cal.asdf,wfi12,eval,1000,3,0.005454948,1
gwcs,../roman/.data/build21/r0000101001001001001_0001_wfi12_f158_cal.asdf,wfi12,eval,1000,4,0.005636740,1
gwcs,../roman/.data/build21/r0000101001001001001_0001_wfi12_f158_cal.asdf,wfi12,eval,1000,5,0.005310929,1
gwcs,../roman/.data/build21/r0000101001001001001_0001_wfi12_f158_cal.asdf,wfi12,eval,1000,6,0.005337427,1
gwcs,../roman/.data/build21/r0000101001001001001_0001_wfi12_f158_cal.asdf,wfi12,eval,1000,7,0.005696584,1
gwcs,../roman/.data/build21/r0000101001001001001_0001_wfi12_f158_cal.asdf,wfi12,eval,1000,8,0.005321708,1
gwcs,../roman/.data/build21/r0000101001001001001_0001_wfi12_f158_cal.asdf,wfi12,eval,1000,9,0.005394830,1
gwcs,../roman/.data/build21/r0000101001001001001_0001_wfi12_f158_cal.asdf,wfi12,eval,1000,10,0.005695620,1
gwcs,../roman/.data/build21/r0000101001001001001_0001_wfi12_f158_cal.asdf,wfi12,eval,1000,11,0.005359162,1
gwcs,../roman/.data/build21/r0000101001001001001_0001_wfi12_f158_cal.asdf,wfi12,eval,1000,12,0.005403943,1
gwcs,../roman/.data/build21/r0000101001001001001_0001_wfi12_f158_cal.asdf,wfi12,eval,1000,13,0.005717519,1
gwcs,../roman/.data/build21/r0000101001001001001_0001_wfi12_f158_cal.asdf,wfi12,eval,1000,14,0.005372112,1
gwcs,../roman/.data/build21/r0000101001001001001_0001_wfi12_f158_cal.asdf,wfi12,eval,1000,15,0.005331725,1
gwcs,../roman/.data/build21/r0000101001001001001_0001_wfi12_f158_cal.asdf,wfi12,eval,1000,16,0.005690278,1
gwcs,../roman/.data/build21/r0000101001001001001_0001_wfi12_f158_cal.asdf,wfi12,eval,1000,17,0.005418543,1
gwcs,../roman/.data/build21/r0000101001001001001_0001_wfi12_f158_cal.asdf,wfi12,eval,1000,18,0.006697123,1
gwcs,../roman/.data/build21/r0000101001001001001_0001_wfi12_f158_cal.asdf,wfi12,eval,1000,19,0.006030749,1
gwcs,../roman/.data/build21/r0000101001001001001_0001_wfi12_f158_cal.asdf,wfi12,eval,10000,0,0.008884771,1
gwcs,../roman/.data/build21/r0000101001001001001_0001_wfi12_f158_cal.asdf,wfi12,eval,10000,1,0.009244742,1
gwcs,../roman/.data/build21/r0000101001001001001_0001_wfi12_f158_cal.asdf,wfi12,eval,10000,2,0.008586417,1
gwcs,../roman/.data/build21/r0000101001001001001_0001_wfi12_f158_cal.asdf,wfi12,eval,10000,3,0.008879205,1
gwcs,../roman/.data/build21/r0000101001001001001_0001_wfi12_f158_cal.asdf,wfi12,eval,10000,4,0.008886223,1
gwcs,../roman/.data/build21/r0000101001001001001_0001_wfi12_f158_cal.asdf,wfi12,eval,10000,5,0.008700998,1
gwcs,../roman/.data/build21/r0000101001001001001_0001_wfi12_f158_cal.asdf,wfi12,eval,10000,6,0.008794581,1
gwcs,../roman/.data/build21/r0000101001001001001_0001_wfi12_f158_cal.asdf,wfi12,eval,10000,7,0.008637811,1
gwcs,../roman/.data/build21/r0000101001001001001_0001_wfi12_f158_cal.asdf,wfi12,eval,10000,8,0.008742437,1
gwcs,../roman/.data/build21/r0000101001001001001_0001_wfi12_f158_cal.asdf,wfi12,eval,10000,9,0.008750536,1
gwcs,../roman/.data/build21/r0000101001001001001_0001_wfi12_f158_cal.asdf,wfi12,eval,100000,0,0.041807719,1
gwcs,../roman/.data/build21/r0000101001001001001_0001_wfi12_f158_cal.asdf,wfi12,eval,100000,1,0.039588984,1
gwcs,../roman/.data/build21/r0000101001001001001_0001_wfi12_f158_cal.asdf,wfi12,eval,100000,2,0.040084991,1
gwcs,../roman/.data/build21/r0000101001001001001_0001_wfi12_f158_cal.asdf,wfi12,eval,100000,3,0.040432667,1
gwcs,../roman/.data/build21/r0000101001001001001_0001_wfi12_f158_cal.asdf,wfi12,eval,100000,4,0.039717522,1
gwcs,../roman/.data/build21/r0000101001001001001_0001_wfi12_f158_cal.asdf,wfi12,eval,1000000,0,0.388580302,1
gwcs,../roman/.data/build21/r0000101001001001001_0001_wfi12_f158_cal.asdf,wfi12,eval,1000000,1,0.385683427,1
gwcs,../roman/.data/build21/r0000101001001001001_0001_wfi12_f158_cal.asdf,wfi12,eval,1000000,2,0.396719707,1
gwcs,../roman/.data/build21/r0000101001001001001_0001_wfi12_f158_cal.asdf,wfi12,eval,10000000,0,3.919868653,1
gwcs,../roman/.data/build21/r0000101001001001001_0001_wfi12_f158_cal.asdf,wfi12,eval,10000000,1,3.921120217,1
gwcs,../roman/.data/build21/r0000101001001001001_0001_wfi12_f158_cal.asdf,wfi12,eval,16711744,0,6.592640163,1
gwcs,../roman/.data/build21/r0000101001001001001_0001_wfi12_f158_cal.asdf,wfi12,eval,16711744,1,6.524238040,1
gwcs,../roman/.data/build21/r0000101001001001001_0001_wfi13_f158_cal.asdf,wfi13,parse_cold,0,0,0.880944451,1
gwcs,../roman/.data/build21/r0000101001001001001_0001_wfi13_f158_cal.asdf,wfi13,parse_hot,0,0,0.542129341,1
gwcs,../roman/.data/build21/r0000101001001001001_0001_wfi13_f158_cal.asdf,wfi13,eval,1,0,0.005202701,1
gwcs,../roman/.data/build21/r0000101001001001001_0001_wfi13_f158_cal.asdf,wfi13,eval,1,1,0.006189982,1
gwcs,../roman/.data/build21/r0000101001001001001_0001_wfi13_f158_cal.asdf,wfi13,eval,1,2,0.005333219,1
gwcs,../roman/.data/build21/r0000101001001001001_0001_wfi13_f158_cal.asdf,wfi13,eval,1,3,0.004803153,1
gwcs,../roman/.data/build21/r0000101001001001001_0001_wfi13_f158_cal.asdf,wfi13,eval,1,4,0.005428758,1
gwcs,../roman/.data/build21/r0000101001001001001_0001_wfi13_f158_cal.asdf,wfi13,eval,1,5,0.004879807,1
gwcs,../roman/.data/build21/r0000101001001001001_0001_wfi13_f158_cal.asdf,wfi13,eval,1,6,0.004879470,1
gwcs,../roman/.data/build21/r0000101001001001001_0001_wfi13_f158_cal.asdf,wfi13,eval,1,7,0.005478397,1
gwcs,../roman/.data/build21/r0000101001001001001_0001_wfi13_f158_cal.asdf,wfi13,eval,1,8,0.005043490,1
gwcs,../roman/.data/build21/r0000101001001001001_0001_wfi13_f158_cal.asdf,wfi13,eval,1,9,0.004791379,1
gwcs,../roman/.data/build21/r0000101001001001001_0001_wfi13_f158_cal.asdf,wfi13,eval,1,10,0.005338710,1
gwcs,../roman/.data/build21/r0000101001001001001_0001_wfi13_f158_cal.asdf,wfi13,eval,1,11,0.004991825,1
gwcs,../roman/.data/build21/r0000101001001001001_0001_wfi13_f158_cal.asdf,wfi13,eval,1,12,0.005022494,1
gwcs,../roman/.data/build21/r0000101001001001001_0001_wfi13_f158_cal.asdf,wfi13,eval,1,13,0.005199731,1
gwcs,../roman/.data/build21/r0000101001001001001_0001_wfi13_f158_cal.asdf,wfi13,eval,1,14,0.004936929,1
gwcs,../roman/.data/build21/r0000101001001001001_0001_wfi13_f158_cal.asdf,wfi13,eval,1,15,0.005032979,1
gwcs,../roman/.data/build21/r0000101001001001001_0001_wfi13_f158_cal.asdf,wfi13,eval,1,16,0.004785459,1
gwcs,../roman/.data/build21/r0000101001001001001_0001_wfi13_f158_cal.asdf,wfi13,eval,1,17,0.005204423,1
gwcs,../roman/.data/build21/r0000101001001001001_0001_wfi13_f158_cal.asdf,wfi13,eval,1,18,0.005021413,1
gwcs,../roman/.data/build21/r0000101001001001001_0001_wfi13_f158_cal.asdf,wfi13,eval,1,19,0.005102769,1
gwcs,../roman/.data/build21/r0000101001001001001_0001_wfi13_f158_cal.asdf,wfi13,eval,1,20,0.005958519,1
gwcs,../roman/.data/build21/r0000101001001001001_0001_wfi13_f158_cal.asdf,wfi13,eval,1,21,0.005091209,1
gwcs,../roman/.data/build21/r0000101001001001001_0001_wfi13_f158_cal.asdf,wfi13,eval,1,22,0.005046081,1
gwcs,../roman/.data/build21/r0000101001001001001_0001_wfi13_f158_cal.asdf,wfi13,eval,1,23,0.005164434,1
gwcs,../roman/.data/build21/r0000101001001001001_0001_wfi13_f158_cal.asdf,wfi13,eval,1,24,0.004990038,1
gwcs,../roman/.data/build21/r0000101001001001001_0001_wfi13_f158_cal.asdf,wfi13,eval,1,25,0.005205793,1
gwcs,../roman/.data/build21/r0000101001001001001_0001_wfi13_f158_cal.asdf,wfi13,eval,1,26,0.005330657,1
gwcs,../roman/.data/build21/r0000101001001001001_0001_wfi13_f158_cal.asdf,wfi13,eval,1,27,0.004948476,1
gwcs,../roman/.data/build21/r0000101001001001001_0001_wfi13_f158_cal.asdf,wfi13,eval,1,28,0.005289716,1
gwcs,../roman/.data/build21/r0000101001001001001_0001_wfi13_f158_cal.asdf,wfi13,eval,1,29,0.005229586,1
gwcs,../roman/.data/build21/r0000101001001001001_0001_wfi13_f158_cal.asdf,wfi13,eval,1,30,0.005255319,1
gwcs,../roman/.data/build21/r0000101001001001001_0001_wfi13_f158_cal.asdf,wfi13,eval,1,31,0.005878436,1
gwcs,../roman/.data/build21/r0000101001001001001_0001_wfi13_f158_cal.asdf,wfi13,eval,1,32,0.005349358,1
gwcs,../roman/.data/build21/r0000101001001001001_0001_wfi13_f158_cal.asdf,wfi13,eval,1,33,0.005660536,1
gwcs,../roman/.data/build21/r0000101001001001001_0001_wfi13_f158_cal.asdf,wfi13,eval,1,34,0.005181085,1
gwcs,../roman/.data/build21/r0000101001001001001_0001_wfi13_f158_cal.asdf,wfi13,eval,1,35,0.005094500,1
gwcs,../roman/.data/build21/r0000101001001001001_0001_wfi13_f158_cal.asdf,wfi13,eval,1,36,0.005309932,1
gwcs,../roman/.data/build21/r0000101001001001001_0001_wfi13_f158_cal.asdf,wfi13,eval,1,37,0.005014978,1
gwcs,../roman/.data/build21/r0000101001001001001_0001_wfi13_f158_cal.asdf,wfi13,eval,1,38,0.005138489,1
gwcs,../roman/.data/build21/r0000101001001001001_0001_wfi13_f158_cal.asdf,wfi13,eval,1,39,0.005155874,1
gwcs,../roman/.data/build21/r0000101001001001001_0001_wfi13_f158_cal.asdf,wfi13,eval,1,40,0.004853106,1
gwcs,../roman/.data/build21/r0000101001001001001_0001_wfi13_f158_cal.asdf,wfi13,eval,1,41,0.005069874,1
gwcs,../roman/.data/build21/r0000101001001001001_0001_wfi13_f158_cal.asdf,wfi13,eval,1,42,0.004787087,1
gwcs,../roman/.data/build21/r0000101001001001001_0001_wfi13_f158_cal.asdf,wfi13,eval,1,43,0.004786625,1
gwcs,../roman/.data/build21/r0000101001001001001_0001_wfi13_f158_cal.asdf,wfi13,eval,1,44,0.004999036,1
gwcs,../roman/.data/build21/r0000101001001001001_0001_wfi13_f158_cal.asdf,wfi13,eval,1,45,0.005068875,1
gwcs,../roman/.data/build21/r0000101001001001001_0001_wfi13_f158_cal.asdf,wfi13,eval,1,46,0.004948108,1
gwcs,../roman/.data/build21/r0000101001001001001_0001_wfi13_f158_cal.asdf,wfi13,eval,1,47,0.005043132,1
gwcs,../roman/.data/build21/r0000101001001001001_0001_wfi13_f158_cal.asdf,wfi13,eval,1,48,0.005080059,1
gwcs,../roman/.data/build21/r0000101001001001001_0001_wfi13_f158_cal.asdf,wfi13,eval,1,49,0.004781545,1
gwcs,../roman/.data/build21/r0000101001001001001_0001_wfi13_f158_cal.asdf,wfi13,eval,1,50,0.004875923,1
gwcs,../roman/.data/build21/r0000101001001001001_0001_wfi13_f158_cal.asdf,wfi13,eval,1,51,0.004966171,1
gwcs,../roman/.data/build21/r0000101001001001001_0001_wfi13_f158_cal.asdf,wfi13,eval,1,52,0.004800638,1
gwcs,../roman/.data/build21/r0000101001001001001_0001_wfi13_f158_cal.asdf,wfi13,eval,1,53,0.004790844,1
gwcs,../roman/.data/build21/r0000101001001001001_0001_wfi13_f158_cal.asdf,wfi13,eval,1,54,0.005027673,1
gwcs,../roman/.data/build21/r0000101001001001001_0001_wfi13_f158_cal.asdf,wfi13,eval,1,55,0.004861285,1
gwcs,../roman/.data/build21/r0000101001001001001_0001_wfi13_f158_cal.asdf,wfi13,eval,1,56,0.005054313,1
gwcs,../roman/.data/build21/r0000101001001001001_0001_wfi13_f158_cal.asdf,wfi13,eval,1,57,0.005014365,1
gwcs,../roman/.data/build21/r0000101001001001001_0001_wfi13_f158_cal.asdf,wfi13,eval,1,58,0.005044294,1
gwcs,../roman/.data/build21/r0000101001001001001_0001_wfi13_f158_cal.asdf,wfi13,eval,1,59,0.004781624,1
gwcs,../roman/.data/build21/r0000101001001001001_0001_wfi13_f158_cal.asdf,wfi13,eval,1,60,0.004962531,1
gwcs,../roman/.data/build21/r0000101001001001001_0001_wfi13_f158_cal.asdf,wfi13,eval,1,61,0.004966999,1
gwcs,../roman/.data/build21/r0000101001001001001_0001_wfi13_f158_cal.asdf,wfi13,eval,1,62,0.004772016,1
gwcs,../roman/.data/build21/r0000101001001001001_0001_wfi13_f158_cal.asdf,wfi13,eval,1,63,0.004742966,1
gwcs,../roman/.data/build21/r0000101001001001001_0001_wfi13_f158_cal.asdf,wfi13,eval,1,64,0.004905081,1
gwcs,../roman/.data/build21/r0000101001001001001_0001_wfi13_f158_cal.asdf,wfi13,eval,1,65,0.005049571,1
gwcs,../roman/.data/build21/r0000101001001001001_0001_wfi13_f158_cal.asdf,wfi13,eval,1,66,0.004797586,1
gwcs,../roman/.data/build21/r0000101001001001001_0001_wfi13_f158_cal.asdf,wfi13,eval,1,67,0.004944705,1
gwcs,../roman/.data/build21/r0000101001001001001_0001_wfi13_f158_cal.asdf,wfi13,eval,1,68,0.005289341,1
gwcs,../roman/.data/build21/r0000101001001001001_0001_wfi13_f158_cal.asdf,wfi13,eval,1,69,0.005057345,1
gwcs,../roman/.data/build21/r0000101001001001001_0001_wfi13_f158_cal.asdf,wfi13,eval,1,70,0.005574925,1
gwcs,../roman/.data/build21/r0000101001001001001_0001_wfi13_f158_cal.asdf,wfi13,eval,1,71,0.005204502,1
gwcs,../roman/.data/build21/r0000101001001001001_0001_wfi13_f158_cal.asdf,wfi13,eval,1,72,0.005035648,1
gwcs,../roman/.data/build21/r0000101001001001001_0001_wfi13_f158_cal.asdf,wfi13,eval,1,73,0.005098975,1
gwcs,../roman/.data/build21/r0000101001001001001_0001_wfi13_f158_cal.asdf,wfi13,eval,1,74,0.005053137,1
gwcs,../roman/.data/build21/r0000101001001001001_0001_wfi13_f158_cal.asdf,wfi13,eval,1,75,0.005037935,1
gwcs,../roman/.data/build21/r0000101001001001001_0001_wfi13_f158_cal.asdf,wfi13,eval,1,76,0.005103616,1
gwcs,../roman/.data/build21/r0000101001001001001_0001_wfi13_f158_cal.asdf,wfi13,eval,1,77,0.005044349,1
gwcs,../roman/.data/build21/r0000101001001001001_0001_wfi13_f158_cal.asdf,wfi13,eval,1,78,0.005008117,1
gwcs,../roman/.data/build21/r0000101001001001001_0001_wfi13_f158_cal.asdf,wfi13,eval,1,79,0.005101523,1
gwcs,../roman/.data/build21/r0000101001001001001_0001_wfi13_f158_cal.asdf,wfi13,eval,1,80,0.005326403,1
gwcs,../roman/.data/build21/r0000101001001001001_0001_wfi13_f158_cal.asdf,wfi13,eval,1,81,0.005187401,1
gwcs,../roman/.data/build21/r0000101001001001001_0001_wfi13_f158_cal.asdf,wfi13,eval,1,82,0.005227489,1
gwcs,../roman/.data/build21/r0000101001001001001_0001_wfi13_f158_cal.asdf,wfi13,eval,1,83,0.005063502,1
gwcs,../roman/.data/build21/r0000101001001001001_0001_wfi13_f158_cal.asdf,wfi13,eval,1,84,0.005036796,1
gwcs,../roman/.data/build21/r0000101001001001001_0001_wfi13_f158_cal.asdf,wfi13,eval,1,85,0.005101917,1
gwcs,../roman/.data/build21/r0000101001001001001_0001_wfi13_f158_cal.asdf,wfi13,eval,1,86,0.005101058,1
gwcs,../roman/.data/build21/r0000101001001001001_0001_wfi13_f158_cal.asdf,wfi13,eval,1,87,0.005177717,1
gwcs,../roman/.data/build21/r0000101001001001001_0001_wfi13_f158_cal.asdf,wfi13,eval,1,88,0.005029661,1
gwcs,../roman/.data/build21/r0000101001001001001_0001_wfi13_f158_cal.asdf,wfi13,eval,1,89,0.005084122,1
gwcs,../roman/.data/build21/r0000101001001001001_0001_wfi13_f158_cal.asdf,wfi13,eval,1,90,0.005340015,1
gwcs,../roman/.data/build21/r0000101001001001001_0001_wfi13_f158_cal.asdf,wfi13,eval,1,91,0.005097511,1
gwcs,../roman/.data/build21/r0000101001001001001_0001_wfi13_f158_cal.asdf,wfi13,eval,1,92,0.005185403,1
gwcs,../roman/.data/build21/r0000101001001001001_0001_wfi13_f158_cal.asdf,wfi13,eval,1,93,0.005119050,1
gwcs,../roman/.data/build21/r0000101001001001001_0001_wfi13_f158_cal.asdf,wfi13,eval,1,94,0.005094867,1
gwcs,../roman/.data/build21/r0000101001001001001_0001_wfi13_f158_cal.asdf,wfi13,eval,1,95,0.005113306,1
gwcs,../roman/.data/build21/r0000101001001001001_0001_wfi13_f158_cal.asdf,wfi13,eval,1,96,0.005134309,1
gwcs,../roman/.data/build21/r0000101001001001001_0001_wfi13_f158_cal.asdf,wfi13,eval,1,97,0.005027050,1
gwcs,../roman/.data/build21/r0000101001001001001_0001_wfi13_f158_cal.asdf,wfi13,eval,1,98,0.005261387,1
gwcs,../roman/.data/build21/r0000101001001001001_0001_wfi13_f158_cal.asdf,wfi13,eval,1,99,0.004871185,1
gwcs,../roman/.data/build21/r0000101001001001001_0001_wfi13_f158_cal.asdf,wfi13,eval,10,0,0.005415364,1
gwcs,../roman/.data/build21/r0000101001001001001_0001_wfi13_f158_cal.asdf,wfi13,eval,10,1,0.005371655,1
gwcs,../roman/.data/build21/r0000101001001001001_0001_wfi13_f158_cal.asdf,wfi13,eval,10,2,0.004985796,1
gwcs,../roman/.data/build21/r0000101001001001001_0001_wfi13_f158_cal.asdf,wfi13,eval,10,3,0.005231827,1
gwcs,../roman/.data/build21/r0000101001001001001_0001_wfi13_f158_cal.asdf,wfi13,eval,10,4,0.005367502,1
gwcs,../roman/.data/build21/r0000101001001001001_0001_wfi13_f158_cal.asdf,wfi13,eval,10,5,0.004994601,1
gwcs,../roman/.data/build21/r0000101001001001001_0001_wfi13_f158_cal.asdf,wfi13,eval,10,6,0.005392958,1
gwcs,../roman/.data/build21/r0000101001001001001_0001_wfi13_f158_cal.asdf,wfi13,eval,10,7,0.005191038,1
gwcs,../roman/.data/build21/r0000101001001001001_0001_wfi13_f158_cal.asdf,wfi13,eval,10,8,0.005064066,1
gwcs,../roman/.data/build21/r0000101001001001001_0001_wfi13_f158_cal.asdf,wfi13,eval,10,9,0.005298732,1
gwcs,../roman/.data/build21/r0000101001001001001_0001_wfi13_f158_cal.asdf,wfi13,eval,10,10,0.005647804,1
gwcs,../roman/.data/build21/r0000101001001001001_0001_wfi13_f158_cal.asdf,wfi13,eval,10,11,0.005226613,1
gwcs,../roman/.data/build21/r0000101001001001001_0001_wfi13_f158_cal.asdf,wfi13,eval,10,12,0.006664822,1
gwcs,../roman/.data/build21/r0000101001001001001_0001_wfi13_f158_cal.asdf,wfi13,eval,10,13,0.006170709,1
gwcs,../roman/.data/build21/r0000101001001001001_0001_wfi13_f158_cal.asdf,wfi13,eval,10,14,0.005239298,1
gwcs,../roman/.data/build21/r0000101001001001001_0001_wfi13_f158_cal.asdf,wfi13,eval,10,15,0.005187406,1
gwcs,../roman/.data/build21/r0000101001001001001_0001_wfi13_f158_cal.asdf,wfi13,eval,10,16,0.005481703,1
gwcs,../roman/.data/build21/r0000101001001001001_0001_wfi13_f158_cal.asdf,wfi13,eval,10,17,0.006458296,1
gwcs,../roman/.data/build21/r0000101001001001001_0001_wfi13_f158_cal.asdf,wfi13,eval,10,18,0.005297690,1
gwcs,../roman/.data/build21/r0000101001001001001_0001_wfi13_f158_cal.asdf,wfi13,eval,10,19,0.005184825,1
gwcs,../roman/.data/build21/r0000101001001001001_0001_wfi13_f158_cal.asdf,wfi13,eval,10,20,0.005133676,1
gwcs,../roman/.data/build21/r0000101001001001001_0001_wfi13_f158_cal.asdf,wfi13,eval,10,21,0.005307981,1
gwcs,../roman/.data/build21/r0000101001001001001_0001_wfi13_f158_cal.asdf,wfi13,eval,10,22,0.005322420,1
gwcs,../roman/.data/build21/r0000101001001001001_0001_wfi13_f158_cal.asdf,wfi13,eval,10,23,0.005503620,1
gwcs,../roman/.data/build21/r0000101001001001001_0001_wfi13_f158_cal.asdf,wfi13,eval,10,24,0.005660261,1
gwcs,../roman/.data/build21/r0000101001001001001_0001_wfi13_f158_cal.asdf,wfi13,eval,10,25,0.005628466,1
gwcs,../roman/.data/build21/r0000101001001001001_0001_wfi13_f158_cal.asdf,wfi13,eval,10,26,0.005411909,1
gwcs,../roman/.data/build21/r0000101001001001001_0001_wfi13_f158_cal.asdf,wfi13,eval,10,27,0.005789297,1
gwcs,../roman/.data/build21/r0000101001001001001_0001_wfi13_f158_cal.asdf,wfi13,eval,10,28,0.005952921,1
gwcs,../roman/.data/build21/r0000101001001001001_0001_wfi13_f158_cal.asdf,wfi13,eval,10,29,0.005477860,1
gwcs,../roman/.data/build21/r0000101001001001001_0001_wfi13_f158_cal.asdf,wfi13,eval,10,30,0.005534898,1
gwcs,../roman/.data/build21/r0000101001001001001_0001_wfi13_f158_cal.asdf,wfi13,eval,10,31,0.006032151,1
gwcs,../roman/.data/build21/r0000101001001001001_0001_wfi13_f158_cal.asdf,wfi13,eval,10,32,0.005669106,1
gwcs,../roman/.data/build21/r0000101001001001001_0001_wfi13_f158_cal.asdf,wfi13,eval,10,33,0.005680339,1
gwcs,../roman/.data/build21/r0000101001001001001_0001_wfi13_f158_cal.asdf,wfi13,eval,10,34,0.005901433,1
gwcs,../roman/.data/build21/r0000101001001001001_0001_wfi13_f158_cal.asdf,wfi13,eval,10,35,0.005521213,1
gwcs,../roman/.data/build21/r0000101001001001001_0001_wfi13_f158_cal.asdf,wfi13,eval,10,36,0.005292707,1
gwcs,../roman/.data/build21/r0000101001001001001_0001_wfi13_f158_cal.asdf,wfi13,eval,10,37,0.005520376,1
gwcs,../roman/.data/build21/r0000101001001001001_0001_wfi13_f158_cal.asdf,wfi13,eval,10,38,0.005438637,1
gwcs,../roman/.data/build21/r0000101001001001001_0001_wfi13_f158_cal.asdf,wfi13,eval,10,39,0.005288463,1
gwcs,../roman/.data/build21/r0000101001001001001_0001_wfi13_f158_cal.asdf,wfi13,eval,10,40,0.005177398,1
gwcs,../roman/.data/build21/r0000101001001001001_0001_wfi13_f158_cal.asdf,wfi13,eval,10,41,0.005146039,1
gwcs,../roman/.data/build21/r0000101001001001001_0001_wfi13_f158_cal.asdf,wfi13,eval,10,42,0.005232493,1
gwcs,../roman/.data/build21/r0000101001001001001_0001_wfi13_f158_cal.asdf,wfi13,eval,10,43,0.005201549,1
gwcs,../roman/.data/build21/r0000101001001001001_0001_wfi13_f158_cal.asdf,wfi13,eval,10,44,0.005081533,1
gwcs,../roman/.data/build21/r0000101001001001001_0001_wfi13_f158_cal.asdf,wfi13,eval,10,45,0.005278416,1
gwcs,../roman/.data/build21/r0000101001001001001_0001_wfi13_f158_cal.asdf,wfi13,eval,10,46,0.005233178,1
gwcs,../roman/.data/build21/r0000101001001001001_0001_wfi13_f158_cal.asdf,wfi13,eval,10,47,0.005093221,1
gwcs,../roman/.data/build21/r0000101001001001001_0001_wfi13_f158_cal.asdf,wfi13,eval,10,48,0.005246923,1
gwcs,../roman/.data/build21/r0000101001001001001_0001_wfi13_f158_cal.asdf,wfi13,eval,10,49,0.005212669,1
gwcs,../roman/.data/build21/r0000101001001001001_0001_wfi13_f158_cal.asdf,wfi13,eval,10,50,0.005007172,1
gwcs,../roman/.data/build21/r0000101001001001001_0001_wfi13_f158_cal.asdf,wfi13,eval,10,51,0.005317466,1
gwcs,../roman/.data/build21/r0000101001001001001_0001_wfi13_f158_cal.asdf,wfi13,eval,10,52,0.005148773,1
gwcs,../roman/.data/build21/r0000101001001001001_0001_wfi13_f158_cal.asdf,wfi13,eval,10,53,0.005083194,1
gwcs,../roman/.data/build21/r0000101001001001001_0001_wfi13_f158_cal.asdf,wfi13,eval,10,54,0.005088327,1
gwcs,../roman/.data/build21/r0000101001001001001_0001_wfi13_f158_cal.asdf,wfi13,eval,10,55,0.005191683,1
gwcs,../roman/.data/build21/r0000101001001001001_0001_wfi13_f158_cal.asdf,wfi13,eval,10,56,0.005170052,1
gwcs,../roman/.data/build21/r0000101001001001001_0001_wfi13_f158_cal.asdf,wfi13,eval,10,57,0.005084570,1
gwcs,../roman/.data/build21/r0000101001001001001_0001_wfi13_f158_cal.asdf,wfi13,eval,10,58,0.005213377,1
gwcs,../roman/.data/build21/r0000101001001001001_0001_wfi13_f158_cal.asdf,wfi13,eval,10,59,0.005158885,1
gwcs,../roman/.data/build21/r0000101001001001001_0001_wfi13_f158_cal.asdf,wfi13,eval,10,60,0.005100323,1
gwcs,../roman/.data/build21/r0000101001001001001_0001_wfi13_f158_cal.asdf,wfi13,eval,10,61,0.005214791,1
gwcs,../roman/.data/build21/r0000101001001001001_0001_wfi13_f158_cal.asdf,wfi13,eval,10,62,0.005182863,1
gwcs,../roman/.data/build21/r0000101001001001001_0001_wfi13_f158_cal.asdf,wfi13,eval,10,63,0.004962333,1
gwcs,../roman/.data/build21/r0000101001001001001_0001_wfi13_f158_cal.asdf,wfi13,eval,10,64,0.005183515,1
gwcs,../roman/.data/build21/r0000101001001001001_0001_wfi13_f158_cal.asdf,wfi13,eval,10,65,0.005047855,1
gwcs,../roman/.data/build21/r0000101001001001001_0001_wfi13_f158_cal.asdf,wfi13,eval,10,66,0.005054735,1
gwcs,../roman/.data/build21/r0000101001001001001_0001_wfi13_f158_cal.asdf,wfi13,eval,10,67,0.004924405,1
gwcs,../roman/.data/build21/r0000101001001001001_0001_wfi13_f158_cal.asdf,wfi13,eval,10,68,0.005628542,1
gwcs,../roman/.data/build21/r0000101001001001001_0001_wfi13_f158_cal.asdf,wfi13,eval,10,69,0.005963143,1
gwcs,../roman/.data/build21/r0000101001001001001_0001_wfi13_f158_cal.asdf,wfi13,eval,10,70,0.005551686,1
gwcs,../roman/.data/build21/r0000101001001001001_0001_wfi13_f158_cal.asdf,wfi13,eval,10,71,0.008561778,1
gwcs,../roman/.data/build21/r0000101001001001001_0001_wfi13_f158_cal.asdf,wfi13,eval,10,72,0.005031869,1
gwcs,../roman/.data/build21/r0000101001001001001_0001_wfi13_f158_cal.asdf,wfi13,eval,10,73,0.005297468,1
gwcs,../roman/.data/build21/r0000101001001001001_0001_wfi13_f158_cal.asdf,wfi13,eval,10,74,0.005519769,1
gwcs,../roman/.data/build21/r0000101001001001001_0001_wfi13_f158_cal.asdf,wfi13,eval,10,75,0.005018496,1
gwcs,../roman/.data/build21/r0000101001001001001_0001_wfi13_f158_cal.asdf,wfi13,eval,10,76,0.005360334,1
gwcs,../roman/.data/build21/r0000101001001001001_0001_wfi13_f158_cal.asdf,wfi13,eval,10,77,0.005093804,1
gwcs,../roman/.data/build21/r0000101001001001001_0001_wfi13_f158_cal.asdf,wfi13,eval,10,78,0.005036279,1
gwcs,../roman/.data/build21/r0000101001001001001_0001_wfi13_f158_cal.asdf,wfi13,eval,10,79,0.005107339,1
gwcs,../roman/.data/build21/r0000101001001001001_0001_wfi13_f158_cal.asdf,wfi13,eval,10,80,0.005095763,1
gwcs,../roman/.data/build21/r0000101001001001001_0001_wfi13_f158_cal.asdf,wfi13,eval,10,81,0.005018823,1
gwcs,../roman/.data/build21/r0000101001001001001_0001_wfi13_f158_cal.asdf,wfi13,eval,10,82,0.005042052,1
gwcs,../roman/.data/build21/r0000101001001001001_0001_wfi13_f158_cal.asdf,wfi13,eval,10,83,0.005332736,1
gwcs,../roman/.data/build21/r0000101001001001001_0001_wfi13_f158_cal.asdf,wfi13,eval,10,84,0.005220774,1
gwcs,../roman/.data/build21/r0000101001001001001_0001_wfi13_f158_cal.asdf,wfi13,eval,10,85,0.005009327,1
gwcs,../roman/.data/build21/r0000101001001001001_0001_wfi13_f158_cal.asdf,wfi13,eval,10,86,0.005349732,1
gwcs,../roman/.data/build21/r0000101001001001001_0001_wfi13_f158_cal.asdf,wfi13,eval,10,87,0.005262229,1
gwcs,../roman/.data/build21/r0000101001001001001_0001_wfi13_f158_cal.asdf,wfi13,eval,10,88,0.005050538,1
gwcs,../roman/.data/build21/r0000101001001001001_0001_wfi13_f158_cal.asdf,wfi13,eval,10,89,0.005402269,1
gwcs,../roman/.data/build21/r0000101001001001001_0001_wfi13_f158_cal.asdf,wfi13,eval,10,90,0.005244314,1
gwcs,../roman/.data/build21/r0000101001001001001_0001_wfi13_f158_cal.asdf,wfi13,eval,10,91,0.005047268,1
gwcs,../roman/.data/build21/r0000101001001001001_0001_wfi13_f158_cal.asdf,wfi13,eval,10,92,0.005776001,1
gwcs,../roman/.data/build21/r0000101001001001001_0001_wfi13_f158_cal.asdf,wfi13,eval,10,93,0.005287480,1
gwcs,../roman/.data/build21/r0000101001001001001_0001_wfi13_f158_cal.asdf,wfi13,eval,10,94,0.005120704,1
gwcs,../roman/.data/build21/r0000101001001001001_0001_wfi13_f158_cal.asdf,wfi13,eval,10,95,0.005299882,1
gwcs,../roman/.data/build21/r0000101001001001001_0001_wfi13_f158_cal.asdf,wfi13,eval,10,96,0.005832266,1
gwcs,../roman/.data/build21/r0000101001001001001_0001_wfi13_f158_cal.asdf,wfi13,eval,10,97,0.006037733,1
gwcs,../roman/.data/build21/r0000101001001001001_0001_wfi13_f158_cal.asdf,wfi13,eval,10,98,0.009685175,1
gwcs,../roman/.data/build21/r0000101001001001001_0001_wfi13_f158_cal.asdf,wfi13,eval,10,99,0.005374305,1
gwcs,../roman/.data/build21/r0000101001001001001_0001_wfi13_f158_cal.asdf,wfi13,eval,100,0,0.005845839,1
gwcs,../roman/.data/build21/r0000101001001001001_0001_wfi13_f158_cal.asdf,wfi13,eval,100,1,0.005380254,1
gwcs,../roman/.data/build21/r0000101001001001001_0001_wfi13_f158_cal.asdf,wfi13,eval,100,2,0.005135227,1
gwcs,../roman/.data/build21/r0000101001001001001_0001_wfi13_f158_cal.asdf,wfi13,eval,100,3,0.004963645,1
gwcs,../roman/.data/build21/r0000101001001001001_0001_wfi13_f158_cal.asdf,wfi13,eval,100,4,0.005680009,1
gwcs,../roman/.data/build21/r0000101001001001001_0001_wfi13_f158_cal.asdf,wfi13,eval,100,5,0.005200067,1
gwcs,../roman/.data/build21/r0000101001001001001_0001_wfi13_f158_cal.asdf,wfi13,eval,100,6,0.005134734,1
gwcs,../roman/.data/build21/r0000101001001001001_0001_wfi13_f158_cal.asdf,wfi13,eval,100,7,0.005611561,1
gwcs,../roman/.data/build21/r0000101001001001001_0001_wfi13_f158_cal.asdf,wfi13,eval,100,8,0.005233681,1
gwcs,../roman/.data/build21/r0000101001001001001_0001_wfi13_f158_cal.asdf,wfi13,eval,100,9,0.006027750,1
gwcs,../roman/.data/build21/r0000101001001001001_0001_wfi13_f158_cal.asdf,wfi13,eval,100,10,0.005396531,1
gwcs,../roman/.data/build21/r0000101001001001001_0001_wfi13_f158_cal.asdf,wfi13,eval,100,11,0.005383080,1
gwcs,../roman/.data/build21/r0000101001001001001_0001_wfi13_f158_cal.asdf,wfi13,eval,100,12,0.005229901,1
gwcs,../roman/.data/build21/r0000101001001001001_0001_wfi13_f158_cal.asdf,wfi13,eval,100,13,0.005467854,1
gwcs,../roman/.data/build21/r0000101001001001001_0001_wfi13_f158_cal.asdf,wfi13,eval,100,14,0.005199348,1
gwcs,../roman/.data/build21/r0000101001001001001_0001_wfi13_f158_cal.asdf,wfi13,eval,100,15,0.005162914,1
gwcs,../roman/.data/build21/r0000101001001001001_0001_wfi13_f158_cal.asdf,wfi13,eval,100,16,0.005326960,1
gwcs,../roman/.data/build21/r0000101001001001001_0001_wfi13_f158_cal.asdf,wfi13,eval,100,17,0.005291109,1
gwcs,../roman/.data/build21/r0000101001001001001_0001_wfi13_f158_cal.asdf,wfi13,eval,100,18,0.005267313,1
gwcs,../roman/.data/build21/r0000101001001001001_0001_wfi13_f158_cal.asdf,wfi13,eval,100,19,0.005268775,1
gwcs,../roman/.data/build21/r0000101001001001001_0001_wfi13_f158_cal.asdf,wfi13,eval,100,20,0.005249690,1
gwcs,../roman/.data/build21/r0000101001001001001_0001_wfi13_f158_cal.asdf,wfi13,eval,100,21,0.005390402,1
gwcs,../roman/.data/build21/r0000101001001001001_0001_wfi13_f158_cal.asdf,wfi13,eval,100,22,0.005382785,1
gwcs,../roman/.data/build21/r0000101001001001001_0001_wfi13_f158_cal.asdf,wfi13,eval,100,23,0.005091228,1
gwcs,../roman/.data/build21/r0000101001001001001_0001_wfi13_f158_cal.asdf,wfi13,eval,100,24,0.005204628,1
gwcs,../roman/.data/build21/r0000101001001001001_0001_wfi13_f158_cal.asdf,wfi13,eval,100,25,0.005400698,1
gwcs,../roman/.data/build21/r0000101001001001001_0001_wfi13_f158_cal.asdf,wfi13,eval,100,26,0.005092808,1
gwcs,../roman/.data/build21/r0000101001001001001_0001_wfi13_f158_cal.asdf,wfi13,eval,100,27,0.005253996,1
gwcs,../roman/.data/build21/r0000101001001001001_0001_wfi13_f158_cal.asdf,wfi13,eval,100,28,0.005282808,1
gwcs,../roman/.data/build21/r0000101001001001001_0001_wfi13_f158_cal.asdf,wfi13,eval,100,29,0.005204327,1
gwcs,../roman/.data/build21/r0000101001001001001_0001_wfi13_f158_cal.asdf,wfi13,eval,100,30,0.005276605,1
gwcs,../roman/.data/build21/r0000101001001001001_0001_wfi13_f158_cal.asdf,wfi13,eval,100,31,0.005224721,1
gwcs,../roman/.data/build21/r0000101001001001001_0001_wfi13_f158_cal.asdf,wfi13,eval,100,32,0.005242839,1
gwcs,../roman/.data/build21/r0000101001001001001_0001_wfi13_f158_cal.asdf,wfi13,eval,100,33,0.005131378,1
gwcs,../roman/.data/build21/r0000101001001001001_0001_wfi13_f158_cal.asdf,wfi13,eval,100,34,0.005137801,1
gwcs,../roman/.data/build21/r0000101001001001001_0001_wfi13_f158_cal.asdf,wfi13,eval,100,35,0.005155304,1
gwcs,../roman/.data/build21/r0000101001001001001_0001_wfi13_f158_cal.asdf,wfi13,eval,100,36,0.005128902,1
gwcs,../roman/.data/build21/r0000101001001001001_0001_wfi13_f158_cal.asdf,wfi13,eval,100,37,0.005049805,1
gwcs,../roman/.data/build21/r0000101001001001001_0001_wfi13_f158_cal.asdf,wfi13,eval,100,38,0.005381462,1
gwcs,../roman/.data/build21/r0000101001001001001_0001_wfi13_f158_cal.asdf,wfi13,eval,100,39,0.005313442,1
gwcs,../roman/.data/build21/r0000101001001001001_0001_wfi13_f158_cal.asdf,wfi13,eval,100,40,0.005044108,1
gwcs,../roman/.data/build21/r0000101001001001001_0001_wfi13_f158_cal.asdf,wfi13,eval,100,41,0.005080361,1
gwcs,../roman/.data/build21/r0000101001001001001_0001_wfi13_f158_cal.asdf,wfi13,eval,100,42,0.005098504,1
gwcs,../roman/.data/build21/r0000101001001001001_0001_wfi13_f158_cal.asdf,wfi13,eval,100,43,0.005248921,1
gwcs,../roman/.data/build21/r0000101001001001001_0001_wfi13_f158_cal.asdf,wfi13,eval,100,44,0.005294125,1
gwcs,../roman/.data/build21/r0000101001001001001_0001_wfi13_f158_cal.asdf,wfi13,eval,100,45,0.005152514,1
gwcs,../roman/.data/build21/r0000101001001001001_0001_wfi13_f158_cal.asdf,wfi13,eval,100,46,0.005062110,1
gwcs,../roman/.data/build21/r0000101001001001001_0001_wfi13_f158_cal.asdf,wfi13,eval,100,47,0.004995507,1
gwcs,../roman/.data/build21/r0000101001001001001_0001_wfi13_f158_cal.asdf,wfi13,eval,100,48,0.005010210,1
gwcs,../roman/.data/build21/r0000101001001001001_0001_wfi13_f158_cal.asdf,wfi13,eval,100,49,0.005098857,1
gwcs,../roman/.data/build21/r0000101001001001001_0001_wfi13_f158_cal.asdf,wfi13,eval,1000,0,0.005703477,1
gwcs,../roman/.data/build21/r0000101001001001001_0001_wfi13_f158_cal.asdf,wfi13,eval,1000,1,0.005623013,1
gwcs,../roman/.data/build21/r0000101001001001001_0001_wfi13_f158_cal.asdf,wfi13,eval,1000,2,0.005577974,1
gwcs,../roman/.data/build21/r0000101001001001001_0001_wfi13_f158_cal.asdf,wfi13,eval,1000,3,0.005398671,1
gwcs,../roman/.data/build21/r0000101001001001001_0001_wfi13_f158_cal.asdf,wfi13,eval,1000,4,0.005328040,1
gwcs,../roman/.data/build21/r0000101001001001001_0001_wfi13_f158_cal.asdf,wfi13,eval,1000,5,0.005592202,1
gwcs,../roman/.data/build21/r0000101001001001001_0001_wfi13_f158_cal.asdf,wfi13,eval,1000,6,0.005478332,1
gwcs,../roman/.data/build21/r0000101001001001001_0001_wfi13_f158_cal.asdf,wfi13,eval,1000,7,0.006596696,1
gwcs,../roman/.data/build21/r0000101001001001001_0001_wfi13_f158_cal.asdf,wfi13,eval,1000,8,0.006772649,1
gwcs,../roman/.data/build21/r0000101001001001001_0001_wfi13_f158_cal.asdf,wfi13,eval,1000,9,0.005385400,1
gwcs,../roman/.data/build21/r0000101001001001001_0001_wfi13_f158_cal.asdf,wfi13,eval,1000,10,0.005592157,1
gwcs,../roman/.data/build21/r0000101001001001001_0001_wfi13_f158_cal.asdf,wfi13,eval,1000,11,0.006006027,1
gwcs,../roman/.data/build21/r0000101001001001001_0001_wfi13_f158_cal.asdf,wfi13,eval,1000,12,0.005341276,1
gwcs,../roman/.data/build21/r0000101001001001001_0001_wfi13_f158_cal.asdf,wfi13,eval,1000,13,0.005403220,1
gwcs,../roman/.data/build21/r0000101001001001001_0001_wfi13_f158_cal.asdf,wfi13,eval,1000,14,0.006012846,1
gwcs,../roman/.data/build21/r0000101001001001001_0001_wfi13_f158_cal.asdf,wfi13,eval,1000,15,0.005408802,1
gwcs,../roman/.data/build21/r0000101001001001001_0001_wfi13_f158_cal.asdf,wfi13,eval,1000,16,0.005500932,1
gwcs,../roman/.data/build21/r0000101001001001001_0001_wfi13_f158_cal.asdf,wfi13,eval,1000,17,0.005916653,1
gwcs,../roman/.data/build21/r0000101001001001001_0001_wfi13_f158_cal.asdf,wfi13,eval,1000,18,0.005458740,1
gwcs,../roman/.data/build21/r0000101001001001001_0001_wfi13_f158_cal.asdf,wfi13,eval,1000,19,0.005518854,1
gwcs,../roman/.data/build21/r0000101001001001001_0001_wfi13_f158_cal.asdf,wfi13,eval,10000,0,0.010125434,1
gwcs,../roman/.data/build21/r0000101001001001001_0001_wfi13_f158_cal.asdf,wfi13,eval,10000,1,0.008730009,1
gwcs,../roman/.data/build21/r0000101001001001001_0001_wfi13_f158_cal.asdf,wfi13,eval,10000,2,0.008677942,1
gwcs,../roman/.data/build21/r0000101001001001001_0001_wfi13_f158_cal.asdf,wfi13,eval,10000,3,0.008529229,1
gwcs,../roman/.data/build21/r0000101001001001001_0001_wfi13_f158_cal.asdf,wfi13,eval,10000,4,0.008574554,1
gwcs,../roman/.data/build21/r0000101001001001001_0001_wfi13_f158_cal.asdf,wfi13,eval,10000,5,0.008515875,1
gwcs,../roman/.data/build21/r0000101001001001001_0001_wfi13_f158_cal.asdf,wfi13,eval,10000,6,0.008439161,1
gwcs,../roman/.data/build21/r0000101001001001001_0001_wfi13_f158_cal.asdf,wfi13,eval,10000,7,0.008518619,1
gwcs,../roman/.data/build21/r0000101001001001001_0001_wfi13_f158_cal.asdf,wfi13,eval,10000,8,0.008426963,1
gwcs,../roman/.data/build21/r0000101001001001001_0001_wfi13_f158_cal.asdf,wfi13,eval,10000,9,0.008373728,1
gwcs,../roman/.data/build21/r0000101001001001001_0001_wfi13_f158_cal.asdf,wfi13,eval,100000,0,0.039065994,1
gwcs,../roman/.data/build21/r0000101001001001001_0001_wfi13_f158_cal.asdf,wfi13,eval,100000,1,0.038042863,1
gwcs,../roman/.data/build21/r0000101001001001001_0001_wfi13_f158_cal.asdf,wfi13,eval,100000,2,0.039688385,1
gwcs,../roman/.data/build21/r0000101001001001001_0001_wfi13_f158_cal.asdf,wfi13,eval,100000,3,0.039516513,1
gwcs,../roman/.data/build21/r0000101001001001001_0001_wfi13_f158_cal.asdf,wfi13,eval,100000,4,0.039679083,1
gwcs,../roman/.data/build21/r0000101001001001001_0001_wfi13_f158_cal.asdf,wfi13,eval,1000000,0,0.404652230,1
gwcs,../roman/.data/build21/r0000101001001001001_0001_wfi13_f158_cal.asdf,wfi13,eval,1000000,1,0.382875591,1
gwcs,../roman/.data/build21/r0000101001001001001_0001_wfi13_f158_cal.asdf,wfi13,eval,1000000,2,0.386320326,1
gwcs,../roman/.data/build21/r0000101001001001001_0001_wfi13_f158_cal.asdf,wfi13,eval,10000000,0,4.001959587,1
gwcs,../roman/.data/build21/r0000101001001001001_0001_wfi13_f158_cal.asdf,wfi13,eval,10000000,1,3.932723252,1
gwcs,../roman/.data/build21/r0000101001001001001_0001_wfi13_f158_cal.asdf,wfi13,eval,16711744,0,6.539531146,1
gwcs,../roman/.data/build21/r0000101001001001001_0001_wfi13_f158_cal.asdf,wfi13,eval,16711744,1,6.638766949,1
gwcs,../roman/.data/build21/r0000101001001001001_0001_wfi14_f158_cal.asdf,wfi14,parse_cold,0,0,0.785056084,1
gwcs,../roman/.data/build21/r0000101001001001001_0001_wfi14_f158_cal.asdf,wfi14,parse_hot,0,0,0.547098544,1
gwcs,../roman/.data/build21/r0000101001001001001_0001_wfi14_f158_cal.asdf,wfi14,eval,1,0,0.005911693,1
gwcs,../roman/.data/build21/r0000101001001001001_0001_wfi14_f158_cal.asdf,wfi14,eval,1,1,0.005627099,1
gwcs,../roman/.data/build21/r0000101001001001001_0001_wfi14_f158_cal.asdf,wfi14,eval,1,2,0.005005939,1
gwcs,../roman/.data/build21/r0000101001001001001_0001_wfi14_f158_cal.asdf,wfi14,eval,1,3,0.005325336,1
gwcs,../roman/.data/build21/r0000101001001001001_0001_wfi14_f158_cal.asdf,wfi14,eval,1,4,0.005373254,1
gwcs,../roman/.data/build21/r0000101001001001001_0001_wfi14_f158_cal.asdf,wfi14,eval,1,5,0.004990313,1
gwcs,../roman/.data/build21/r0000101001001001001_0001_wfi14_f158_cal.asdf,wfi14,eval,1,6,0.005247081,1
gwcs,../roman/.data/build21/r0000101001001001001_0001_wfi14_f158_cal.asdf,wfi14,eval,1,7,0.004943212,1
gwcs,../roman/.data/build21/r0000101001001001001_0001_wfi14_f158_cal.asdf,wfi14,eval,1,8,0.005108356,1
gwcs,../roman/.data/build21/r0000101001001001001_0001_wfi14_f158_cal.asdf,wfi14,eval,1,9,0.005027061,1
gwcs,../roman/.data/build21/r0000101001001001001_0001_wfi14_f158_cal.asdf,wfi14,eval,1,10,0.005089358,1
gwcs,../roman/.data/build21/r0000101001001001001_0001_wfi14_f158_cal.asdf,wfi14,eval,1,11,0.004918710,1
gwcs,../roman/.data/build21/r0000101001001001001_0001_wfi14_f158_cal.asdf,wfi14,eval,1,12,0.005467704,1
gwcs,../roman/.data/build21/r0000101001001001001_0001_wfi14_f158_cal.asdf,wfi14,eval,1,13,0.005117135,1
gwcs,../roman/.data/build21/r0000101001001001001_0001_wfi14_f158_cal.asdf,wfi14,eval,1,14,0.005166219,1
gwcs,../roman/.data/build21/r0000101001001001001_0001_wfi14_f158_cal.asdf,wfi14,eval,1,15,0.005385394,1
gwcs,../roman/.data/build21/r0000101001001001001_0001_wfi14_f158_cal.asdf,wfi14,eval,1,16,0.005145550,1
gwcs,../roman/.data/build21/r0000101001001001001_0001_wfi14_f158_cal.asdf,wfi14,eval,1,17,0.005072335,1
gwcs,../roman/.data/build21/r0000101001001001001_0001_wfi14_f158_cal.asdf,wfi14,eval,1,18,0.005319108,1
gwcs,../roman/.data/build21/r0000101001001001001_0001_wfi14_f158_cal.asdf,wfi14,eval,1,19,0.005071253,1
gwcs,../roman/.data/build21/r0000101001001001001_0001_wfi14_f158_cal.asdf,wfi14,eval,1,20,0.004829342,1
gwcs,../roman/.data/build21/r0000101001001001001_0001_wfi14_f158_cal.asdf,wfi14,eval,1,21,0.005152178,1
gwcs,../roman/.data/build21/r0000101001001001001_0001_wfi14_f158_cal.asdf,wfi14,eval,1,22,0.005097056,1
gwcs,../roman/.data/build21/r0000101001001001001_0001_wfi14_f158_cal.asdf,wfi14,eval,1,23,0.005022964,1
gwcs,../roman/.data/build21/r0000101001001001001_0001_wfi14_f158_cal.asdf,wfi14,eval,1,24,0.004946380,1
gwcs,../roman/.data/build21/r0000101001001001001_0001_wfi14_f158_cal.asdf,wfi14,eval,1,25,0.005307636,1
gwcs,../roman/.data/build21/r0000101001001001001_0001_wfi14_f158_cal.asdf,wfi14,eval,1,26,0.004930801,1
gwcs,../roman/.data/build21/r0000101001001001001_0001_wfi14_f158_cal.asdf,wfi14,eval,1,27,0.005666489,1
gwcs,../roman/.data/build21/r0000101001001001001_0001_wfi14_f158_cal.asdf,wfi14,eval,1,28,0.006617855,1
gwcs,../roman/.data/build21/r0000101001001001001_0001_wfi14_f158_cal.asdf,wfi14,eval,1,29,0.005220555,1
gwcs,../roman/.data/build21/r0000101001001001001_0001_wfi14_f158_cal.asdf,wfi14,eval,1,30,0.005146577,1
gwcs,../roman/.data/build21/r0000101001001001001_0001_wfi14_f158_cal.asdf,wfi14,eval,1,31,0.005041000,1
gwcs,../roman/.data/build21/r0000101001001001001_0001_wfi14_f158_cal.asdf,wfi14,eval,1,32,0.004777917,1
gwcs,../roman/.data/build21/r0000101001001001001_0001_wfi14_f158_cal.asdf,wfi14,eval,1,33,0.004917127,1
gwcs,../roman/.data/build21/r0000101001001001001_0001_wfi14_f158_cal.asdf,wfi14,eval,1,34,0.005145255,1
gwcs,../roman/.data/build21/r0000101001001001001_0001_wfi14_f158_cal.asdf,wfi14,eval,1,35,0.004818746,1
gwcs,../roman/.data/build21/r0000101001001001001_0001_wfi14_f158_cal.asdf,wfi14,eval,1,36,0.004740875,1
gwcs,../roman/.data/build21/r0000101001001001001_0001_wfi14_f158_cal.asdf,wfi14,eval,1,37,0.004995797,1
gwcs,../roman/.data/build21/r0000101001001001001_0001_wfi14_f158_cal.asdf,wfi14,eval,1,38,0.005565164,1
gwcs,../roman/.data/build21/r0000101001001001001_0001_wfi14_f158_cal.asdf,wfi14,eval,1,39,0.004954170,1
gwcs,../roman/.data/build21/r0000101001001001001_0001_wfi14_f158_cal.asdf,wfi14,eval,1,40,0.004803940,1
gwcs,../roman/.data/build21/r0000101001001001001_0001_wfi14_f158_cal.asdf,wfi14,eval,1,41,0.005231722,1
gwcs,../roman/.data/build21/r0000101001001001001_0001_wfi14_f158_cal.asdf,wfi14,eval,1,42,0.005106037,1
gwcs,../roman/.data/build21/r0000101001001001001_0001_wfi14_f158_cal.asdf,wfi14,eval,1,43,0.004898471,1
gwcs,../roman/.data/build21/r0000101001001001001_0001_wfi14_f158_cal.asdf,wfi14,eval,1,44,0.004865183,1
gwcs,../roman/.data/build21/r0000101001001001001_0001_wfi14_f158_cal.asdf,wfi14,eval,1,45,0.005443453,1
gwcs,../roman/.data/build21/r0000101001001001001_0001_wfi14_f158_cal.asdf,wfi14,eval,1,46,0.005008168,1
gwcs,../roman/.data/build21/r0000101001001001001_0001_wfi14_f158_cal.asdf,wfi14,eval,1,47,0.004791813,1
gwcs,../roman/.data/build21/r0000101001001001001_0001_wfi14_f158_cal.asdf,wfi14,eval,1,48,0.005577483,1
gwcs,../roman/.data/build21/r0000101001001001001_0001_wfi14_f158_cal.asdf,wfi14,eval,1,49,0.004931838,1
gwcs,../roman/.data/build21/r0000101001001001001_0001_wfi14_f158_cal.asdf,wfi14,eval,1,50,0.004766121,1
gwcs,../roman/.data/build21/r0000101001001001001_0001_wfi14_f158_cal.asdf,wfi14,eval,1,51,0.005259088,1
gwcs,../roman/.data/build21/r0000101001001001001_0001_wfi14_f158_cal.asdf,wfi14,eval,1,52,0.005013109,1
gwcs,../roman/.data/build21/r0000101001001001001_0001_wfi14_f158_cal.asdf,wfi14,eval,1,53,0.005260638,1
gwcs,../roman/.data/build21/r0000101001001001001_0001_wfi14_f158_cal.asdf,wfi14,eval,1,54,0.007449420,1
gwcs,../roman/.data/build21/r0000101001001001001_0001_wfi14_f158_cal.asdf,wfi14,eval,1,55,0.005034170,1
gwcs,../roman/.data/build21/r0000101001001001001_0001_wfi14_f158_cal.asdf,wfi14,eval,1,56,0.005797208,1
gwcs,../roman/.data/build21/r0000101001001001001_0001_wfi14_f158_cal.asdf,wfi14,eval,1,57,0.005987335,1
gwcs,../roman/.data/build21/r0000101001001001001_0001_wfi14_f158_cal.asdf,wfi14,eval,1,58,0.005119153,1
gwcs,../roman/.data/build21/r0000101001001001001_0001_wfi14_f158_cal.asdf,wfi14,eval,1,59,0.005094442,1
gwcs,../roman/.data/build21/r0000101001001001001_0001_wfi14_f158_cal.asdf,wfi14,eval,1,60,0.005491493,1
gwcs,../roman/.data/build21/r0000101001001001001_0001_wfi14_f158_cal.asdf,wfi14,eval,1,61,0.010376316,1
gwcs,../roman/.data/build21/r0000101001001001001_0001_wfi14_f158_cal.asdf,wfi14,eval,1,62,0.005270123,1
gwcs,../roman/.data/build21/r0000101001001001001_0001_wfi14_f158_cal.asdf,wfi14,eval,1,63,0.005408050,1
gwcs,../roman/.data/build21/r0000101001001001001_0001_wfi14_f158_cal.asdf,wfi14,eval,1,64,0.005108195,1
gwcs,../roman/.data/build21/r0000101001001001001_0001_wfi14_f158_cal.asdf,wfi14,eval,1,65,0.005168433,1
gwcs,../roman/.data/build21/r0000101001001001001_0001_wfi14_f158_cal.asdf,wfi14,eval,1,66,0.005505829,1
gwcs,../roman/.data/build21/r0000101001001001001_0001_wfi14_f158_cal.asdf,wfi14,eval,1,67,0.005189595,1
gwcs,../roman/.data/build21/r0000101001001001001_0001_wfi14_f158_cal.asdf,wfi14,eval,1,68,0.005068195,1
gwcs,../roman/.data/build21/r0000101001001001001_0001_wfi14_f158_cal.asdf,wfi14,eval,1,69,0.006369517,1
gwcs,../roman/.data/build21/r0000101001001001001_0001_wfi14_f158_cal.asdf,wfi14,eval,1,70,0.004868783,1
gwcs,../roman/.data/build21/r0000101001001001001_0001_wfi14_f158_cal.asdf,wfi14,eval,1,71,0.004788660,1
gwcs,../roman/.data/build21/r0000101001001001001_0001_wfi14_f158_cal.asdf,wfi14,eval,1,72,0.004969094,1
gwcs,../roman/.data/build21/r0000101001001001001_0001_wfi14_f158_cal.asdf,wfi14,eval,1,73,0.004884996,1
gwcs,../roman/.data/build21/r0000101001001001001_0001_wfi14_f158_cal.asdf,wfi14,eval,1,74,0.004884811,1
gwcs,../roman/.data/build21/r0000101001001001001_0001_wfi14_f158_cal.asdf,wfi14,eval,1,75,0.005256815,1
gwcs,../roman/.data/build21/r0000101001001001001_0001_wfi14_f158_cal.asdf,wfi14,eval,1,76,0.005306912,1
gwcs,../roman/.data/build21/r0000101001001001001_0001_wfi14_f158_cal.asdf,wfi14,eval,1,77,0.005153552,1
gwcs,../roman/.data/build21/r0000101001001001001_0001_wfi14_f158_cal.asdf,wfi14,eval,1,78,0.005062513,1
gwcs,../roman/.data/build21/r0000101001001001001_0001_wfi14_f158_cal.asdf,wfi14,eval,1,79,0.005566988,1
gwcs,../roman/.data/build21/r0000101001001001001_0001_wfi14_f158_cal.asdf,wfi14,eval,1,80,0.004996509,1
gwcs,../roman/.data/build21/r0000101001001001001_0001_wfi14_f158_cal.asdf,wfi14,eval,1,81,0.005298500,1
gwcs,../roman/.data/build21/r0000101001001001001_0001_wfi14_f158_cal.asdf,wfi14,eval,1,82,0.005759736,1
gwcs,../roman/.data/build21/r0000101001001001001_0001_wfi14_f158_cal.asdf,wfi14,eval,1,83,0.005309993,1
gwcs,../roman/.data/build21/r0000101001001001001_0001_wfi14_f158_cal.asdf,wfi14,eval,1,84,0.007776711,1
gwcs,../roman/.data/build21/r0000101001001001001_0001_wfi14_f158_cal.asdf,wfi14,eval,1,85,0.005026714,1
gwcs,../roman/.data/build21/r0000101001001001001_0001_wfi14_f158_cal.asdf,wfi14,eval,1,86,0.005041204,1
gwcs,../roman/.data/build21/r0000101001001001001_0001_wfi14_f158_cal.asdf,wfi14,eval,1,87,0.005119875,1
gwcs,../roman/.data/build21/r0000101001001001001_0001_wfi14_f158_cal.asdf,wfi14,eval,1,88,0.005112426,1
gwcs,../roman/.data/build21/r0000101001001001001_0001_wfi14_f158_cal.asdf,wfi14,eval,1,89,0.005000805,1
gwcs,../roman/.data/build21/r0000101001001001001_0001_wfi14_f158_cal.asdf,wfi14,eval,1,90,0.004943464,1
gwcs,../roman/.data/build21/r0000101001001001001_0001_wfi14_f158_cal.asdf,wfi14,eval,1,91,0.005347197,1
gwcs,../roman/.data/build21/r0000101001001001001_0001_wfi14_f158_cal.asdf,wfi14,eval,1,92,0.005002204,1
gwcs,../roman/.data/build21/r0000101001001001001_0001_wfi14_f158_cal.asdf,wfi14,eval,1,93,0.005460067,1
gwcs,../roman/.data/build21/r0000101001001001001_0001_wfi14_f158_cal.asdf,wfi14,eval,1,94,0.005481821,1
gwcs,../roman/.data/build21/r0000101001001001001_0001_wfi14_f158_cal.asdf,wfi14,eval,1,95,0.005165957,1
gwcs,../roman/.data/build21/r0000101001001001001_0001_wfi14_f158_cal.asdf,wfi14,eval,1,96,0.005096537,1
gwcs,../roman/.data/build21/r0000101001001001001_0001_wfi14_f158_cal.asdf,wfi14,eval,1,97,0.005239157,1
gwcs,../roman/.data/build21/r0000101001001001001_0001_wfi14_f158_cal.asdf,wfi14,eval,1,98,0.004958322,1
gwcs,../roman/.data/build21/r0000101001001001001_0001_wfi14_f158_cal.asdf,wfi14,eval,1,99,0.005137083,1
gwcs,../roman/.data/build21/r0000101001001001001_0001_wfi14_f158_cal.asdf,wfi14,eval,10,0,0.005766930,1
gwcs,../roman/.data/build21/r0000101001001001001_0001_wfi14_f158_cal.asdf,wfi14,eval,10,1,0.005482375,1
gwcs,../roman/.data/build21/r0000101001001001001_0001_wfi14_f158_cal.asdf,wfi14,eval,10,2,0.005329748,1
gwcs,../roman/.data/build21/r0000101001001001001_0001_wfi14_f158_cal.asdf,wfi14,eval,10,3,0.005864729,1
gwcs,../roman/.data/build21/r0000101001001001001_0001_wfi14_f158_cal.asdf,wfi14,eval,10,4,0.005382085,1
gwcs,../roman/.data/build21/r0000101001001001001_0001_wfi14_f158_cal.asdf,wfi14,eval,10,5,0.005198784,1
gwcs,../roman/.data/build21/r0000101001001001001_0001_wfi14_f158_cal.asdf,wfi14,eval,10,6,0.005294919,1
gwcs,../roman/.data/build21/r0000101001001001001_0001_wfi14_f158_cal.asdf,wfi14,eval,10,7,0.005106552,1
gwcs,../roman/.data/build21/r0000101001001001001_0001_wfi14_f158_cal.asdf,wfi14,eval,10,8,0.005079662,1
gwcs,../roman/.data/build21/r0000101001001001001_0001_wfi14_f158_cal.asdf,wfi14,eval,10,9,0.005556751,1
gwcs,../roman/.data/build21/r0000101001001001001_0001_wfi14_f158_cal.asdf,wfi14,eval,10,10,0.005116823,1
gwcs,../roman/.data/build21/r0000101001001001001_0001_wfi14_f158_cal.asdf,wfi14,eval,10,11,0.005232116,1
gwcs,../roman/.data/build21/r0000101001001001001_0001_wfi14_f158_cal.asdf,wfi14,eval,10,12,0.005465840,1
gwcs,../roman/.data/build21/r0000101001001001001_0001_wfi14_f158_cal.asdf,wfi14,eval,10,13,0.005428263,1
gwcs,../roman/.data/build21/r0000101001001001001_0001_wfi14_f158_cal.asdf,wfi14,eval,10,14,0.005105436,1
gwcs,../roman/.data/build21/r0000101001001001001_0001_wfi14_f158_cal.asdf,wfi14,eval,10,15,0.005687452,1
gwcs,../roman/.data/build21/r0000101001001001001_0001_wfi14_f158_cal.asdf,wfi14,eval,10,16,0.005298918,1
gwcs,../roman/.data/build21/r0000101001001001001_0001_wfi14_f158_cal.asdf,wfi14,eval,10,17,0.005534600,1
gwcs,../roman/.data/build21/r0000101001001001001_0001_wfi14_f158_cal.asdf,wfi14,eval,10,18,0.005384508,1
gwcs,../roman/.data/build21/r0000101001001001001_0001_wfi14_f158_cal.asdf,wfi14,eval,10,19,0.005173449,1
gwcs,../roman/.data/build21/r0000101001001001001_0001_wfi14_f158_cal.asdf,wfi14,eval,10,20,0.005144042,1
gwcs,../roman/.data/build21/r0000101001001001001_0001_wfi14_f158_cal.asdf,wfi14,eval,10,21,0.005353768,1
gwcs,../roman/.data/build21/r0000101001001001001_0001_wfi14_f158_cal.asdf,wfi14,eval,10,22,0.005328531,1
gwcs,../roman/.data/build21/r0000101001001001001_0001_wfi14_f158_cal.asdf,wfi14,eval,10,23,0.005150388,1
gwcs,../roman/.data/build21/r0000101001001001001_0001_wfi14_f158_cal.asdf,wfi14,eval,10,24,0.005084981,1
gwcs,../roman/.data/build21/r0000101001001001001_0001_wfi14_f158_cal.asdf,wfi14,eval,10,25,0.005362181,1
gwcs,../roman/.data/build21/r0000101001001001001_0001_wfi14_f158_cal.asdf,wfi14,eval,10,26,0.005105399,1
gwcs,../roman/.data/build21/r0000101001001001001_0001_wfi14_f158_cal.asdf,wfi14,eval,10,27,0.005226638,1
gwcs,../roman/.data/build21/r0000101001001001001_0001_wfi14_f158_cal.asdf,wfi14,eval,10,28,0.005287099,1
gwcs,../roman/.data/build21/r0000101001001001001_0001_wfi14_f158_cal.asdf,wfi14,eval,10,29,0.005230069,1
gwcs,../roman/.data/build21/r0000101001001001001_0001_wfi14_f158_cal.asdf,wfi14,eval,10,30,0.005106862,1
gwcs,../roman/.data/build21/r0000101001001001001_0001_wfi14_f158_cal.asdf,wfi14,eval,10,31,0.005608392,1
gwcs,../roman/.data/build21/r0000101001001001001_0001_wfi14_f158_cal.asdf,wfi14,eval,10,32,0.005273991,1
gwcs,../roman/.data/build21/r0000101001001001001_0001_wfi14_f158_cal.asdf,wfi14,eval,10,33,0.005259396,1
gwcs,../roman/.data/build21/r0000101001001001001_0001_wfi14_f158_cal.asdf,wfi14,eval,10,34,0.005473957,1
gwcs,../roman/.data/build21/r0000101001001001001_0001_wfi14_f158_cal.asdf,wfi14,eval,10,35,0.005291216,1
gwcs,../roman/.data/build21/r0000101001001001001_0001_wfi14_f158_cal.asdf,wfi14,eval,10,36,0.005076011,1
gwcs,../roman/.data/build21/r0000101001001001001_0001_wfi14_f158_cal.asdf,wfi14,eval,10,37,0.005385535,1
gwcs,../roman/.data/build21/r0000101001001001001_0001_wfi14_f158_cal.asdf,wfi14,eval,10,38,0.005186401,1
gwcs,../roman/.data/build21/r0000101001001001001_0001_wfi14_f158_cal.asdf,wfi14,eval,10,39,0.005430721,1
gwcs,../roman/.data/build21/r0000101001001001001_0001_wfi14_f158_cal.asdf,wfi14,eval,10,40,0.005155725,1
gwcs,../roman/.data/build21/r0000101001001001001_0001_wfi14_f158_cal.asdf,wfi14,eval,10,41,0.005377600,1
gwcs,../roman/.data/build21/r0000101001001001001_0001_wfi14_f158_cal.asdf,wfi14,eval,10,42,0.005049075,1
gwcs,../roman/.data/build21/r0000101001001001001_0001_wfi14_f158_cal.asdf,wfi14,eval,10,43,0.005276993,1
gwcs,../roman/.data/build21/r0000101001001001001_0001_wfi14_f158_cal.asdf,wfi14,eval,10,44,0.005178146,1
gwcs,../roman/.data/build21/r0000101001001001001_0001_wfi14_f158_cal.asdf,wfi14,eval,10,45,0.005361851,1
gwcs,../roman/.data/build21/r0000101001001001001_0001_wfi14_f158_cal.asdf,wfi14,eval,10,46,0.005072020,1
gwcs,../roman/.data/build21/r0000101001001001001_0001_wfi14_f158_cal.asdf,wfi14,eval,10,47,0.005404224,1
gwcs,../roman/.data/build21/r0000101001001001001_0001_wfi14_f158_cal.asdf,wfi14,eval,10,48,0.005053679,1
gwcs,../roman/.data/build21/r0000101001001001001_0001_wfi14_f158_cal.asdf,wfi14,eval,10,49,0.005283762,1
gwcs,../roman/.data/build21/r0000101001001001001_0001_wfi14_f158_cal.asdf,wfi14,eval,10,50,0.005308436,1
gwcs,../roman/.data/build21/r0000101001001001001_0001_wfi14_f158_cal.asdf,wfi14,eval,10,51,0.005340629,1
gwcs,../roman/.data/build21/r0000101001001001001_0001_wfi14_f158_cal.asdf,wfi14,eval,10,52,0.005041403,1
gwcs,../roman/.data/build21/r0000101001001001001_0001_wfi14_f158_cal.asdf,wfi14,eval,10,53,0.005368716,1
gwcs,../roman/.data/build21/r0000101001001001001_0001_wfi14_f158_cal.asdf,wfi14,eval,10,54,0.005103930,1
gwcs,../roman/.data/build21/r0000101001001001001_0001_wfi14_f158_cal.asdf,wfi14,eval,10,55,0.005253506,1
gwcs,../roman/.data/build21/r0000101001001001001_0001_wfi14_f158_cal.asdf,wfi14,eval,10,56,0.005134788,1
gwcs,../roman/.data/build21/r0000101001001001001_0001_wfi14_f158_cal.asdf,wfi14,eval,10,57,0.005416180,1
gwcs,../roman/.data/build21/r0000101001001001001_0001_wfi14_f158_cal.asdf,wfi14,eval,10,58,0.005119271,1
gwcs,../roman/.data/build21/r0000101001001001001_0001_wfi14_f158_cal.asdf,wfi14,eval,10,59,0.005170938,1
gwcs,../roman/.data/build21/r0000101001001001001_0001_wfi14_f158_cal.asdf,wfi14,eval,10,60,0.005100717,1
gwcs,../roman/.data/build21/r0000101001001001001_0001_wfi14_f158_cal.asdf,wfi14,eval,10,61,0.005222092,1
gwcs,../roman/.data/build21/r0000101001001001001_0001_wfi14_f158_cal.asdf,wfi14,eval,10,62,0.004986417,1
gwcs,../roman/.data/build21/r0000101001001001001_0001_wfi14_f158_cal.asdf,wfi14,eval,10,63,0.005304147,1
gwcs,../roman/.data/build21/r0000101001001001001_0001_wfi14_f158_cal.asdf,wfi14,eval,10,64,0.006578404,1
gwcs,../roman/.data/build21/r0000101001001001001_0001_wfi14_f158_cal.asdf,wfi14,eval,10,65,0.005280794,1
gwcs,../roman/.data/build21/r0000101001001001001_0001_wfi14_f158_cal.asdf,wfi14,eval,10,66,0.005209722,1
gwcs,../roman/.data/build21/r0000101001001001001_0001_wfi14_f158_cal.asdf,wfi14,eval,10,67,0.005287266,1
gwcs,../roman/.data/build21/r0000101001001001001_0001_wfi14_f158_cal.asdf,wfi14,eval,10,68,0.005058398,1
gwcs,../roman/.data/build21/r0000101001001001001_0001_wfi14_f158_cal.asdf,wfi14,eval,10,69,0.005339397,1
gwcs,../roman/.data/build21/r0000101001001001001_0001_wfi14_f158_cal.asdf,wfi14,eval,10,70,0.005124092,1
gwcs,../roman/.data/build21/r0000101001001001001_0001_wfi14_f158_cal.asdf,wfi14,eval,10,71,0.005221856,1
gwcs,../roman/.data/build21/r0000101001001001001_0001_wfi14_f158_cal.asdf,wfi14,eval,10,72,0.005118227,1
gwcs,../roman/.data/build21/r0000101001001001001_0001_wfi14_f158_cal.asdf,wfi14,eval,10,73,0.005321504,1
gwcs,../roman/.data/build21/r0000101001001001001_0001_wfi14_f158_cal.asdf,wfi14,eval,10,74,0.005067219,1
gwcs,../roman/.data/build21/r0000101001001001001_0001_wfi14_f158_cal.asdf,wfi14,eval,10,75,0.005328503,1
gwcs,../roman/.data/build21/r0000101001001001001_0001_wfi14_f158_cal.asdf,wfi14,eval,10,76,0.005112357,1
gwcs,../roman/.data/build21/r0000101001001001001_0001_wfi14_f158_cal.asdf,wfi14,eval,10,77,0.005171355,1
gwcs,../roman/.data/build21/r0000101001001001001_0001_wfi14_f158_cal.asdf,wfi14,eval,10,78,0.010928452,1
gwcs,../roman/.data/build21/r0000101001001001001_0001_wfi14_f158_cal.asdf,wfi14,eval,10,79,0.006696529,1
gwcs,../roman/.data/build21/r0000101001001001001_0001_wfi14_f158_cal.asdf,wfi14,eval,10,80,0.005093579,1
gwcs,../roman/.data/build21/r0000101001001001001_0001_wfi14_f158_cal.asdf,wfi14,eval,10,81,0.005018164,1
gwcs,../roman/.data/build21/r0000101001001001001_0001_wfi14_f158_cal.asdf,wfi14,eval,10,82,0.004978065,1
gwcs,../roman/.data/build21/r0000101001001001001_0001_wfi14_f158_cal.asdf,wfi14,eval,10,83,0.004957738,1
gwcs,../roman/.data/build21/r0000101001001001001_0001_wfi14_f158_cal.asdf,wfi14,eval,10,84,0.005080156,1
gwcs,../roman/.data/build21/r0000101001001001001_0001_wfi14_f158_cal.asdf,wfi14,eval,10,85,0.004910333,1
gwcs,../roman/.data/build21/r0000101001001001001_0001_wfi14_f158_cal.asdf,wfi14,eval,10,86,0.004892158,1
gwcs,../roman/.data/build21/r0000101001001001001_0001_wfi14_f158_cal.asdf,wfi14,eval,10,87,0.005109395,1
gwcs,../roman/.data/build21/r0000101001001001001_0001_wfi14_f158_cal.asdf,wfi14,eval,10,88,0.004914007,1
gwcs,../roman/.data/build21/r0000101001001001001_0001_wfi14_f158_cal.asdf,wfi14,eval,10,89,0.004899476,1
gwcs,../roman/.data/build21/r0000101001001001001_0001_wfi14_f158_cal.asdf,wfi14,eval,10,90,0.005060143,1
gwcs,../roman/.data/build21/r0000101001001001001_0001_wfi14_f158_cal.asdf,wfi14,eval,10,91,0.004936500,1
gwcs,../roman/.data/build21/r0000101001001001001_0001_wfi14_f158_cal.asdf,wfi14,eval,10,92,0.005020726,1
gwcs,../roman/.data/build21/r0000101001001001001_0001_wfi14_f158_cal.asdf,wfi14,eval,10,93,0.004859615,1
gwcs,../roman/.data/build21/r0000101001001001001_0001_wfi14_f158_cal.asdf,wfi14,eval,10,94,0.005073615,1
gwcs,../roman/.data/build21/r0000101001001001001_0001_wfi14_f158_cal.asdf,wfi14,eval,10,95,0.004894734,1
gwcs,../roman/.data/build21/r0000101001001001001_0001_wfi14_f158_cal.asdf,wfi14,eval,10,96,0.004908137,1
gwcs,../roman/.data/build21/r0000101001001001001_0001_wfi14_f158_cal.asdf,wfi14,eval,10,97,0.005047821,1
gwcs,../roman/.data/build21/r0000101001001001001_0001_wfi14_f158_cal.asdf,wfi14,eval,10,98,0.004927758,1
gwcs,../roman/.data/build21/r0000101001001001001_0001_wfi14_f158_cal.asdf,wfi14,eval,10,99,0.004888157,1
gwcs,../roman/.data/build21/r0000101001001001001_0001_wfi14_f158_cal.asdf,wfi14,eval,100,0,0.005442768,1
gwcs,../roman/.data/build21/r0000101001001001001_0001_wfi14_f158_cal.asdf,wfi14,eval,100,1,0.005484835,1
gwcs,../roman/.data/build21/r0000101001001001001_0001_wfi14_f158_cal.asdf,wfi14,eval,100,2,0.005001703,1
gwcs,../roman/.data/build21/r0000101001001001001_0001_wfi14_f158_cal.asdf,wfi14,eval,100,3,0.005033023,1
gwcs,../roman/.data/build21/r0000101001001001001_0001_wfi14_f158_cal.asdf,wfi14,eval,100,4,0.005128768,1
gwcs,../roman/.data/build21/r0000101001001001001_0001_wfi14_f158_cal.asdf,wfi14,eval,100,5,0.004927036,1
gwcs,../roman/.data/build21/r0000101001001001001_0001_wfi14_f158_cal.asdf,wfi14,eval,100,6,0.005457290,1
gwcs,../roman/.data/build21/r0000101001001001001_0001_wfi14_f158_cal.asdf,wfi14,eval,100,7,0.005299195,1
gwcs,../roman/.data/build21/r0000101001001001001_0001_wfi14_f158_cal.asdf,wfi14,eval,100,8,0.005014244,1
gwcs,../roman/.data/build21/r0000101001001001001_0001_wfi14_f158_cal.asdf,wfi14,eval,100,9,0.004910219,1
gwcs,../roman/.data/build21/r0000101001001001001_0001_wfi14_f158_cal.asdf,wfi14,eval,100,10,0.005104005,1
gwcs,../roman/.data/build21/r0000101001001001001_0001_wfi14_f158_cal.asdf,wfi14,eval,100,11,0.004986060,1
gwcs,../roman/.data/build21/r0000101001001001001_0001_wfi14_f158_cal.asdf,wfi14,eval,100,12,0.005016400,1
gwcs,../roman/.data/build21/r0000101001001001001_0001_wfi14_f158_cal.asdf,wfi14,eval,100,13,0.005034366,1
gwcs,../roman/.data/build21/r0000101001001001001_0001_wfi14_f158_cal.asdf,wfi14,eval,100,14,0.005175859,1
gwcs,../roman/.data/build21/r0000101001001001001_0001_wfi14_f158_cal.asdf,wfi14,eval,100,15,0.005431690,1
gwcs,../roman/.data/build21/r0000101001001001001_0001_wfi14_f158_cal.asdf,wfi14,eval,100,16,0.005207100,1
gwcs,../roman/.data/build21/r0000101001001001001_0001_wfi14_f158_cal.asdf,wfi14,eval,100,17,0.006092952,1
gwcs,../roman/.data/build21/r0000101001001001001_0001_wfi14_f158_cal.asdf,wfi14,eval,100,18,0.005313242,1
gwcs,../roman/.data/build21/r0000101001001001001_0001_wfi14_f158_cal.asdf,wfi14,eval,100,19,0.005000096,1
gwcs,../roman/.data/build21/r0000101001001001001_0001_wfi14_f158_cal.asdf,wfi14,eval,100,20,0.005399499,1
gwcs,../roman/.data/build21/r0000101001001001001_0001_wfi14_f158_cal.asdf,wfi14,eval,100,21,0.005081561,1
gwcs,../roman/.data/build21/r0000101001001001001_0001_wfi14_f158_cal.asdf,wfi14,eval,100,22,0.004988689,1
gwcs,../roman/.data/build21/r0000101001001001001_0001_wfi14_f158_cal.asdf,wfi14,eval,100,23,0.005196775,1
gwcs,../roman/.data/build21/r0000101001001001001_0001_wfi14_f158_cal.asdf,wfi14,eval,100,24,0.004969313,1
gwcs,../roman/.data/build21/r0000101001001001001_0001_wfi14_f158_cal.asdf,wfi14,eval,100,25,0.004900377,1
gwcs,../roman/.data/build21/r0000101001001001001_0001_wfi14_f158_cal.asdf,wfi14,eval,100,26,0.005170703,1
gwcs,../roman/.data/build21/r0000101001001001001_0001_wfi14_f158_cal.asdf,wfi14,eval,100,27,0.004982095,1
gwcs,../roman/.data/build21/r0000101001001001001_0001_wfi14_f158_cal.asdf,wfi14,eval,100,28,0.004927746,1
gwcs,../roman/.data/build21/r0000101001001001001_0001_wfi14_f158_cal.asdf,wfi14,eval,100,29,0.004919531,1
gwcs,../roman/.data/build21/r0000101001001001001_0001_wfi14_f158_cal.asdf,wfi14,eval,100,30,0.005088573,1
gwcs,../roman/.data/build21/r0000101001001001001_0001_wfi14_f158_cal.asdf,wfi14,eval,100,31,0.004940859,1
gwcs,../roman/.data/build21/r0000101001001001001_0001_wfi14_f158_cal.asdf,wfi14,eval,100,32,0.005022775,1
gwcs,../roman/.data/build21/r0000101001001001001_0001_wfi14_f158_cal.asdf,wfi14,eval,100,33,0.005084352,1
gwcs,../roman/.data/build21/r0000101001001001001_0001_wfi14_f158_cal.asdf,wfi14,eval,100,34,0.005011607,1
gwcs,../roman/.data/build21/r0000101001001001001_0001_wfi14_f158_cal.asdf,wfi14,eval,100,35,0.005063689,1
gwcs,../roman/.data/build21/r0000101001001001001_0001_wfi14_f158_cal.asdf,wfi14,eval,100,36,0.005155957,1
gwcs,../roman/.data/build21/r0000101001001001001_0001_wfi14_f158_cal.asdf,wfi14,eval,100,37,0.005093006,1
gwcs,../roman/.data/build21/r0000101001001001001_0001_wfi14_f158_cal.asdf,wfi14,eval,100,38,0.004933693,1
gwcs,../roman/.data/build21/r0000101001001001001_0001_wfi14_f158_cal.asdf,wfi14,eval,100,39,0.004885591,1
gwcs,../roman/.data/build21/r0000101001001001001_0001_wfi14_f158_cal.asdf,wfi14,eval,100,40,0.005158441,1
gwcs,../roman/.data/build21/r0000101001001001001_0001_wfi14_f158_cal.asdf,wfi14,eval,100,41,0.004967186,1
gwcs,../roman/.data/build21/r0000101001001001001_0001_wfi14_f158_cal.asdf,wfi14,eval,100,42,0.005164049,1
gwcs,../roman/.data/build21/r0000101001001001001_0001_wfi14_f158_cal.asdf,wfi14,eval,100,43,0.005124949,1
gwcs,../roman/.data/build21/r0000101001001001001_0001_wfi14_f158_cal.asdf,wfi14,eval,100,44,0.004979865,1
gwcs,../roman/.data/build21/r0000101001001001001_0001_wfi14_f158_cal.asdf,wfi14,eval,100,45,0.005125490,1
gwcs,../roman/.data/build21/r0000101001001001001_0001_wfi14_f158_cal.asdf,wfi14,eval,100,46,0.006381920,1
gwcs,../roman/.data/build21/r0000101001001001001_0001_wfi14_f158_cal.asdf,wfi14,eval,100,47,0.004964557,1
gwcs,../roman/.data/build21/r0000101001001001001_0001_wfi14_f158_cal.asdf,wfi14,eval,100,48,0.005054816,1
gwcs,../roman/.data/build21/r0000101001001001001_0001_wfi14_f158_cal.asdf,wfi14,eval,100,49,0.005317044,1
gwcs,../roman/.data/build21/r0000101001001001001_0001_wfi14_f158_cal.asdf,wfi14,eval,1000,0,0.005815623,1
gwcs,../roman/.data/build21/r0000101001001001001_0001_wfi14_f158_cal.asdf,wfi14,eval,1000,1,0.006152752,1
gwcs,../roman/.data/build21/r0000101001001001001_0001_wfi14_f158_cal.asdf,wfi14,eval,1000,2,0.005800732,1
gwcs,../roman/.data/build21/r0000101001001001001_0001_wfi14_f158_cal.asdf,wfi14,eval,1000,3,0.005699472,1
gwcs,../roman/.data/build21/r0000101001001001001_0001_wfi14_f158_cal.asdf,wfi14,eval,1000,4,0.005684007,1
gwcs,../roman/.data/build21/r0000101001001001001_0001_wfi14_f158_cal.asdf,wfi14,eval,1000,5,0.005710627,1
gwcs,../roman/.data/build21/r0000101001001001001_0001_wfi14_f158_cal.asdf,wfi14,eval,1000,6,0.005747046,1
gwcs,../roman/.data/build21/r0000101001001001001_0001_wfi14_f158_cal.asdf,wfi14,eval,1000,7,0.005655515,1
gwcs,../roman/.data/build21/r0000101001001001001_0001_wfi14_f158_cal.asdf,wfi14,eval,1000,8,0.006187008,1
gwcs,../roman/.data/build21/r0000101001001001001_0001_wfi14_f158_cal.asdf,wfi14,eval,1000,9,0.005418746,1
gwcs,../roman/.data/build21/r0000101001001001001_0001_wfi14_f158_cal.asdf,wfi14,eval,1000,10,0.005318315,1
gwcs,../roman/.data/build21/r0000101001001001001_0001_wfi14_f158_cal.asdf,wfi14,eval,1000,11,0.005609117,1
gwcs,../roman/.data/build21/r0000101001001001001_0001_wfi14_f158_cal.asdf,wfi14,eval,1000,12,0.005383671,1
gwcs,../roman/.data/build21/r0000101001001001001_0001_wfi14_f158_cal.asdf,wfi14,eval,1000,13,0.005432547,1
gwcs,../roman/.data/build21/r0000101001001001001_0001_wfi14_f158_cal.asdf,wfi14,eval,1000,14,0.006053084,1
gwcs,../roman/.data/build21/r0000101001001001001_0001_wfi14_f158_cal.asdf,wfi14,eval,1000,15,0.005626271,1
gwcs,../roman/.data/build21/r0000101001001001001_0001_wfi14_f158_cal.asdf,wfi14,eval,1000,16,0.006261533,1
gwcs,../roman/.data/build21/r0000101001001001001_0001_wfi14_f158_cal.asdf,wfi14,eval,1000,17,0.008310298,1
gwcs,../roman/.data/build21/r0000101001001001001_0001_wfi14_f158_cal.asdf,wfi14,eval,1000,18,0.005519822,1
gwcs,../roman/.data/build21/r0000101001001001001_0001_wfi14_f158_cal.asdf,wfi14,eval,1000,19,0.006153378,1
gwcs,../roman/.data/build21/r0000101001001001001_0001_wfi14_f158_cal.asdf,wfi14,eval,10000,0,0.009573145,1
gwcs,../roman/.data/build21/r0000101001001001001_0001_wfi14_f158_cal.asdf,wfi14,eval,10000,1,0.009561528,1
gwcs,../roman/.data/build21/r0000101001001001001_0001_wfi14_f158_cal.asdf,wfi14,eval,10000,2,0.008940876,1
gwcs,../roman/.data/build21/r0000101001001001001_0001_wfi14_f158_cal.asdf,wfi14,eval,10000,3,0.008931109,1
gwcs,../roman/.data/build21/r0000101001001001001_0001_wfi14_f158_cal.asdf,wfi14,eval,10000,4,0.008945918,1
gwcs,../roman/.data/build21/r0000101001001001001_0001_wfi14_f158_cal.asdf,wfi14,eval,10000,5,0.009502766,1
gwcs,../roman/.data/build21/r0000101001001001001_0001_wfi14_f158_cal.asdf,wfi14,eval,10000,6,0.009566972,1
gwcs,../roman/.data/build21/r0000101001001001001_0001_wfi14_f158_cal.asdf,wfi14,eval,10000,7,0.009056279,1
gwcs,../roman/.data/build21/r0000101001001001001_0001_wfi14_f158_cal.asdf,wfi14,eval,10000,8,0.008954152,1
gwcs,../roman/.data/build21/r0000101001001001001_0001_wfi14_f158_cal.asdf,wfi14,eval,10000,9,0.009062880,1
gwcs,../roman/.data/build21/r0000101001001001001_0001_wfi14_f158_cal.asdf,wfi14,eval,100000,0,0.039059477,1
gwcs,../roman/.data/build21/r0000101001001001001_0001_wfi14_f158_cal.asdf,wfi14,eval,100000,1,0.039369374,1
gwcs,../roman/.data/build21/r0000101001001001001_0001_wfi14_f158_cal.asdf,wfi14,eval,100000,2,0.039501705,1
gwcs,../roman/.data/build21/r0000101001001001001_0001_wfi14_f158_cal.asdf,wfi14,eval,100000,3,0.039277640,1
gwcs,../roman/.data/build21/r0000101001001001001_0001_wfi14_f158_cal.asdf,wfi14,eval,100000,4,0.039552567,1
gwcs,../roman/.data/build21/r0000101001001001001_0001_wfi14_f158_cal.asdf,wfi14,eval,1000000,0,0.397475796,1
gwcs,../roman/.data/build21/r0000101001001001001_0001_wfi14_f158_cal.asdf,wfi14,eval,1000000,1,0.399784868,1
gwcs,../roman/.data/build21/r0000101001001001001_0001_wfi14_f158_cal.asdf,wfi14,eval,1000000,2,0.390871187,1
gwcs,../roman/.data/build21/r0000101001001001001_0001_wfi14_f158_cal.asdf,wfi14,eval,10000000,0,3.869650126,1
gwcs,../roman/.data/build21/r0000101001001001001_0001_wfi14_f158_cal.asdf,wfi14,eval,10000000,1,3.926936326,1
gwcs,../roman/.data/build21/r0000101001001001001_0001_wfi14_f158_cal.asdf,wfi14,eval,16711744,0,6.540263557,1
gwcs,../roman/.data/build21/r0000101001001001001_0001_wfi14_f158_cal.asdf,wfi14,eval,16711744,1,6.568088735,1
gwcs,../roman/.data/build21/r0000101001001001001_0001_wfi15_f158_cal.asdf,wfi15,parse_cold,0,0,0.820717260,1
gwcs,../roman/.data/build21/r0000101001001001001_0001_wfi15_f158_cal.asdf,wfi15,parse_hot,0,0,0.523837493,1
gwcs,../roman/.data/build21/r0000101001001001001_0001_wfi15_f158_cal.asdf,wfi15,eval,1,0,0.003907599,1
gwcs,../roman/.data/build21/r0000101001001001001_0001_wfi15_f158_cal.asdf,wfi15,eval,1,1,0.003621372,1
gwcs,../roman/.data/build21/r0000101001001001001_0001_wfi15_f158_cal.asdf,wfi15,eval,1,2,0.003548992,1
gwcs,../roman/.data/build21/r0000101001001001001_0001_wfi15_f158_cal.asdf,wfi15,eval,1,3,0.003396777,1
gwcs,../roman/.data/build21/r0000101001001001001_0001_wfi15_f158_cal.asdf,wfi15,eval,1,4,0.003448145,1
gwcs,../roman/.data/build21/r0000101001001001001_0001_wfi15_f158_cal.asdf,wfi15,eval,1,5,0.003586705,1
gwcs,../roman/.data/build21/r0000101001001001001_0001_wfi15_f158_cal.asdf,wfi15,eval,1,6,0.003383163,1
gwcs,../roman/.data/build21/r0000101001001001001_0001_wfi15_f158_cal.asdf,wfi15,eval,1,7,0.003374463,1
gwcs,../roman/.data/build21/r0000101001001001001_0001_wfi15_f158_cal.asdf,wfi15,eval,1,8,0.003344921,1
gwcs,../roman/.data/build21/r0000101001001001001_0001_wfi15_f158_cal.asdf,wfi15,eval,1,9,0.003474984,1
gwcs,../roman/.data/build21/r0000101001001001001_0001_wfi15_f158_cal.asdf,wfi15,eval,1,10,0.003288375,1
gwcs,../roman/.data/build21/r0000101001001001001_0001_wfi15_f158_cal.asdf,wfi15,eval,1,11,0.003373519,1
gwcs,../roman/.data/build21/r0000101001001001001_0001_wfi15_f158_cal.asdf,wfi15,eval,1,12,0.003511643,1
gwcs,../roman/.data/build21/r0000101001001001001_0001_wfi15_f158_cal.asdf,wfi15,eval,1,13,0.003273478,1
gwcs,../roman/.data/build21/r0000101001001001001_0001_wfi15_f158_cal.asdf,wfi15,eval,1,14,0.003297435,1
gwcs,../roman/.data/build21/r0000101001001001001_0001_wfi15_f158_cal.asdf,wfi15,eval,1,15,0.003694860,1
gwcs,../roman/.data/build21/r0000101001001001001_0001_wfi15_f158_cal.asdf,wfi15,eval,1,16,0.003331795,1
gwcs,../roman/.data/build21/r0000101001001001001_0001_wfi15_f158_cal.asdf,wfi15,eval,1,17,0.003263528,1
gwcs,../roman/.data/build21/r0000101001001001001_0001_wfi15_f158_cal.asdf,wfi15,eval,1,18,0.003516407,1
gwcs,../roman/.data/build21/r0000101001001001001_0001_wfi15_f158_cal.asdf,wfi15,eval,1,19,0.003286075,1
gwcs,../roman/.data/build21/r0000101001001001001_0001_wfi15_f158_cal.asdf,wfi15,eval,1,20,0.003356813,1
gwcs,../roman/.data/build21/r0000101001001001001_0001_wfi15_f158_cal.asdf,wfi15,eval,1,21,0.004401479,1
gwcs,../roman/.data/build21/r0000101001001001001_0001_wfi15_f158_cal.asdf,wfi15,eval,1,22,0.003338378,1
gwcs,../roman/.data/build21/r0000101001001001001_0001_wfi15_f158_cal.asdf,wfi15,eval,1,23,0.003269971,1
gwcs,../roman/.data/build21/r0000101001001001001_0001_wfi15_f158_cal.asdf,wfi15,eval,1,24,0.003495924,1
gwcs,../roman/.data/build21/r0000101001001001001_0001_wfi15_f158_cal.asdf,wfi15,eval,1,25,0.003267433,1
gwcs,../roman/.data/build21/r0000101001001001001_0001_wfi15_f158_cal.asdf,wfi15,eval,1,26,0.003449768,1
gwcs,../roman/.data/build21/r0000101001001001001_0001_wfi15_f158_cal.asdf,wfi15,eval,1,27,0.003449612,1
gwcs,../roman/.data/build21/r0000101001001001001_0001_wfi15_f158_cal.asdf,wfi15,eval,1,28,0.003272912,1
gwcs,../roman/.data/build21/r0000101001001001001_0001_wfi15_f158_cal.asdf,wfi15,eval,1,29,0.003304982,1
gwcs,../roman/.data/build21/r0000101001001001001_0001_wfi15_f158_cal.asdf,wfi15,eval,1,30,0.003444332,1
gwcs,../roman/.data/build21/r0000101001001001001_0001_wfi15_f158_cal.asdf,wfi15,eval,1,31,0.003449819,1
gwcs,../roman/.data/build21/r0000101001001001001_0001_wfi15_f158_cal.asdf,wfi15,eval,1,32,0.003321570,1
gwcs,../roman/.data/build21/r0000101001001001001_0001_wfi15_f158_cal.asdf,wfi15,eval,1,33,0.003325147,1
gwcs,../roman/.data/build21/r0000101001001001001_0001_wfi15_f158_cal.asdf,wfi15,eval,1,34,0.003443706,1
gwcs,../roman/.data/build21/r0000101001001001001_0001_wfi15_f158_cal.asdf,wfi15,eval,1,35,0.003314340,1
gwcs,../roman/.data/build21/r0000101001001001001_0001_wfi15_f158_cal.asdf,wfi15,eval,1,36,0.003350633,1
gwcs,../roman/.data/build21/r0000101001001001001_0001_wfi15_f158_cal.asdf,wfi15,eval,1,37,0.003491899,1
gwcs,../roman/.data/build21/r0000101001001001001_0001_wfi15_f158_cal.asdf,wfi15,eval,1,38,0.003270512,1
gwcs,../roman/.data/build21/r0000101001001001001_0001_wfi15_f158_cal.asdf,wfi15,eval,1,39,0.003265210,1
gwcs,../roman/.data/build21/r0000101001001001001_0001_wfi15_f158_cal.asdf,wfi15,eval,1,40,0.003485993,1
gwcs,../roman/.data/build21/r0000101001001001001_0001_wfi15_f158_cal.asdf,wfi15,eval,1,41,0.003321078,1
gwcs,../roman/.data/build21/r0000101001001001001_0001_wfi15_f158_cal.asdf,wfi15,eval,1,42,0.003223873,1
gwcs,../roman/.data/build21/r0000101001001001001_0001_wfi15_f158_cal.asdf,wfi15,eval,1,43,0.003490444,1
gwcs,../roman/.data/build21/r0000101001001001001_0001_wfi15_f158_cal.asdf,wfi15,eval,1,44,0.003255027,1
gwcs,../roman/.data/build21/r0000101001001001001_0001_wfi15_f158_cal.asdf,wfi15,eval,1,45,0.003380246,1
gwcs,../roman/.data/build21/r0000101001001001001_0001_wfi15_f158_cal.asdf,wfi15,eval,1,46,0.003462399,1
gwcs,../roman/.data/build21/r0000101001001001001_0001_wfi15_f158_cal.asdf,wfi15,eval,1,47,0.003308821,1
gwcs,../roman/.data/build21/r0000101001001001001_0001_wfi15_f158_cal.asdf,wfi15,eval,1,48,0.003266692,1
gwcs,../roman/.data/build21/r0000101001001001001_0001_wfi15_f158_cal.asdf,wfi15,eval,1,49,0.003341913,1
gwcs,../roman/.data/build21/r0000101001001001001_0001_wfi15_f158_cal.asdf,wfi15,eval,1,50,0.003620612,1
gwcs,../roman/.data/build21/r0000101001001001001_0001_wfi15_f158_cal.asdf,wfi15,eval,1,51,0.003344494,1
gwcs,../roman/.data/build21/r0000101001001001001_0001_wfi15_f158_cal.asdf,wfi15,eval,1,52,0.003335996,1
gwcs,../roman/.data/build21/r0000101001001001001_0001_wfi15_f158_cal.asdf,wfi15,eval,1,53,0.003529344,1
gwcs,../roman/.data/build21/r0000101001001001001_0001_wfi15_f158_cal.asdf,wfi15,eval,1,54,0.005462806,1
gwcs,../roman/.data/build21/r0000101001001001001_0001_wfi15_f158_cal.asdf,wfi15,eval,1,55,0.003588795,1
gwcs,../roman/.data/build21/r0000101001001001001_0001_wfi15_f158_cal.asdf,wfi15,eval,1,56,0.003343219,1
gwcs,../roman/.data/build21/r0000101001001001001_0001_wfi15_f158_cal.asdf,wfi15,eval,1,57,0.003367971,1
gwcs,../roman/.data/build21/r0000101001001001001_0001_wfi15_f158_cal.asdf,wfi15,eval,1,58,0.003446214,1
gwcs,../roman/.data/build21/r0000101001001001001_0001_wfi15_f158_cal.asdf,wfi15,eval,1,59,0.003333034,1
gwcs,../roman/.data/build21/r0000101001001001001_0001_wfi15_f158_cal.asdf,wfi15,eval,1,60,0.003474681,1
gwcs,../roman/.data/build21/r0000101001001001001_0001_wfi15_f158_cal.asdf,wfi15,eval,1,61,0.003508684,1
gwcs,../roman/.data/build21/r0000101001001001001_0001_wfi15_f158_cal.asdf,wfi15,eval,1,62,0.003255045,1
gwcs,../roman/.data/build21/r0000101001001001001_0001_wfi15_f158_cal.asdf,wfi15,eval,1,63,0.003292345,1
gwcs,../roman/.data/build21/r0000101001001001001_0001_wfi15_f158_cal.asdf,wfi15,eval,1,64,0.003511865,1
gwcs,../roman/.data/build21/r0000101001001001001_0001_wfi15_f158_cal.asdf,wfi15,eval,1,65,0.003400709,1
gwcs,../roman/.data/build21/r0000101001001001001_0001_wfi15_f158_cal.asdf,wfi15,eval,1,66,0.003770909,1
gwcs,../roman/.data/build21/r0000101001001001001_0001_wfi15_f158_cal.asdf,wfi15,eval,1,67,0.003476948,1
gwcs,../roman/.data/build21/r0000101001001001001_0001_wfi15_f158_cal.asdf,wfi15,eval,1,68,0.003372614,1
gwcs,../roman/.data/build21/r0000101001001001001_0001_wfi15_f158_cal.asdf,wfi15,eval,1,69,0.003404288,1
gwcs,../roman/.data/build21/r0000101001001001001_0001_wfi15_f158_cal.asdf,wfi15,eval,1,70,0.003388609,1
gwcs,../roman/.data/build21/r0000101001001001001_0001_wfi15_f158_cal.asdf,wfi15,eval,1,71,0.003353470,1
gwcs,../roman/.data/build21/r0000101001001001001_0001_wfi15_f158_cal.asdf,wfi15,eval,1,72,0.003280716,1
gwcs,../roman/.data/build21/r0000101001001001001_0001_wfi15_f158_cal.asdf,wfi15,eval,1,73,0.003272432,1
gwcs,../roman/.data/build21/r0000101001001001001_0001_wfi15_f158_cal.asdf,wfi15,eval,1,74,0.003615657,1
gwcs,../roman/.data/build21/r0000101001001001001_0001_wfi15_f158_cal.asdf,wfi15,eval,1,75,0.003280779,1
gwcs,../roman/.data/build21/r0000101001001001001_0001_wfi15_f158_cal.asdf,wfi15,eval,1,76,0.003341183,1
gwcs,../roman/.data/build21/r0000101001001001001_0001_wfi15_f158_cal.asdf,wfi15,eval,1,77,0.003430141,1
gwcs,../roman/.data/build21/r0000101001001001001_0001_wfi15_f158_cal.asdf,wfi15,eval,1,78,0.003314517,1
gwcs,../roman/.data/build21/r0000101001001001001_0001_wfi15_f158_cal.asdf,wfi15,eval,1,79,0.003384701,1
gwcs,../roman/.data/build21/r0000101001001001001_0001_wfi15_f158_cal.asdf,wfi15,eval,1,80,0.003607134,1
gwcs,../roman/.data/build21/r0000101001001001001_0001_wfi15_f158_cal.asdf,wfi15,eval,1,81,0.003262432,1
gwcs,../roman/.data/build21/r0000101001001001001_0001_wfi15_f158_cal.asdf,wfi15,eval,1,82,0.003243300,1
gwcs,../roman/.data/build21/r0000101001001001001_0001_wfi15_f158_cal.asdf,wfi15,eval,1,83,0.003530524,1
gwcs,../roman/.data/build21/r0000101001001001001_0001_wfi15_f158_cal.asdf,wfi15,eval,1,84,0.003401537,1
gwcs,../roman/.data/build21/r0000101001001001001_0001_wfi15_f158_cal.asdf,wfi15,eval,1,85,0.004172266,1
gwcs,../roman/.data/build21/r0000101001001001001_0001_wfi15_f158_cal.asdf,wfi15,eval,1,86,0.003593620,1
gwcs,../roman/.data/build21/r0000101001001001001_0001_wfi15_f158_cal.asdf,wfi15,eval,1,87,0.003414112,1
gwcs,../roman/.data/build21/r0000101001001001001_0001_wfi15_f158_cal.asdf,wfi15,eval,1,88,0.003386034,1
gwcs,../roman/.data/build21/r0000101001001001001_0001_wfi15_f158_cal.asdf,wfi15,eval,1,89,0.003808033,1
gwcs,../roman/.data/build21/r0000101001001001001_0001_wfi15_f158_cal.asdf,wfi15,eval,1,90,0.003312577,1
gwcs,../roman/.data/build21/r0000101001001001001_0001_wfi15_f158_cal.asdf,wfi15,eval,1,91,0.003228459,1
gwcs,../roman/.data/build21/r0000101001001001001_0001_wfi15_f158_cal.asdf,wfi15,eval,1,92,0.003829380,1
gwcs,../roman/.data/build21/r0000101001001001001_0001_wfi15_f158_cal.asdf,wfi15,eval,1,93,0.003307000,1
gwcs,../roman/.data/build21/r0000101001001001001_0001_wfi15_f158_cal.asdf,wfi15,eval,1,94,0.003222782,1
gwcs,../roman/.data/build21/r0000101001001001001_0001_wfi15_f158_cal.asdf,wfi15,eval,1,95,0.003175894,1
gwcs,../roman/.data/build21/r0000101001001001001_0001_wfi15_f158_cal.asdf,wfi15,eval,1,96,0.003197596,1
gwcs,../roman/.data/build21/r0000101001001001001_0001_wfi15_f158_cal.asdf,wfi15,eval,1,97,0.003171224,1
gwcs,../roman/.data/build21/r0000101001001001001_0001_wfi15_f158_cal.asdf,wfi15,eval,1,98,0.003263452,1
gwcs,../roman/.data/build21/r0000101001001001001_0001_wfi15_f158_cal.asdf,wfi15,eval,1,99,0.003230029,1
gwcs,../roman/.data/build21/r0000101001001001001_0001_wfi15_f158_cal.asdf,wfi15,eval,10,0,0.003400648,1
gwcs,../roman/.data/build21/r0000101001001001001_0001_wfi15_f158_cal.asdf,wfi15,eval,10,1,0.003371600,1
gwcs,../roman/.data/build21/r0000101001001001001_0001_wfi15_f158_cal.asdf,wfi15,eval,10,2,0.003627265,1
gwcs,../roman/.data/build21/r0000101001001001001_0001_wfi15_f158_cal.asdf,wfi15,eval,10,3,0.003571208,1
gwcs,../roman/.data/build21/r0000101001001001001_0001_wfi15_f158_cal.asdf,wfi15,eval,10,4,0.003319816,1
gwcs,../roman/.data/build21/r0000101001001001001_0001_wfi15_f158_cal.asdf,wfi15,eval,10,5,0.003308169,1
gwcs,../roman/.data/build21/r0000101001001001001_0001_wfi15_f158_cal.asdf,wfi15,eval,10,6,0.003345925,1
gwcs,../roman/.data/build21/r0000101001001001001_0001_wfi15_f158_cal.asdf,wfi15,eval,10,7,0.003412573,1
gwcs,../roman/.data/build21/r0000101001001001001_0001_wfi15_f158_cal.asdf,wfi15,eval,10,8,0.003527054,1
gwcs,../roman/.data/build21/r0000101001001001001_0001_wfi15_f158_cal.asdf,wfi15,eval,10,9,0.003301169,1
gwcs,../roman/.data/build21/r0000101001001001001_0001_wfi15_f158_cal.asdf,wfi15,eval,10,10,0.003285922,1
gwcs,../roman/.data/build21/r0000101001001001001_0001_wfi15_f158_cal.asdf,wfi15,eval,10,11,0.003275156,1
gwcs,../roman/.data/build21/r0000101001001001001_0001_wfi15_f158_cal.asdf,wfi15,eval,10,12,0.003476546,1
gwcs,../roman/.data/build21/r0000101001001001001_0001_wfi15_f158_cal.asdf,wfi15,eval,10,13,0.003355490,1
gwcs,../roman/.data/build21/r0000101001001001001_0001_wfi15_f158_cal.asdf,wfi15,eval,10,14,0.003298391,1
gwcs,../roman/.data/build21/r0000101001001001001_0001_wfi15_f158_cal.asdf,wfi15,eval,10,15,0.003267844,1
gwcs,../roman/.data/build21/r0000101001001001001_0001_wfi15_f158_cal.asdf,wfi15,eval,10,16,0.003267186,1
gwcs,../roman/.data/build21/r0000101001001001001_0001_wfi15_f158_cal.asdf,wfi15,eval,10,17,0.003464261,1
gwcs,../roman/.data/build21/r0000101001001001001_0001_wfi15_f158_cal.asdf,wfi15,eval,10,18,0.003368113,1
gwcs,../roman/.data/build21/r0000101001001001001_0001_wfi15_f158_cal.asdf,wfi15,eval,10,19,0.003299464,1
gwcs,../roman/.data/build21/r0000101001001001001_0001_wfi15_f158_cal.asdf,wfi15,eval,10,20,0.003269227,1
gwcs,../roman/.data/build21/r0000101001001001001_0001_wfi15_f158_cal.asdf,wfi15,eval,10,21,0.003275778,1
gwcs,../roman/.data/build21/r0000101001001001001_0001_wfi15_f158_cal.asdf,wfi15,eval,10,22,0.003506270,1
gwcs,../roman/.data/build21/r0000101001001001001_0001_wfi15_f158_cal.asdf,wfi15,eval,10,23,0.003489931,1
gwcs,../roman/.data/build21/r0000101001001001001_0001_wfi15_f158_cal.asdf,wfi15,eval,10,24,0.003352836,1
gwcs,../roman/.data/build21/r0000101001001001001_0001_wfi15_f158_cal.asdf,wfi15,eval,10,25,0.003303707,1
gwcs,../roman/.data/build21/r0000101001001001001_0001_wfi15_f158_cal.asdf,wfi15,eval,10,26,0.003298366,1
gwcs,../roman/.data/build21/r0000101001001001001_0001_wfi15_f158_cal.asdf,wfi15,eval,10,27,0.003361801,1
gwcs,../roman/.data/build21/r0000101001001001001_0001_wfi15_f158_cal.asdf,wfi15,eval,10,28,0.003526884,1
gwcs,../roman/.data/build21/r0000101001001001001_0001_wfi15_f158_cal.asdf,wfi15,eval,10,29,0.003325742,1
gwcs,../roman/.data/build21/r0000101001001001001_0001_wfi15_f158_cal.asdf,wfi15,eval,10,30,0.003319022,1
gwcs,../roman/.data/build21/r0000101001001001001_0001_wfi15_f158_cal.asdf,wfi15,eval,10,31,0.003297068,1
gwcs,../roman/.data/build21/r0000101001001001001_0001_wfi15_f158_cal.asdf,wfi15,eval,10,32,0.003350091,1
gwcs,../roman/.data/build21/r0000101001001001001_0001_wfi15_f158_cal.asdf,wfi15,eval,10,33,0.003562501,1
gwcs,../roman/.data/build21/r0000101001001001001_0001_wfi15_f158_cal.asdf,wfi15,eval,10,34,0.003338535,1
gwcs,../roman/.data/build21/r0000101001001001001_0001_wfi15_f158_cal.asdf,wfi15,eval,10,35,0.003317804,1
gwcs,../roman/.data/build21/r0000101001001001001_0001_wfi15_f158_cal.asdf,wfi15,eval,10,36,0.003279974,1
gwcs,../roman/.data/build21/r0000101001001001001_0001_wfi15_f158_cal.asdf,wfi15,eval,10,37,0.003664779,1
gwcs,../roman/.data/build21/r0000101001001001001_0001_wfi15_f158_cal.asdf,wfi15,eval,10,38,0.003559562,1
gwcs,../roman/.data/build21/r0000101001001001001_0001_wfi15_f158_cal.asdf,wfi15,eval,10,39,0.003422934,1
gwcs,../roman/.data/build21/r0000101001001001001_0001_wfi15_f158_cal.asdf,wfi15,eval,10,40,0.003297161,1
gwcs,../roman/.data/build21/r0000101001001001001_0001_wfi15_f158_cal.asdf,wfi15,eval,10,41,0.003297509,1
gwcs,../roman/.data/build21/r0000101001001001001_0001_wfi15_f158_cal.asdf,wfi15,eval,10,42,0.003353816,1
gwcs,../roman/.data/build21/r0000101001001001001_0001_wfi15_f158_cal.asdf,wfi15,eval,10,43,0.003489167,1
gwcs,../roman/.data/build21/r0000101001001001001_0001_wfi15_f158_cal.asdf,wfi15,eval,10,44,0.003302427,1
gwcs,../roman/.data/build21/r0000101001001001001_0001_wfi15_f158_cal.asdf,wfi15,eval,10,45,0.003297029,1
gwcs,../roman/.data/build21/r0000101001001001001_0001_wfi15_f158_cal.asdf,wfi15,eval,10,46,0.003292257,1
gwcs,../roman/.data/build21/r0000101001001001001_0001_wfi15_f158_cal.asdf,wfi15,eval,10,47,0.003370033,1
gwcs,../roman/.data/build21/r0000101001001001001_0001_wfi15_f158_cal.asdf,wfi15,eval,10,48,0.003759581,1
gwcs,../roman/.data/build21/r0000101001001001001_0001_wfi15_f158_cal.asdf,wfi15,eval,10,49,0.003337585,1
gwcs,../roman/.data/build21/r0000101001001001001_0001_wfi15_f158_cal.asdf,wfi15,eval,10,50,0.003346311,1
gwcs,../roman/.data/build21/r0000101001001001001_0001_wfi15_f158_cal.asdf,wfi15,eval,10,51,0.003297951,1
gwcs,../roman/.data/build21/r0000101001001001001_0001_wfi15_f158_cal.asdf,wfi15,eval,10,52,0.003472577,1
gwcs,../roman/.data/build21/r0000101001001001001_0001_wfi15_f158_cal.asdf,wfi15,eval,10,53,0.003536577,1
gwcs,../roman/.data/build21/r0000101001001001001_0001_wfi15_f158_cal.asdf,wfi15,eval,10,54,0.003299898,1
gwcs,../roman/.data/build21/r0000101001001001001_0001_wfi15_f158_cal.asdf,wfi15,eval,10,55,0.003288997,1
gwcs,../roman/.data/build21/r0000101001001001001_0001_wfi15_f158_cal.asdf,wfi15,eval,10,56,0.003331413,1
gwcs,../roman/.data/build21/r0000101001001001001_0001_wfi15_f158_cal.asdf,wfi15,eval,10,57,0.003395574,1
gwcs,../roman/.data/build21/r0000101001001001001_0001_wfi15_f158_cal.asdf,wfi15,eval,10,58,0.003438599,1
gwcs,../roman/.data/build21/r0000101001001001001_0001_wfi15_f158_cal.asdf,wfi15,eval,10,59,0.003288681,1
gwcs,../roman/.data/build21/r0000101001001001001_0001_wfi15_f158_cal.asdf,wfi15,eval,10,60,0.003298184,1
gwcs,../roman/.data/build21/r0000101001001001001_0001_wfi15_f158_cal.asdf,wfi15,eval,10,61,0.003330761,1
gwcs,../roman/.data/build21/r0000101001001001001_0001_wfi15_f158_cal.asdf,wfi15,eval,10,62,0.003376098,1
gwcs,../roman/.data/build21/r0000101001001001001_0001_wfi15_f158_cal.asdf,wfi15,eval,10,63,0.003467908,1
gwcs,../roman/.data/build21/r0000101001001001001_0001_wfi15_f158_cal.asdf,wfi15,eval,10,64,0.003304711,1
gwcs,../roman/.data/build21/r0000101001001001001_0001_wfi15_f158_cal.asdf,wfi15,eval,10,65,0.003288709,1
gwcs,../roman/.data/build21/r0000101001001001001_0001_wfi15_f158_cal.asdf,wfi15,eval,10,66,0.003403801,1
gwcs,../roman/.data/build21/r0000101001001001001_0001_wfi15_f158_cal.asdf,wfi15,eval,10,67,0.003511629,1
gwcs,../roman/.data/build21/r0000101001001001001_0001_wfi15_f158_cal.asdf,wfi15,eval,10,68,0.003718882,1
gwcs,../roman/.data/build21/r0000101001001001001_0001_wfi15_f158_cal.asdf,wfi15,eval,10,69,0.003360654,1
gwcs,../roman/.data/build21/r0000101001001001001_0001_wfi15_f158_cal.asdf,wfi15,eval,10,70,0.003379449,1
gwcs,../roman/.data/build21/r0000101001001001001_0001_wfi15_f158_cal.asdf,wfi15,eval,10,71,0.003547985,1
gwcs,../roman/.data/build21/r0000101001001001001_0001_wfi15_f158_cal.asdf,wfi15,eval,10,72,0.004279910,1
gwcs,../roman/.data/build21/r0000101001001001001_0001_wfi15_f158_cal.asdf,wfi15,eval,10,73,0.003659127,1
gwcs,../roman/.data/build21/r0000101001001001001_0001_wfi15_f158_cal.asdf,wfi15,eval,10,74,0.003833867,1
gwcs,../roman/.data/build21/r0000101001001001001_0001_wfi15_f158_cal.asdf,wfi15,eval,10,75,0.004551123,1
gwcs,../roman/.data/build21/r0000101001001001001_0001_wfi15_f158_cal.asdf,wfi15,eval,10,76,0.003949203,1
gwcs,../roman/.data/build21/r0000101001001001001_0001_wfi15_f158_cal.asdf,wfi15,eval,10,77,0.003441028,1
gwcs,../roman/.data/build21/r0000101001001001001_0001_wfi15_f158_cal.asdf,wfi15,eval,10,78,0.003385095,1
gwcs,../roman/.data/build21/r0000101001001001001_0001_wfi15_f158_cal.asdf,wfi15,eval,10,79,0.003551697,1
gwcs,../roman/.data/build21/r0000101001001001001_0001_wfi15_f158_cal.asdf,wfi15,eval,10,80,0.003966822,1
gwcs,../roman/.data/build21/r0000101001001001001_0001_wfi15_f158_cal.asdf,wfi15,eval,10,81,0.003761248,1
gwcs,../roman/.data/build21/r0000101001001001001_0001_wfi15_f158_cal.asdf,wfi15,eval,10,82,0.003463542,1
gwcs,../roman/.data/build21/r0000101001001001001_0001_wfi15_f158_cal.asdf,wfi15,eval,10,83,0.003564823,1
gwcs,../roman/.data/build21/r0000101001001001001_0001_wfi15_f158_cal.asdf,wfi15,eval,10,84,0.003385673,1
gwcs,../roman/.data/build21/r0000101001001001001_0001_wfi15_f158_cal.asdf,wfi15,eval,10,85,0.003843869,1
gwcs,../roman/.data/build21/r0000101001001001001_0001_wfi15_f158_cal.asdf,wfi15,eval,10,86,0.003503636,1
gwcs,../roman/.data/build21/r0000101001001001001_0001_wfi15_f158_cal.asdf,wfi15,eval,10,87,0.003381812,1
gwcs,../roman/.data/build21/r0000101001001001001_0001_wfi15_f158_cal.asdf,wfi15,eval,10,88,0.003658585,1
gwcs,../roman/.data/build21/r0000101001001001001_0001_wfi15_f158_cal.asdf,wfi15,eval,10,89,0.003680718,1
gwcs,../roman/.data/build21/r0000101001001001001_0001_wfi15_f158_cal.asdf,wfi15,eval,10,90,0.003372578,1
gwcs,../roman/.data/build21/r0000101001001001001_0001_wfi15_f158_cal.asdf,wfi15,eval,10,91,0.003324502,1
gwcs,../roman/.data/build21/r0000101001001001001_0001_wfi15_f158_cal.asdf,wfi15,eval,10,92,0.003290099,1
gwcs,../roman/.data/build21/r0000101001001001001_0001_wfi15_f158_cal.asdf,wfi15,eval,10,93,0.003306854,1
gwcs,../roman/.data/build21/r0000101001001001001_0001_wfi15_f158_cal.asdf,wfi15,eval,10,94,0.003409133,1
gwcs,../roman/.data/build21/r0000101001001001001_0001_wfi15_f158_cal.asdf,wfi15,eval,10,95,0.003532820,1
gwcs,../roman/.data/build21/r0000101001001001001_0001_wfi15_f158_cal.asdf,wfi15,eval,10,96,0.003370461,1
gwcs,../roman/.data/build21/r0000101001001001001_0001_wfi15_f158_cal.asdf,wfi15,eval,10,97,0.003306117,1
gwcs,../roman/.data/build21/r0000101001001001001_0001_wfi15_f158_cal.asdf,wfi15,eval,10,98,0.003421336,1
gwcs,../roman/.data/build21/r0000101001001001001_0001_wfi15_f158_cal.asdf,wfi15,eval,10,99,0.004025670,1
gwcs,../roman/.data/build21/r0000101001001001001_0001_wfi15_f158_cal.asdf,wfi15,eval,100,0,0.003949795,1
gwcs,../roman/.data/build21/r0000101001001001001_0001_wfi15_f158_cal.asdf,wfi15,eval,100,1,0.003768176,1
gwcs,../roman/.data/build21/r0000101001001001001_0001_wfi15_f158_cal.asdf,wfi15,eval,100,2,0.003590753,1
gwcs,../roman/.data/build21/r0000101001001001001_0001_wfi15_f158_cal.asdf,wfi15,eval,100,3,0.003823312,1
gwcs,../roman/.data/build21/r0000101001001001001_0001_wfi15_f158_cal.asdf,wfi15,eval,100,4,0.003559593,1
gwcs,../roman/.data/build21/r0000101001001001001_0001_wfi15_f158_cal.asdf,wfi15,eval,100,5,0.003568167,1
gwcs,../roman/.data/build21/r0000101001001001001_0001_wfi15_f158_cal.asdf,wfi15,eval,100,6,0.003496871,1
gwcs,../roman/.data/build21/r0000101001001001001_0001_wfi15_f158_cal.asdf,wfi15,eval,100,7,0.003552444,1
gwcs,../roman/.data/build21/r0000101001001001001_0001_wfi15_f158_cal.asdf,wfi15,eval,100,8,0.003554817,1
gwcs,../roman/.data/build21/r0000101001001001001_0001_wfi15_f158_cal.asdf,wfi15,eval,100,9,0.003652168,1
gwcs,../roman/.data/build21/r0000101001001001001_0001_wfi15_f158_cal.asdf,wfi15,eval,100,10,0.003640650,1
gwcs,../roman/.data/build21/r0000101001001001001_0001_wfi15_f158_cal.asdf,wfi15,eval,100,11,0.004201223,1
gwcs,../roman/.data/build21/r0000101001001001001_0001_wfi15_f158_cal.asdf,wfi15,eval,100,12,0.003681193,1
gwcs,../roman/.data/build21/r0000101001001001001_0001_wfi15_f158_cal.asdf,wfi15,eval,100,13,0.003532269,1
gwcs,../roman/.data/build21/r0000101001001001001_0001_wfi15_f158_cal.asdf,wfi15,eval,100,14,0.003546199,1
gwcs,../roman/.data/build21/r0000101001001001001_0001_wfi15_f158_cal.asdf,wfi15,eval,100,15,0.003452295,1
gwcs,../roman/.data/build21/r0000101001001001001_0001_wfi15_f158_cal.asdf,wfi15,eval,100,16,0.003533279,1
gwcs,../roman/.data/build21/r0000101001001001001_0001_wfi15_f158_cal.asdf,wfi15,eval,100,17,0.003750509,1
gwcs,../roman/.data/build21/r0000101001001001001_0001_wfi15_f158_cal.asdf,wfi15,eval,100,18,0.003542691,1
gwcs,../roman/.data/build21/r0000101001001001001_0001_wfi15_f158_cal.asdf,wfi15,eval,100,19,0.003437437,1
gwcs,../roman/.data/build21/r0000101001001001001_0001_wfi15_f158_cal.asdf,wfi15,eval,100,20,0.003609877,1
gwcs,../roman/.data/build21/r0000101001001001001_0001_wfi15_f158_cal.asdf,wfi15,eval,100,21,0.003666686,1
gwcs,../roman/.data/build21/r0000101001001001001_0001_wfi15_f158_cal.asdf,wfi15,eval,100,22,0.003435923,1
gwcs,../roman/.data/build21/r0000101001001001001_0001_wfi15_f158_cal.asdf,wfi15,eval,100,23,0.003670811,1
gwcs,../roman/.data/build21/r0000101001001001001_0001_wfi15_f158_cal.asdf,wfi15,eval,100,24,0.003488079,1
gwcs,../roman/.data/build21/r0000101001001001001_0001_wfi15_f158_cal.asdf,wfi15,eval,100,25,0.003553845,1
gwcs,../roman/.data/build21/r0000101001001001001_0001_wfi15_f158_cal.asdf,wfi15,eval,100,26,0.003424073,1
gwcs,../roman/.data/build21/r0000101001001001001_0001_wfi15_f158_cal.asdf,wfi15,eval,100,27,0.003472604,1
gwcs,../roman/.data/build21/r0000101001001001001_0001_wfi15_f158_cal.asdf,wfi15,eval,100,28,0.003864544,1
gwcs,../roman/.data/build21/r0000101001001001001_0001_wfi15_f158_cal.asdf,wfi15,eval,100,29,0.003691154,1
gwcs,../roman/.data/build21/r0000101001001001001_0001_wfi15_f158_cal.asdf,wfi15,eval,100,30,0.003847687,1
gwcs,../roman/.data/build21/r0000101001001001001_0001_wfi15_f158_cal.asdf,wfi15,eval,100,31,0.003675619,1
gwcs,../roman/.data/build21/r0000101001001001001_0001_wfi15_f158_cal.asdf,wfi15,eval,100,32,0.003800731,1
gwcs,../roman/.data/build21/r0000101001001001001_0001_wfi15_f158_cal.asdf,wfi15,eval,100,33,0.003518649,1
gwcs,../roman/.data/build21/r0000101001001001001_0001_wfi15_f158_cal.asdf,wfi15,eval,100,34,0.004022251,1
gwcs,../roman/.data/build21/r0000101001001001001_0001_wfi15_f158_cal.asdf,wfi15,eval,100,35,0.004231240,1
gwcs,../roman/.data/build21/r0000101001001001001_0001_wfi15_f158_cal.asdf,wfi15,eval,100,36,0.003583681,1
gwcs,../roman/.data/build21/r0000101001001001001_0001_wfi15_f158_cal.asdf,wfi15,eval,100,37,0.003625545,1
gwcs,../roman/.data/build21/r0000101001001001001_0001_wfi15_f158_cal.asdf,wfi15,eval,100,38,0.003646830,1
gwcs,../roman/.data/build21/r0000101001001001001_0001_wfi15_f158_cal.asdf,wfi15,eval,100,39,0.003429770,1
gwcs,../roman/.data/build21/r0000101001001001001_0001_wfi15_f158_cal.asdf,wfi15,eval,100,40,0.003779335,1
gwcs,../roman/.data/build21/r0000101001001001001_0001_wfi15_f158_cal.asdf,wfi15,eval,100,41,0.003595939,1
gwcs,../roman/.data/build21/r0000101001001001001_0001_wfi15_f158_cal.asdf,wfi15,eval,100,42,0.003713426,1
gwcs,../roman/.data/build21/r0000101001001001001_0001_wfi15_f158_cal.asdf,wfi15,eval,100,43,0.003390209,1
gwcs,../roman/.data/build21/r0000101001001001001_0001_wfi15_f158_cal.asdf,wfi15,eval,100,44,0.003735221,1
gwcs,../roman/.data/build21/r0000101001001001001_0001_wfi15_f158_cal.asdf,wfi15,eval,100,45,0.004531445,1
gwcs,../roman/.data/build21/r0000101001001001001_0001_wfi15_f158_cal.asdf,wfi15,eval,100,46,0.005002508,1
gwcs,../roman/.data/build21/r0000101001001001001_0001_wfi15_f158_cal.asdf,wfi15,eval,100,47,0.005481082,1
gwcs,../roman/.data/build21/r0000101001001001001_0001_wfi15_f158_cal.asdf,wfi15,eval,100,48,0.005600879,1
gwcs,../roman/.data/build21/r0000101001001001001_0001_wfi15_f158_cal.asdf,wfi15,eval,100,49,0.005483433,1
gwcs,../roman/.data/build21/r0000101001001001001_0001_wfi15_f158_cal.asdf,wfi15,eval,1000,0,0.006116079,1
gwcs,../roman/.data/build21/r0000101001001001001_0001_wfi15_f158_cal.asdf,wfi15,eval,1000,1,0.006220030,1
gwcs,../roman/.data/build21/r0000101001001001001_0001_wfi15_f158_cal.asdf,wfi15,eval,1000,2,0.005917238,1
gwcs,../roman/.data/build21/r0000101001001001001_0001_wfi15_f158_cal.asdf,wfi15,eval,1000,3,0.005913885,1
gwcs,../roman/.data/build21/r0000101001001001001_0001_wfi15_f158_cal.asdf,wfi15,eval,1000,4,0.005976706,1
gwcs,../roman/.data/build21/r0000101001001001001_0001_wfi15_f158_cal.asdf,wfi15,eval,1000,5,0.005931881,1
gwcs,../roman/.data/build21/r0000101001001001001_0001_wfi15_f158_cal.asdf,wfi15,eval,1000,6,0.005997215,1
gwcs,../roman/.data/build21/r0000101001001001001_0001_wfi15_f158_cal.asdf,wfi15,eval,1000,7,0.005993006,1
gwcs,../roman/.data/build21/r0000101001001001001_0001_wfi15_f158_cal.asdf,wfi15,eval,1000,8,0.006091438,1
gwcs,../roman/.data/build21/r0000101001001001001_0001_wfi15_f158_cal.asdf,wfi15,eval,1000,9,0.005811104,1
gwcs,../roman/.data/build21/r0000101001001001001_0001_wfi15_f158_cal.asdf,wfi15,eval,1000,10,0.005614825,1
gwcs,../roman/.data/build21/r0000101001001001001_0001_wfi15_f158_cal.asdf,wfi15,eval,1000,11,0.005722707,1
gwcs,../roman/.data/build21/r0000101001001001001_0001_wfi15_f158_cal.asdf,wfi15,eval,1000,12,0.004772824,1
gwcs,../roman/.data/build21/r0000101001001001001_0001_wfi15_f158_cal.asdf,wfi15,eval,1000,13,0.003880596,1
gwcs,../roman/.data/build21/r0000101001001001001_0001_wfi15_f158_cal.asdf,wfi15,eval,1000,14,0.003719693,1
gwcs,../roman/.data/build21/r0000101001001001001_0001_wfi15_f158_cal.asdf,wfi15,eval,1000,15,0.003665541,1
gwcs,../roman/.data/build21/r0000101001001001001_0001_wfi15_f158_cal.asdf,wfi15,eval,1000,16,0.004394137,1
gwcs,../roman/.data/build21/r0000101001001001001_0001_wfi15_f158_cal.asdf,wfi15,eval,1000,17,0.005158624,1
gwcs,../roman/.data/build21/r0000101001001001001_0001_wfi15_f158_cal.asdf,wfi15,eval,1000,18,0.003687914,1
gwcs,../roman/.data/build21/r0000101001001001001_0001_wfi15_f158_cal.asdf,wfi15,eval,1000,19,0.003724914,1
gwcs,../roman/.data/build21/r0000101001001001001_0001_wfi15_f158_cal.asdf,wfi15,eval,10000,0,0.005942251,1
gwcs,../roman/.data/build21/r0000101001001001001_0001_wfi15_f158_cal.asdf,wfi15,eval,10000,1,0.006812478,1
gwcs,../roman/.data/build21/r0000101001001001001_0001_wfi15_f158_cal.asdf,wfi15,eval,10000,2,0.006111167,1
gwcs,../roman/.data/build21/r0000101001001001001_0001_wfi15_f158_cal.asdf,wfi15,eval,10000,3,0.006215744,1
gwcs,../roman/.data/build21/r0000101001001001001_0001_wfi15_f158_cal.asdf,wfi15,eval,10000,4,0.007101308,1
gwcs,../roman/.data/build21/r0000101001001001001_0001_wfi15_f158_cal.asdf,wfi15,eval,10000,5,0.006139064,1
gwcs,../roman/.data/build21/r0000101001001001001_0001_wfi15_f158_cal.asdf,wfi15,eval,10000,6,0.005783075,1
gwcs,../roman/.data/build21/r0000101001001001001_0001_wfi15_f158_cal.asdf,wfi15,eval,10000,7,0.006057980,1
gwcs,../roman/.data/build21/r0000101001001001001_0001_wfi15_f158_cal.asdf,wfi15,eval,10000,8,0.006221449,1
gwcs,../roman/.data/build21/r0000101001001001001_0001_wfi15_f158_cal.asdf,wfi15,eval,10000,9,0.006070580,1
gwcs,../roman/.data/build21/r0000101001001001001_0001_wfi15_f158_cal.asdf,wfi15,eval,100000,0,0.027346009,1
gwcs,../roman/.data/build21/r0000101001001001001_0001_wfi15_f158_cal.asdf,wfi15,eval,100000,1,0.029978509,1
gwcs,../roman/.data/build21/r0000101001001001001_0001_wfi15_f158_cal.asdf,wfi15,eval,100000,2,0.029062356,1
gwcs,../roman/.data/build21/r0000101001001001001_0001_wfi15_f158_cal.asdf,wfi15,eval,100000,3,0.029065716,1
gwcs,../roman/.data/build21/r0000101001001001001_0001_wfi15_f158_cal.asdf,wfi15,eval,100000,4,0.025643783,1
gwcs,../roman/.data/build21/r0000101001001001001_0001_wfi15_f158_cal.asdf,wfi15,eval,1000000,0,0.282322229,1
gwcs,../roman/.data/build21/r0000101001001001001_0001_wfi15_f158_cal.asdf,wfi15,eval,1000000,1,0.265097787,1
gwcs,../roman/.data/build21/r0000101001001001001_0001_wfi15_f158_cal.asdf,wfi15,eval,1000000,2,0.260470113,1
gwcs,../roman/.data/build21/r0000101001001001001_0001_wfi15_f158_cal.asdf,wfi15,eval,10000000,0,2.650780598,1
gwcs,../roman/.data/build21/r0000101001001001001_0001_wfi15_f158_cal.asdf,wfi15,eval,10000000,1,2.643694419,1
gwcs,../roman/.data/build21/r0000101001001001001_0001_wfi15_f158_cal.asdf,wfi15,eval,16711744,0,4.548260399,1
gwcs,../roman/.data/build21/r0000101001001001001_0001_wfi15_f158_cal.asdf,wfi15,eval,16711744,1,4.520817393,1
gwcs,../roman/.data/build21/r0000101001001001001_0001_wfi16_f158_cal.asdf,wfi16,parse_cold,0,0,0.830845213,1
gwcs,../roman/.data/build21/r0000101001001001001_0001_wfi16_f158_cal.asdf,wfi16,parse_hot,0,0,0.756460848,1
gwcs,../roman/.data/build21/r0000101001001001001_0001_wfi16_f158_cal.asdf,wfi16,eval,1,0,0.005356158,1
gwcs,../roman/.data/build21/r0000101001001001001_0001_wfi16_f158_cal.asdf,wfi16,eval,1,1,0.005169115,1
gwcs,../roman/.data/build21/r0000101001001001001_0001_wfi16_f158_cal.asdf,wfi16,eval,1,2,0.005047062,1
gwcs,../roman/.data/build21/r0000101001001001001_0001_wfi16_f158_cal.asdf,wfi16,eval,1,3,0.004804298,1
gwcs,../roman/.data/build21/r0000101001001001001_0001_wfi16_f158_cal.asdf,wfi16,eval,1,4,0.004975532,1
gwcs,../roman/.data/build21/r0000101001001001001_0001_wfi16_f158_cal.asdf,wfi16,eval,1,5,0.004826862,1
gwcs,../roman/.data/build21/r0000101001001001001_0001_wfi16_f158_cal.asdf,wfi16,eval,1,6,0.004756230,1
gwcs,../roman/.data/build21/r0000101001001001001_0001_wfi16_f158_cal.asdf,wfi16,eval,1,7,0.004868167,1
gwcs,../roman/.data/build21/r0000101001001001001_0001_wfi16_f158_cal.asdf,wfi16,eval,1,8,0.004887062,1
gwcs,../roman/.data/build21/r0000101001001001001_0001_wfi16_f158_cal.asdf,wfi16,eval,1,9,0.004943559,1
gwcs,../roman/.data/build21/r0000101001001001001_0001_wfi16_f158_cal.asdf,wfi16,eval,1,10,0.004787920,1
gwcs,../roman/.data/build21/r0000101001001001001_0001_wfi16_f158_cal.asdf,wfi16,eval,1,11,0.004818358,1
gwcs,../roman/.data/build21/r0000101001001001001_0001_wfi16_f158_cal.asdf,wfi16,eval,1,12,0.004947610,1
gwcs,../roman/.data/build21/r0000101001001001001_0001_wfi16_f158_cal.asdf,wfi16,eval,1,13,0.004817944,1
gwcs,../roman/.data/build21/r0000101001001001001_0001_wfi16_f158_cal.asdf,wfi16,eval,1,14,0.004796804,1
gwcs,../roman/.data/build21/r0000101001001001001_0001_wfi16_f158_cal.asdf,wfi16,eval,1,15,0.004888729,1
gwcs,../roman/.data/build21/r0000101001001001001_0001_wfi16_f158_cal.asdf,wfi16,eval,1,16,0.004826204,1
gwcs,../roman/.data/build21/r0000101001001001001_0001_wfi16_f158_cal.asdf,wfi16,eval,1,17,0.004759972,1
gwcs,../roman/.data/build21/r0000101001001001001_0001_wfi16_f158_cal.asdf,wfi16,eval,1,18,0.004840264,1
gwcs,../roman/.data/build21/r0000101001001001001_0001_wfi16_f158_cal.asdf,wfi16,eval,1,19,0.004931997,1
gwcs,../roman/.data/build21/r0000101001001001001_0001_wfi16_f158_cal.asdf,wfi16,eval,1,20,0.004786263,1
gwcs,../roman/.data/build21/r0000101001001001001_0001_wfi16_f158_cal.asdf,wfi16,eval,1,21,0.004766713,1
gwcs,../roman/.data/build21/r0000101001001001001_0001_wfi16_f158_cal.asdf,wfi16,eval,1,22,0.005095799,1
gwcs,../roman/.data/build21/r0000101001001001001_0001_wfi16_f158_cal.asdf,wfi16,eval,1,23,0.007923012,1
gwcs,../roman/.data/build21/r0000101001001001001_0001_wfi16_f158_cal.asdf,wfi16,eval,1,24,0.005770426,1
gwcs,../roman/.data/build21/r0000101001001001001_0001_wfi16_f158_cal.asdf,wfi16,eval,1,25,0.005508629,1
gwcs,../roman/.data/build21/r0000101001001001001_0001_wfi16_f158_cal.asdf,wfi16,eval,1,26,0.004958732,1
gwcs,../roman/.data/build21/r0000101001001001001_0001_wfi16_f158_cal.asdf,wfi16,eval,1,27,0.005197288,1
gwcs,../roman/.data/build21/r0000101001001001001_0001_wfi16_f158_cal.asdf,wfi16,eval,1,28,0.005063121,1
gwcs,../roman/.data/build21/r0000101001001001001_0001_wfi16_f158_cal.asdf,wfi16,eval,1,29,0.005111116,1
gwcs,../roman/.data/build21/r0000101001001001001_0001_wfi16_f158_cal.asdf,wfi16,eval,1,30,0.004909230,1
gwcs,../roman/.data/build21/r0000101001001001001_0001_wfi16_f158_cal.asdf,wfi16,eval,1,31,0.005360669,1
gwcs,../roman/.data/build21/r0000101001001001001_0001_wfi16_f158_cal.asdf,wfi16,eval,1,32,0.004974515,1
gwcs,../roman/.data/build21/r0000101001001001001_0001_wfi16_f158_cal.asdf,wfi16,eval,1,33,0.005149218,1
gwcs,../roman/.data/build21/r0000101001001001001_0001_wfi16_f158_cal.asdf,wfi16,eval,1,34,0.005088505,1
gwcs,../roman/.data/build21/r0000101001001001001_0001_wfi16_f158_cal.asdf,wfi16,eval,1,35,0.005116259,1
gwcs,../roman/.data/build21/r0000101001001001001_0001_wfi16_f158_cal.asdf,wfi16,eval,1,36,0.005097643,1
gwcs,../roman/.data/build21/r0000101001001001001_0001_wfi16_f158_cal.asdf,wfi16,eval,1,37,0.005110127,1
gwcs,../roman/.data/build21/r0000101001001001001_0001_wfi16_f158_cal.asdf,wfi16,eval,1,38,0.005485885,1
gwcs,../roman/.data/build21/r0000101001001001001_0001_wfi16_f158_cal.asdf,wfi16,eval,1,39,0.005037527,1
gwcs,../roman/.data/build21/r0000101001001001001_0001_wfi16_f158_cal.asdf,wfi16,eval,1,40,0.005229038,1
gwcs,../roman/.data/build21/r0000101001001001001_0001_wfi16_f158_cal.asdf,wfi16,eval,1,41,0.004945128,1
gwcs,../roman/.data/build21/r0000101001001001001_0001_wfi16_f158_cal.asdf,wfi16,eval,1,42,0.005085819,1
gwcs,../roman/.data/build21/r0000101001001001001_0001_wfi16_f158_cal.asdf,wfi16,eval,1,43,0.005108927,1
gwcs,../roman/.data/build21/r0000101001001001001_0001_wfi16_f158_cal.asdf,wfi16,eval,1,44,0.005193920,1
gwcs,../roman/.data/build21/r0000101001001001001_0001_wfi16_f158_cal.asdf,wfi16,eval,1,45,0.005012825,1
gwcs,../roman/.data/build21/r0000101001001001001_0001_wfi16_f158_cal.asdf,wfi16,eval,1,46,0.005116809,1
gwcs,../roman/.data/build21/r0000101001001001001_0001_wfi16_f158_cal.asdf,wfi16,eval,1,47,0.005075101,1
gwcs,../roman/.data/build21/r0000101001001001001_0001_wfi16_f158_cal.asdf,wfi16,eval,1,48,0.005192221,1
gwcs,../roman/.data/build21/r0000101001001001001_0001_wfi16_f158_cal.asdf,wfi16,eval,1,49,0.004912341,1
gwcs,../roman/.data/build21/r0000101001001001001_0001_wfi16_f158_cal.asdf,wfi16,eval,1,50,0.005374006,1
gwcs,../roman/.data/build21/r0000101001001001001_0001_wfi16_f158_cal.asdf,wfi16,eval,1,51,0.005019285,1
gwcs,../roman/.data/build21/r0000101001001001001_0001_wfi16_f158_cal.asdf,wfi16,eval,1,52,0.005703313,1
gwcs,../roman/.data/build21/r0000101001001001001_0001_wfi16_f158_cal.asdf,wfi16,eval,1,53,0.007882546,1
gwcs,../roman/.data/build21/r0000101001001001001_0001_wfi16_f158_cal.asdf,wfi16,eval,1,54,0.005740179,1
gwcs,../roman/.data/build21/r0000101001001001001_0001_wfi16_f158_cal.asdf,wfi16,eval,1,55,0.005090983,1
gwcs,../roman/.data/build21/r0000101001001001001_0001_wfi16_f158_cal.asdf,wfi16,eval,1,56,0.005691649,1
gwcs,../roman/.data/build21/r0000101001001001001_0001_wfi16_f158_cal.asdf,wfi16,eval,1,57,0.005367615,1
gwcs,../roman/.data/build21/r0000101001001001001_0001_wfi16_f158_cal.asdf,wfi16,eval,1,58,0.004958549,1
gwcs,../roman/.data/build21/r0000101001001001001_0001_wfi16_f158_cal.asdf,wfi16,eval,1,59,0.005047352,1
gwcs,../roman/.data/build21/r0000101001001001001_0001_wfi16_f158_cal.asdf,wfi16,eval,1,60,0.005707910,1
gwcs,../roman/.data/build21/r0000101001001001001_0001_wfi16_f158_cal.asdf,wfi16,eval,1,61,0.005307353,1
gwcs,../roman/.data/build21/r0000101001001001001_0001_wfi16_f158_cal.asdf,wfi16,eval,1,62,0.005054839,1
gwcs,../roman/.data/build21/r0000101001001001001_0001_wfi16_f158_cal.asdf,wfi16,eval,1,63,0.005222425,1
gwcs,../roman/.data/build21/r0000101001001001001_0001_wfi16_f158_cal.asdf,wfi16,eval,1,64,0.005039636,1
gwcs,../roman/.data/build21/r0000101001001001001_0001_wfi16_f158_cal.asdf,wfi16,eval,1,65,0.005232597,1
gwcs,../roman/.data/build21/r0000101001001001001_0001_wfi16_f158_cal.asdf,wfi16,eval,1,66,0.007325885,1
gwcs,../roman/.data/build21/r0000101001001001001_0001_wfi16_f158_cal.asdf,wfi16,eval,1,67,0.005199512,1
gwcs,../roman/.data/build21/r0000101001001001001_0001_wfi16_f158_cal.asdf,wfi16,eval,1,68,0.004988709,1
gwcs,../roman/.data/build21/r0000101001001001001_0001_wfi16_f158_cal.asdf,wfi16,eval,1,69,0.005343805,1
gwcs,../roman/.data/build21/r0000101001001001001_0001_wfi16_f158_cal.asdf,wfi16,eval,1,70,0.005247659,1
gwcs,../roman/.data/build21/r0000101001001001001_0001_wfi16_f158_cal.asdf,wfi16,eval,1,71,0.005257349,1
gwcs,../roman/.data/build21/r0000101001001001001_0001_wfi16_f158_cal.asdf,wfi16,eval,1,72,0.004973524,1
gwcs,../roman/.data/build21/r0000101001001001001_0001_wfi16_f158_cal.asdf,wfi16,eval,1,73,0.004855804,1
gwcs,../roman/.data/build21/r0000101001001001001_0001_wfi16_f158_cal.asdf,wfi16,eval,1,74,0.004757937,1
gwcs,../roman/.data/build21/r0000101001001001001_0001_wfi16_f158_cal.asdf,wfi16,eval,1,75,0.004826184,1
gwcs,../roman/.data/build21/r0000101001001001001_0001_wfi16_f158_cal.asdf,wfi16,eval,1,76,0.005086258,1
gwcs,../roman/.data/build21/r0000101001001001001_0001_wfi16_f158_cal.asdf,wfi16,eval,1,77,0.004857866,1
gwcs,../roman/.data/build21/r0000101001001001001_0001_wfi16_f158_cal.asdf,wfi16,eval,1,78,0.004778915,1
gwcs,../roman/.data/build21/r0000101001001001001_0001_wfi16_f158_cal.asdf,wfi16,eval,1,79,0.010679115,1
gwcs,../roman/.data/build21/r0000101001001001001_0001_wfi16_f158_cal.asdf,wfi16,eval,1,80,0.006712924,1
gwcs,../roman/.data/build21/r0000101001001001001_0001_wfi16_f158_cal.asdf,wfi16,eval,1,81,0.005228539,1
gwcs,../roman/.data/build21/r0000101001001001001_0001_wfi16_f158_cal.asdf,wfi16,eval,1,82,0.004866515,1
gwcs,../roman/.data/build21/r0000101001001001001_0001_wfi16_f158_cal.asdf,wfi16,eval,1,83,0.004782426,1
gwcs,../roman/.data/build21/r0000101001001001001_0001_wfi16_f158_cal.asdf,wfi16,eval,1,84,0.004830977,1
gwcs,../roman/.data/build21/r0000101001001001001_0001_wfi16_f158_cal.asdf,wfi16,eval,1,85,0.004831951,1
gwcs,../roman/.data/build21/r0000101001001001001_0001_wfi16_f158_cal.asdf,wfi16,eval,1,86,0.004789913,1
gwcs,../roman/.data/build21/r0000101001001001001_0001_wfi16_f158_cal.asdf,wfi16,eval,1,87,0.004816880,1
gwcs,../roman/.data/build21/r0000101001001001001_0001_wfi16_f158_cal.asdf,wfi16,eval,1,88,0.004948023,1
gwcs,../roman/.data/build21/r0000101001001001001_0001_wfi16_f158_cal.asdf,wfi16,eval,1,89,0.004812272,1
gwcs,../roman/.data/build21/r0000101001001001001_0001_wfi16_f158_cal.asdf,wfi16,eval,1,90,0.004774145,1
gwcs,../roman/.data/build21/r0000101001001001001_0001_wfi16_f158_cal.asdf,wfi16,eval,1,91,0.004820266,1
gwcs,../roman/.data/build21/r0000101001001001001_0001_wfi16_f158_cal.asdf,wfi16,eval,1,92,0.004859966,1
gwcs,../roman/.data/build21/r0000101001001001001_0001_wfi16_f158_cal.asdf,wfi16,eval,1,93,0.004777276,1
gwcs,../roman/.data/build21/r0000101001001001001_0001_wfi16_f158_cal.asdf,wfi16,eval,1,94,0.005652273,1
gwcs,../roman/.data/build21/r0000101001001001001_0001_wfi16_f158_cal.asdf,wfi16,eval,1,95,0.005755422,1
gwcs,../roman/.data/build21/r0000101001001001001_0001_wfi16_f158_cal.asdf,wfi16,eval,1,96,0.004782983,1
gwcs,../roman/.data/build21/r0000101001001001001_0001_wfi16_f158_cal.asdf,wfi16,eval,1,97,0.004764549,1
gwcs,../roman/.data/build21/r0000101001001001001_0001_wfi16_f158_cal.asdf,wfi16,eval,1,98,0.004914963,1
gwcs,../roman/.data/build21/r0000101001001001001_0001_wfi16_f158_cal.asdf,wfi16,eval,1,99,0.004867179,1
gwcs,../roman/.data/build21/r0000101001001001001_0001_wfi16_f158_cal.asdf,wfi16,eval,10,0,0.005075489,1
gwcs,../roman/.data/build21/r0000101001001001001_0001_wfi16_f158_cal.asdf,wfi16,eval,10,1,0.005271567,1
gwcs,../roman/.data/build21/r0000101001001001001_0001_wfi16_f158_cal.asdf,wfi16,eval,10,2,0.005055399,1
gwcs,../roman/.data/build21/r0000101001001001001_0001_wfi16_f158_cal.asdf,wfi16,eval,10,3,0.004885627,1
gwcs,../roman/.data/build21/r0000101001001001001_0001_wfi16_f158_cal.asdf,wfi16,eval,10,4,0.005032388,1
gwcs,../roman/.data/build21/r0000101001001001001_0001_wfi16_f158_cal.asdf,wfi16,eval,10,5,0.004954607,1
gwcs,../roman/.data/build21/r0000101001001001001_0001_wfi16_f158_cal.asdf,wfi16,eval,10,6,0.004891330,1
gwcs,../roman/.data/build21/r0000101001001001001_0001_wfi16_f158_cal.asdf,wfi16,eval,10,7,0.004880792,1
gwcs,../roman/.data/build21/r0000101001001001001_0001_wfi16_f158_cal.asdf,wfi16,eval,10,8,0.005097911,1
gwcs,../roman/.data/build21/r0000101001001001001_0001_wfi16_f158_cal.asdf,wfi16,eval,10,9,0.004929507,1
gwcs,../roman/.data/build21/r0000101001001001001_0001_wfi16_f158_cal.asdf,wfi16,eval,10,10,0.004866539,1
gwcs,../roman/.data/build21/r0000101001001001001_0001_wfi16_f158_cal.asdf,wfi16,eval,10,11,0.005096762,1
gwcs,../roman/.data/build21/r0000101001001001001_0001_wfi16_f158_cal.asdf,wfi16,eval,10,12,0.008770026,1
gwcs,../roman/.data/build21/r0000101001001001001_0001_wfi16_f158_cal.asdf,wfi16,eval,10,13,0.006224287,1
gwcs,../roman/.data/build21/r0000101001001001001_0001_wfi16_f158_cal.asdf,wfi16,eval,10,14,0.005123249,1
gwcs,../roman/.data/build21/r0000101001001001001_0001_wfi16_f158_cal.asdf,wfi16,eval,10,15,0.004895443,1
gwcs,../roman/.data/build21/r0000101001001001001_0001_wfi16_f158_cal.asdf,wfi16,eval,10,16,0.004892766,1
gwcs,../roman/.data/build21/r0000101001001001001_0001_wfi16_f158_cal.asdf,wfi16,eval,10,17,0.005097282,1
gwcs,../roman/.data/build21/r0000101001001001001_0001_wfi16_f158_cal.asdf,wfi16,eval,10,18,0.004922583,1
gwcs,../roman/.data/build21/r0000101001001001001_0001_wfi16_f158_cal.asdf,wfi16,eval,10,19,0.005004837,1
gwcs,../roman/.data/build21/r0000101001001001001_0001_wfi16_f158_cal.asdf,wfi16,eval,10,20,0.005024298,1
gwcs,../roman/.data/build21/r0000101001001001001_0001_wfi16_f158_cal.asdf,wfi16,eval,10,21,0.004922756,1
gwcs,../roman/.data/build21/r0000101001001001001_0001_wfi16_f158_cal.asdf,wfi16,eval,10,22,0.004933859,1
gwcs,../roman/.data/build21/r0000101001001001001_0001_wfi16_f158_cal.asdf,wfi16,eval,10,23,0.004896676,1
gwcs,../roman/.data/build21/r0000101001001001001_0001_wfi16_f158_cal.asdf,wfi16,eval,10,24,0.005076260,1
gwcs,../roman/.data/build21/r0000101001001001001_0001_wfi16_f158_cal.asdf,wfi16,eval,10,25,0.004919746,1
gwcs,../roman/.data/build21/r0000101001001001001_0001_wfi16_f158_cal.asdf,wfi16,eval,10,26,0.004887486,1
gwcs,../roman/.data/build21/r0000101001001001001_0001_wfi16_f158_cal.asdf,wfi16,eval,10,27,0.005020387,1
gwcs,../roman/.data/build21/r0000101001001001001_0001_wfi16_f158_cal.asdf,wfi16,eval,10,28,0.004923670,1
gwcs,../roman/.data/build21/r0000101001001001001_0001_wfi16_f158_cal.asdf,wfi16,eval,10,29,0.004914741,1
gwcs,../roman/.data/build21/r0000101001001001001_0001_wfi16_f158_cal.asdf,wfi16,eval,10,30,0.005240661,1
gwcs,../roman/.data/build21/r0000101001001001001_0001_wfi16_f158_cal.asdf,wfi16,eval,10,31,0.004986390,1
gwcs,../roman/.data/build21/r0000101001001001001_0001_wfi16_f158_cal.asdf,wfi16,eval,10,32,0.004860327,1
gwcs,../roman/.data/build21/r0000101001001001001_0001_wfi16_f158_cal.asdf,wfi16,eval,10,33,0.004924020,1
gwcs,../roman/.data/build21/r0000101001001001001_0001_wfi16_f158_cal.asdf,wfi16,eval,10,34,0.005058171,1
gwcs,../roman/.data/build21/r0000101001001001001_0001_wfi16_f158_cal.asdf,wfi16,eval,10,35,0.004875921,1
gwcs,../roman/.data/build21/r0000101001001001001_0001_wfi16_f158_cal.asdf,wfi16,eval,10,36,0.004865180,1
gwcs,../roman/.data/build21/r0000101001001001001_0001_wfi16_f158_cal.asdf,wfi16,eval,10,37,0.005039372,1
gwcs,../roman/.data/build21/r0000101001001001001_0001_wfi16_f158_cal.asdf,wfi16,eval,10,38,0.004917328,1
gwcs,../roman/.data/build21/r0000101001001001001_0001_wfi16_f158_cal.asdf,wfi16,eval,10,39,0.004867629,1
gwcs,../roman/.data/build21/r0000101001001001001_0001_wfi16_f158_cal.asdf,wfi16,eval,10,40,0.004909329,1
gwcs,../roman/.data/build21/r0000101001001001001_0001_wfi16_f158_cal.asdf,wfi16,eval,10,41,0.005015512,1
gwcs,../roman/.data/build21/r0000101001001001001_0001_wfi16_f158_cal.asdf,wfi16,eval,10,42,0.004879857,1
gwcs,../roman/.data/build21/r0000101001001001001_0001_wfi16_f158_cal.asdf,wfi16,eval,10,43,0.004874328,1
gwcs,../roman/.data/build21/r0000101001001001001_0001_wfi16_f158_cal.asdf,wfi16,eval,10,44,0.005808282,1
gwcs,../roman/.data/build21/r0000101001001001001_0001_wfi16_f158_cal.asdf,wfi16,eval,10,45,0.005637771,1
gwcs,../roman/.data/build21/r0000101001001001001_0001_wfi16_f158_cal.asdf,wfi16,eval,10,46,0.004933680,1
gwcs,../roman/.data/build21/r0000101001001001001_0001_wfi16_f158_cal.asdf,wfi16,eval,10,47,0.005058098,1
gwcs,../roman/.data/build21/r0000101001001001001_0001_wfi16_f158_cal.asdf,wfi16,eval,10,48,0.004979209,1
gwcs,../roman/.data/build21/r0000101001001001001_0001_wfi16_f158_cal.asdf,wfi16,eval,10,49,0.004938568,1
gwcs,../roman/.data/build21/r0000101001001001001_0001_wfi16_f158_cal.asdf,wfi16,eval,10,50,0.005100943,1
gwcs,../roman/.data/build21/r0000101001001001001_0001_wfi16_f158_cal.asdf,wfi16,eval,10,51,0.005051585,1
gwcs,../roman/.data/build21/r0000101001001001001_0001_wfi16_f158_cal.asdf,wfi16,eval,10,52,0.004930988,1
gwcs,../roman/.data/build21/r0000101001001001001_0001_wfi16_f158_cal.asdf,wfi16,eval,10,53,0.006191741,1
gwcs,../roman/.data/build21/r0000101001001001001_0001_wfi16_f158_cal.asdf,wfi16,eval,10,54,0.004982825,1
gwcs,../roman/.data/build21/r0000101001001001001_0001_wfi16_f158_cal.asdf,wfi16,eval,10,55,0.004931748,1
gwcs,../roman/.data/build21/r0000101001001001001_0001_wfi16_f158_cal.asdf,wfi16,eval,10,56,0.004904940,1
gwcs,../roman/.data/build21/r0000101001001001001_0001_wfi16_f158_cal.asdf,wfi16,eval,10,57,0.005129916,1
gwcs,../roman/.data/build21/r0000101001001001001_0001_wfi16_f158_cal.asdf,wfi16,eval,10,58,0.004919197,1
gwcs,../roman/.data/build21/r0000101001001001001_0001_wfi16_f158_cal.asdf,wfi16,eval,10,59,0.004897444,1
gwcs,../roman/.data/build21/r0000101001001001001_0001_wfi16_f158_cal.asdf,wfi16,eval,10,60,0.005234515,1
gwcs,../roman/.data/build21/r0000101001001001001_0001_wfi16_f158_cal.asdf,wfi16,eval,10,61,0.004966549,1
gwcs,../roman/.data/build21/r0000101001001001001_0001_wfi16_f158_cal.asdf,wfi16,eval,10,62,0.004899106,1
gwcs,../roman/.data/build21/r0000101001001001001_0001_wfi16_f158_cal.asdf,wfi16,eval,10,63,0.005050498,1
gwcs,../roman/.data/build21/r0000101001001001001_0001_wfi16_f158_cal.asdf,wfi16,eval,10,64,0.004980249,1
gwcs,../roman/.data/build21/r0000101001001001001_0001_wfi16_f158_cal.asdf,wfi16,eval,10,65,0.004908781,1
gwcs,../roman/.data/build21/r0000101001001001001_0001_wfi16_f158_cal.asdf,wfi16,eval,10,66,0.004897215,1
gwcs,../roman/.data/build21/r0000101001001001001_0001_wfi16_f158_cal.asdf,wfi16,eval,10,67,0.005109820,1
gwcs,../roman/.data/build21/r0000101001001001001_0001_wfi16_f158_cal.asdf,wfi16,eval,10,68,0.004897362,1
gwcs,../roman/.data/build21/r0000101001001001001_0001_wfi16_f158_cal.asdf,wfi16,eval,10,69,0.004882341,1
gwcs,../roman/.data/build21/r0000101001001001001_0001_wfi16_f158_cal.asdf,wfi16,eval,10,70,0.005066389,1
gwcs,../roman/.data/build21/r0000101001001001001_0001_wfi16_f158_cal.asdf,wfi16,eval,10,71,0.004947128,1
gwcs,../roman/.data/build21/r0000101001001001001_0001_wfi16_f158_cal.asdf,wfi16,eval,10,72,0.004899827,1
gwcs,../roman/.data/build21/r0000101001001001001_0001_wfi16_f158_cal.asdf,wfi16,eval,10,73,0.005334559,1
gwcs,../roman/.data/build21/r0000101001001001001_0001_wfi16_f158_cal.asdf,wfi16,eval,10,74,0.004970413,1
gwcs,../roman/.data/build21/r0000101001001001001_0001_wfi16_f158_cal.asdf,wfi16,eval,10,75,0.004944023,1
gwcs,../roman/.data/build21/r0000101001001001001_0001_wfi16_f158_cal.asdf,wfi16,eval,10,76,0.004897405,1
gwcs,../roman/.data/build21/r0000101001001001001_0001_wfi16_f158_cal.asdf,wfi16,eval,10,77,0.005097402,1
gwcs,../roman/.data/build21/r0000101001001001001_0001_wfi16_f158_cal.asdf,wfi16,eval,10,78,0.004978654,1
gwcs,../roman/.data/build21/r0000101001001001001_0001_wfi16_f158_cal.asdf,wfi16,eval,10,79,0.004920854,1
gwcs,../roman/.data/build21/r0000101001001001001_0001_wfi16_f158_cal.asdf,wfi16,eval,10,80,0.005233346,1
gwcs,../roman/.data/build21/r0000101001001001001_0001_wfi16_f158_cal.asdf,wfi16,eval,10,81,0.004950273,1
gwcs,../roman/.data/build21/r0000101001001001001_0001_wfi16_f158_cal.asdf,wfi16,eval,10,82,0.004950672,1
gwcs,../roman/.data/build21/r0000101001001001001_0001_wfi16_f158_cal.asdf,wfi16,eval,10,83,0.005019738,1
gwcs,../roman/.data/build21/r0000101001001001001_0001_wfi16_f158_cal.asdf,wfi16,eval,10,84,0.004936365,1
gwcs,../roman/.data/build21/r0000101001001001001_0001_wfi16_f158_cal.asdf,wfi16,eval,10,85,0.004924717,1
gwcs,../roman/.data/build21/r0000101001001001001_0001_wfi16_f158_cal.asdf,wfi16,eval,10,86,0.004875507,1
gwcs,../roman/.data/build21/r0000101001001001001_0001_wfi16_f158_cal.asdf,wfi16,eval,10,87,0.005102145,1
gwcs,../roman/.data/build21/r0000101001001001001_0001_wfi16_f158_cal.asdf,wfi16,eval,10,88,0.004921000,1
gwcs,../roman/.data/build21/r0000101001001001001_0001_wfi16_f158_cal.asdf,wfi16,eval,10,89,0.004902343,1
gwcs,../roman/.data/build21/r0000101001001001001_0001_wfi16_f158_cal.asdf,wfi16,eval,10,90,0.005067359,1
gwcs,../roman/.data/build21/r0000101001001001001_0001_wfi16_f158_cal.asdf,wfi16,eval,10,91,0.004970774,1
gwcs,../roman/.data/build21/r0000101001001001001_0001_wfi16_f158_cal.asdf,wfi16,eval,10,92,0.004900084,1
gwcs,../roman/.data/build21/r0000101001001001001_0001_wfi16_f158_cal.asdf,wfi16,eval,10,93,0.005789870,1
gwcs,../roman/.data/build21/r0000101001001001001_0001_wfi16_f158_cal.asdf,wfi16,eval,10,94,0.004999151,1
gwcs,../roman/.data/build21/r0000101001001001001_0001_wfi16_f158_cal.asdf,wfi16,eval,10,95,0.005169804,1
gwcs,../roman/.data/build21/r0000101001001001001_0001_wfi16_f158_cal.asdf,wfi16,eval,10,96,0.005275832,1
gwcs,../roman/.data/build21/r0000101001001001001_0001_wfi16_f158_cal.asdf,wfi16,eval,10,97,0.005220199,1
gwcs,../roman/.data/build21/r0000101001001001001_0001_wfi16_f158_cal.asdf,wfi16,eval,10,98,0.005194468,1
gwcs,../roman/.data/build21/r0000101001001001001_0001_wfi16_f158_cal.asdf,wfi16,eval,10,99,0.005229288,1
gwcs,../roman/.data/build21/r0000101001001001001_0001_wfi16_f158_cal.asdf,wfi16,eval,100,0,0.005881948,1
gwcs,../roman/.data/build21/r0000101001001001001_0001_wfi16_f158_cal.asdf,wfi16,eval,100,1,0.005955637,1
gwcs,../roman/.data/build21/r0000101001001001001_0001_wfi16_f158_cal.asdf,wfi16,eval,100,2,0.005062026,1
gwcs,../roman/.data/build21/r0000101001001001001_0001_wfi16_f158_cal.asdf,wfi16,eval,100,3,0.005043657,1
gwcs,../roman/.data/build21/r0000101001001001001_0001_wfi16_f158_cal.asdf,wfi16,eval,100,4,0.005032752,1
gwcs,../roman/.data/build21/r0000101001001001001_0001_wfi16_f158_cal.asdf,wfi16,eval,100,5,0.004932466,1
gwcs,../roman/.data/build21/r0000101001001001001_0001_wfi16_f158_cal.asdf,wfi16,eval,100,6,0.005302692,1
gwcs,../roman/.data/build21/r0000101001001001001_0001_wfi16_f158_cal.asdf,wfi16,eval,100,7,0.004956835,1
gwcs,../roman/.data/build21/r0000101001001001001_0001_wfi16_f158_cal.asdf,wfi16,eval,100,8,0.004936201,1
gwcs,../roman/.data/build21/r0000101001001001001_0001_wfi16_f158_cal.asdf,wfi16,eval,100,9,0.005567040,1
gwcs,../roman/.data/build21/r0000101001001001001_0001_wfi16_f158_cal.asdf,wfi16,eval,100,10,0.004952865,1
gwcs,../roman/.data/build21/r0000101001001001001_0001_wfi16_f158_cal.asdf,wfi16,eval,100,11,0.004941300,1
gwcs,../roman/.data/build21/r0000101001001001001_0001_wfi16_f158_cal.asdf,wfi16,eval,100,12,0.005573665,1
gwcs,../roman/.data/build21/r0000101001001001001_0001_wfi16_f158_cal.asdf,wfi16,eval,100,13,0.005060449,1
gwcs,../roman/.data/build21/r0000101001001001001_0001_wfi16_f158_cal.asdf,wfi16,eval,100,14,0.004927582,1
gwcs,../roman/.data/build21/r0000101001001001001_0001_wfi16_f158_cal.asdf,wfi16,eval,100,15,0.004999196,1
gwcs,../roman/.data/build21/r0000101001001001001_0001_wfi16_f158_cal.asdf,wfi16,eval,100,16,0.005388745,1
gwcs,../roman/.data/build21/r0000101001001001001_0001_wfi16_f158_cal.asdf,wfi16,eval,100,17,0.006240331,1
gwcs,../roman/.data/build21/r0000101001001001001_0001_wfi16_f158_cal.asdf,wfi16,eval,100,18,0.006650200,1
gwcs,../roman/.data/build21/r0000101001001001001_0001_wfi16_f158_cal.asdf,wfi16,eval,100,19,0.005456425,1
gwcs,../roman/.data/build21/r0000101001001001001_0001_wfi16_f158_cal.asdf,wfi16,eval,100,20,0.005259636,1
gwcs,../roman/.data/build21/r0000101001001001001_0001_wfi16_f158_cal.asdf,wfi16,eval,100,21,0.005394861,1
gwcs,../roman/.data/build21/r0000101001001001001_0001_wfi16_f158_cal.asdf,wfi16,eval,100,22,0.005606100,1
gwcs,../roman/.data/build21/r0000101001001001001_0001_wfi16_f158_cal.asdf,wfi16,eval,100,23,0.005132033,1
gwcs,../roman/.data/build21/r0000101001001001001_0001_wfi16_f158_cal.asdf,wfi16,eval,100,24,0.005593062,1
gwcs,../roman/.data/build21/r0000101001001001001_0001_wfi16_f158_cal.asdf,wfi16,eval,100,25,0.005335315,1
gwcs,../roman/.data/build21/r0000101001001001001_0001_wfi16_f158_cal.asdf,wfi16,eval,100,26,0.004944259,1
gwcs,../roman/.data/build21/r0000101001001001001_0001_wfi16_f158_cal.asdf,wfi16,eval,100,27,0.005010472,1
gwcs,../roman/.data/build21/r0000101001001001001_0001_wfi16_f158_cal.asdf,wfi16,eval,100,28,0.005339286,1
gwcs,../roman/.data/build21/r0000101001001001001_0001_wfi16_f158_cal.asdf,wfi16,eval,100,29,0.005020124,1
gwcs,../roman/.data/build21/r0000101001001001001_0001_wfi16_f158_cal.asdf,wfi16,eval,100,30,0.005023454,1
gwcs,../roman/.data/build21/r0000101001001001001_0001_wfi16_f158_cal.asdf,wfi16,eval,100,31,0.005318075,1
gwcs,../roman/.data/build21/r0000101001001001001_0001_wfi16_f158_cal.asdf,wfi16,eval,100,32,0.005090610,1
gwcs,../roman/.data/build21/r0000101001001001001_0001_wfi16_f158_cal.asdf,wfi16,eval,100,33,0.004930499,1
gwcs,../roman/.data/build21/r0000101001001001001_0001_wfi16_f158_cal.asdf,wfi16,eval,100,34,0.005275969,1
gwcs,../roman/.data/build21/r0000101001001001001_0001_wfi16_f158_cal.asdf,wfi16,eval,100,35,0.005007682,1
gwcs,../roman/.data/build21/r0000101001001001001_0001_wfi16_f158_cal.asdf,wfi16,eval,100,36,0.004937380,1
gwcs,../roman/.data/build21/r0000101001001001001_0001_wfi16_f158_cal.asdf,wfi16,eval,100,37,0.005096914,1
gwcs,../roman/.data/build21/r0000101001001001001_0001_wfi16_f158_cal.asdf,wfi16,eval,100,38,0.005196475,1
gwcs,../roman/.data/build21/r0000101001001001001_0001_wfi16_f158_cal.asdf,wfi16,eval,100,39,0.004983930,1
gwcs,../roman/.data/build21/r0000101001001001001_0001_wfi16_f158_cal.asdf,wfi16,eval,100,40,0.005068858,1
gwcs,../roman/.data/build21/r0000101001001001001_0001_wfi16_f158_cal.asdf,wfi16,eval,100,41,0.005599195,1
gwcs,../roman/.data/build21/r0000101001001001001_0001_wfi16_f158_cal.asdf,wfi16,eval,100,42,0.005058033,1
gwcs,../roman/.data/build21/r0000101001001001001_0001_wfi16_f158_cal.asdf,wfi16,eval,100,43,0.005396462,1
gwcs,../roman/.data/build21/r0000101001001001001_0001_wfi16_f158_cal.asdf,wfi16,eval,100,44,0.005837714,1
gwcs,../roman/.data/build21/r0000101001001001001_0001_wfi16_f158_cal.asdf,wfi16,eval,100,45,0.006271810,1
gwcs,../roman/.data/build21/r0000101001001001001_0001_wfi16_f158_cal.asdf,wfi16,eval,100,46,0.007112288,1
gwcs,../roman/.data/build21/r0000101001001001001_0001_wfi16_f158_cal.asdf,wfi16,eval,100,47,0.005164355,1
gwcs,../roman/.data/build21/r0000101001001001001_0001_wfi16_f158_cal.asdf,wfi16,eval,100,48,0.004994880,1
gwcs,../roman/.data/build21/r0000101001001001001_0001_wfi16_f158_cal.asdf,wfi16,eval,100,49,0.005015161,1
gwcs,../roman/.data/build21/r0000101001001001001_0001_wfi16_f158_cal.asdf,wfi16,eval,1000,0,0.006431083,1
gwcs,../roman/.data/build21/r0000101001001001001_0001_wfi16_f158_cal.asdf,wfi16,eval,1000,1,0.006442310,1
gwcs,../roman/.data/build21/r0000101001001001001_0001_wfi16_f158_cal.asdf,wfi16,eval,1000,2,0.008357048,1
gwcs,../roman/.data/build21/r0000101001001001001_0001_wfi16_f158_cal.asdf,wfi16,eval,1000,3,0.005766361,1
gwcs,../roman/.data/build21/r0000101001001001001_0001_wfi16_f158_cal.asdf,wfi16,eval,1000,4,0.005915697,1
gwcs,../roman/.data/build21/r0000101001001001001_0001_wfi16_f158_cal.asdf,wfi16,eval,1000,5,0.005477362,1
gwcs,../roman/.data/build21/r0000101001001001001_0001_wfi16_f158_cal.asdf,wfi16,eval,1000,6,0.005327010,1
gwcs,../roman/.data/build21/r0000101001001001001_0001_wfi16_f158_cal.asdf,wfi16,eval,1000,7,0.005594768,1
gwcs,../roman/.data/build21/r0000101001001001001_0001_wfi16_f158_cal.asdf,wfi16,eval,1000,8,0.005514412,1
gwcs,../roman/.data/build21/r0000101001001001001_0001_wfi16_f158_cal.asdf,wfi16,eval,1000,9,0.005342878,1
gwcs,../roman/.data/build21/r0000101001001001001_0001_wfi16_f158_cal.asdf,wfi16,eval,1000,10,0.005528416,1
gwcs,../roman/.data/build21/r0000101001001001001_0001_wfi16_f158_cal.asdf,wfi16,eval,1000,11,0.005527874,1
gwcs,../roman/.data/build21/r0000101001001001001_0001_wfi16_f158_cal.asdf,wfi16,eval,1000,12,0.005330409,1
gwcs,../roman/.data/build21/r0000101001001001001_0001_wfi16_f158_cal.asdf,wfi16,eval,1000,13,0.005318433,1
gwcs,../roman/.data/build21/r0000101001001001001_0001_wfi16_f158_cal.asdf,wfi16,eval,1000,14,0.005801571,1
gwcs,../roman/.data/build21/r0000101001001001001_0001_wfi16_f158_cal.asdf,wfi16,eval,1000,15,0.005829887,1
gwcs,../roman/.data/build21/r0000101001001001001_0001_wfi16_f158_cal.asdf,wfi16,eval,1000,16,0.005741693,1
gwcs,../roman/.data/build21/r0000101001001001001_0001_wfi16_f158_cal.asdf,wfi16,eval,1000,17,0.006141723,1
gwcs,../roman/.data/build21/r0000101001001001001_0001_wfi16_f158_cal.asdf,wfi16,eval,1000,18,0.005577185,1
gwcs,../roman/.data/build21/r0000101001001001001_0001_wfi16_f158_cal.asdf,wfi16,eval,1000,19,0.006788195,1
gwcs,../roman/.data/build21/r0000101001001001001_0001_wfi16_f158_cal.asdf,wfi16,eval,10000,0,0.010009089,1
gwcs,../roman/.data/build21/r0000101001001001001_0001_wfi16_f158_cal.asdf,wfi16,eval,10000,1,0.009353017,1
gwcs,../roman/.data/build21/r0000101001001001001_0001_wfi16_f158_cal.asdf,wfi16,eval,10000,2,0.009198415,1
gwcs,../roman/.data/build21/r0000101001001001001_0001_wfi16_f158_cal.asdf,wfi16,eval,10000,3,0.009151597,1
gwcs,../roman/.data/build21/r0000101001001001001_0001_wfi16_f158_cal.asdf,wfi16,eval,10000,4,0.008737129,1
gwcs,../roman/.data/build21/r0000101001001001001_0001_wfi16_f158_cal.asdf,wfi16,eval,10000,5,0.009091091,1
gwcs,../roman/.data/build21/r0000101001001001001_0001_wfi16_f158_cal.asdf,wfi16,eval,10000,6,0.008901930,1
gwcs,../roman/.data/build21/r0000101001001001001_0001_wfi16_f158_cal.asdf,wfi16,eval,10000,7,0.010356111,1
gwcs,../roman/.data/build21/r0000101001001001001_0001_wfi16_f158_cal.asdf,wfi16,eval,10000,8,0.009807982,1
gwcs,../roman/.data/build21/r0000101001001001001_0001_wfi16_f158_cal.asdf,wfi16,eval,10000,9,0.008527083,1
gwcs,../roman/.data/build21/r0000101001001001001_0001_wfi16_f158_cal.asdf,wfi16,eval,100000,0,0.040089051,1
gwcs,../roman/.data/build21/r0000101001001001001_0001_wfi16_f158_cal.asdf,wfi16,eval,100000,1,0.040031420,1
gwcs,../roman/.data/build21/r0000101001001001001_0001_wfi16_f158_cal.asdf,wfi16,eval,100000,2,0.039116561,1
gwcs,../roman/.data/build21/r0000101001001001001_0001_wfi16_f158_cal.asdf,wfi16,eval,100000,3,0.038405540,1
gwcs,../roman/.data/build21/r0000101001001001001_0001_wfi16_f158_cal.asdf,wfi16,eval,100000,4,0.039912567,1
gwcs,../roman/.data/build21/r0000101001001001001_0001_wfi16_f158_cal.asdf,wfi16,eval,1000000,0,0.380734097,1
gwcs,../roman/.data/build21/r0000101001001001001_0001_wfi16_f158_cal.asdf,wfi16,eval,1000000,1,0.387383615,1
gwcs,../roman/.data/build21/r0000101001001001001_0001_wfi16_f158_cal.asdf,wfi16,eval,1000000,2,0.385608447,1
gwcs,../roman/.data/build21/r0000101001001001001_0001_wfi16_f158_cal.asdf,wfi16,eval,10000000,0,4.016420280,1
gwcs,../roman/.data/build21/r0000101001001001001_0001_wfi16_f158_cal.asdf,wfi16,eval,10000000,1,4.209924109,1
gwcs,../roman/.data/build21/r0000101001001001001_0001_wfi16_f158_cal.asdf,wfi16,eval,16711744,0,6.898682278,1
gwcs,../roman/.data/build21/r0000101001001001001_0001_wfi16_f158_cal.asdf,wfi16,eval,16711744,1,6.631362114,1
gwcs,../roman/.data/build21/r0000101001001001001_0001_wfi17_f158_cal.asdf,wfi17,parse_cold,0,0,0.773401275,1
gwcs,../roman/.data/build21/r0000101001001001001_0001_wfi17_f158_cal.asdf,wfi17,parse_hot,0,0,0.766465335,1
gwcs,../roman/.data/build21/r0000101001001001001_0001_wfi17_f158_cal.asdf,wfi17,eval,1,0,0.005562020,1
gwcs,../roman/.data/build21/r0000101001001001001_0001_wfi17_f158_cal.asdf,wfi17,eval,1,1,0.005063638,1
gwcs,../roman/.data/build21/r0000101001001001001_0001_wfi17_f158_cal.asdf,wfi17,eval,1,2,0.004859300,1
gwcs,../roman/.data/build21/r0000101001001001001_0001_wfi17_f158_cal.asdf,wfi17,eval,1,3,0.005206503,1
gwcs,../roman/.data/build21/r0000101001001001001_0001_wfi17_f158_cal.asdf,wfi17,eval,1,4,0.004894481,1
gwcs,../roman/.data/build21/r0000101001001001001_0001_wfi17_f158_cal.asdf,wfi17,eval,1,5,0.004762072,1
gwcs,../roman/.data/build21/r0000101001001001001_0001_wfi17_f158_cal.asdf,wfi17,eval,1,6,0.004800712,1
gwcs,../roman/.data/build21/r0000101001001001001_0001_wfi17_f158_cal.asdf,wfi17,eval,1,7,0.005088261,1
gwcs,../roman/.data/build21/r0000101001001001001_0001_wfi17_f158_cal.asdf,wfi17,eval,1,8,0.004799924,1
gwcs,../roman/.data/build21/r0000101001001001001_0001_wfi17_f158_cal.asdf,wfi17,eval,1,9,0.004805190,1
gwcs,../roman/.data/build21/r0000101001001001001_0001_wfi17_f158_cal.asdf,wfi17,eval,1,10,0.005170862,1
gwcs,../roman/.data/build21/r0000101001001001001_0001_wfi17_f158_cal.asdf,wfi17,eval,1,11,0.006114595,1
gwcs,../roman/.data/build21/r0000101001001001001_0001_wfi17_f158_cal.asdf,wfi17,eval,1,12,0.005842615,1
gwcs,../roman/.data/build21/r0000101001001001001_0001_wfi17_f158_cal.asdf,wfi17,eval,1,13,0.005210394,1
gwcs,../roman/.data/build21/r0000101001001001001_0001_wfi17_f158_cal.asdf,wfi17,eval,1,14,0.004847392,1
gwcs,../roman/.data/build21/r0000101001001001001_0001_wfi17_f158_cal.asdf,wfi17,eval,1,15,0.005015379,1
gwcs,../roman/.data/build21/r0000101001001001001_0001_wfi17_f158_cal.asdf,wfi17,eval,1,16,0.004922719,1
gwcs,../roman/.data/build21/r0000101001001001001_0001_wfi17_f158_cal.asdf,wfi17,eval,1,17,0.004790594,1
gwcs,../roman/.data/build21/r0000101001001001001_0001_wfi17_f158_cal.asdf,wfi17,eval,1,18,0.004740350,1
gwcs,../roman/.data/build21/r0000101001001001001_0001_wfi17_f158_cal.asdf,wfi17,eval,1,19,0.005166082,1
gwcs,../roman/.data/build21/r0000101001001001001_0001_wfi17_f158_cal.asdf,wfi17,eval,1,20,0.005354412,1
gwcs,../roman/.data/build21/r0000101001001001001_0001_wfi17_f158_cal.asdf,wfi17,eval,1,21,0.005074273,1
gwcs,../roman/.data/build21/r0000101001001001001_0001_wfi17_f158_cal.asdf,wfi17,eval,1,22,0.005085670,1
gwcs,../roman/.data/build21/r0000101001001001001_0001_wfi17_f158_cal.asdf,wfi17,eval,1,23,0.004898990,1
gwcs,../roman/.data/build21/r0000101001001001001_0001_wfi17_f158_cal.asdf,wfi17,eval,1,24,0.004811594,1
gwcs,../roman/.data/build21/r0000101001001001001_0001_wfi17_f158_cal.asdf,wfi17,eval,1,25,0.005347932,1
gwcs,../roman/.data/build21/r0000101001001001001_0001_wfi17_f158_cal.asdf,wfi17,eval,1,26,0.004894631,1
gwcs,../roman/.data/build21/r0000101001001001001_0001_wfi17_f158_cal.asdf,wfi17,eval,1,27,0.004944162,1
gwcs,../roman/.data/build21/r0000101001001001001_0001_wfi17_f158_cal.asdf,wfi17,eval,1,28,0.004957117,1
gwcs,../roman/.data/build21/r0000101001001001001_0001_wfi17_f158_cal.asdf,wfi17,eval,1,29,0.004976993,1
gwcs,../roman/.data/build21/r0000101001001001001_0001_wfi17_f158_cal.asdf,wfi17,eval,1,30,0.004859680,1
gwcs,../roman/.data/build21/r0000101001001001001_0001_wfi17_f158_cal.asdf,wfi17,eval,1,31,0.004734977,1
gwcs,../roman/.data/build21/r0000101001001001001_0001_wfi17_f158_cal.asdf,wfi17,eval,1,32,0.005040145,1
gwcs,../roman/.data/build21/r0000101001001001001_0001_wfi17_f158_cal.asdf,wfi17,eval,1,33,0.004839594,1
gwcs,../roman/.data/build21/r0000101001001001001_0001_wfi17_f158_cal.asdf,wfi17,eval,1,34,0.004817571,1
gwcs,../roman/.data/build21/r0000101001001001001_0001_wfi17_f158_cal.asdf,wfi17,eval,1,35,0.005010945,1
gwcs,../roman/.data/build21/r0000101001001001001_0001_wfi17_f158_cal.asdf,wfi17,eval,1,36,0.004883485,1
gwcs,../roman/.data/build21/r0000101001001001001_0001_wfi17_f158_cal.asdf,wfi17,eval,1,37,0.004973205,1
gwcs,../roman/.data/build21/r0000101001001001001_0001_wfi17_f158_cal.asdf,wfi17,eval,1,38,0.004743525,1
gwcs,../roman/.data/build21/r0000101001001001001_0001_wfi17_f158_cal.asdf,wfi17,eval,1,39,0.005573171,1
gwcs,../roman/.data/build21/r0000101001001001001_0001_wfi17_f158_cal.asdf,wfi17,eval,1,40,0.004999007,1
gwcs,../roman/.data/build21/r0000101001001001001_0001_wfi17_f158_cal.asdf,wfi17,eval,1,41,0.004843525,1
gwcs,../roman/.data/build21/r0000101001001001001_0001_wfi17_f158_cal.asdf,wfi17,eval,1,42,0.005030498,1
gwcs,../roman/.data/build21/r0000101001001001001_0001_wfi17_f158_cal.asdf,wfi17,eval,1,43,0.005084873,1
gwcs,../roman/.data/build21/r0000101001001001001_0001_wfi17_f158_cal.asdf,wfi17,eval,1,44,0.004745391,1
gwcs,../roman/.data/build21/r0000101001001001001_0001_wfi17_f158_cal.asdf,wfi17,eval,1,45,0.004989550,1
gwcs,../roman/.data/build21/r0000101001001001001_0001_wfi17_f158_cal.asdf,wfi17,eval,1,46,0.004851939,1
gwcs,../roman/.data/build21/r0000101001001001001_0001_wfi17_f158_cal.asdf,wfi17,eval,1,47,0.004958265,1
gwcs,../roman/.data/build21/r0000101001001001001_0001_wfi17_f158_cal.asdf,wfi17,eval,1,48,0.004723785,1
gwcs,../roman/.data/build21/r0000101001001001001_0001_wfi17_f158_cal.asdf,wfi17,eval,1,49,0.005208029,1
gwcs,../roman/.data/build21/r0000101001001001001_0001_wfi17_f158_cal.asdf,wfi17,eval,1,50,0.004873296,1
gwcs,../roman/.data/build21/r0000101001001001001_0001_wfi17_f158_cal.asdf,wfi17,eval,1,51,0.004769258,1
gwcs,../roman/.data/build21/r0000101001001001001_0001_wfi17_f158_cal.asdf,wfi17,eval,1,52,0.005079220,1
gwcs,../roman/.data/build21/r0000101001001001001_0001_wfi17_f158_cal.asdf,wfi17,eval,1,53,0.005007748,1
gwcs,../roman/.data/build21/r0000101001001001001_0001_wfi17_f158_cal.asdf,wfi17,eval,1,54,0.004826684,1
gwcs,../roman/.data/build21/r0000101001001001001_0001_wfi17_f158_cal.asdf,wfi17,eval,1,55,0.004955156,1
gwcs,../roman/.data/build21/r0000101001001001001_0001_wfi17_f158_cal.asdf,wfi17,eval,1,56,0.005172612,1
gwcs,../roman/.data/build21/r0000101001001001001_0001_wfi17_f158_cal.asdf,wfi17,eval,1,57,0.004832516,1
gwcs,../roman/.data/build21/r0000101001001001001_0001_wfi17_f158_cal.asdf,wfi17,eval,1,58,0.004799995,1
gwcs,../roman/.data/build21/r0000101001001001001_0001_wfi17_f158_cal.asdf,wfi17,eval,1,59,0.005063402,1
gwcs,../roman/.data/build21/r0000101001001001001_0001_wfi17_f158_cal.asdf,wfi17,eval,1,60,0.004901205,1
gwcs,../roman/.data/build21/r0000101001001001001_0001_wfi17_f158_cal.asdf,wfi17,eval,1,61,0.004782389,1
gwcs,../roman/.data/build21/r0000101001001001001_0001_wfi17_f158_cal.asdf,wfi17,eval,1,62,0.005052792,1
gwcs,../roman/.data/build21/r0000101001001001001_0001_wfi17_f158_cal.asdf,wfi17,eval,1,63,0.004850306,1
gwcs,../roman/.data/build21/r0000101001001001001_0001_wfi17_f158_cal.asdf,wfi17,eval,1,64,0.004803097,1
gwcs,../roman/.data/build21/r0000101001001001001_0001_wfi17_f158_cal.asdf,wfi17,eval,1,65,0.004823876,1
gwcs,../roman/.data/build21/r0000101001001001001_0001_wfi17_f158_cal.asdf,wfi17,eval,1,66,0.005140875,1
gwcs,../roman/.data/build21/r0000101001001001001_0001_wfi17_f158_cal.asdf,wfi17,eval,1,67,0.004855297,1
gwcs,../roman/.data/build21/r0000101001001001001_0001_wfi17_f158_cal.asdf,wfi17,eval,1,68,0.005163759,1
gwcs,../roman/.data/build21/r0000101001001001001_0001_wfi17_f158_cal.asdf,wfi17,eval,1,69,0.005326014,1
gwcs,../roman/.data/build21/r0000101001001001001_0001_wfi17_f158_cal.asdf,wfi17,eval,1,70,0.005038711,1
gwcs,../roman/.data/build21/r0000101001001001001_0001_wfi17_f158_cal.asdf,wfi17,eval,1,71,0.005147995,1
gwcs,../roman/.data/build21/r0000101001001001001_0001_wfi17_f158_cal.asdf,wfi17,eval,1,72,0.005044174,1
gwcs,../roman/.data/build21/r0000101001001001001_0001_wfi17_f158_cal.asdf,wfi17,eval,1,73,0.004905393,1
gwcs,../roman/.data/build21/r0000101001001001001_0001_wfi17_f158_cal.asdf,wfi17,eval,1,74,0.004836300,1
gwcs,../roman/.data/build21/r0000101001001001001_0001_wfi17_f158_cal.asdf,wfi17,eval,1,75,0.004846626,1
gwcs,../roman/.data/build21/r0000101001001001001_0001_wfi17_f158_cal.asdf,wfi17,eval,1,76,0.004993040,1
gwcs,../roman/.data/build21/r0000101001001001001_0001_wfi17_f158_cal.asdf,wfi17,eval,1,77,0.004905509,1
gwcs,../roman/.data/build21/r0000101001001001001_0001_wfi17_f158_cal.asdf,wfi17,eval,1,78,0.004756771,1
gwcs,../roman/.data/build21/r0000101001001001001_0001_wfi17_f158_cal.asdf,wfi17,eval,1,79,0.010519835,1
gwcs,../roman/.data/build21/r0000101001001001001_0001_wfi17_f158_cal.asdf,wfi17,eval,1,80,0.006789447,1
gwcs,../roman/.data/build21/r0000101001001001001_0001_wfi17_f158_cal.asdf,wfi17,eval,1,81,0.004858671,1
gwcs,../roman/.data/build21/r0000101001001001001_0001_wfi17_f158_cal.asdf,wfi17,eval,1,82,0.004801242,1
gwcs,../roman/.data/build21/r0000101001001001001_0001_wfi17_f158_cal.asdf,wfi17,eval,1,83,0.004840166,1
gwcs,../roman/.data/build21/r0000101001001001001_0001_wfi17_f158_cal.asdf,wfi17,eval,1,84,0.004794864,1
gwcs,../roman/.data/build21/r0000101001001001001_0001_wfi17_f158_cal.asdf,wfi17,eval,1,85,0.004841295,1
gwcs,../roman/.data/build21/r0000101001001001001_0001_wfi17_f158_cal.asdf,wfi17,eval,1,86,0.004785271,1
gwcs,../roman/.data/build21/r0000101001001001001_0001_wfi17_f158_cal.asdf,wfi17,eval,1,87,0.005321621,1
gwcs,../roman/.data/build21/r0000101001001001001_0001_wfi17_f158_cal.asdf,wfi17,eval,1,88,0.006149088,1
gwcs,../roman/.data/build21/r0000101001001001001_0001_wfi17_f158_cal.asdf,wfi17,eval,1,89,0.004834051,1
gwcs,../roman/.data/build21/r0000101001001001001_0001_wfi17_f158_cal.asdf,wfi17,eval,1,90,0.005098427,1
gwcs,../roman/.data/build21/r0000101001001001001_0001_wfi17_f158_cal.asdf,wfi17,eval,1,91,0.004900915,1
gwcs,../roman/.data/build21/r0000101001001001001_0001_wfi17_f158_cal.asdf,wfi17,eval,1,92,0.004790243,1
gwcs,../roman/.data/build21/r0000101001001001001_0001_wfi17_f158_cal.asdf,wfi17,eval,1,93,0.004827123,1
gwcs,../roman/.data/build21/r0000101001001001001_0001_wfi17_f158_cal.asdf,wfi17,eval,1,94,0.004758251,1
gwcs,../roman/.data/build21/r0000101001001001001_0001_wfi17_f158_cal.asdf,wfi17,eval,1,95,0.004826075,1
gwcs,../roman/.data/build21/r0000101001001001001_0001_wfi17_f158_cal.asdf,wfi17,eval,1,96,0.004829090,1
gwcs,../roman/.data/build21/r0000101001001001001_0001_wfi17_f158_cal.asdf,wfi17,eval,1,97,0.004794796,1
gwcs,../roman/.data/build21/r0000101001001001001_0001_wfi17_f158_cal.asdf,wfi17,eval,1,98,0.004966930,1
gwcs,../roman/.data/build21/r0000101001001001001_0001_wfi17_f158_cal.asdf,wfi17,eval,1,99,0.004801899,1
gwcs,../roman/.data/build21/r0000101001001001001_0001_wfi17_f158_cal.asdf,wfi17,eval,10,0,0.005034062,1
gwcs,../roman/.data/build21/r0000101001001001001_0001_wfi17_f158_cal.asdf,wfi17,eval,10,1,0.005565802,1
gwcs,../roman/.data/build21/r0000101001001001001_0001_wfi17_f158_cal.asdf,wfi17,eval,10,2,0.004991095,1
gwcs,../roman/.data/build21/r0000101001001001001_0001_wfi17_f158_cal.asdf,wfi17,eval,10,3,0.004858017,1
gwcs,../roman/.data/build21/r0000101001001001001_0001_wfi17_f158_cal.asdf,wfi17,eval,10,4,0.005187603,1
gwcs,../roman/.data/build21/r0000101001001001001_0001_wfi17_f158_cal.asdf,wfi17,eval,10,5,0.005041095,1
gwcs,../roman/.data/build21/r0000101001001001001_0001_wfi17_f158_cal.asdf,wfi17,eval,10,6,0.004878063,1
gwcs,../roman/.data/build21/r0000101001001001001_0001_wfi17_f158_cal.asdf,wfi17,eval,10,7,0.004967719,1
gwcs,../roman/.data/build21/r0000101001001001001_0001_wfi17_f158_cal.asdf,wfi17,eval,10,8,0.005245755,1
gwcs,../roman/.data/build21/r0000101001001001001_0001_wfi17_f158_cal.asdf,wfi17,eval,10,9,0.004881358,1
gwcs,../roman/.data/build21/r0000101001001001001_0001_wfi17_f158_cal.asdf,wfi17,eval,10,10,0.004852842,1
gwcs,../roman/.data/build21/r0000101001001001001_0001_wfi17_f158_cal.asdf,wfi17,eval,10,11,0.005185846,1
gwcs,../roman/.data/build21/r0000101001001001001_0001_wfi17_f158_cal.asdf,wfi17,eval,10,12,0.004935073,1
gwcs,../roman/.data/build21/r0000101001001001001_0001_wfi17_f158_cal.asdf,wfi17,eval,10,13,0.004866982,1
gwcs,../roman/.data/build21/r0000101001001001001_0001_wfi17_f158_cal.asdf,wfi17,eval,10,14,0.005020551,1
gwcs,../roman/.data/build21/r0000101001001001001_0001_wfi17_f158_cal.asdf,wfi17,eval,10,15,0.005048244,1
gwcs,../roman/.data/build21/r0000101001001001001_0001_wfi17_f158_cal.asdf,wfi17,eval,10,16,0.004891682,1
gwcs,../roman/.data/build21/r0000101001001001001_0001_wfi17_f158_cal.asdf,wfi17,eval,10,17,0.004838224,1
gwcs,../roman/.data/build21/r0000101001001001001_0001_wfi17_f158_cal.asdf,wfi17,eval,10,18,0.005297059,1
gwcs,../roman/.data/build21/r0000101001001001001_0001_wfi17_f158_cal.asdf,wfi17,eval,10,19,0.004935023,1
gwcs,../roman/.data/build21/r0000101001001001001_0001_wfi17_f158_cal.asdf,wfi17,eval,10,20,0.004893722,1
gwcs,../roman/.data/build21/r0000101001001001001_0001_wfi17_f158_cal.asdf,wfi17,eval,10,21,0.005217531,1
gwcs,../roman/.data/build21/r0000101001001001001_0001_wfi17_f158_cal.asdf,wfi17,eval,10,22,0.004946145,1
gwcs,../roman/.data/build21/r0000101001001001001_0001_wfi17_f158_cal.asdf,wfi17,eval,10,23,0.004893928,1
gwcs,../roman/.data/build21/r0000101001001001001_0001_wfi17_f158_cal.asdf,wfi17,eval,10,24,0.005092956,1
gwcs,../roman/.data/build21/r0000101001001001001_0001_wfi17_f158_cal.asdf,wfi17,eval,10,25,0.005065665,1
gwcs,../roman/.data/build21/r0000101001001001001_0001_wfi17_f158_cal.asdf,wfi17,eval,10,26,0.004893867,1
gwcs,../roman/.data/build21/r0000101001001001001_0001_wfi17_f158_cal.asdf,wfi17,eval,10,27,0.004872443,1
gwcs,../roman/.data/build21/r0000101001001001001_0001_wfi17_f158_cal.asdf,wfi17,eval,10,28,0.005229481,1
gwcs,../roman/.data/build21/r0000101001001001001_0001_wfi17_f158_cal.asdf,wfi17,eval,10,29,0.004888767,1
gwcs,../roman/.data/build21/r0000101001001001001_0001_wfi17_f158_cal.asdf,wfi17,eval,10,30,0.004875171,1
gwcs,../roman/.data/build21/r0000101001001001001_0001_wfi17_f158_cal.asdf,wfi17,eval,10,31,0.005269852,1
gwcs,../roman/.data/build21/r0000101001001001001_0001_wfi17_f158_cal.asdf,wfi17,eval,10,32,0.004955546,1
gwcs,../roman/.data/build21/r0000101001001001001_0001_wfi17_f158_cal.asdf,wfi17,eval,10,33,0.004886744,1
gwcs,../roman/.data/build21/r0000101001001001001_0001_wfi17_f158_cal.asdf,wfi17,eval,10,34,0.005077401,1
gwcs,../roman/.data/build21/r0000101001001001001_0001_wfi17_f158_cal.asdf,wfi17,eval,10,35,0.005071899,1
gwcs,../roman/.data/build21/r0000101001001001001_0001_wfi17_f158_cal.asdf,wfi17,eval,10,36,0.004870991,1
gwcs,../roman/.data/build21/r0000101001001001001_0001_wfi17_f158_cal.asdf,wfi17,eval,10,37,0.004884914,1
gwcs,../roman/.data/build21/r0000101001001001001_0001_wfi17_f158_cal.asdf,wfi17,eval,10,38,0.005241713,1
gwcs,../roman/.data/build21/r0000101001001001001_0001_wfi17_f158_cal.asdf,wfi17,eval,10,39,0.004888141,1
gwcs,../roman/.data/build21/r0000101001001001001_0001_wfi17_f158_cal.asdf,wfi17,eval,10,40,0.004843509,1
gwcs,../roman/.data/build21/r0000101001001001001_0001_wfi17_f158_cal.asdf,wfi17,eval,10,41,0.005390247,1
gwcs,../roman/.data/build21/r0000101001001001001_0001_wfi17_f158_cal.asdf,wfi17,eval,10,42,0.005536108,1
gwcs,../roman/.data/build21/r0000101001001001001_0001_wfi17_f158_cal.asdf,wfi17,eval,10,43,0.006132394,1
gwcs,../roman/.data/build21/r0000101001001001001_0001_wfi17_f158_cal.asdf,wfi17,eval,10,44,0.005380086,1
gwcs,../roman/.data/build21/r0000101001001001001_0001_wfi17_f158_cal.asdf,wfi17,eval,10,45,0.004962351,1
gwcs,../roman/.data/build21/r0000101001001001001_0001_wfi17_f158_cal.asdf,wfi17,eval,10,46,0.004886562,1
gwcs,../roman/.data/build21/r0000101001001001001_0001_wfi17_f158_cal.asdf,wfi17,eval,10,47,0.005198736,1
gwcs,../roman/.data/build21/r0000101001001001001_0001_wfi17_f158_cal.asdf,wfi17,eval,10,48,0.004985242,1
gwcs,../roman/.data/build21/r0000101001001001001_0001_wfi17_f158_cal.asdf,wfi17,eval,10,49,0.004926865,1
gwcs,../roman/.data/build21/r0000101001001001001_0001_wfi17_f158_cal.asdf,wfi17,eval,10,50,0.004909915,1
gwcs,../roman/.data/build21/r0000101001001001001_0001_wfi17_f158_cal.asdf,wfi17,eval,10,51,0.005384411,1
gwcs,../roman/.data/build21/r0000101001001001001_0001_wfi17_f158_cal.asdf,wfi17,eval,10,52,0.004898318,1
gwcs,../roman/.data/build21/r0000101001001001001_0001_wfi17_f158_cal.asdf,wfi17,eval,10,53,0.004892306,1
gwcs,../roman/.data/build21/r0000101001001001001_0001_wfi17_f158_cal.asdf,wfi17,eval,10,54,0.005227530,1
gwcs,../roman/.data/build21/r0000101001001001001_0001_wfi17_f158_cal.asdf,wfi17,eval,10,55,0.004985247,1
gwcs,../roman/.data/build21/r0000101001001001001_0001_wfi17_f158_cal.asdf,wfi17,eval,10,56,0.004926429,1
gwcs,../roman/.data/build21/r0000101001001001001_0001_wfi17_f158_cal.asdf,wfi17,eval,10,57,0.005069533,1
gwcs,../roman/.data/build21/r0000101001001001001_0001_wfi17_f158_cal.asdf,wfi17,eval,10,58,0.005114468,1
gwcs,../roman/.data/build21/r0000101001001001001_0001_wfi17_f158_cal.asdf,wfi17,eval,10,59,0.004934850,1
gwcs,../roman/.data/build21/r0000101001001001001_0001_wfi17_f158_cal.asdf,wfi17,eval,10,60,0.004900326,1
gwcs,../roman/.data/build21/r0000101001001001001_0001_wfi17_f158_cal.asdf,wfi17,eval,10,61,0.005344924,1
gwcs,../roman/.data/build21/r0000101001001001001_0001_wfi17_f158_cal.asdf,wfi17,eval,10,62,0.005031729,1
gwcs,../roman/.data/build21/r0000101001001001001_0001_wfi17_f158_cal.asdf,wfi17,eval,10,63,0.004897876,1
gwcs,../roman/.data/build21/r0000101001001001001_0001_wfi17_f158_cal.asdf,wfi17,eval,10,64,0.005244561,1
gwcs,../roman/.data/build21/r0000101001001001001_0001_wfi17_f158_cal.asdf,wfi17,eval,10,65,0.004985873,1
gwcs,../roman/.data/build21/r0000101001001001001_0001_wfi17_f158_cal.asdf,wfi17,eval,10,66,0.004917631,1
gwcs,../roman/.data/build21/r0000101001001001001_0001_wfi17_f158_cal.asdf,wfi17,eval,10,67,0.005271146,1
gwcs,../roman/.data/build21/r0000101001001001001_0001_wfi17_f158_cal.asdf,wfi17,eval,10,68,0.005063375,1
gwcs,../roman/.data/build21/r0000101001001001001_0001_wfi17_f158_cal.asdf,wfi17,eval,10,69,0.004911081,1
gwcs,../roman/.data/build21/r0000101001001001001_0001_wfi17_f158_cal.asdf,wfi17,eval,10,70,0.004902068,1
gwcs,../roman/.data/build21/r0000101001001001001_0001_wfi17_f158_cal.asdf,wfi17,eval,10,71,0.006645569,1
gwcs,../roman/.data/build21/r0000101001001001001_0001_wfi17_f158_cal.asdf,wfi17,eval,10,72,0.005298222,1
gwcs,../roman/.data/build21/r0000101001001001001_0001_wfi17_f158_cal.asdf,wfi17,eval,10,73,0.005040365,1
gwcs,../roman/.data/build21/r0000101001001001001_0001_wfi17_f158_cal.asdf,wfi17,eval,10,74,0.005672151,1
gwcs,../roman/.data/build21/r0000101001001001001_0001_wfi17_f158_cal.asdf,wfi17,eval,10,75,0.005137383,1
gwcs,../roman/.data/build21/r0000101001001001001_0001_wfi17_f158_cal.asdf,wfi17,eval,10,76,0.005286792,1
gwcs,../roman/.data/build21/r0000101001001001001_0001_wfi17_f158_cal.asdf,wfi17,eval,10,77,0.005474109,1
gwcs,../roman/.data/build21/r0000101001001001001_0001_wfi17_f158_cal.asdf,wfi17,eval,10,78,0.005372372,1
gwcs,../roman/.data/build21/r0000101001001001001_0001_wfi17_f158_cal.asdf,wfi17,eval,10,79,0.004993900,1
gwcs,../roman/.data/build21/r0000101001001001001_0001_wfi17_f158_cal.asdf,wfi17,eval,10,80,0.005763278,1
gwcs,../roman/.data/build21/r0000101001001001001_0001_wfi17_f158_cal.asdf,wfi17,eval,10,81,0.005088908,1
gwcs,../roman/.data/build21/r0000101001001001001_0001_wfi17_f158_cal.asdf,wfi17,eval,10,82,0.005290456,1
gwcs,../roman/.data/build21/r0000101001001001001_0001_wfi17_f158_cal.asdf,wfi17,eval,10,83,0.005129616,1
gwcs,../roman/.data/build21/r0000101001001001001_0001_wfi17_f158_cal.asdf,wfi17,eval,10,84,0.005307042,1
gwcs,../roman/.data/build21/r0000101001001001001_0001_wfi17_f158_cal.asdf,wfi17,eval,10,85,0.005418122,1
gwcs,../roman/.data/build21/r0000101001001001001_0001_wfi17_f158_cal.asdf,wfi17,eval,10,86,0.005385014,1
gwcs,../roman/.data/build21/r0000101001001001001_0001_wfi17_f158_cal.asdf,wfi17,eval,10,87,0.005134621,1
gwcs,../roman/.data/build21/r0000101001001001001_0001_wfi17_f158_cal.asdf,wfi17,eval,10,88,0.005203993,1
gwcs,../roman/.data/build21/r0000101001001001001_0001_wfi17_f158_cal.asdf,wfi17,eval,10,89,0.005045811,1
gwcs,../roman/.data/build21/r0000101001001001001_0001_wfi17_f158_cal.asdf,wfi17,eval,10,90,0.005293586,1
gwcs,../roman/.data/build21/r0000101001001001001_0001_wfi17_f158_cal.asdf,wfi17,eval,10,91,0.005001041,1
gwcs,../roman/.data/build21/r0000101001001001001_0001_wfi17_f158_cal.asdf,wfi17,eval,10,92,0.005178343,1
gwcs,../roman/.data/build21/r0000101001001001001_0001_wfi17_f158_cal.asdf,wfi17,eval,10,93,0.005393811,1
gwcs,../roman/.data/build21/r0000101001001001001_0001_wfi17_f158_cal.asdf,wfi17,eval,10,94,0.005243887,1
gwcs,../roman/.data/build21/r0000101001001001001_0001_wfi17_f158_cal.asdf,wfi17,eval,10,95,0.005111723,1
gwcs,../roman/.data/build21/r0000101001001001001_0001_wfi17_f158_cal.asdf,wfi17,eval,10,96,0.005295985,1
gwcs,../roman/.data/build21/r0000101001001001001_0001_wfi17_f158_cal.asdf,wfi17,eval,10,97,0.005048231,1
gwcs,../roman/.data/build21/r0000101001001001001_0001_wfi17_f158_cal.asdf,wfi17,eval,10,98,0.005159223,1
gwcs,../roman/.data/build21/r0000101001001001001_0001_wfi17_f158_cal.asdf,wfi17,eval,10,99,0.005126984,1
gwcs,../roman/.data/build21/r0000101001001001001_0001_wfi17_f158_cal.asdf,wfi17,eval,100,0,0.005477957,1
gwcs,../roman/.data/build21/r0000101001001001001_0001_wfi17_f158_cal.asdf,wfi17,eval,100,1,0.005369549,1
gwcs,../roman/.data/build21/r0000101001001001001_0001_wfi17_f158_cal.asdf,wfi17,eval,100,2,0.006836523,1
gwcs,../roman/.data/build21/r0000101001001001001_0001_wfi17_f158_cal.asdf,wfi17,eval,100,3,0.006136775,1
gwcs,../roman/.data/build21/r0000101001001001001_0001_wfi17_f158_cal.asdf,wfi17,eval,100,4,0.005336118,1
gwcs,../roman/.data/build21/r0000101001001001001_0001_wfi17_f158_cal.asdf,wfi17,eval,100,5,0.005172958,1
gwcs,../roman/.data/build21/r0000101001001001001_0001_wfi17_f158_cal.asdf,wfi17,eval,100,6,0.005341412,1
gwcs,../roman/.data/build21/r0000101001001001001_0001_wfi17_f158_cal.asdf,wfi17,eval,100,7,0.005062363,1
gwcs,../roman/.data/build21/r0000101001001001001_0001_wfi17_f158_cal.asdf,wfi17,eval,100,8,0.005518433,1
gwcs,../roman/.data/build21/r0000101001001001001_0001_wfi17_f158_cal.asdf,wfi17,eval,100,9,0.005242942,1
gwcs,../roman/.data/build21/r0000101001001001001_0001_wfi17_f158_cal.asdf,wfi17,eval,100,10,0.005294759,1
gwcs,../roman/.data/build21/r0000101001001001001_0001_wfi17_f158_cal.asdf,wfi17,eval,100,11,0.005110603,1
gwcs,../roman/.data/build21/r0000101001001001001_0001_wfi17_f158_cal.asdf,wfi17,eval,100,12,0.005388563,1
gwcs,../roman/.data/build21/r0000101001001001001_0001_wfi17_f158_cal.asdf,wfi17,eval,100,13,0.005045716,1
gwcs,../roman/.data/build21/r0000101001001001001_0001_wfi17_f158_cal.asdf,wfi17,eval,100,14,0.005291913,1
gwcs,../roman/.data/build21/r0000101001001001001_0001_wfi17_f158_cal.asdf,wfi17,eval,100,15,0.005147978,1
gwcs,../roman/.data/build21/r0000101001001001001_0001_wfi17_f158_cal.asdf,wfi17,eval,100,16,0.005235140,1
gwcs,../roman/.data/build21/r0000101001001001001_0001_wfi17_f158_cal.asdf,wfi17,eval,100,17,0.005126650,1
gwcs,../roman/.data/build21/r0000101001001001001_0001_wfi17_f158_cal.asdf,wfi17,eval,100,18,0.005366878,1
gwcs,../roman/.data/build21/r0000101001001001001_0001_wfi17_f158_cal.asdf,wfi17,eval,100,19,0.005237104,1
gwcs,../roman/.data/build21/r0000101001001001001_0001_wfi17_f158_cal.asdf,wfi17,eval,100,20,0.005420080,1
gwcs,../roman/.data/build21/r0000101001001001001_0001_wfi17_f158_cal.asdf,wfi17,eval,100,21,0.005145083,1
gwcs,../roman/.data/build21/r0000101001001001001_0001_wfi17_f158_cal.asdf,wfi17,eval,100,22,0.005239456,1
gwcs,../roman/.data/build21/r0000101001001001001_0001_wfi17_f158_cal.asdf,wfi17,eval,100,23,0.005050403,1
gwcs,../roman/.data/build21/r0000101001001001001_0001_wfi17_f158_cal.asdf,wfi17,eval,100,24,0.005300206,1
gwcs,../roman/.data/build21/r0000101001001001001_0001_wfi17_f158_cal.asdf,wfi17,eval,100,25,0.005102406,1
gwcs,../roman/.data/build21/r0000101001001001001_0001_wfi17_f158_cal.asdf,wfi17,eval,100,26,0.005256537,1
gwcs,../roman/.data/build21/r0000101001001001001_0001_wfi17_f158_cal.asdf,wfi17,eval,100,27,0.005142055,1
gwcs,../roman/.data/build21/r0000101001001001001_0001_wfi17_f158_cal.asdf,wfi17,eval,100,28,0.005288179,1
gwcs,../roman/.data/build21/r0000101001001001001_0001_wfi17_f158_cal.asdf,wfi17,eval,100,29,0.005116972,1
gwcs,../roman/.data/build21/r0000101001001001001_0001_wfi17_f158_cal.asdf,wfi17,eval,100,30,0.005249977,1
gwcs,../roman/.data/build21/r0000101001001001001_0001_wfi17_f158_cal.asdf,wfi17,eval,100,31,0.005175529,1
gwcs,../roman/.data/build21/r0000101001001001001_0001_wfi17_f158_cal.asdf,wfi17,eval,100,32,0.005175880,1
gwcs,../roman/.data/build21/r0000101001001001001_0001_wfi17_f158_cal.asdf,wfi17,eval,100,33,0.005702324,1
gwcs,../roman/.data/build21/r0000101001001001001_0001_wfi17_f158_cal.asdf,wfi17,eval,100,34,0.005537091,1
gwcs,../roman/.data/build21/r0000101001001001001_0001_wfi17_f158_cal.asdf,wfi17,eval,100,35,0.005081777,1
gwcs,../roman/.data/build21/r0000101001001001001_0001_wfi17_f158_cal.asdf,wfi17,eval,100,36,0.005216185,1
gwcs,../roman/.data/build21/r0000101001001001001_0001_wfi17_f158_cal.asdf,wfi17,eval,100,37,0.005688255,1
gwcs,../roman/.data/build21/r0000101001001001001_0001_wfi17_f158_cal.asdf,wfi17,eval,100,38,0.005276138,1
gwcs,../roman/.data/build21/r0000101001001001001_0001_wfi17_f158_cal.asdf,wfi17,eval,100,39,0.005070097,1
gwcs,../roman/.data/build21/r0000101001001001001_0001_wfi17_f158_cal.asdf,wfi17,eval,100,40,0.005703448,1
gwcs,../roman/.data/build21/r0000101001001001001_0001_wfi17_f158_cal.asdf,wfi17,eval,100,41,0.005091643,1
gwcs,../roman/.data/build21/r0000101001001001001_0001_wfi17_f158_cal.asdf,wfi17,eval,100,42,0.005274525,1
gwcs,../roman/.data/build21/r0000101001001001001_0001_wfi17_f158_cal.asdf,wfi17,eval,100,43,0.005490807,1
gwcs,../roman/.data/build21/r0000101001001001001_0001_wfi17_f158_cal.asdf,wfi17,eval,100,44,0.005293324,1
gwcs,../roman/.data/build21/r0000101001001001001_0001_wfi17_f158_cal.asdf,wfi17,eval,100,45,0.005093294,1
gwcs,../roman/.data/build21/r0000101001001001001_0001_wfi17_f158_cal.asdf,wfi17,eval,100,46,0.005789347,1
gwcs,../roman/.data/build21/r0000101001001001001_0001_wfi17_f158_cal.asdf,wfi17,eval,100,47,0.005153222,1
gwcs,../roman/.data/build21/r0000101001001001001_0001_wfi17_f158_cal.asdf,wfi17,eval,100,48,0.005330994,1
gwcs,../roman/.data/build21/r0000101001001001001_0001_wfi17_f158_cal.asdf,wfi17,eval,100,49,0.005493594,1
gwcs,../roman/.data/build21/r0000101001001001001_0001_wfi17_f158_cal.asdf,wfi17,eval,1000,0,0.005993722,1
gwcs,../roman/.data/build21/r0000101001001001001_0001_wfi17_f158_cal.asdf,wfi17,eval,1000,1,0.005757595,1
gwcs,../roman/.data/build21/r0000101001001001001_0001_wfi17_f158_cal.asdf,wfi17,eval,1000,2,0.005929859,1
gwcs,../roman/.data/build21/r0000101001001001001_0001_wfi17_f158_cal.asdf,wfi17,eval,1000,3,0.005473252,1
gwcs,../roman/.data/build21/r0000101001001001001_0001_wfi17_f158_cal.asdf,wfi17,eval,1000,4,0.005649284,1
gwcs,../roman/.data/build21/r0000101001001001001_0001_wfi17_f158_cal.asdf,wfi17,eval,1000,5,0.005678623,1
gwcs,../roman/.data/build21/r0000101001001001001_0001_wfi17_f158_cal.asdf,wfi17,eval,1000,6,0.008242678,1
gwcs,../roman/.data/build21/r0000101001001001001_0001_wfi17_f158_cal.asdf,wfi17,eval,1000,7,0.012958559,1
gwcs,../roman/.data/build21/r0000101001001001001_0001_wfi17_f158_cal.asdf,wfi17,eval,1000,8,0.012519805,1
gwcs,../roman/.data/build21/r0000101001001001001_0001_wfi17_f158_cal.asdf,wfi17,eval,1000,9,0.012353227,1
gwcs,../roman/.data/build21/r0000101001001001001_0001_wfi17_f158_cal.asdf,wfi17,eval,1000,10,0.012426623,1
gwcs,../roman/.data/build21/r0000101001001001001_0001_wfi17_f158_cal.asdf,wfi17,eval,1000,11,0.012835342,1
gwcs,../roman/.data/build21/r0000101001001001001_0001_wfi17_f158_cal.asdf,wfi17,eval,1000,12,0.012641500,1
gwcs,../roman/.data/build21/r0000101001001001001_0001_wfi17_f158_cal.asdf,wfi17,eval,1000,13,0.012461091,1
gwcs,../roman/.data/build21/r0000101001001001001_0001_wfi17_f158_cal.asdf,wfi17,eval,1000,14,0.012564448,1
gwcs,../roman/.data/build21/r0000101001001001001_0001_wfi17_f158_cal.asdf,wfi17,eval,1000,15,0.012563417,1
gwcs,../roman/.data/build21/r0000101001001001001_0001_wfi17_f158_cal.asdf,wfi17,eval,1000,16,0.012450967,1
gwcs,../roman/.data/build21/r0000101001001001001_0001_wfi17_f158_cal.asdf,wfi17,eval,1000,17,0.012487484,1
gwcs,../roman/.data/build21/r0000101001001001001_0001_wfi17_f158_cal.asdf,wfi17,eval,1000,18,0.012315311,1
gwcs,../roman/.data/build21/r0000101001001001001_0001_wfi17_f158_cal.asdf,wfi17,eval,1000,19,0.012790052,1
gwcs,../roman/.data/build21/r0000101001001001001_0001_wfi17_f158_cal.asdf,wfi17,eval,10000,0,0.018228847,1
gwcs,../roman/.data/build21/r0000101001001001001_0001_wfi17_f158_cal.asdf,wfi17,eval,10000,1,0.018232886,1
gwcs,../roman/.data/build21/r0000101001001001001_0001_wfi17_f158_cal.asdf,wfi17,eval,10000,2,0.018493845,1
gwcs,../roman/.data/build21/r0000101001001001001_0001_wfi17_f158_cal.asdf,wfi17,eval,10000,3,0.018727972,1
gwcs,../roman/.data/build21/r0000101001001001001_0001_wfi17_f158_cal.asdf,wfi17,eval,10000,4,0.018389305,1
gwcs,../roman/.data/build21/r0000101001001001001_0001_wfi17_f158_cal.asdf,wfi17,eval,10000,5,0.018473085,1
gwcs,../roman/.data/build21/r0000101001001001001_0001_wfi17_f158_cal.asdf,wfi17,eval,10000,6,0.018560252,1
gwcs,../roman/.data/build21/r0000101001001001001_0001_wfi17_f158_cal.asdf,wfi17,eval,10000,7,0.018471292,1
gwcs,../roman/.data/build21/r0000101001001001001_0001_wfi17_f158_cal.asdf,wfi17,eval,10000,8,0.012422332,1
gwcs,../roman/.data/build21/r0000101001001001001_0001_wfi17_f158_cal.asdf,wfi17,eval,10000,9,0.008941945,1
gwcs,../roman/.data/build21/r0000101001001001001_0001_wfi17_f158_cal.asdf,wfi17,eval,100000,0,0.038413288,1
gwcs,../roman/.data/build21/r0000101001001001001_0001_wfi17_f158_cal.asdf,wfi17,eval,100000,1,0.040155338,1
gwcs,../roman/.data/build21/r0000101001001001001_0001_wfi17_f158_cal.asdf,wfi17,eval,100000,2,0.039347397,1
gwcs,../roman/.data/build21/r0000101001001001001_0001_wfi17_f158_cal.asdf,wfi17,eval,100000,3,0.039211116,1
gwcs,../roman/.data/build21/r0000101001001001001_0001_wfi17_f158_cal.asdf,wfi17,eval,100000,4,0.039760853,1
gwcs,../roman/.data/build21/r0000101001001001001_0001_wfi17_f158_cal.asdf,wfi17,eval,1000000,0,0.396720875,1
gwcs,../roman/.data/build21/r0000101001001001001_0001_wfi17_f158_cal.asdf,wfi17,eval,1000000,1,0.390618400,1
gwcs,../roman/.data/build21/r0000101001001001001_0001_wfi17_f158_cal.asdf,wfi17,eval,1000000,2,0.399216360,1
gwcs,../roman/.data/build21/r0000101001001001001_0001_wfi17_f158_cal.asdf,wfi17,eval,10000000,0,4.190996645,1
gwcs,../roman/.data/build21/r0000101001001001001_0001_wfi17_f158_cal.asdf,wfi17,eval,10000000,1,4.240454524,1
gwcs,../roman/.data/build21/r0000101001001001001_0001_wfi17_f158_cal.asdf,wfi17,eval,16711744,0,6.564140409,1
gwcs,../roman/.data/build21/r0000101001001001001_0001_wfi17_f158_cal.asdf,wfi17,eval,16711744,1,6.562683024,1
gwcs,../roman/.data/build21/r0000101001001001001_0001_wfi18_f158_cal.asdf,wfi18,parse_cold,0,0,0.775524182,1
gwcs,../roman/.data/build21/r0000101001001001001_0001_wfi18_f158_cal.asdf,wfi18,parse_hot,0,0,0.545860255,1
gwcs,../roman/.data/build21/r0000101001001001001_0001_wfi18_f158_cal.asdf,wfi18,eval,1,0,0.005621958,1
gwcs,../roman/.data/build21/r0000101001001001001_0001_wfi18_f158_cal.asdf,wfi18,eval,1,1,0.005483700,1
gwcs,../roman/.data/build21/r0000101001001001001_0001_wfi18_f158_cal.asdf,wfi18,eval,1,2,0.005294148,1
gwcs,../roman/.data/build21/r0000101001001001001_0001_wfi18_f158_cal.asdf,wfi18,eval,1,3,0.005427406,1
gwcs,../roman/.data/build21/r0000101001001001001_0001_wfi18_f158_cal.asdf,wfi18,eval,1,4,0.005247409,1
gwcs,../roman/.data/build21/r0000101001001001001_0001_wfi18_f158_cal.asdf,wfi18,eval,1,5,0.005374980,1
gwcs,../roman/.data/build21/r0000101001001001001_0001_wfi18_f158_cal.asdf,wfi18,eval,1,6,0.005034451,1
gwcs,../roman/.data/build21/r0000101001001001001_0001_wfi18_f158_cal.asdf,wfi18,eval,1,7,0.005365483,1
gwcs,../roman/.data/build21/r0000101001001001001_0001_wfi18_f158_cal.asdf,wfi18,eval,1,8,0.005011544,1
gwcs,../roman/.data/build21/r0000101001001001001_0001_wfi18_f158_cal.asdf,wfi18,eval,1,9,0.005074637,1
gwcs,../roman/.data/build21/r0000101001001001001_0001_wfi18_f158_cal.asdf,wfi18,eval,1,10,0.005168619,1
gwcs,../roman/.data/build21/r0000101001001001001_0001_wfi18_f158_cal.asdf,wfi18,eval,1,11,0.005000384,1
gwcs,../roman/.data/build21/r0000101001001001001_0001_wfi18_f158_cal.asdf,wfi18,eval,1,12,0.005057896,1
gwcs,../roman/.data/build21/r0000101001001001001_0001_wfi18_f158_cal.asdf,wfi18,eval,1,13,0.005084271,1
gwcs,../roman/.data/build21/r0000101001001001001_0001_wfi18_f158_cal.asdf,wfi18,eval,1,14,0.004986281,1
gwcs,../roman/.data/build21/r0000101001001001001_0001_wfi18_f158_cal.asdf,wfi18,eval,1,15,0.005294061,1
gwcs,../roman/.data/build21/r0000101001001001001_0001_wfi18_f158_cal.asdf,wfi18,eval,1,16,0.005100402,1
gwcs,../roman/.data/build21/r0000101001001001001_0001_wfi18_f158_cal.asdf,wfi18,eval,1,17,0.005072827,1
gwcs,../roman/.data/build21/r0000101001001001001_0001_wfi18_f158_cal.asdf,wfi18,eval,1,18,0.005474951,1
gwcs,../roman/.data/build21/r0000101001001001001_0001_wfi18_f158_cal.asdf,wfi18,eval,1,19,0.005115371,1
gwcs,../roman/.data/build21/r0000101001001001001_0001_wfi18_f158_cal.asdf,wfi18,eval,1,20,0.005284091,1
gwcs,../roman/.data/build21/r0000101001001001001_0001_wfi18_f158_cal.asdf,wfi18,eval,1,21,0.005026140,1
gwcs,../roman/.data/build21/r0000101001001001001_0001_wfi18_f158_cal.asdf,wfi18,eval,1,22,0.005001878,1
gwcs,../roman/.data/build21/r0000101001001001001_0001_wfi18_f158_cal.asdf,wfi18,eval,1,23,0.005088768,1
gwcs,../roman/.data/build21/r0000101001001001001_0001_wfi18_f158_cal.asdf,wfi18,eval,1,24,0.004929613,1
gwcs,../roman/.data/build21/r0000101001001001001_0001_wfi18_f158_cal.asdf,wfi18,eval,1,25,0.005078029,1
gwcs,../roman/.data/build21/r0000101001001001001_0001_wfi18_f158_cal.asdf,wfi18,eval,1,26,0.005160540,1
gwcs,../roman/.data/build21/r0000101001001001001_0001_wfi18_f158_cal.asdf,wfi18,eval,1,27,0.005036884,1
gwcs,../roman/.data/build21/r0000101001001001001_0001_wfi18_f158_cal.asdf,wfi18,eval,1,28,0.005085335,1
gwcs,../roman/.data/build21/r0000101001001001001_0001_wfi18_f158_cal.asdf,wfi18,eval,1,29,0.005149673,1
gwcs,../roman/.data/build21/r0000101001001001001_0001_wfi18_f158_cal.asdf,wfi18,eval,1,30,0.005052872,1
gwcs,../roman/.data/build21/r0000101001001001001_0001_wfi18_f158_cal.asdf,wfi18,eval,1,31,0.004996326,1
gwcs,../roman/.data/build21/r0000101001001001001_0001_wfi18_f158_cal.asdf,wfi18,eval,1,32,0.005053597,1
gwcs,../roman/.data/build21/r0000101001001001001_0001_wfi18_f158_cal.asdf,wfi18,eval,1,33,0.004966419,1
gwcs,../roman/.data/build21/r0000101001001001001_0001_wfi18_f158_cal.asdf,wfi18,eval,1,34,0.005121885,1
gwcs,../roman/.data/build21/r0000101001001001001_0001_wfi18_f158_cal.asdf,wfi18,eval,1,35,0.005015033,1
gwcs,../roman/.data/build21/r0000101001001001001_0001_wfi18_f158_cal.asdf,wfi18,eval,1,36,0.005000872,1
gwcs,../roman/.data/build21/r0000101001001001001_0001_wfi18_f158_cal.asdf,wfi18,eval,1,37,0.004980480,1
gwcs,../roman/.data/build21/r0000101001001001001_0001_wfi18_f158_cal.asdf,wfi18,eval,1,38,0.004926664,1
gwcs,../roman/.data/build21/r0000101001001001001_0001_wfi18_f158_cal.asdf,wfi18,eval,1,39,0.004969002,1
gwcs,../roman/.data/build21/r0000101001001001001_0001_wfi18_f158_cal.asdf,wfi18,eval,1,40,0.004991801,1
gwcs,../roman/.data/build21/r0000101001001001001_0001_wfi18_f158_cal.asdf,wfi18,eval,1,41,0.004931751,1
gwcs,../roman/.data/build21/r0000101001001001001_0001_wfi18_f158_cal.asdf,wfi18,eval,1,42,0.005214784,1
gwcs,../roman/.data/build21/r0000101001001001001_0001_wfi18_f158_cal.asdf,wfi18,eval,1,43,0.005381732,1
gwcs,../roman/.data/build21/r0000101001001001001_0001_wfi18_f158_cal.asdf,wfi18,eval,1,44,0.004768937,1
gwcs,../roman/.data/build21/r0000101001001001001_0001_wfi18_f158_cal.asdf,wfi18,eval,1,45,0.004777943,1
gwcs,../roman/.data/build21/r0000101001001001001_0001_wfi18_f158_cal.asdf,wfi18,eval,1,46,0.004824408,1
gwcs,../roman/.data/build21/r0000101001001001001_0001_wfi18_f158_cal.asdf,wfi18,eval,1,47,0.004824239,1
gwcs,../roman/.data/build21/r0000101001001001001_0001_wfi18_f158_cal.asdf,wfi18,eval,1,48,0.004785767,1
gwcs,../roman/.data/build21/r0000101001001001001_0001_wfi18_f158_cal.asdf,wfi18,eval,1,49,0.004986986,1
gwcs,../roman/.data/build21/r0000101001001001001_0001_wfi18_f158_cal.asdf,wfi18,eval,1,50,0.005058845,1
gwcs,../roman/.data/build21/r0000101001001001001_0001_wfi18_f158_cal.asdf,wfi18,eval,1,51,0.005076930,1
gwcs,../roman/.data/build21/r0000101001001001001_0001_wfi18_f158_cal.asdf,wfi18,eval,1,52,0.004990865,1
gwcs,../roman/.data/build21/r0000101001001001001_0001_wfi18_f158_cal.asdf,wfi18,eval,1,53,0.005001220,1
gwcs,../roman/.data/build21/r0000101001001001001_0001_wfi18_f158_cal.asdf,wfi18,eval,1,54,0.005072054,1
gwcs,../roman/.data/build21/r0000101001001001001_0001_wfi18_f158_cal.asdf,wfi18,eval,1,55,0.005088268,1
gwcs,../roman/.data/build21/r0000101001001001001_0001_wfi18_f158_cal.asdf,wfi18,eval,1,56,0.004981383,1
gwcs,../roman/.data/build21/r0000101001001001001_0001_wfi18_f158_cal.asdf,wfi18,eval,1,57,0.005161460,1
gwcs,../roman/.data/build21/r0000101001001001001_0001_wfi18_f158_cal.asdf,wfi18,eval,1,58,0.005025527,1
gwcs,../roman/.data/build21/r0000101001001001001_0001_wfi18_f158_cal.asdf,wfi18,eval,1,59,0.005016057,1
gwcs,../roman/.data/build21/r0000101001001001001_0001_wfi18_f158_cal.asdf,wfi18,eval,1,60,0.005022675,1
gwcs,../roman/.data/build21/r0000101001001001001_0001_wfi18_f158_cal.asdf,wfi18,eval,1,61,0.005067588,1
gwcs,../roman/.data/build21/r0000101001001001001_0001_wfi18_f158_cal.asdf,wfi18,eval,1,62,0.004966015,1
gwcs,../roman/.data/build21/r0000101001001001001_0001_wfi18_f158_cal.asdf,wfi18,eval,1,63,0.004996774,1
gwcs,../roman/.data/build21/r0000101001001001001_0001_wfi18_f158_cal.asdf,wfi18,eval,1,64,0.005122213,1
gwcs,../roman/.data/build21/r0000101001001001001_0001_wfi18_f158_cal.asdf,wfi18,eval,1,65,0.004895169,1
gwcs,../roman/.data/build21/r0000101001001001001_0001_wfi18_f158_cal.asdf,wfi18,eval,1,66,0.005183483,1
gwcs,../roman/.data/build21/r0000101001001001001_0001_wfi18_f158_cal.asdf,wfi18,eval,1,67,0.005235139,1
gwcs,../roman/.data/build21/r0000101001001001001_0001_wfi18_f158_cal.asdf,wfi18,eval,1,68,0.004964086,1
gwcs,../roman/.data/build21/r0000101001001001001_0001_wfi18_f158_cal.asdf,wfi18,eval,1,69,0.005103961,1
gwcs,../roman/.data/build21/r0000101001001001001_0001_wfi18_f158_cal.asdf,wfi18,eval,1,70,0.005133275,1
gwcs,../roman/.data/build21/r0000101001001001001_0001_wfi18_f158_cal.asdf,wfi18,eval,1,71,0.004904201,1
gwcs,../roman/.data/build21/r0000101001001001001_0001_wfi18_f158_cal.asdf,wfi18,eval,1,72,0.008898683,1
gwcs,../roman/.data/build21/r0000101001001001001_0001_wfi18_f158_cal.asdf,wfi18,eval,1,73,0.006443969,1
gwcs,../roman/.data/build21/r0000101001001001001_0001_wfi18_f158_cal.asdf,wfi18,eval,1,74,0.004930256,1
gwcs,../roman/.data/build21/r0000101001001001001_0001_wfi18_f158_cal.asdf,wfi18,eval,1,75,0.004939090,1
gwcs,../roman/.data/build21/r0000101001001001001_0001_wfi18_f158_cal.asdf,wfi18,eval,1,76,0.004852595,1
gwcs,../roman/.data/build21/r0000101001001001001_0001_wfi18_f158_cal.asdf,wfi18,eval,1,77,0.004780348,1
gwcs,../roman/.data/build21/r0000101001001001001_0001_wfi18_f158_cal.asdf,wfi18,eval,1,78,0.004918197,1
gwcs,../roman/.data/build21/r0000101001001001001_0001_wfi18_f158_cal.asdf,wfi18,eval,1,79,0.004877105,1
gwcs,../roman/.data/build21/r0000101001001001001_0001_wfi18_f158_cal.asdf,wfi18,eval,1,80,0.004785796,1
gwcs,../roman/.data/build21/r0000101001001001001_0001_wfi18_f158_cal.asdf,wfi18,eval,1,81,0.004845371,1
gwcs,../roman/.data/build21/r0000101001001001001_0001_wfi18_f158_cal.asdf,wfi18,eval,1,82,0.004917836,1
gwcs,../roman/.data/build21/r0000101001001001001_0001_wfi18_f158_cal.asdf,wfi18,eval,1,83,0.004815322,1
gwcs,../roman/.data/build21/r0000101001001001001_0001_wfi18_f158_cal.asdf,wfi18,eval,1,84,0.004760710,1
gwcs,../roman/.data/build21/r0000101001001001001_0001_wfi18_f158_cal.asdf,wfi18,eval,1,85,0.004835241,1
gwcs,../roman/.data/build21/r0000101001001001001_0001_wfi18_f158_cal.asdf,wfi18,eval,1,86,0.004872907,1
gwcs,../roman/.data/build21/r0000101001001001001_0001_wfi18_f158_cal.asdf,wfi18,eval,1,87,0.004802030,1
gwcs,../roman/.data/build21/r0000101001001001001_0001_wfi18_f158_cal.asdf,wfi18,eval,1,88,0.004802907,1
gwcs,../roman/.data/build21/r0000101001001001001_0001_wfi18_f158_cal.asdf,wfi18,eval,1,89,0.004874610,1
gwcs,../roman/.data/build21/r0000101001001001001_0001_wfi18_f158_cal.asdf,wfi18,eval,1,90,0.004797311,1
gwcs,../roman/.data/build21/r0000101001001001001_0001_wfi18_f158_cal.asdf,wfi18,eval,1,91,0.004837452,1
gwcs,../roman/.data/build21/r0000101001001001001_0001_wfi18_f158_cal.asdf,wfi18,eval,1,92,0.004879096,1
gwcs,../roman/.data/build21/r0000101001001001001_0001_wfi18_f158_cal.asdf,wfi18,eval,1,93,0.004781003,1
gwcs,../roman/.data/build21/r0000101001001001001_0001_wfi18_f158_cal.asdf,wfi18,eval,1,94,0.004974074,1
gwcs,../roman/.data/build21/r0000101001001001001_0001_wfi18_f158_cal.asdf,wfi18,eval,1,95,0.005053896,1
gwcs,../roman/.data/build21/r0000101001001001001_0001_wfi18_f158_cal.asdf,wfi18,eval,1,96,0.004904537,1
gwcs,../roman/.data/build21/r0000101001001001001_0001_wfi18_f158_cal.asdf,wfi18,eval,1,97,0.004741244,1
gwcs,../roman/.data/build21/r0000101001001001001_0001_wfi18_f158_cal.asdf,wfi18,eval,1,98,0.004835506,1
gwcs,../roman/.data/build21/r0000101001001001001_0001_wfi18_f158_cal.asdf,wfi18,eval,1,99,0.005163741,1
gwcs,../roman/.data/build21/r0000101001001001001_0001_wfi18_f158_cal.asdf,wfi18,eval,10,0,0.005075978,1
gwcs,../roman/.data/build21/r0000101001001001001_0001_wfi18_f158_cal.asdf,wfi18,eval,10,1,0.005210537,1
gwcs,../roman/.data/build21/r0000101001001001001_0001_wfi18_f158_cal.asdf,wfi18,eval,10,2,0.005725238,1
gwcs,../roman/.data/build21/r0000101001001001001_0001_wfi18_f158_cal.asdf,wfi18,eval,10,3,0.005018151,1
gwcs,../roman/.data/build21/r0000101001001001001_0001_wfi18_f158_cal.asdf,wfi18,eval,10,4,0.004859919,1
gwcs,../roman/.data/build21/r0000101001001001001_0001_wfi18_f158_cal.asdf,wfi18,eval,10,5,0.005287467,1
gwcs,../roman/.data/build21/r0000101001001001001_0001_wfi18_f158_cal.asdf,wfi18,eval,10,6,0.004980993,1
gwcs,../roman/.data/build21/r0000101001001001001_0001_wfi18_f158_cal.asdf,wfi18,eval,10,7,0.004837064,1
gwcs,../roman/.data/build21/r0000101001001001001_0001_wfi18_f158_cal.asdf,wfi18,eval,10,8,0.005504971,1
gwcs,../roman/.data/build21/r0000101001001001001_0001_wfi18_f158_cal.asdf,wfi18,eval,10,9,0.005105686,1
gwcs,../roman/.data/build21/r0000101001001001001_0001_wfi18_f158_cal.asdf,wfi18,eval,10,10,0.004920674,1
gwcs,../roman/.data/build21/r0000101001001001001_0001_wfi18_f158_cal.asdf,wfi18,eval,10,11,0.005120971,1
gwcs,../roman/.data/build21/r0000101001001001001_0001_wfi18_f158_cal.asdf,wfi18,eval,10,12,0.005573157,1
gwcs,../roman/.data/build21/r0000101001001001001_0001_wfi18_f158_cal.asdf,wfi18,eval,10,13,0.005228128,1
gwcs,../roman/.data/build21/r0000101001001001001_0001_wfi18_f158_cal.asdf,wfi18,eval,10,14,0.004939768,1
gwcs,../roman/.data/build21/r0000101001001001001_0001_wfi18_f158_cal.asdf,wfi18,eval,10,15,0.005386587,1
gwcs,../roman/.data/build21/r0000101001001001001_0001_wfi18_f158_cal.asdf,wfi18,eval,10,16,0.005490609,1
gwcs,../roman/.data/build21/r0000101001001001001_0001_wfi18_f158_cal.asdf,wfi18,eval,10,17,0.005096145,1
gwcs,../roman/.data/build21/r0000101001001001001_0001_wfi18_f158_cal.asdf,wfi18,eval,10,18,0.005514934,1
gwcs,../roman/.data/build21/r0000101001001001001_0001_wfi18_f158_cal.asdf,wfi18,eval,10,19,0.004912185,1
gwcs,../roman/.data/build21/r0000101001001001001_0001_wfi18_f158_cal.asdf,wfi18,eval,10,20,0.004872940,1
gwcs,../roman/.data/build21/r0000101001001001001_0001_wfi18_f158_cal.asdf,wfi18,eval,10,21,0.005503767,1
gwcs,../roman/.data/build21/r0000101001001001001_0001_wfi18_f158_cal.asdf,wfi18,eval,10,22,0.005018204,1
gwcs,../roman/.data/build21/r0000101001001001001_0001_wfi18_f158_cal.asdf,wfi18,eval,10,23,0.004867337,1
gwcs,../roman/.data/build21/r0000101001001001001_0001_wfi18_f158_cal.asdf,wfi18,eval,10,24,0.005026435,1
gwcs,../roman/.data/build21/r0000101001001001001_0001_wfi18_f158_cal.asdf,wfi18,eval,10,25,0.005301281,1
gwcs,../roman/.data/build21/r0000101001001001001_0001_wfi18_f158_cal.asdf,wfi18,eval,10,26,0.004961247,1
gwcs,../roman/.data/build21/r0000101001001001001_0001_wfi18_f158_cal.asdf,wfi18,eval,10,27,0.004997130,1
gwcs,../roman/.data/build21/r0000101001001001001_0001_wfi18_f158_cal.asdf,wfi18,eval,10,28,0.005462472,1
gwcs,../roman/.data/build21/r0000101001001001001_0001_wfi18_f158_cal.asdf,wfi18,eval,10,29,0.004941007,1
gwcs,../roman/.data/build21/r0000101001001001001_0001_wfi18_f158_cal.asdf,wfi18,eval,10,30,0.004860830,1
gwcs,../roman/.data/build21/r0000101001001001001_0001_wfi18_f158_cal.asdf,wfi18,eval,10,31,0.005405599,1
gwcs,../roman/.data/build21/r0000101001001001001_0001_wfi18_f158_cal.asdf,wfi18,eval,10,32,0.004927161,1
gwcs,../roman/.data/build21/r0000101001001001001_0001_wfi18_f158_cal.asdf,wfi18,eval,10,33,0.005002473,1
gwcs,../roman/.data/build21/r0000101001001001001_0001_wfi18_f158_cal.asdf,wfi18,eval,10,34,0.005170921,1
gwcs,../roman/.data/build21/r0000101001001001001_0001_wfi18_f158_cal.asdf,wfi18,eval,10,35,0.005043260,1
gwcs,../roman/.data/build21/r0000101001001001001_0001_wfi18_f158_cal.asdf,wfi18,eval,10,36,0.004873329,1
gwcs,../roman/.data/build21/r0000101001001001001_0001_wfi18_f158_cal.asdf,wfi18,eval,10,37,0.004952250,1
gwcs,../roman/.data/build21/r0000101001001001001_0001_wfi18_f158_cal.asdf,wfi18,eval,10,38,0.005245944,1
gwcs,../roman/.data/build21/r0000101001001001001_0001_wfi18_f158_cal.asdf,wfi18,eval,10,39,0.004885660,1
gwcs,../roman/.data/build21/r0000101001001001001_0001_wfi18_f158_cal.asdf,wfi18,eval,10,40,0.004907150,1
gwcs,../roman/.data/build21/r0000101001001001001_0001_wfi18_f158_cal.asdf,wfi18,eval,10,41,0.005263017,1
gwcs,../roman/.data/build21/r0000101001001001001_0001_wfi18_f158_cal.asdf,wfi18,eval,10,42,0.004973488,1
gwcs,../roman/.data/build21/r0000101001001001001_0001_wfi18_f158_cal.asdf,wfi18,eval,10,43,0.004934663,1
gwcs,../roman/.data/build21/r0000101001001001001_0001_wfi18_f158_cal.asdf,wfi18,eval,10,44,0.005529460,1
gwcs,../roman/.data/build21/r0000101001001001001_0001_wfi18_f158_cal.asdf,wfi18,eval,10,45,0.005131077,1
gwcs,../roman/.data/build21/r0000101001001001001_0001_wfi18_f158_cal.asdf,wfi18,eval,10,46,0.004908810,1
gwcs,../roman/.data/build21/r0000101001001001001_0001_wfi18_f158_cal.asdf,wfi18,eval,10,47,0.005124826,1
gwcs,../roman/.data/build21/r0000101001001001001_0001_wfi18_f158_cal.asdf,wfi18,eval,10,48,0.005287999,1
gwcs,../roman/.data/build21/r0000101001001001001_0001_wfi18_f158_cal.asdf,wfi18,eval,10,49,0.005043222,1
gwcs,../roman/.data/build21/r0000101001001001001_0001_wfi18_f158_cal.asdf,wfi18,eval,10,50,0.005206024,1
gwcs,../roman/.data/build21/r0000101001001001001_0001_wfi18_f158_cal.asdf,wfi18,eval,10,51,0.005606266,1
gwcs,../roman/.data/build21/r0000101001001001001_0001_wfi18_f158_cal.asdf,wfi18,eval,10,52,0.005506393,1
gwcs,../roman/.data/build21/r0000101001001001001_0001_wfi18_f158_cal.asdf,wfi18,eval,10,53,0.005230545,1
gwcs,../roman/.data/build21/r0000101001001001001_0001_wfi18_f158_cal.asdf,wfi18,eval,10,54,0.005533786,1
gwcs,../roman/.data/build21/r0000101001001001001_0001_wfi18_f158_cal.asdf,wfi18,eval,10,55,0.005117606,1
gwcs,../roman/.data/build21/r0000101001001001001_0001_wfi18_f158_cal.asdf,wfi18,eval,10,56,0.005187051,1
gwcs,../roman/.data/build21/r0000101001001001001_0001_wfi18_f158_cal.asdf,wfi18,eval,10,57,0.005522887,1
gwcs,../roman/.data/build21/r0000101001001001001_0001_wfi18_f158_cal.asdf,wfi18,eval,10,58,0.005069610,1
gwcs,../roman/.data/build21/r0000101001001001001_0001_wfi18_f158_cal.asdf,wfi18,eval,10,59,0.005158291,1
gwcs,../roman/.data/build21/r0000101001001001001_0001_wfi18_f158_cal.asdf,wfi18,eval,10,60,0.005425853,1
gwcs,../roman/.data/build21/r0000101001001001001_0001_wfi18_f158_cal.asdf,wfi18,eval,10,61,0.005015185,1
gwcs,../roman/.data/build21/r0000101001001001001_0001_wfi18_f158_cal.asdf,wfi18,eval,10,62,0.004912660,1
gwcs,../roman/.data/build21/r0000101001001001001_0001_wfi18_f158_cal.asdf,wfi18,eval,10,63,0.005240864,1
gwcs,../roman/.data/build21/r0000101001001001001_0001_wfi18_f158_cal.asdf,wfi18,eval,10,64,0.005049476,1
gwcs,../roman/.data/build21/r0000101001001001001_0001_wfi18_f158_cal.asdf,wfi18,eval,10,65,0.005201535,1
gwcs,../roman/.data/build21/r0000101001001001001_0001_wfi18_f158_cal.asdf,wfi18,eval,10,66,0.006811399,1
gwcs,../roman/.data/build21/r0000101001001001001_0001_wfi18_f158_cal.asdf,wfi18,eval,10,67,0.005042047,1
gwcs,../roman/.data/build21/r0000101001001001001_0001_wfi18_f158_cal.asdf,wfi18,eval,10,68,0.004884688,1
gwcs,../roman/.data/build21/r0000101001001001001_0001_wfi18_f158_cal.asdf,wfi18,eval,10,69,0.004913744,1
gwcs,../roman/.data/build21/r0000101001001001001_0001_wfi18_f158_cal.asdf,wfi18,eval,10,70,0.005248268,1
gwcs,../roman/.data/build21/r0000101001001001001_0001_wfi18_f158_cal.asdf,wfi18,eval,10,71,0.005020625,1
gwcs,../roman/.data/build21/r0000101001001001001_0001_wfi18_f158_cal.asdf,wfi18,eval,10,72,0.004975213,1
gwcs,../roman/.data/build21/r0000101001001001001_0001_wfi18_f158_cal.asdf,wfi18,eval,10,73,0.005211291,1
gwcs,../roman/.data/build21/r0000101001001001001_0001_wfi18_f158_cal.asdf,wfi18,eval,10,74,0.005487293,1
gwcs,../roman/.data/build21/r0000101001001001001_0001_wfi18_f158_cal.asdf,wfi18,eval,10,75,0.004995875,1
gwcs,../roman/.data/build21/r0000101001001001001_0001_wfi18_f158_cal.asdf,wfi18,eval,10,76,0.005371922,1
gwcs,../roman/.data/build21/r0000101001001001001_0001_wfi18_f158_cal.asdf,wfi18,eval,10,77,0.005694670,1
gwcs,../roman/.data/build21/r0000101001001001001_0001_wfi18_f158_cal.asdf,wfi18,eval,10,78,0.005036310,1
gwcs,../roman/.data/build21/r0000101001001001001_0001_wfi18_f158_cal.asdf,wfi18,eval,10,79,0.005619225,1
gwcs,../roman/.data/build21/r0000101001001001001_0001_wfi18_f158_cal.asdf,wfi18,eval,10,80,0.005175349,1
gwcs,../roman/.data/build21/r0000101001001001001_0001_wfi18_f158_cal.asdf,wfi18,eval,10,81,0.004930790,1
gwcs,../roman/.data/build21/r0000101001001001001_0001_wfi18_f158_cal.asdf,wfi18,eval,10,82,0.007523028,1
gwcs,../roman/.data/build21/r0000101001001001001_0001_wfi18_f158_cal.asdf,wfi18,eval,10,83,0.005077821,1
gwcs,../roman/.data/build21/r0000101001001001001_0001_wfi18_f158_cal.asdf,wfi18,eval,10,84,0.004909628,1
gwcs,../roman/.data/build21/r0000101001001001001_0001_wfi18_f158_cal.asdf,wfi18,eval,10,85,0.005229261,1
gwcs,../roman/.data/build21/r0000101001001001001_0001_wfi18_f158_cal.asdf,wfi18,eval,10,86,0.004976289,1
gwcs,../roman/.data/build21/r0000101001001001001_0001_wfi18_f158_cal.asdf,wfi18,eval,10,87,0.004902264,1
gwcs,../roman/.data/build21/r0000101001001001001_0001_wfi18_f158_cal.asdf,wfi18,eval,10,88,0.005156785,1
gwcs,../roman/.data/build21/r0000101001001001001_0001_wfi18_f158_cal.asdf,wfi18,eval,10,89,0.005043680,1
gwcs,../roman/.data/build21/r0000101001001001001_0001_wfi18_f158_cal.asdf,wfi18,eval,10,90,0.004992228,1
gwcs,../roman/.data/build21/r0000101001001001001_0001_wfi18_f158_cal.asdf,wfi18,eval,10,91,0.004954775,1
gwcs,../roman/.data/build21/r0000101001001001001_0001_wfi18_f158_cal.asdf,wfi18,eval,10,92,0.005195828,1
gwcs,../roman/.data/build21/r0000101001001001001_0001_wfi18_f158_cal.asdf,wfi18,eval,10,93,0.004956318,1
gwcs,../roman/.data/build21/r0000101001001001001_0001_wfi18_f158_cal.asdf,wfi18,eval,10,94,0.004870404,1
gwcs,../roman/.data/build21/r0000101001001001001_0001_wfi18_f158_cal.asdf,wfi18,eval,10,95,0.005213168,1
gwcs,../roman/.data/build21/r0000101001001001001_0001_wfi18_f158_cal.asdf,wfi18,eval,10,96,0.004936269,1
gwcs,../roman/.data/build21/r0000101001001001001_0001_wfi18_f158_cal.asdf,wfi18,eval,10,97,0.004903527,1
gwcs,../roman/.data/build21/r0000101001001001001_0001_wfi18_f158_cal.asdf,wfi18,eval,10,98,0.005159711,1
gwcs,../roman/.data/build21/r0000101001001001001_0001_wfi18_f158_cal.asdf,wfi18,eval,10,99,0.005161941,1
gwcs,../roman/.data/build21/r0000101001001001001_0001_wfi18_f158_cal.asdf,wfi18,eval,100,0,0.005835528,1
gwcs,../roman/.data/build21/r0000101001001001001_0001_wfi18_f158_cal.asdf,wfi18,eval,100,1,0.005650981,1
gwcs,../roman/.data/build21/r0000101001001001001_0001_wfi18_f158_cal.asdf,wfi18,eval,100,2,0.005127054,1
gwcs,../roman/.data/build21/r0000101001001001001_0001_wfi18_f158_cal.asdf,wfi18,eval,100,3,0.004960767,1
gwcs,../roman/.data/build21/r0000101001001001001_0001_wfi18_f158_cal.asdf,wfi18,eval,100,4,0.005137836,1
gwcs,../roman/.data/build21/r0000101001001001001_0001_wfi18_f158_cal.asdf,wfi18,eval,100,5,0.005206711,1
gwcs,../roman/.data/build21/r0000101001001001001_0001_wfi18_f158_cal.asdf,wfi18,eval,100,6,0.004989911,1
gwcs,../roman/.data/build21/r0000101001001001001_0001_wfi18_f158_cal.asdf,wfi18,eval,100,7,0.005013485,1
gwcs,../roman/.data/build21/r0000101001001001001_0001_wfi18_f158_cal.asdf,wfi18,eval,100,8,0.005291237,1
gwcs,../roman/.data/build21/r0000101001001001001_0001_wfi18_f158_cal.asdf,wfi18,eval,100,9,0.004972931,1
gwcs,../roman/.data/build21/r0000101001001001001_0001_wfi18_f158_cal.asdf,wfi18,eval,100,10,0.005065693,1
gwcs,../roman/.data/build21/r0000101001001001001_0001_wfi18_f158_cal.asdf,wfi18,eval,100,11,0.005172984,1
gwcs,../roman/.data/build21/r0000101001001001001_0001_wfi18_f158_cal.asdf,wfi18,eval,100,12,0.005284465,1
gwcs,../roman/.data/build21/r0000101001001001001_0001_wfi18_f158_cal.asdf,wfi18,eval,100,13,0.005720832,1
gwcs,../roman/.data/build21/r0000101001001001001_0001_wfi18_f158_cal.asdf,wfi18,eval,100,14,0.005323628,1
gwcs,../roman/.data/build21/r0000101001001001001_0001_wfi18_f158_cal.asdf,wfi18,eval,100,15,0.005051703,1
gwcs,../roman/.data/build21/r0000101001001001001_0001_wfi18_f158_cal.asdf,wfi18,eval,100,16,0.004908268,1
gwcs,../roman/.data/build21/r0000101001001001001_0001_wfi18_f158_cal.asdf,wfi18,eval,100,17,0.005002477,1
gwcs,../roman/.data/build21/r0000101001001001001_0001_wfi18_f158_cal.asdf,wfi18,eval,100,18,0.005387854,1
gwcs,../roman/.data/build21/r0000101001001001001_0001_wfi18_f158_cal.asdf,wfi18,eval,100,19,0.004954061,1
gwcs,../roman/.data/build21/r0000101001001001001_0001_wfi18_f158_cal.asdf,wfi18,eval,100,20,0.004908230,1
gwcs,../roman/.data/build21/r0000101001001001001_0001_wfi18_f158_cal.asdf,wfi18,eval,100,21,0.005247825,1
gwcs,../roman/.data/build21/r0000101001001001001_0001_wfi18_f158_cal.asdf,wfi18,eval,100,22,0.004967973,1
gwcs,../roman/.data/build21/r0000101001001001001_0001_wfi18_f158_cal.asdf,wfi18,eval,100,23,0.004917894,1
gwcs,../roman/.data/build21/r0000101001001001001_0001_wfi18_f158_cal.asdf,wfi18,eval,100,24,0.005168877,1
gwcs,../roman/.data/build21/r0000101001001001001_0001_wfi18_f158_cal.asdf,wfi18,eval,100,25,0.005163520,1
gwcs,../roman/.data/build21/r0000101001001001001_0001_wfi18_f158_cal.asdf,wfi18,eval,100,26,0.004921902,1
gwcs,../roman/.data/build21/r0000101001001001001_0001_wfi18_f158_cal.asdf,wfi18,eval,100,27,0.005076613,1
gwcs,../roman/.data/build21/r0000101001001001001_0001_wfi18_f158_cal.asdf,wfi18,eval,100,28,0.005176919,1
gwcs,../roman/.data/build21/r0000101001001001001_0001_wfi18_f158_cal.asdf,wfi18,eval,100,29,0.005026629,1
gwcs,../roman/.data/build21/r0000101001001001001_0001_wfi18_f158_cal.asdf,wfi18,eval,100,30,0.004968208,1
gwcs,../roman/.data/build21/r0000101001001001001_0001_wfi18_f158_cal.asdf,wfi18,eval,100,31,0.005203541,1
gwcs,../roman/.data/build21/r0000101001001001001_0001_wfi18_f158_cal.asdf,wfi18,eval,100,32,0.004967467,1
gwcs,../roman/.data/build21/r0000101001001001001_0001_wfi18_f158_cal.asdf,wfi18,eval,100,33,0.004943456,1
gwcs,../roman/.data/build21/r0000101001001001001_0001_wfi18_f158_cal.asdf,wfi18,eval,100,34,0.005487003,1
gwcs,../roman/.data/build21/r0000101001001001001_0001_wfi18_f158_cal.asdf,wfi18,eval,100,35,0.004993856,1
gwcs,../roman/.data/build21/r0000101001001001001_0001_wfi18_f158_cal.asdf,wfi18,eval,100,36,0.004932450,1
gwcs,../roman/.data/build21/r0000101001001001001_0001_wfi18_f158_cal.asdf,wfi18,eval,100,37,0.005500202,1
gwcs,../roman/.data/build21/r0000101001001001001_0001_wfi18_f158_cal.asdf,wfi18,eval,100,38,0.005104879,1
gwcs,../roman/.data/build21/r0000101001001001001_0001_wfi18_f158_cal.asdf,wfi18,eval,100,39,0.004945410,1
gwcs,../roman/.data/build21/r0000101001001001001_0001_wfi18_f158_cal.asdf,wfi18,eval,100,40,0.004987016,1
gwcs,../roman/.data/build21/r0000101001001001001_0001_wfi18_f158_cal.asdf,wfi18,eval,100,41,0.005246122,1
gwcs,../roman/.data/build21/r0000101001001001001_0001_wfi18_f158_cal.asdf,wfi18,eval,100,42,0.005050384,1
gwcs,../roman/.data/build21/r0000101001001001001_0001_wfi18_f158_cal.asdf,wfi18,eval,100,43,0.005063033,1
gwcs,../roman/.data/build21/r0000101001001001001_0001_wfi18_f158_cal.asdf,wfi18,eval,100,44,0.005237469,1
gwcs,../roman/.data/build21/r0000101001001001001_0001_wfi18_f158_cal.asdf,wfi18,eval,100,45,0.005004178,1
gwcs,../roman/.data/build21/r0000101001001001001_0001_wfi18_f158_cal.asdf,wfi18,eval,100,46,0.005079323,1
gwcs,../roman/.data/build21/r0000101001001001001_0001_wfi18_f158_cal.asdf,wfi18,eval,100,47,0.005476859,1
gwcs,../roman/.data/build21/r0000101001001001001_0001_wfi18_f158_cal.asdf,wfi18,eval,100,48,0.004986874,1
gwcs,../roman/.data/build21/r0000101001001001001_0001_wfi18_f158_cal.asdf,wfi18,eval,100,49,0.005207652,1
gwcs,../roman/.data/build21/r0000101001001001001_0001_wfi18_f158_cal.asdf,wfi18,eval,1000,0,0.005861232,1
gwcs,../roman/.data/build21/r0000101001001001001_0001_wfi18_f158_cal.asdf,wfi18,eval,1000,1,0.005737241,1
gwcs,../roman/.data/build21/r0000101001001001001_0001_wfi18_f158_cal.asdf,wfi18,eval,1000,2,0.005381136,1
gwcs,../roman/.data/build21/r0000101001001001001_0001_wfi18_f158_cal.asdf,wfi18,eval,1000,3,0.005691584,1
gwcs,../roman/.data/build21/r0000101001001001001_0001_wfi18_f158_cal.asdf,wfi18,eval,1000,4,0.005495115,1
gwcs,../roman/.data/build21/r0000101001001001001_0001_wfi18_f158_cal.asdf,wfi18,eval,1000,5,0.005370029,1
gwcs,../roman/.data/build21/r0000101001001001001_0001_wfi18_f158_cal.asdf,wfi18,eval,1000,6,0.005713486,1
gwcs,../roman/.data/build21/r0000101001001001001_0001_wfi18_f158_cal.asdf,wfi18,eval,1000,7,0.005410014,1
gwcs,../roman/.data/build21/r0000101001001001001_0001_wfi18_f158_cal.asdf,wfi18,eval,1000,8,0.005317195,1
gwcs,../roman/.data/build21/r0000101001001001001_0001_wfi18_f158_cal.asdf,wfi18,eval,1000,9,0.005580858,1
gwcs,../roman/.data/build21/r0000101001001001001_0001_wfi18_f158_cal.asdf,wfi18,eval,1000,10,0.005441790,1
gwcs,../roman/.data/build21/r0000101001001001001_0001_wfi18_f158_cal.asdf,wfi18,eval,1000,11,0.005339153,1
gwcs,../roman/.data/build21/r0000101001001001001_0001_wfi18_f158_cal.asdf,wfi18,eval,1000,12,0.005514249,1
gwcs,../roman/.data/build21/r0000101001001001001_0001_wfi18_f158_cal.asdf,wfi18,eval,1000,13,0.005427671,1
gwcs,../roman/.data/build21/r0000101001001001001_0001_wfi18_f158_cal.asdf,wfi18,eval,1000,14,0.005822606,1
gwcs,../roman/.data/build21/r0000101001001001001_0001_wfi18_f158_cal.asdf,wfi18,eval,1000,15,0.007069784,1
gwcs,../roman/.data/build21/r0000101001001001001_0001_wfi18_f158_cal.asdf,wfi18,eval,1000,16,0.006224969,1
gwcs,../roman/.data/build21/r0000101001001001001_0001_wfi18_f158_cal.asdf,wfi18,eval,1000,17,0.005643546,1
gwcs,../roman/.data/build21/r0000101001001001001_0001_wfi18_f158_cal.asdf,wfi18,eval,1000,18,0.005699523,1
gwcs,../roman/.data/build21/r0000101001001001001_0001_wfi18_f158_cal.asdf,wfi18,eval,1000,19,0.005787583,1
gwcs,../roman/.data/build21/r0000101001001001001_0001_wfi18_f158_cal.asdf,wfi18,eval,10000,0,0.009481912,1
gwcs,../roman/.data/build21/r0000101001001001001_0001_wfi18_f158_cal.asdf,wfi18,eval,10000,1,0.009042546,1
gwcs,../roman/.data/build21/r0000101001001001001_0001_wfi18_f158_cal.asdf,wfi18,eval,10000,2,0.009217088,1
gwcs,../roman/.data/build21/r0000101001001001001_0001_wfi18_f158_cal.asdf,wfi18,eval,10000,3,0.008591420,1
gwcs,../roman/.data/build21/r0000101001001001001_0001_wfi18_f158_cal.asdf,wfi18,eval,10000,4,0.008892716,1
gwcs,../roman/.data/build21/r0000101001001001001_0001_wfi18_f158_cal.asdf,wfi18,eval,10000,5,0.008670446,1
gwcs,../roman/.data/build21/r0000101001001001001_0001_wfi18_f158_cal.asdf,wfi18,eval,10000,6,0.008974116,1
gwcs,../roman/.data/build21/r0000101001001001001_0001_wfi18_f158_cal.asdf,wfi18,eval,10000,7,0.008612995,1
gwcs,../roman/.data/build21/r0000101001001001001_0001_wfi18_f158_cal.asdf,wfi18,eval,10000,8,0.009188227,1
gwcs,../roman/.data/build21/r0000101001001001001_0001_wfi18_f158_cal.asdf,wfi18,eval,10000,9,0.009285117,1
gwcs,../roman/.data/build21/r0000101001001001001_0001_wfi18_f158_cal.asdf,wfi18,eval,100000,0,0.044910556,1
gwcs,../roman/.data/build21/r0000101001001001001_0001_wfi18_f158_cal.asdf,wfi18,eval,100000,1,0.040942977,1
gwcs,../roman/.data/build21/r0000101001001001001_0001_wfi18_f158_cal.asdf,wfi18,eval,100000,2,0.041394699,1
gwcs,../roman/.data/build21/r0000101001001001001_0001_wfi18_f158_cal.asdf,wfi18,eval,100000,3,0.040774861,1
gwcs,../roman/.data/build21/r0000101001001001001_0001_wfi18_f158_cal.asdf,wfi18,eval,100000,4,0.040259940,1
gwcs,../roman/.data/build21/r0000101001001001001_0001_wfi18_f158_cal.asdf,wfi18,eval,1000000,0,0.396712778,1
gwcs,../roman/.data/build21/r0000101001001001001_0001_wfi18_f158_cal.asdf,wfi18,eval,1000000,1,0.387066499,1
gwcs,../roman/.data/build21/r0000101001001001001_0001_wfi18_f158_cal.asdf,wfi18,eval,1000000,2,0.389675376,1
gwcs,../roman/.data/build21/r0000101001001001001_0001_wfi18_f158_cal.asdf,wfi18,eval,10000000,0,4.014535098,1
gwcs,../roman/.data/build21/r0000101001001001001_0001_wfi18_f158_cal.asdf,wfi18,eval,10000000,1,3.929774806,1
gwcs,../roman/.data/build21/r0000101001001001001_0001_wfi18_f158_cal.asdf,wfi18,eval,16711744,0,6.717405974,1
gwcs,../roman/.data/build21/r0000101001001001001_0001_wfi18_f158_cal.asdf,wfi18,eval,16711744,1,6.776965054,1
