library,file,detector,phase,n_points,rep,time_s,blas_threads
gwcs,../roman/.data/build21/r0000101001001001001_0001_wfi01_f158_cal.asdf,wfi01,parse_cold,0,0,1.569539225,1
gwcs,../roman/.data/build21/r0000101001001001001_0001_wfi01_f158_cal.asdf,wfi01,parse_hot,0,0,0.596984466,1
gwcs,../roman/.data/build21/r0000101001001001001_0001_wfi01_f158_cal.asdf,wfi01,eval,1,0,0.006248786,1
gwcs,../roman/.data/build21/r0000101001001001001_0001_wfi01_f158_cal.asdf,wfi01,eval,1,1,0.004856895,1
gwcs,../roman/.data/build21/r0000101001001001001_0001_wfi01_f158_cal.asdf,wfi01,eval,1,2,0.005033202,1
gwcs,../roman/.data/build21/r0000101001001001001_0001_wfi01_f158_cal.asdf,wfi01,eval,1,3,0.004959207,1
gwcs,../roman/.data/build21/r0000101001001001001_0001_wfi01_f158_cal.asdf,wfi01,eval,1,4,0.005012093,1
gwcs,../roman/.data/build21/r0000101001001001001_0001_wfi01_f158_cal.asdf,wfi01,eval,1,5,0.005663346,1
gwcs,../roman/.data/build21/r0000101001001001001_0001_wfi01_f158_cal.asdf,wfi01,eval,1,6,0.005144847,1
gwcs,../roman/.data/build21/r0000101001001001001_0001_wfi01_f158_cal.asdf,wfi01,eval,1,7,0.005205288,1
gwcs,../roman/.data/build21/r0000101001001001001_0001_wfi01_f158_cal.asdf,wfi01,eval,1,8,0.005418997,1
gwcs,../roman/.data/build21/r0000101001001001001_0001_wfi01_f158_cal.asdf,wfi01,eval,1,9,0.005157317,1
gwcs,../roman/.data/build21/r0000101001001001001_0001_wfi01_f158_cal.asdf,wfi01,eval,1,10,0.004954001,1
gwcs,../roman/.data/build21/r0000101001001001001_0001_wfi01_f158_cal.asdf,wfi01,eval,1,11,0.005203978,1
gwcs,../roman/.data/build21/r0000101001001001001_0001_wfi01_f158_cal.asdf,wfi01,eval,1,12,0.005337284,1
gwcs,../roman/.data/build21/r0000101001001001001_0001_wfi01_f158_cal.asdf,wfi01,eval,1,13,0.007451768,1
gwcs,../roman/.data/build21/r0000101001001001001_0001_wfi01_f158_cal.asdf,wfi01,eval,1,14,0.005498941,1
gwcs,../roman/.data/build21/r0000101001001001001_0001_wfi01_f158_cal.asdf,wfi01,eval,1,15,0.005797086,1
gwcs,../roman/.data/build21/r0000101001001001001_0001_wfi01_f158_cal.asdf,wfi01,eval,1,16,0.005518571,1
gwcs,../roman/.data/build21/r0000101001001001001_0001_wfi01_f158_cal.asdf,wfi01,eval,1,17,0.005083335,1
gwcs,../roman/.data/build21/r0000101001001001001_0001_wfi01_f158_cal.asdf,wfi01,eval,1,18,0.005349948,1
gwcs,../roman/.data/build21/r0000101001001001001_0001_wfi01_f158_cal.asdf,wfi01,eval,1,19,0.004823176,1
gwcs,../roman/.data/build21/r0000101001001001001_0001_wfi01_f158_cal.asdf,wfi01,eval,1,20,0.005094572,1
gwcs,../roman/.data/build21/r0000101001001001001_0001_wfi01_f158_cal.asdf,wfi01,eval,1,21,0.005459351,1
gwcs,../roman/.data/build21/r0000101001001001001_0001_wfi01_f158_cal.asdf,wfi01,eval,1,22,0.007630141,1
gwcs,../roman/.data/build21/r0000101001001001001_0001_wfi01_f158_cal.asdf,wfi01,eval,1,23,0.006161452,1
gwcs,../roman/.data/build21/r0000101001001001001_0001_wfi01_f158_cal.asdf,wfi01,eval,1,24,0.005678374,1
gwcs,../roman/.data/build21/r0000101001001001001_0001_wfi01_f158_cal.asdf,wfi01,eval,1,25,0.005620424,1
gwcs,../roman/.data/build21/r0000101001001001001_0001_wfi01_f158_cal.asdf,wfi01,eval,1,26,0.006531030,1
gwcs,../roman/.data/build21/r0000101001001001001_0001_wfi01_f158_cal.asdf,wfi01,eval,1,27,0.004797210,1
gwcs,../roman/.data/build21/r0000101001001001001_0001_wfi01_f158_cal.asdf,wfi01,eval,1,28,0.004756725,1
gwcs,../roman/.data/build21/r0000101001001001001_0001_wfi01_f158_cal.asdf,wfi01,eval,1,29,0.004941542,1
gwcs,../roman/.data/build21/r0000101001001001001_0001_wfi01_f158_cal.asdf,wfi01,eval,1,30,0.005055687,1
gwcs,../roman/.data/build21/r0000101001001001001_0001_wfi01_f158_cal.asdf,wfi01,eval,1,31,0.004756735,1
gwcs,../roman/.data/build21/r0000101001001001001_0001_wfi01_f158_cal.asdf,wfi01,eval,1,32,0.004882030,1
gwcs,../roman/.data/build21/r0000101001001001001_0001_wfi01_f158_cal.asdf,wfi01,eval,1,33,0.005035947,1
gwcs,../roman/.data/build21/r0000101001001001001_0001_wfi01_f158_cal.asdf,wfi01,eval,1,34,0.004772384,1
gwcs,../roman/.data/build21/r0000101001001001001_0001_wfi01_f158_cal.asdf,wfi01,eval,1,35,0.004734118,1
gwcs,../roman/.data/build21/r0000101001001001001_0001_wfi01_f158_cal.asdf,wfi01,eval,1,36,0.005309773,1
gwcs,../roman/.data/build21/r0000101001001001001_0001_wfi01_f158_cal.asdf,wfi01,eval,1,37,0.004769944,1
gwcs,../roman/.data/build21/r0000101001001001001_0001_wfi01_f158_cal.asdf,wfi01,eval,1,38,0.004757978,1
gwcs,../roman/.data/build21/r0000101001001001001_0001_wfi01_f158_cal.asdf,wfi01,eval,1,39,0.005033703,1
gwcs,../roman/.data/build21/r0000101001001001001_0001_wfi01_f158_cal.asdf,wfi01,eval,1,40,0.005429349,1
gwcs,../roman/.data/build21/r0000101001001001001_0001_wfi01_f158_cal.asdf,wfi01,eval,1,41,0.004903539,1
gwcs,../roman/.data/build21/r0000101001001001001_0001_wfi01_f158_cal.asdf,wfi01,eval,1,42,0.005318874,1
gwcs,../roman/.data/build21/r0000101001001001001_0001_wfi01_f158_cal.asdf,wfi01,eval,1,43,0.005373040,1
gwcs,../roman/.data/build21/r0000101001001001001_0001_wfi01_f158_cal.asdf,wfi01,eval,1,44,0.004967376,1
gwcs,../roman/.data/build21/r0000101001001001001_0001_wfi01_f158_cal.asdf,wfi01,eval,1,45,0.004976420,1
gwcs,../roman/.data/build21/r0000101001001001001_0001_wfi01_f158_cal.asdf,wfi01,eval,1,46,0.005145208,1
gwcs,../roman/.data/build21/r0000101001001001001_0001_wfi01_f158_cal.asdf,wfi01,eval,1,47,0.004755892,1
gwcs,../roman/.data/build21/r0000101001001001001_0001_wfi01_f158_cal.asdf,wfi01,eval,1,48,0.004756936,1
gwcs,../roman/.data/build21/r0000101001001001001_0001_wfi01_f158_cal.asdf,wfi01,eval,1,49,0.005234945,1
gwcs,../roman/.data/build21/r0000101001001001001_0001_wfi01_f158_cal.asdf,wfi01,eval,1,50,0.005057964,1
gwcs,../roman/.data/build21/r0000101001001001001_0001_wfi01_f158_cal.asdf,wfi01,eval,1,51,0.004744536,1
gwcs,../roman/.data/build21/r0000101001001001001_0001_wfi01_f158_cal.asdf,wfi01,eval,1,52,0.004906508,1
gwcs,../roman/.data/build21/r0000101001001001001_0001_wfi01_f158_cal.asdf,wfi01,eval,1,53,0.005417496,1
gwcs,../roman/.data/build21/r0000101001001001001_0001_wfi01_f158_cal.asdf,wfi01,eval,1,54,0.004821151,1
gwcs,../roman/.data/build21/r0000101001001001001_0001_wfi01_f158_cal.asdf,wfi01,eval,1,55,0.004792898,1
gwcs,../roman/.data/build21/r0000101001001001001_0001_wfi01_f158_cal.asdf,wfi01,eval,1,56,0.005094593,1
gwcs,../roman/.data/build21/r0000101001001001001_0001_wfi01_f158_cal.asdf,wfi01,eval,1,57,0.005065208,1
gwcs,../roman/.data/build21/r0000101001001001001_0001_wfi01_f158_cal.asdf,wfi01,eval,1,58,0.004888072,1
gwcs,../roman/.data/build21/r0000101001001001001_0001_wfi01_f158_cal.asdf,wfi01,eval,1,59,0.005074081,1
gwcs,../roman/.data/build21/r0000101001001001001_0001_wfi01_f158_cal.asdf,wfi01,eval,1,60,0.005034999,1
gwcs,../roman/.data/build21/r0000101001001001001_0001_wfi01_f158_cal.asdf,wfi01,eval,1,61,0.005012399,1
gwcs,../roman/.data/build21/r0000101001001001001_0001_wfi01_f158_cal.asdf,wfi01,eval,1,62,0.005332259,1
gwcs,../roman/.data/build21/r0000101001001001001_0001_wfi01_f158_cal.asdf,wfi01,eval,1,63,0.005077595,1
gwcs,../roman/.data/build21/r0000101001001001001_0001_wfi01_f158_cal.asdf,wfi01,eval,1,64,0.004995911,1
gwcs,../roman/.data/build21/r0000101001001001001_0001_wfi01_f158_cal.asdf,wfi01,eval,1,65,0.004757806,1
gwcs,../roman/.data/build21/r0000101001001001001_0001_wfi01_f158_cal.asdf,wfi01,eval,1,66,0.004816636,1
gwcs,../roman/.data/build21/r0000101001001001001_0001_wfi01_f158_cal.asdf,wfi01,eval,1,67,0.004847818,1
gwcs,../roman/.data/build21/r0000101001001001001_0001_wfi01_f158_cal.asdf,wfi01,eval,1,68,0.004878087,1
gwcs,../roman/.data/build21/r0000101001001001001_0001_wfi01_f158_cal.asdf,wfi01,eval,1,69,0.005030604,1
gwcs,../roman/.data/build21/r0000101001001001001_0001_wfi01_f158_cal.asdf,wfi01,eval,1,70,0.005139888,1
gwcs,../roman/.data/build21/r0000101001001001001_0001_wfi01_f158_cal.asdf,wfi01,eval,1,71,0.004905653,1
gwcs,../roman/.data/build21/r0000101001001001001_0001_wfi01_f158_cal.asdf,wfi01,eval,1,72,0.005043354,1
gwcs,../roman/.data/build21/r0000101001001001001_0001_wfi01_f158_cal.asdf,wfi01,eval,1,73,0.005145102,1
gwcs,../roman/.data/build21/r0000101001001001001_0001_wfi01_f158_cal.asdf,wfi01,eval,1,74,0.005029121,1
gwcs,../roman/.data/build21/r0000101001001001001_0001_wfi01_f158_cal.asdf,wfi01,eval,1,75,0.005019968,1
gwcs,../roman/.data/build21/r0000101001001001001_0001_wfi01_f158_cal.asdf,wfi01,eval,1,76,0.005099908,1
gwcs,../roman/.data/build21/r0000101001001001001_0001_wfi01_f158_cal.asdf,wfi01,eval,1,77,0.004964253,1
gwcs,../roman/.data/build21/r0000101001001001001_0001_wfi01_f158_cal.asdf,wfi01,eval,1,78,0.004957967,1
gwcs,../roman/.data/build21/r0000101001001001001_0001_wfi01_f158_cal.asdf,wfi01,eval,1,79,0.005124959,1
gwcs,../roman/.data/build21/r0000101001001001001_0001_wfi01_f158_cal.asdf,wfi01,eval,1,80,0.005116701,1
gwcs,../roman/.data/build21/r0000101001001001001_0001_wfi01_f158_cal.asdf,wfi01,eval,1,81,0.004913654,1
gwcs,../roman/.data/build21/r0000101001001001001_0001_wfi01_f158_cal.asdf,wfi01,eval,1,82,0.005076967,1
gwcs,../roman/.data/build21/r0000101001001001001_0001_wfi01_f158_cal.asdf,wfi01,eval,1,83,0.005082416,1
gwcs,../roman/.data/build21/r0000101001001001001_0001_wfi01_f158_cal.asdf,wfi01,eval,1,84,0.004906293,1
gwcs,../roman/.data/build21/r0000101001001001001_0001_wfi01_f158_cal.asdf,wfi01,eval,1,85,0.005143891,1
gwcs,../roman/.data/build21/r0000101001001001001_0001_wfi01_f158_cal.asdf,wfi01,eval,1,86,0.005105997,1
gwcs,../roman/.data/build21/r0000101001001001001_0001_wfi01_f158_cal.asdf,wfi01,eval,1,87,0.004918242,1
gwcs,../roman/.data/build21/r0000101001001001001_0001_wfi01_f158_cal.asdf,wfi01,eval,1,88,0.005006333,1
gwcs,../roman/.data/build21/r0000101001001001001_0001_wfi01_f158_cal.asdf,wfi01,eval,1,89,0.005134779,1
gwcs,../roman/.data/build21/r0000101001001001001_0001_wfi01_f158_cal.asdf,wfi01,eval,1,90,0.004935618,1
gwcs,../roman/.data/build21/r0000101001001001001_0001_wfi01_f158_cal.asdf,wfi01,eval,1,91,0.004992426,1
gwcs,../roman/.data/build21/r0000101001001001001_0001_wfi01_f158_cal.asdf,wfi01,eval,1,92,0.005055955,1
gwcs,../roman/.data/build21/r0000101001001001001_0001_wfi01_f158_cal.asdf,wfi01,eval,1,93,0.005082235,1
gwcs,../roman/.data/build21/r0000101001001001001_0001_wfi01_f158_cal.asdf,wfi01,eval,1,94,0.004935028,1
gwcs,../roman/.data/build21/r0000101001001001001_0001_wfi01_f158_cal.asdf,wfi01,eval,1,95,0.005039660,1
gwcs,../roman/.data/build21/r0000101001001001001_0001_wfi01_f158_cal.asdf,wfi01,eval,1,96,0.005175340,1
gwcs,../roman/.data/build21/r0000101001001001001_0001_wfi01_f158_cal.asdf,wfi01,eval,1,97,0.004925726,1
gwcs,../roman/.data/build21/r0000101001001001001_0001_wfi01_f158_cal.asdf,wfi01,eval,1,98,0.004904697,1
gwcs,../roman/.data/build21/r0000101001001001001_0001_wfi01_f158_cal.asdf,wfi01,eval,1,99,0.005281305,1
gwcs,../roman/.data/build21/r0000101001001001001_0001_wfi01_f158_cal.asdf,wfi01,eval,10,0,0.005381074,1
gwcs,../roman/.data/build21/r0000101001001001001_0001_wfi01_f158_cal.asdf,wfi01,eval,10,1,0.005168100,1
gwcs,../roman/.data/build21/r0000101001001001001_0001_wfi01_f158_cal.asdf,wfi01,eval,10,2,0.005508948,1
gwcs,../roman/.data/build21/r0000101001001001001_0001_wfi01_f158_cal.asdf,wfi01,eval,10,3,0.005054981,1
gwcs,../roman/.data/build21/r0000101001001001001_0001_wfi01_f158_cal.asdf,wfi01,eval,10,4,0.005061967,1
gwcs,../roman/.data/build21/r0000101001001001001_0001_wfi01_f158_cal.asdf,wfi01,eval,10,5,0.005659102,1
gwcs,../roman/.data/build21/r0000101001001001001_0001_wfi01_f158_cal.asdf,wfi01,eval,10,6,0.005519410,1
gwcs,../roman/.data/build21/r0000101001001001001_0001_wfi01_f158_cal.asdf,wfi01,eval,10,7,0.005094584,1
gwcs,../roman/.data/build21/r0000101001001001001_0001_wfi01_f158_cal.asdf,wfi01,eval,10,8,0.005758774,1
gwcs,../roman/.data/build21/r0000101001001001001_0001_wfi01_f158_cal.asdf,wfi01,eval,10,9,0.005390102,1
gwcs,../roman/.data/build21/r0000101001001001001_0001_wfi01_f158_cal.asdf,wfi01,eval,10,10,0.005115044,1
gwcs,../roman/.data/build21/r0000101001001001001_0001_wfi01_f158_cal.asdf,wfi01,eval,10,11,0.005997815,1
gwcs,../roman/.data/build21/r0000101001001001001_0001_wfi01_f158_cal.asdf,wfi01,eval,10,12,0.005301692,1
gwcs,../roman/.data/build21/r0000101001001001001_0001_wfi01_f158_cal.asdf,wfi01,eval,10,13,0.005145673,1
gwcs,../roman/.data/build21/r0000101001001001001_0001_wfi01_f158_cal.asdf,wfi01,eval,10,14,0.005167277,1
gwcs,../roman/.data/build21/r0000101001001001001_0001_wfi01_f158_cal.asdf,wfi01,eval,10,15,0.005075630,1
gwcs,../roman/.data/build21/r0000101001001001001_0001_wfi01_f158_cal.asdf,wfi01,eval,10,16,0.005085213,1
gwcs,../roman/.data/build21/r0000101001001001001_0001_wfi01_f158_cal.asdf,wfi01,eval,10,17,0.005100096,1
gwcs,../roman/.data/build21/r0000101001001001001_0001_wfi01_f158_cal.asdf,wfi01,eval,10,18,0.005241899,1
gwcs,../roman/.data/build21/r0000101001001001001_0001_wfi01_f158_cal.asdf,wfi01,eval,10,19,0.005182582,1
gwcs,../roman/.data/build21/r0000101001001001001_0001_wfi01_f158_cal.asdf,wfi01,eval,10,20,0.005343123,1
gwcs,../roman/.data/build21/r0000101001001001001_0001_wfi01_f158_cal.asdf,wfi01,eval,10,21,0.005216042,1
gwcs,../roman/.data/build21/r0000101001001001001_0001_wfi01_f158_cal.asdf,wfi01,eval,10,22,0.005143751,1
gwcs,../roman/.data/build21/r0000101001001001001_0001_wfi01_f158_cal.asdf,wfi01,eval,10,23,0.005221016,1
gwcs,../roman/.data/build21/r0000101001001001001_0001_wfi01_f158_cal.asdf,wfi01,eval,10,24,0.005199573,1
gwcs,../roman/.data/build21/r0000101001001001001_0001_wfi01_f158_cal.asdf,wfi01,eval,10,25,0.005147754,1
gwcs,../roman/.data/build21/r0000101001001001001_0001_wfi01_f158_cal.asdf,wfi01,eval,10,26,0.005204558,1
gwcs,../roman/.data/build21/r0000101001001001001_0001_wfi01_f158_cal.asdf,wfi01,eval,10,27,0.005816245,1
gwcs,../roman/.data/build21/r0000101001001001001_0001_wfi01_f158_cal.asdf,wfi01,eval,10,28,0.005765858,1
gwcs,../roman/.data/build21/r0000101001001001001_0001_wfi01_f158_cal.asdf,wfi01,eval,10,29,0.005454297,1
gwcs,../roman/.data/build21/r0000101001001001001_0001_wfi01_f158_cal.asdf,wfi01,eval,10,30,0.005685105,1
gwcs,../roman/.data/build21/r0000101001001001001_0001_wfi01_f158_cal.asdf,wfi01,eval,10,31,0.005022530,1
gwcs,../roman/.data/build21/r0000101001001001001_0001_wfi01_f158_cal.asdf,wfi01,eval,10,32,0.005009240,1
gwcs,../roman/.data/build21/r0000101001001001001_0001_wfi01_f158_cal.asdf,wfi01,eval,10,33,0.005483788,1
gwcs,../roman/.data/build21/r0000101001001001001_0001_wfi01_f158_cal.asdf,wfi01,eval,10,34,0.005610878,1
gwcs,../roman/.data/build21/r0000101001001001001_0001_wfi01_f158_cal.asdf,wfi01,eval,10,35,0.004877982,1
gwcs,../roman/.data/build21/r0000101001001001001_0001_wfi01_f158_cal.asdf,wfi01,eval,10,36,0.005478966,1
gwcs,../roman/.data/build21/r0000101001001001001_0001_wfi01_f158_cal.asdf,wfi01,eval,10,37,0.005857103,1
gwcs,../roman/.data/build21/r0000101001001001001_0001_wfi01_f158_cal.asdf,wfi01,eval,10,38,0.004897249,1
gwcs,../roman/.data/build21/r0000101001001001001_0001_wfi01_f158_cal.asdf,wfi01,eval,10,39,0.004929444,1
gwcs,../roman/.data/build21/r0000101001001001001_0001_wfi01_f158_cal.asdf,wfi01,eval,10,40,0.005646352,1
gwcs,../roman/.data/build21/r0000101001001001001_0001_wfi01_f158_cal.asdf,wfi01,eval,10,41,0.004868275,1
gwcs,../roman/.data/build21/r0000101001001001001_0001_wfi01_f158_cal.asdf,wfi01,eval,10,42,0.004993510,1
gwcs,../roman/.data/build21/r0000101001001001001_0001_wfi01_f158_cal.asdf,wfi01,eval,10,43,0.005644982,1
gwcs,../roman/.data/build21/r0000101001001001001_0001_wfi01_f158_cal.asdf,wfi01,eval,10,44,0.004887816,1
gwcs,../roman/.data/build21/r0000101001001001001_0001_wfi01_f158_cal.asdf,wfi01,eval,10,45,0.004909831,1
gwcs,../roman/.data/build21/r0000101001001001001_0001_wfi01_f158_cal.asdf,wfi01,eval,10,46,0.005770957,1
gwcs,../roman/.data/build21/r0000101001001001001_0001_wfi01_f158_cal.asdf,wfi01,eval,10,47,0.004970271,1
gwcs,../roman/.data/build21/r0000101001001001001_0001_wfi01_f158_cal.asdf,wfi01,eval,10,48,0.004901582,1
gwcs,../roman/.data/build21/r0000101001001001001_0001_wfi01_f158_cal.asdf,wfi01,eval,10,49,0.005508461,1
gwcs,../roman/.data/build21/r0000101001001001001_0001_wfi01_f158_cal.asdf,wfi01,eval,10,50,0.004977699,1
gwcs,../roman/.data/build21/r0000101001001001001_0001_wfi01_f158_cal.asdf,wfi01,eval,10,51,0.004867144,1
gwcs,../roman/.data/build21/r0000101001001001001_0001_wfi01_f158_cal.asdf,wfi01,eval,10,52,0.004855433,1
gwcs,../roman/.data/build21/r0000101001001001001_0001_wfi01_f158_cal.asdf,wfi01,eval,10,53,0.005399267,1
gwcs,../roman/.data/build21/r0000101001001001001_0001_wfi01_f158_cal.asdf,wfi01,eval,10,54,0.004910483,1
gwcs,../roman/.data/build21/r0000101001001001001_0001_wfi01_f158_cal.asdf,wfi01,eval,10,55,0.004863160,1
gwcs,../roman/.data/build21/r0000101001001001001_0001_wfi01_f158_cal.asdf,wfi01,eval,10,56,0.005313057,1
gwcs,../roman/.data/build21/r0000101001001001001_0001_wfi01_f158_cal.asdf,wfi01,eval,10,57,0.004907102,1
gwcs,../roman/.data/build21/r0000101001001001001_0001_wfi01_f158_cal.asdf,wfi01,eval,10,58,0.004829429,1
gwcs,../roman/.data/build21/r0000101001001001001_0001_wfi01_f158_cal.asdf,wfi01,eval,10,59,0.005225760,1
gwcs,../roman/.data/build21/r0000101001001001001_0001_wfi01_f158_cal.asdf,wfi01,eval,10,60,0.004953427,1
gwcs,../roman/.data/build21/r0000101001001001001_0001_wfi01_f158_cal.asdf,wfi01,eval,10,61,0.005022949,1
gwcs,../roman/.data/build21/r0000101001001001001_0001_wfi01_f158_cal.asdf,wfi01,eval,10,62,0.005052296,1
gwcs,../roman/.data/build21/r0000101001001001001_0001_wfi01_f158_cal.asdf,wfi01,eval,10,63,0.005417789,1
gwcs,../roman/.data/build21/r0000101001001001001_0001_wfi01_f158_cal.asdf,wfi01,eval,10,64,0.004995081,1
gwcs,../roman/.data/build21/r0000101001001001001_0001_wfi01_f158_cal.asdf,wfi01,eval,10,65,0.005124175,1
gwcs,../roman/.data/build21/r0000101001001001001_0001_wfi01_f158_cal.asdf,wfi01,eval,10,66,0.005528592,1
gwcs,../roman/.data/build21/r0000101001001001001_0001_wfi01_f158_cal.asdf,wfi01,eval,10,67,0.005058799,1
gwcs,../roman/.data/build21/r0000101001001001001_0001_wfi01_f158_cal.asdf,wfi01,eval,10,68,0.005135961,1
gwcs,../roman/.data/build21/r0000101001001001001_0001_wfi01_f158_cal.asdf,wfi01,eval,10,69,0.005352526,1
gwcs,../roman/.data/build21/r0000101001001001001_0001_wfi01_f158_cal.asdf,wfi01,eval,10,70,0.004994539,1
gwcs,../roman/.data/build21/r0000101001001001001_0001_wfi01_f158_cal.asdf,wfi01,eval,10,71,0.005192411,1
gwcs,../roman/.data/build21/r0000101001001001001_0001_wfi01_f158_cal.asdf,wfi01,eval,10,72,0.005301476,1
gwcs,../roman/.data/build21/r0000101001001001001_0001_wfi01_f158_cal.asdf,wfi01,eval,10,73,0.005125813,1
gwcs,../roman/.data/build21/r0000101001001001001_0001_wfi01_f158_cal.asdf,wfi01,eval,10,74,0.005000828,1
gwcs,../roman/.data/build21/r0000101001001001001_0001_wfi01_f158_cal.asdf,wfi01,eval,10,75,0.005450333,1
gwcs,../roman/.data/build21/r0000101001001001001_0001_wfi01_f158_cal.asdf,wfi01,eval,10,76,0.005044791,1
gwcs,../roman/.data/build21/r0000101001001001001_0001_wfi01_f158_cal.asdf,wfi01,eval,10,77,0.005159948,1
gwcs,../roman/.data/build21/r0000101001001001001_0001_wfi01_f158_cal.asdf,wfi01,eval,10,78,0.005507773,1
gwcs,../roman/.data/build21/r0000101001001001001_0001_wfi01_f158_cal.asdf,wfi01,eval,10,79,0.005312931,1
gwcs,../roman/.data/build21/r0000101001001001001_0001_wfi01_f158_cal.asdf,wfi01,eval,10,80,0.005096607,1
gwcs,../roman/.data/build21/r0000101001001001001_0001_wfi01_f158_cal.asdf,wfi01,eval,10,81,0.005354799,1
gwcs,../roman/.data/build21/r0000101001001001001_0001_wfi01_f158_cal.asdf,wfi01,eval,10,82,0.005286668,1
gwcs,../roman/.data/build21/r0000101001001001001_0001_wfi01_f158_cal.asdf,wfi01,eval,10,83,0.004934134,1
gwcs,../roman/.data/build21/r0000101001001001001_0001_wfi01_f158_cal.asdf,wfi01,eval,10,84,0.005010672,1
gwcs,../roman/.data/build21/r0000101001001001001_0001_wfi01_f158_cal.asdf,wfi01,eval,10,85,0.005392631,1
gwcs,../roman/.data/build21/r0000101001001001001_0001_wfi01_f158_cal.asdf,wfi01,eval,10,86,0.004903164,1
gwcs,../roman/.data/build21/r0000101001001001001_0001_wfi01_f158_cal.asdf,wfi01,eval,10,87,0.005031439,1
gwcs,../roman/.data/build21/r0000101001001001001_0001_wfi01_f158_cal.asdf,wfi01,eval,10,88,0.005670238,1
gwcs,../roman/.data/build21/r0000101001001001001_0001_wfi01_f158_cal.asdf,wfi01,eval,10,89,0.005212263,1
gwcs,../roman/.data/build21/r0000101001001001001_0001_wfi01_f158_cal.asdf,wfi01,eval,10,90,0.005179654,1
gwcs,../roman/.data/build21/r0000101001001001001_0001_wfi01_f158_cal.asdf,wfi01,eval,10,91,0.005396420,1
gwcs,../roman/.data/build21/r0000101001001001001_0001_wfi01_f158_cal.asdf,wfi01,eval,10,92,0.005803599,1
gwcs,../roman/.data/build21/r0000101001001001001_0001_wfi01_f158_cal.asdf,wfi01,eval,10,93,0.004936229,1
gwcs,../roman/.data/build21/r0000101001001001001_0001_wfi01_f158_cal.asdf,wfi01,eval,10,94,0.005667991,1
gwcs,../roman/.data/build21/r0000101001001001001_0001_wfi01_f158_cal.asdf,wfi01,eval,10,95,0.005053421,1
gwcs,../roman/.data/build21/r0000101001001001001_0001_wfi01_f158_cal.asdf,wfi01,eval,10,96,0.004871459,1
gwcs,../roman/.data/build21/r0000101001001001001_0001_wfi01_f158_cal.asdf,wfi01,eval,10,97,0.005263408,1
gwcs,../roman/.data/build21/r0000101001001001001_0001_wfi01_f158_cal.asdf,wfi01,eval,10,98,0.005701800,1
gwcs,../roman/.data/build21/r0000101001001001001_0001_wfi01_f158_cal.asdf,wfi01,eval,10,99,0.005119704,1
gwcs,../roman/.data/build21/r0000101001001001001_0001_wfi01_f158_cal.asdf,wfi01,eval,100,0,0.005974166,1
gwcs,../roman/.data/build21/r0000101001001001001_0001_wfi01_f158_cal.asdf,wfi01,eval,100,1,0.005382611,1
gwcs,../roman/.data/build21/r0000101001001001001_0001_wfi01_f158_cal.asdf,wfi01,eval,100,2,0.005306527,1
gwcs,../roman/.data/build21/r0000101001001001001_0001_wfi01_f158_cal.asdf,wfi01,eval,100,3,0.005041620,1
gwcs,../roman/.data/build21/r0000101001001001001_0001_wfi01_f158_cal.asdf,wfi01,eval,100,4,0.005398819,1
gwcs,../roman/.data/build21/r0000101001001001001_0001_wfi01_f158_cal.asdf,wfi01,eval,100,5,0.005093168,1
gwcs,../roman/.data/build21/r0000101001001001001_0001_wfi01_f158_cal.asdf,wfi01,eval,100,6,0.005095797,1
gwcs,../roman/.data/build21/r0000101001001001001_0001_wfi01_f158_cal.asdf,wfi01,eval,100,7,0.005656911,1
gwcs,../roman/.data/build21/r0000101001001001001_0001_wfi01_f158_cal.asdf,wfi01,eval,100,8,0.004975861,1
gwcs,../roman/.data/build21/r0000101001001001001_0001_wfi01_f158_cal.asdf,wfi01,eval,100,9,0.005162650,1
gwcs,../roman/.data/build21/r0000101001001001001_0001_wfi01_f158_cal.asdf,wfi01,eval,100,10,0.008364206,1
gwcs,../roman/.data/build21/r0000101001001001001_0001_wfi01_f158_cal.asdf,wfi01,eval,100,11,0.004931564,1
gwcs,../roman/.data/build21/r0000101001001001001_0001_wfi01_f158_cal.asdf,wfi01,eval,100,12,0.004885282,1
gwcs,../roman/.data/build21/r0000101001001001001_0001_wfi01_f158_cal.asdf,wfi01,eval,100,13,0.005300250,1
gwcs,../roman/.data/build21/r0000101001001001001_0001_wfi01_f158_cal.asdf,wfi01,eval,100,14,0.005276030,1
gwcs,../roman/.data/build21/r0000101001001001001_0001_wfi01_f158_cal.asdf,wfi01,eval,100,15,0.005107080,1
gwcs,../roman/.data/build21/r0000101001001001001_0001_wfi01_f158_cal.asdf,wfi01,eval,100,16,0.005475922,1
gwcs,../roman/.data/build21/r0000101001001001001_0001_wfi01_f158_cal.asdf,wfi01,eval,100,17,0.005003685,1
gwcs,../roman/.data/build21/r0000101001001001001_0001_wfi01_f158_cal.asdf,wfi01,eval,100,18,0.004921482,1
gwcs,../roman/.data/build21/r0000101001001001001_0001_wfi01_f158_cal.asdf,wfi01,eval,100,19,0.006223604,1
gwcs,../roman/.data/build21/r0000101001001001001_0001_wfi01_f158_cal.asdf,wfi01,eval,100,20,0.005360457,1
gwcs,../roman/.data/build21/r0000101001001001001_0001_wfi01_f158_cal.asdf,wfi01,eval,100,21,0.005146188,1
gwcs,../roman/.data/build21/r0000101001001001001_0001_wfi01_f158_cal.asdf,wfi01,eval,100,22,0.005419349,1
gwcs,../roman/.data/build21/r0000101001001001001_0001_wfi01_f158_cal.asdf,wfi01,eval,100,23,0.005430751,1
gwcs,../roman/.data/build21/r0000101001001001001_0001_wfi01_f158_cal.asdf,wfi01,eval,100,24,0.005123138,1
gwcs,../roman/.data/build21/r0000101001001001001_0001_wfi01_f158_cal.asdf,wfi01,eval,100,25,0.005517061,1
gwcs,../roman/.data/build21/r0000101001001001001_0001_wfi01_f158_cal.asdf,wfi01,eval,100,26,0.005390715,1
gwcs,../roman/.data/build21/r0000101001001001001_0001_wfi01_f158_cal.asdf,wfi01,eval,100,27,0.005153818,1
gwcs,../roman/.data/build21/r0000101001001001001_0001_wfi01_f158_cal.asdf,wfi01,eval,100,28,0.005087783,1
gwcs,../roman/.data/build21/r0000101001001001001_0001_wfi01_f158_cal.asdf,wfi01,eval,100,29,0.005648282,1
gwcs,../roman/.data/build21/r0000101001001001001_0001_wfi01_f158_cal.asdf,wfi01,eval,100,30,0.005046897,1
gwcs,../roman/.data/build21/r0000101001001001001_0001_wfi01_f158_cal.asdf,wfi01,eval,100,31,0.005229956,1
gwcs,../roman/.data/build21/r0000101001001001001_0001_wfi01_f158_cal.asdf,wfi01,eval,100,32,0.005430863,1
gwcs,../roman/.data/build21/r0000101001001001001_0001_wfi01_f158_cal.asdf,wfi01,eval,100,33,0.004947559,1
gwcs,../roman/.data/build21/r0000101001001001001_0001_wfi01_f158_cal.asdf,wfi01,eval,100,34,0.004990375,1
gwcs,../roman/.data/build21/r0000101001001001001_0001_wfi01_f158_cal.asdf,wfi01,eval,100,35,0.005790511,1
gwcs,../roman/.data/build21/r0000101001001001001_0001_wfi01_f158_cal.asdf,wfi01,eval,100,36,0.005038475,1
gwcs,../roman/.data/build21/r0000101001001001001_0001_wfi01_f158_cal.asdf,wfi01,eval,100,37,0.005234971,1
gwcs,../roman/.data/build21/r0000101001001001001_0001_wfi01_f158_cal.asdf,wfi01,eval,100,38,0.005752436,1
gwcs,../roman/.data/build21/r0000101001001001001_0001_wfi01_f158_cal.asdf,wfi01,eval,100,39,0.005355922,1
gwcs,../roman/.data/build21/r0000101001001001001_0001_wfi01_f158_cal.asdf,wfi01,eval,100,40,0.005089663,1
gwcs,../roman/.data/build21/r0000101001001001001_0001_wfi01_f158_cal.asdf,wfi01,eval,100,41,0.005647676,1
gwcs,../roman/.data/build21/r0000101001001001001_0001_wfi01_f158_cal.asdf,wfi01,eval,100,42,0.004997334,1
gwcs,../roman/.data/build21/r0000101001001001001_0001_wfi01_f158_cal.asdf,wfi01,eval,100,43,0.004897460,1
gwcs,../roman/.data/build21/r0000101001001001001_0001_wfi01_f158_cal.asdf,wfi01,eval,100,44,0.005118808,1
gwcs,../roman/.data/build21/r0000101001001001001_0001_wfi01_f158_cal.asdf,wfi01,eval,100,45,0.005767163,1
gwcs,../roman/.data/build21/r0000101001001001001_0001_wfi01_f158_cal.asdf,wfi01,eval,100,46,0.005002888,1
gwcs,../roman/.data/build21/r0000101001001001001_0001_wfi01_f158_cal.asdf,wfi01,eval,100,47,0.004901665,1
gwcs,../roman/.data/build21/r0000101001001001001_0001_wfi01_f158_cal.asdf,wfi01,eval,100,48,0.005513694,1
gwcs,../roman/.data/build21/r0000101001001001001_0001_wfi01_f158_cal.asdf,wfi01,eval,100,49,0.004926061,1
gwcs,../roman/.data/build21/r0000101001001001001_0001_wfi01_f158_cal.asdf,wfi01,eval,1000,0,0.005948430,1
gwcs,../roman/.data/build21/r0000101001001001001_0001_wfi01_f158_cal.asdf,wfi01,eval,1000,1,0.006062482,1
gwcs,../roman/.data/build21/r0000101001001001001_0001_wfi01_f158_cal.asdf,wfi01,eval,1000,2,0.005320450,1
gwcs,../roman/.data/build21/r0000101001001001001_0001_wfi01_f158_cal.asdf,wfi01,eval,1000,3,0.005420160,1
gwcs,../roman/.data/build21/r0000101001001001001_0001_wfi01_f158_cal.asdf,wfi01,eval,1000,4,0.005623894,1
gwcs,../roman/.data/build21/r0000101001001001001_0001_wfi01_f158_cal.asdf,wfi01,eval,1000,5,0.005362803,1
gwcs,../roman/.data/build21/r0000101001001001001_0001_wfi01_f158_cal.asdf,wfi01,eval,1000,6,0.006115187,1
gwcs,../roman/.data/build21/r0000101001001001001_0001_wfi01_f158_cal.asdf,wfi01,eval,1000,7,0.006740194,1
gwcs,../roman/.data/build21/r0000101001001001001_0001_wfi01_f158_cal.asdf,wfi01,eval,1000,8,0.005379356,1
gwcs,../roman/.data/build21/r0000101001001001001_0001_wfi01_f158_cal.asdf,wfi01,eval,1000,9,0.006201310,1
gwcs,../roman/.data/build21/r0000101001001001001_0001_wfi01_f158_cal.asdf,wfi01,eval,1000,10,0.005586214,1
gwcs,../roman/.data/build21/r0000101001001001001_0001_wfi01_f158_cal.asdf,wfi01,eval,1000,11,0.005347230,1
gwcs,../roman/.data/build21/r0000101001001001001_0001_wfi01_f158_cal.asdf,wfi01,eval,1000,12,0.006175480,1
gwcs,../roman/.data/build21/r0000101001001001001_0001_wfi01_f158_cal.asdf,wfi01,eval,1000,13,0.005401846,1
gwcs,../roman/.data/build21/r0000101001001001001_0001_wfi01_f158_cal.asdf,wfi01,eval,1000,14,0.006895086,1
gwcs,../roman/.data/build21/r0000101001001001001_0001_wfi01_f158_cal.asdf,wfi01,eval,1000,15,0.005446109,1
gwcs,../roman/.data/build21/r0000101001001001001_0001_wfi01_f158_cal.asdf,wfi01,eval,1000,16,0.005285570,1
gwcs,../roman/.data/build21/r0000101001001001001_0001_wfi01_f158_cal.asdf,wfi01,eval,1000,17,0.005619548,1
gwcs,../roman/.data/build21/r0000101001001001001_0001_wfi01_f158_cal.asdf,wfi01,eval,1000,18,0.005875465,1
gwcs,../roman/.data/build21/r0000101001001001001_0001_wfi01_f158_cal.asdf,wfi01,eval,1000,19,0.005345175,1
gwcs,../roman/.data/build21/r0000101001001001001_0001_wfi01_f158_cal.asdf,wfi01,eval,10000,0,0.009183300,1
gwcs,../roman/.data/build21/r0000101001001001001_0001_wfi01_f158_cal.asdf,wfi01,eval,10000,1,0.008506165,1
gwcs,../roman/.data/build21/r0000101001001001001_0001_wfi01_f158_cal.asdf,wfi01,eval,10000,2,0.009030834,1
gwcs,../roman/.data/build21/r0000101001001001001_0001_wfi01_f158_cal.asdf,wfi01,eval,10000,3,0.008359560,1
gwcs,../roman/.data/build21/r0000101001001001001_0001_wfi01_f158_cal.asdf,wfi01,eval,10000,4,0.009140003,1
gwcs,../roman/.data/build21/r0000101001001001001_0001_wfi01_f158_cal.asdf,wfi01,eval,10000,5,0.008351116,1
gwcs,../roman/.data/build21/r0000101001001001001_0001_wfi01_f158_cal.asdf,wfi01,eval,10000,6,0.008839183,1
gwcs,../roman/.data/build21/r0000101001001001001_0001_wfi01_f158_cal.asdf,wfi01,eval,10000,7,0.008456696,1
gwcs,../roman/.data/build21/r0000101001001001001_0001_wfi01_f158_cal.asdf,wfi01,eval,10000,8,0.008781585,1
gwcs,../roman/.data/build21/r0000101001001001001_0001_wfi01_f158_cal.asdf,wfi01,eval,10000,9,0.008344198,1
gwcs,../roman/.data/build21/r0000101001001001001_0001_wfi01_f158_cal.asdf,wfi01,eval,100000,0,0.038955186,1
gwcs,../roman/.data/build21/r0000101001001001001_0001_wfi01_f158_cal.asdf,wfi01,eval,100000,1,0.037919565,1
gwcs,../roman/.data/build21/r0000101001001001001_0001_wfi01_f158_cal.asdf,wfi01,eval,100000,2,0.037638248,1
gwcs,../roman/.data/build21/r0000101001001001001_0001_wfi01_f158_cal.asdf,wfi01,eval,100000,3,0.038495638,1
gwcs,../roman/.data/build21/r0000101001001001001_0001_wfi01_f158_cal.asdf,wfi01,eval,100000,4,0.042902366,1
gwcs,../roman/.data/build21/r0000101001001001001_0001_wfi01_f158_cal.asdf,wfi01,eval,1000000,0,0.427868905,1
gwcs,../roman/.data/build21/r0000101001001001001_0001_wfi01_f158_cal.asdf,wfi01,eval,1000000,1,0.384480654,1
gwcs,../roman/.data/build21/r0000101001001001001_0001_wfi01_f158_cal.asdf,wfi01,eval,1000000,2,0.426705352,1
gwcs,../roman/.data/build21/r0000101001001001001_0001_wfi01_f158_cal.asdf,wfi01,eval,10000000,0,6.335653290,1
gwcs,../roman/.data/build21/r0000101001001001001_0001_wfi01_f158_cal.asdf,wfi01,eval,10000000,1,3.955624615,1
gwcs,../roman/.data/build21/r0000101001001001001_0001_wfi01_f158_cal.asdf,wfi01,eval,16711744,0,8.360539342,1
gwcs,../roman/.data/build21/r0000101001001001001_0001_wfi01_f158_cal.asdf,wfi01,eval,16711744,1,6.546207456,1
gwcs,../roman/.data/build21/r0000101001001001001_0001_wfi02_f158_cal.asdf,wfi02,parse_cold,0,0,0.786800839,1
gwcs,../roman/.data/build21/r0000101001001001001_0001_wfi02_f158_cal.asdf,wfi02,parse_hot,0,0,0.603325021,1
gwcs,../roman/.data/build21/r0000101001001001001_0001_wfi02_f158_cal.asdf,wfi02,eval,1,0,0.004978777,1
gwcs,../roman/.data/build21/r0000101001001001001_0001_wfi02_f158_cal.asdf,wfi02,eval,1,1,0.004911179,1
gwcs,../roman/.data/build21/r0000101001001001001_0001_wfi02_f158_cal.asdf,wfi02,eval,1,2,0.005689249,1
gwcs,../roman/.data/build21/r0000101001001001001_0001_wfi02_f158_cal.asdf,wfi02,eval,1,3,0.004820425,1
gwcs,../roman/.data/build21/r0000101001001001001_0001_wfi02_f158_cal.asdf,wfi02,eval,1,4,0.004917040,1
gwcs,../roman/.data/build21/r0000101001001001001_0001_wfi02_f158_cal.asdf,wfi02,eval,1,5,0.005398909,1
gwcs,../roman/.data/build21/r0000101001001001001_0001_wfi02_f158_cal.asdf,wfi02,eval,1,6,0.004823290,1
gwcs,../roman/.data/build21/r0000101001001001001_0001_wfi02_f158_cal.asdf,wfi02,eval,1,7,0.004753974,1
gwcs,../roman/.data/build21/r0000101001001001001_0001_wfi02_f158_cal.asdf,wfi02,eval,1,8,0.004826385,1
gwcs,../roman/.data/build21/r0000101001001001001_0001_wfi02_f158_cal.asdf,wfi02,eval,1,9,0.005237427,1
gwcs,../roman/.data/build21/r0000101001001001001_0001_wfi02_f158_cal.asdf,wfi02,eval,1,10,0.004672221,1
gwcs,../roman/.data/build21/r0000101001001001001_0001_wfi02_f158_cal.asdf,wfi02,eval,1,11,0.004625011,1
gwcs,../roman/.data/build21/r0000101001001001001_0001_wfi02_f158_cal.asdf,wfi02,eval,1,12,0.005137137,1
gwcs,../roman/.data/build21/r0000101001001001001_0001_wfi02_f158_cal.asdf,wfi02,eval,1,13,0.004947791,1
gwcs,../roman/.data/build21/r0000101001001001001_0001_wfi02_f158_cal.asdf,wfi02,eval,1,14,0.005159623,1
gwcs,../roman/.data/build21/r0000101001001001001_0001_wfi02_f158_cal.asdf,wfi02,eval,1,15,0.005391996,1
gwcs,../roman/.data/build21/r0000101001001001001_0001_wfi02_f158_cal.asdf,wfi02,eval,1,16,0.004849962,1
gwcs,../roman/.data/build21/r0000101001001001001_0001_wfi02_f158_cal.asdf,wfi02,eval,1,17,0.004632832,1
gwcs,../roman/.data/build21/r0000101001001001001_0001_wfi02_f158_cal.asdf,wfi02,eval,1,18,0.004643559,1
gwcs,../roman/.data/build21/r0000101001001001001_0001_wfi02_f158_cal.asdf,wfi02,eval,1,19,0.005141495,1
gwcs,../roman/.data/build21/r0000101001001001001_0001_wfi02_f158_cal.asdf,wfi02,eval,1,20,0.005028715,1
gwcs,../roman/.data/build21/r0000101001001001001_0001_wfi02_f158_cal.asdf,wfi02,eval,1,21,0.004823457,1
gwcs,../roman/.data/build21/r0000101001001001001_0001_wfi02_f158_cal.asdf,wfi02,eval,1,22,0.004985809,1
gwcs,../roman/.data/build21/r0000101001001001001_0001_wfi02_f158_cal.asdf,wfi02,eval,1,23,0.004928910,1
gwcs,../roman/.data/build21/r0000101001001001001_0001_wfi02_f158_cal.asdf,wfi02,eval,1,24,0.004779718,1
gwcs,../roman/.data/build21/r0000101001001001001_0001_wfi02_f158_cal.asdf,wfi02,eval,1,25,0.005132552,1
gwcs,../roman/.data/build21/r0000101001001001001_0001_wfi02_f158_cal.asdf,wfi02,eval,1,26,0.005217243,1
gwcs,../roman/.data/build21/r0000101001001001001_0001_wfi02_f158_cal.asdf,wfi02,eval,1,27,0.005105603,1
gwcs,../roman/.data/build21/r0000101001001001001_0001_wfi02_f158_cal.asdf,wfi02,eval,1,28,0.004838522,1
gwcs,../roman/.data/build21/r0000101001001001001_0001_wfi02_f158_cal.asdf,wfi02,eval,1,29,0.005379790,1
gwcs,../roman/.data/build21/r0000101001001001001_0001_wfi02_f158_cal.asdf,wfi02,eval,1,30,0.004747379,1
gwcs,../roman/.data/build21/r0000101001001001001_0001_wfi02_f158_cal.asdf,wfi02,eval,1,31,0.004716281,1
gwcs,../roman/.data/build21/r0000101001001001001_0001_wfi02_f158_cal.asdf,wfi02,eval,1,32,0.005231239,1
gwcs,../roman/.data/build21/r0000101001001001001_0001_wfi02_f158_cal.asdf,wfi02,eval,1,33,0.005132711,1
gwcs,../roman/.data/build21/r0000101001001001001_0001_wfi02_f158_cal.asdf,wfi02,eval,1,34,0.004807441,1
gwcs,../roman/.data/build21/r0000101001001001001_0001_wfi02_f158_cal.asdf,wfi02,eval,1,35,0.005553958,1
gwcs,../roman/.data/build21/r0000101001001001001_0001_wfi02_f158_cal.asdf,wfi02,eval,1,36,0.005214216,1
gwcs,../roman/.data/build21/r0000101001001001001_0001_wfi02_f158_cal.asdf,wfi02,eval,1,37,0.005086857,1
gwcs,../roman/.data/build21/r0000101001001001001_0001_wfi02_f158_cal.asdf,wfi02,eval,1,38,0.004893272,1
gwcs,../roman/.data/build21/r0000101001001001001_0001_wfi02_f158_cal.asdf,wfi02,eval,1,39,0.005434685,1
gwcs,../roman/.data/build21/r0000101001001001001_0001_wfi02_f158_cal.asdf,wfi02,eval,1,40,0.004841169,1
gwcs,../roman/.data/build21/r0000101001001001001_0001_wfi02_f158_cal.asdf,wfi02,eval,1,41,0.004886582,1
gwcs,../roman/.data/build21/r0000101001001001001_0001_wfi02_f158_cal.asdf,wfi02,eval,1,42,0.005512493,1
gwcs,../roman/.data/build21/r0000101001001001001_0001_wfi02_f158_cal.asdf,wfi02,eval,1,43,0.006241930,1
gwcs,../roman/.data/build21/r0000101001001001001_0001_wfi02_f158_cal.asdf,wfi02,eval,1,44,0.004690466,1
gwcs,../roman/.data/build21/r0000101001001001001_0001_wfi02_f158_cal.asdf,wfi02,eval,1,45,0.005017722,1
gwcs,../roman/.data/build21/r0000101001001001001_0001_wfi02_f158_cal.asdf,wfi02,eval,1,46,0.004842307,1
gwcs,../roman/.data/build21/r0000101001001001001_0001_wfi02_f158_cal.asdf,wfi02,eval,1,47,0.004613605,1
gwcs,../roman/.data/build21/r0000101001001001001_0001_wfi02_f158_cal.asdf,wfi02,eval,1,48,0.004618016,1
gwcs,../roman/.data/build21/r0000101001001001001_0001_wfi02_f158_cal.asdf,wfi02,eval,1,49,0.004986701,1
gwcs,../roman/.data/build21/r0000101001001001001_0001_wfi02_f158_cal.asdf,wfi02,eval,1,50,0.004916827,1
gwcs,../roman/.data/build21/r0000101001001001001_0001_wfi02_f158_cal.asdf,wfi02,eval,1,51,0.004693991,1
gwcs,../roman/.data/build21/r0000101001001001001_0001_wfi02_f158_cal.asdf,wfi02,eval,1,52,0.005684077,1
gwcs,../roman/.data/build21/r0000101001001001001_0001_wfi02_f158_cal.asdf,wfi02,eval,1,53,0.004696964,1
gwcs,../roman/.data/build21/r0000101001001001001_0001_wfi02_f158_cal.asdf,wfi02,eval,1,54,0.004751234,1
gwcs,../roman/.data/build21/r0000101001001001001_0001_wfi02_f158_cal.asdf,wfi02,eval,1,55,0.004990636,1
gwcs,../roman/.data/build21/r0000101001001001001_0001_wfi02_f158_cal.asdf,wfi02,eval,1,56,0.004879449,1
gwcs,../roman/.data/build21/r0000101001001001001_0001_wfi02_f158_cal.asdf,wfi02,eval,1,57,0.004622923,1
gwcs,../roman/.data/build21/r0000101001001001001_0001_wfi02_f158_cal.asdf,wfi02,eval,1,58,0.004713836,1
gwcs,../roman/.data/build21/r0000101001001001001_0001_wfi02_f158_cal.asdf,wfi02,eval,1,59,0.005181825,1
gwcs,../roman/.data/build21/r0000101001001001001_0001_wfi02_f158_cal.asdf,wfi02,eval,1,60,0.004711360,1
gwcs,../roman/.data/build21/r0000101001001001001_0001_wfi02_f158_cal.asdf,wfi02,eval,1,61,0.004718977,1
gwcs,../roman/.data/build21/r0000101001001001001_0001_wfi02_f158_cal.asdf,wfi02,eval,1,62,0.005150360,1
gwcs,../roman/.data/build21/r0000101001001001001_0001_wfi02_f158_cal.asdf,wfi02,eval,1,63,0.004724117,1
gwcs,../roman/.data/build21/r0000101001001001001_0001_wfi02_f158_cal.asdf,wfi02,eval,1,64,0.004636445,1
gwcs,../roman/.data/build21/r0000101001001001001_0001_wfi02_f158_cal.asdf,wfi02,eval,1,65,0.004680621,1
gwcs,../roman/.data/build21/r0000101001001001001_0001_wfi02_f158_cal.asdf,wfi02,eval,1,66,0.005227688,1
gwcs,../roman/.data/build21/r0000101001001001001_0001_wfi02_f158_cal.asdf,wfi02,eval,1,67,0.004746463,1
gwcs,../roman/.data/build21/r0000101001001001001_0001_wfi02_f158_cal.asdf,wfi02,eval,1,68,0.004784728,1
gwcs,../roman/.data/build21/r0000101001001001001_0001_wfi02_f158_cal.asdf,wfi02,eval,1,69,0.007433589,1
gwcs,../roman/.data/build21/r0000101001001001001_0001_wfi02_f158_cal.asdf,wfi02,eval,1,70,0.004957424,1
gwcs,../roman/.data/build21/r0000101001001001001_0001_wfi02_f158_cal.asdf,wfi02,eval,1,71,0.005294403,1
gwcs,../roman/.data/build21/r0000101001001001001_0001_wfi02_f158_cal.asdf,wfi02,eval,1,72,0.005220041,1
gwcs,../roman/.data/build21/r0000101001001001001_0001_wfi02_f158_cal.asdf,wfi02,eval,1,73,0.004732468,1
gwcs,../roman/.data/build21/r0000101001001001001_0001_wfi02_f158_cal.asdf,wfi02,eval,1,74,0.004830644,1
gwcs,../roman/.data/build21/r0000101001001001001_0001_wfi02_f158_cal.asdf,wfi02,eval,1,75,0.005132399,1
gwcs,../roman/.data/build21/r0000101001001001001_0001_wfi02_f158_cal.asdf,wfi02,eval,1,76,0.004770153,1
gwcs,../roman/.data/build21/r0000101001001001001_0001_wfi02_f158_cal.asdf,wfi02,eval,1,77,0.004652314,1
gwcs,../roman/.data/build21/r0000101001001001001_0001_wfi02_f158_cal.asdf,wfi02,eval,1,78,0.004705757,1
gwcs,../roman/.data/build21/r0000101001001001001_0001_wfi02_f158_cal.asdf,wfi02,eval,1,79,0.005322563,1
gwcs,../roman/.data/build21/r0000101001001001001_0001_wfi02_f158_cal.asdf,wfi02,eval,1,80,0.004669437,1
gwcs,../roman/.data/build21/r0000101001001001001_0001_wfi02_f158_cal.asdf,wfi02,eval,1,81,0.004735473,1
gwcs,../roman/.data/build21/r0000101001001001001_0001_wfi02_f158_cal.asdf,wfi02,eval,1,82,0.005171773,1
gwcs,../roman/.data/build21/r0000101001001001001_0001_wfi02_f158_cal.asdf,wfi02,eval,1,83,0.004725860,1
gwcs,../roman/.data/build21/r0000101001001001001_0001_wfi02_f158_cal.asdf,wfi02,eval,1,84,0.004665952,1
gwcs,../roman/.data/build21/r0000101001001001001_0001_wfi02_f158_cal.asdf,wfi02,eval,1,85,0.004705537,1
gwcs,../roman/.data/build21/r0000101001001001001_0001_wfi02_f158_cal.asdf,wfi02,eval,1,86,0.005580122,1
gwcs,../roman/.data/build21/r0000101001001001001_0001_wfi02_f158_cal.asdf,wfi02,eval,1,87,0.005034656,1
gwcs,../roman/.data/build21/r0000101001001001001_0001_wfi02_f158_cal.asdf,wfi02,eval,1,88,0.005041952,1
gwcs,../roman/.data/build21/r0000101001001001001_0001_wfi02_f158_cal.asdf,wfi02,eval,1,89,0.005364066,1
gwcs,../roman/.data/build21/r0000101001001001001_0001_wfi02_f158_cal.asdf,wfi02,eval,1,90,0.004673108,1
gwcs,../roman/.data/build21/r0000101001001001001_0001_wfi02_f158_cal.asdf,wfi02,eval,1,91,0.004764585,1
gwcs,../roman/.data/build21/r0000101001001001001_0001_wfi02_f158_cal.asdf,wfi02,eval,1,92,0.005393595,1
gwcs,../roman/.data/build21/r0000101001001001001_0001_wfi02_f158_cal.asdf,wfi02,eval,1,93,0.004757175,1
gwcs,../roman/.data/build21/r0000101001001001001_0001_wfi02_f158_cal.asdf,wfi02,eval,1,94,0.005233716,1
gwcs,../roman/.data/build21/r0000101001001001001_0001_wfi02_f158_cal.asdf,wfi02,eval,1,95,0.005743773,1
gwcs,../roman/.data/build21/r0000101001001001001_0001_wfi02_f158_cal.asdf,wfi02,eval,1,96,0.004954569,1
gwcs,../roman/.data/build21/r0000101001001001001_0001_wfi02_f158_cal.asdf,wfi02,eval,1,97,0.005044129,1
gwcs,../roman/.data/build21/r0000101001001001001_0001_wfi02_f158_cal.asdf,wfi02,eval,1,98,0.004989197,1
gwcs,../roman/.data/build21/r0000101001001001001_0001_wfi02_f158_cal.asdf,wfi02,eval,1,99,0.005506964,1
gwcs,../roman/.data/build21/r0000101001001001001_0001_wfi02_f158_cal.asdf,wfi02,eval,10,0,0.005596484,1
gwcs,../roman/.data/build21/r0000101001001001001_0001_wfi02_f158_cal.asdf,wfi02,eval,10,1,0.005946456,1
gwcs,../roman/.data/build21/r0000101001001001001_0001_wfi02_f158_cal.asdf,wfi02,eval,10,2,0.005221964,1
gwcs,../roman/.data/build21/r0000101001001001001_0001_wfi02_f158_cal.asdf,wfi02,eval,10,3,0.004823710,1
gwcs,../roman/.data/build21/r0000101001001001001_0001_wfi02_f158_cal.asdf,wfi02,eval,10,4,0.004984031,1
gwcs,../roman/.data/build21/r0000101001001001001_0001_wfi02_f158_cal.asdf,wfi02,eval,10,5,0.005534752,1
gwcs,../roman/.data/build21/r0000101001001001001_0001_wfi02_f158_cal.asdf,wfi02,eval,10,6,0.005013646,1
gwcs,../roman/.data/build21/r0000101001001001001_0001_wfi02_f158_cal.asdf,wfi02,eval,10,7,0.005022064,1
gwcs,../roman/.data/build21/r0000101001001001001_0001_wfi02_f158_cal.asdf,wfi02,eval,10,8,0.005501213,1
gwcs,../roman/.data/build21/r0000101001001001001_0001_wfi02_f158_cal.asdf,wfi02,eval,10,9,0.004832610,1
gwcs,../roman/.data/build21/r0000101001001001001_0001_wfi02_f158_cal.asdf,wfi02,eval,10,10,0.004776509,1
gwcs,../roman/.data/build21/r0000101001001001001_0001_wfi02_f158_cal.asdf,wfi02,eval,10,11,0.005219219,1
gwcs,../roman/.data/build21/r0000101001001001001_0001_wfi02_f158_cal.asdf,wfi02,eval,10,12,0.004962476,1
gwcs,../roman/.data/build21/r0000101001001001001_0001_wfi02_f158_cal.asdf,wfi02,eval,10,13,0.004771070,1
gwcs,../roman/.data/build21/r0000101001001001001_0001_wfi02_f158_cal.asdf,wfi02,eval,10,14,0.004940453,1
gwcs,../roman/.data/build21/r0000101001001001001_0001_wfi02_f158_cal.asdf,wfi02,eval,10,15,0.005052001,1
gwcs,../roman/.data/build21/r0000101001001001001_0001_wfi02_f158_cal.asdf,wfi02,eval,10,16,0.004858277,1
gwcs,../roman/.data/build21/r0000101001001001001_0001_wfi02_f158_cal.asdf,wfi02,eval,10,17,0.004776975,1
gwcs,../roman/.data/build21/r0000101001001001001_0001_wfi02_f158_cal.asdf,wfi02,eval,10,18,0.005142372,1
gwcs,../roman/.data/build21/r0000101001001001001_0001_wfi02_f158_cal.asdf,wfi02,eval,10,19,0.004836349,1
gwcs,../roman/.data/build21/r0000101001001001001_0001_wfi02_f158_cal.asdf,wfi02,eval,10,20,0.004787575,1
gwcs,../roman/.data/build21/r0000101001001001001_0001_wfi02_f158_cal.asdf,wfi02,eval,10,21,0.004884727,1
gwcs,../roman/.data/build21/r0000101001001001001_0001_wfi02_f158_cal.asdf,wfi02,eval,10,22,0.005236903,1
gwcs,../roman/.data/build21/r0000101001001001001_0001_wfi02_f158_cal.asdf,wfi02,eval,10,23,0.004789609,1
gwcs,../roman/.data/build21/r0000101001001001001_0001_wfi02_f158_cal.asdf,wfi02,eval,10,24,0.004855782,1
gwcs,../roman/.data/build21/r0000101001001001001_0001_wfi02_f158_cal.asdf,wfi02,eval,10,25,0.005072658,1
gwcs,../roman/.data/build21/r0000101001001001001_0001_wfi02_f158_cal.asdf,wfi02,eval,10,26,0.004859987,1
gwcs,../roman/.data/build21/r0000101001001001001_0001_wfi02_f158_cal.asdf,wfi02,eval,10,27,0.004797484,1
gwcs,../roman/.data/build21/r0000101001001001001_0001_wfi02_f158_cal.asdf,wfi02,eval,10,28,0.004979663,1
gwcs,../roman/.data/build21/r0000101001001001001_0001_wfi02_f158_cal.asdf,wfi02,eval,10,29,0.005107912,1
gwcs,../roman/.data/build21/r0000101001001001001_0001_wfi02_f158_cal.asdf,wfi02,eval,10,30,0.004845586,1
gwcs,../roman/.data/build21/r0000101001001001001_0001_wfi02_f158_cal.asdf,wfi02,eval,10,31,0.005055463,1
gwcs,../roman/.data/build21/r0000101001001001001_0001_wfi02_f158_cal.asdf,wfi02,eval,10,32,0.005287832,1
gwcs,../roman/.data/build21/r0000101001001001001_0001_wfi02_f158_cal.asdf,wfi02,eval,10,33,0.004811576,1
gwcs,../roman/.data/build21/r0000101001001001001_0001_wfi02_f158_cal.asdf,wfi02,eval,10,34,0.004842193,1
gwcs,../roman/.data/build21/r0000101001001001001_0001_wfi02_f158_cal.asdf,wfi02,eval,10,35,0.005223489,1
gwcs,../roman/.data/build21/r0000101001001001001_0001_wfi02_f158_cal.asdf,wfi02,eval,10,36,0.004848530,1
gwcs,../roman/.data/build21/r0000101001001001001_0001_wfi02_f158_cal.asdf,wfi02,eval,10,37,0.004907000,1
gwcs,../roman/.data/build21/r0000101001001001001_0001_wfi02_f158_cal.asdf,wfi02,eval,10,38,0.004979706,1
gwcs,../roman/.data/build21/r0000101001001001001_0001_wfi02_f158_cal.asdf,wfi02,eval,10,39,0.005044159,1
gwcs,../roman/.data/build21/r0000101001001001001_0001_wfi02_f158_cal.asdf,wfi02,eval,10,40,0.004809087,1
gwcs,../roman/.data/build21/r0000101001001001001_0001_wfi02_f158_cal.asdf,wfi02,eval,10,41,0.004899485,1
gwcs,../roman/.data/build21/r0000101001001001001_0001_wfi02_f158_cal.asdf,wfi02,eval,10,42,0.005190172,1
gwcs,../roman/.data/build21/r0000101001001001001_0001_wfi02_f158_cal.asdf,wfi02,eval,10,43,0.004826113,1
gwcs,../roman/.data/build21/r0000101001001001001_0001_wfi02_f158_cal.asdf,wfi02,eval,10,44,0.004789052,1
gwcs,../roman/.data/build21/r0000101001001001001_0001_wfi02_f158_cal.asdf,wfi02,eval,10,45,0.005311558,1
gwcs,../roman/.data/build21/r0000101001001001001_0001_wfi02_f158_cal.asdf,wfi02,eval,10,46,0.005468180,1
gwcs,../roman/.data/build21/r0000101001001001001_0001_wfi02_f158_cal.asdf,wfi02,eval,10,47,0.006289150,1
gwcs,../roman/.data/build21/r0000101001001001001_0001_wfi02_f158_cal.asdf,wfi02,eval,10,48,0.005380525,1
gwcs,../roman/.data/build21/r0000101001001001001_0001_wfi02_f158_cal.asdf,wfi02,eval,10,49,0.004892913,1
gwcs,../roman/.data/build21/r0000101001001001001_0001_wfi02_f158_cal.asdf,wfi02,eval,10,50,0.004886311,1
gwcs,../roman/.data/build21/r0000101001001001001_0001_wfi02_f158_cal.asdf,wfi02,eval,10,51,0.005488046,1
gwcs,../roman/.data/build21/r0000101001001001001_0001_wfi02_f158_cal.asdf,wfi02,eval,10,52,0.004917195,1
gwcs,../roman/.data/build21/r0000101001001001001_0001_wfi02_f158_cal.asdf,wfi02,eval,10,53,0.004952029,1
gwcs,../roman/.data/build21/r0000101001001001001_0001_wfi02_f158_cal.asdf,wfi02,eval,10,54,0.004932410,1
gwcs,../roman/.data/build21/r0000101001001001001_0001_wfi02_f158_cal.asdf,wfi02,eval,10,55,0.005703463,1
gwcs,../roman/.data/build21/r0000101001001001001_0001_wfi02_f158_cal.asdf,wfi02,eval,10,56,0.004822488,1
gwcs,../roman/.data/build21/r0000101001001001001_0001_wfi02_f158_cal.asdf,wfi02,eval,10,57,0.005045040,1
gwcs,../roman/.data/build21/r0000101001001001001_0001_wfi02_f158_cal.asdf,wfi02,eval,10,58,0.005436878,1
gwcs,../roman/.data/build21/r0000101001001001001_0001_wfi02_f158_cal.asdf,wfi02,eval,10,59,0.004824232,1
gwcs,../roman/.data/build21/r0000101001001001001_0001_wfi02_f158_cal.asdf,wfi02,eval,10,60,0.004835859,1
gwcs,../roman/.data/build21/r0000101001001001001_0001_wfi02_f158_cal.asdf,wfi02,eval,10,61,0.005560195,1
gwcs,../roman/.data/build21/r0000101001001001001_0001_wfi02_f158_cal.asdf,wfi02,eval,10,62,0.004862400,1
gwcs,../roman/.data/build21/r0000101001001001001_0001_wfi02_f158_cal.asdf,wfi02,eval,10,63,0.004810792,1
gwcs,../roman/.data/build21/r0000101001001001001_0001_wfi02_f158_cal.asdf,wfi02,eval,10,64,0.005451217,1
gwcs,../roman/.data/build21/r0000101001001001001_0001_wfi02_f158_cal.asdf,wfi02,eval,10,65,0.004995191,1
gwcs,../roman/.data/build21/r0000101001001001001_0001_wfi02_f158_cal.asdf,wfi02,eval,10,66,0.004862247,1
gwcs,../roman/.data/build21/r0000101001001001001_0001_wfi02_f158_cal.asdf,wfi02,eval,10,67,0.005083574,1
gwcs,../roman/.data/build21/r0000101001001001001_0001_wfi02_f158_cal.asdf,wfi02,eval,10,68,0.005849378,1
gwcs,../roman/.data/build21/r0000101001001001001_0001_wfi02_f158_cal.asdf,wfi02,eval,10,69,0.005701193,1
gwcs,../roman/.data/build21/r0000101001001001001_0001_wfi02_f158_cal.asdf,wfi02,eval,10,70,0.006833930,1
gwcs,../roman/.data/build21/r0000101001001001001_0001_wfi02_f158_cal.asdf,wfi02,eval,10,71,0.007939685,1
gwcs,../roman/.data/build21/r0000101001001001001_0001_wfi02_f158_cal.asdf,wfi02,eval,10,72,0.007796203,1
gwcs,../roman/.data/build21/r0000101001001001001_0001_wfi02_f158_cal.asdf,wfi02,eval,10,73,0.007748038,1
gwcs,../roman/.data/build21/r0000101001001001001_0001_wfi02_f158_cal.asdf,wfi02,eval,10,74,0.008237625,1
gwcs,../roman/.data/build21/r0000101001001001001_0001_wfi02_f158_cal.asdf,wfi02,eval,10,75,0.006341103,1
gwcs,../roman/.data/build21/r0000101001001001001_0001_wfi02_f158_cal.asdf,wfi02,eval,10,76,0.005971033,1
gwcs,../roman/.data/build21/r0000101001001001001_0001_wfi02_f158_cal.asdf,wfi02,eval,10,77,0.005147796,1
gwcs,../roman/.data/build21/r0000101001001001001_0001_wfi02_f158_cal.asdf,wfi02,eval,10,78,0.005210421,1
gwcs,../roman/.data/build21/r0000101001001001001_0001_wfi02_f158_cal.asdf,wfi02,eval,10,79,0.005246461,1
gwcs,../roman/.data/build21/r0000101001001001001_0001_wfi02_f158_cal.asdf,wfi02,eval,10,80,0.005428249,1
gwcs,../roman/.data/build21/r0000101001001001001_0001_wfi02_f158_cal.asdf,wfi02,eval,10,81,0.005012395,1
gwcs,../roman/.data/build21/r0000101001001001001_0001_wfi02_f158_cal.asdf,wfi02,eval,10,82,0.004891326,1
gwcs,../roman/.data/build21/r0000101001001001001_0001_wfi02_f158_cal.asdf,wfi02,eval,10,83,0.005324431,1
gwcs,../roman/.data/build21/r0000101001001001001_0001_wfi02_f158_cal.asdf,wfi02,eval,10,84,0.005462231,1
gwcs,../roman/.data/build21/r0000101001001001001_0001_wfi02_f158_cal.asdf,wfi02,eval,10,85,0.005516566,1
gwcs,../roman/.data/build21/r0000101001001001001_0001_wfi02_f158_cal.asdf,wfi02,eval,10,86,0.006216607,1
gwcs,../roman/.data/build21/r0000101001001001001_0001_wfi02_f158_cal.asdf,wfi02,eval,10,87,0.005066494,1
gwcs,../roman/.data/build21/r0000101001001001001_0001_wfi02_f158_cal.asdf,wfi02,eval,10,88,0.004895052,1
gwcs,../roman/.data/build21/r0000101001001001001_0001_wfi02_f158_cal.asdf,wfi02,eval,10,89,0.004900446,1
gwcs,../roman/.data/build21/r0000101001001001001_0001_wfi02_f158_cal.asdf,wfi02,eval,10,90,0.004924196,1
gwcs,../roman/.data/build21/r0000101001001001001_0001_wfi02_f158_cal.asdf,wfi02,eval,10,91,0.005090740,1
gwcs,../roman/.data/build21/r0000101001001001001_0001_wfi02_f158_cal.asdf,wfi02,eval,10,92,0.004861009,1
gwcs,../roman/.data/build21/r0000101001001001001_0001_wfi02_f158_cal.asdf,wfi02,eval,10,93,0.004936359,1
gwcs,../roman/.data/build21/r0000101001001001001_0001_wfi02_f158_cal.asdf,wfi02,eval,10,94,0.004856270,1
gwcs,../roman/.data/build21/r0000101001001001001_0001_wfi02_f158_cal.asdf,wfi02,eval,10,95,0.004772719,1
gwcs,../roman/.data/build21/r0000101001001001001_0001_wfi02_f158_cal.asdf,wfi02,eval,10,96,0.005230786,1
gwcs,../roman/.data/build21/r0000101001001001001_0001_wfi02_f158_cal.asdf,wfi02,eval,10,97,0.004818253,1
gwcs,../roman/.data/build21/r0000101001001001001_0001_wfi02_f158_cal.asdf,wfi02,eval,10,98,0.004818643,1
gwcs,../roman/.data/build21/r0000101001001001001_0001_wfi02_f158_cal.asdf,wfi02,eval,10,99,0.005134473,1
gwcs,../roman/.data/build21/r0000101001001001001_0001_wfi02_f158_cal.asdf,wfi02,eval,100,0,0.005406562,1
gwcs,../roman/.data/build21/r0000101001001001001_0001_wfi02_f158_cal.asdf,wfi02,eval,100,1,0.005146358,1
gwcs,../roman/.data/build21/r0000101001001001001_0001_wfi02_f158_cal.asdf,wfi02,eval,100,2,0.005285437,1
gwcs,../roman/.data/build21/r0000101001001001001_0001_wfi02_f158_cal.asdf,wfi02,eval,100,3,0.004995909,1
gwcs,../roman/.data/build21/r0000101001001001001_0001_wfi02_f158_cal.asdf,wfi02,eval,100,4,0.004985298,1
gwcs,../roman/.data/build21/r0000101001001001001_0001_wfi02_f158_cal.asdf,wfi02,eval,100,5,0.005045741,1
gwcs,../roman/.data/build21/r0000101001001001001_0001_wfi02_f158_cal.asdf,wfi02,eval,100,6,0.005169841,1
gwcs,../roman/.data/build21/r0000101001001001001_0001_wfi02_f158_cal.asdf,wfi02,eval,100,7,0.004942362,1
gwcs,../roman/.data/build21/r0000101001001001001_0001_wfi02_f158_cal.asdf,wfi02,eval,100,8,0.005268529,1
gwcs,../roman/.data/build21/r0000101001001001001_0001_wfi02_f158_cal.asdf,wfi02,eval,100,9,0.005396120,1
gwcs,../roman/.data/build21/r0000101001001001001_0001_wfi02_f158_cal.asdf,wfi02,eval,100,10,0.004946268,1
gwcs,../roman/.data/build21/r0000101001001001001_0001_wfi02_f158_cal.asdf,wfi02,eval,100,11,0.004856202,1
gwcs,../roman/.data/build21/r0000101001001001001_0001_wfi02_f158_cal.asdf,wfi02,eval,100,12,0.005167425,1
gwcs,../roman/.data/build21/r0000101001001001001_0001_wfi02_f158_cal.asdf,wfi02,eval,100,13,0.004929172,1
gwcs,../roman/.data/build21/r0000101001001001001_0001_wfi02_f158_cal.asdf,wfi02,eval,100,14,0.004870972,1
gwcs,../roman/.data/build21/r0000101001001001001_0001_wfi02_f158_cal.asdf,wfi02,eval,100,15,0.005198502,1
gwcs,../roman/.data/build21/r0000101001001001001_0001_wfi02_f158_cal.asdf,wfi02,eval,100,16,0.005101504,1
gwcs,../roman/.data/build21/r0000101001001001001_0001_wfi02_f158_cal.asdf,wfi02,eval,100,17,0.004839548,1
gwcs,../roman/.data/build21/r0000101001001001001_0001_wfi02_f158_cal.asdf,wfi02,eval,100,18,0.005219994,1
gwcs,../roman/.data/build21/r0000101001001001001_0001_wfi02_f158_cal.asdf,wfi02,eval,100,19,0.005268847,1
gwcs,../roman/.data/build21/r0000101001001001001_0001_wfi02_f158_cal.asdf,wfi02,eval,100,20,0.005279258,1
gwcs,../roman/.data/build21/r0000101001001001001_0001_wfi02_f158_cal.asdf,wfi02,eval,100,21,0.004925828,1
gwcs,../roman/.data/build21/r0000101001001001001_0001_wfi02_f158_cal.asdf,wfi02,eval,100,22,0.007458970,1
gwcs,../roman/.data/build21/r0000101001001001001_0001_wfi02_f158_cal.asdf,wfi02,eval,100,23,0.005128775,1
gwcs,../roman/.data/build21/r0000101001001001001_0001_wfi02_f158_cal.asdf,wfi02,eval,100,24,0.004933861,1
gwcs,../roman/.data/build21/r0000101001001001001_0001_wfi02_f158_cal.asdf,wfi02,eval,100,25,0.005673624,1
gwcs,../roman/.data/build21/r0000101001001001001_0001_wfi02_f158_cal.asdf,wfi02,eval,100,26,0.005036252,1
gwcs,../roman/.data/build21/r0000101001001001001_0001_wfi02_f158_cal.asdf,wfi02,eval,100,27,0.004936254,1
gwcs,../roman/.data/build21/r0000101001001001001_0001_wfi02_f158_cal.asdf,wfi02,eval,100,28,0.005887362,1
gwcs,../roman/.data/build21/r0000101001001001001_0001_wfi02_f158_cal.asdf,wfi02,eval,100,29,0.005158725,1
gwcs,../roman/.data/build21/r0000101001001001001_0001_wfi02_f158_cal.asdf,wfi02,eval,100,30,0.004859542,1
gwcs,../roman/.data/build21/r0000101001001001001_0001_wfi02_f158_cal.asdf,wfi02,eval,100,31,0.005619456,1
gwcs,../roman/.data/build21/r0000101001001001001_0001_wfi02_f158_cal.asdf,wfi02,eval,100,32,0.005169448,1
gwcs,../roman/.data/build21/r0000101001001001001_0001_wfi02_f158_cal.asdf,wfi02,eval,100,33,0.004814587,1
gwcs,../roman/.data/build21/r0000101001001001001_0001_wfi02_f158_cal.asdf,wfi02,eval,100,34,0.005686332,1
gwcs,../roman/.data/build21/r0000101001001001001_0001_wfi02_f158_cal.asdf,wfi02,eval,100,35,0.005356704,1
gwcs,../roman/.data/build21/r0000101001001001001_0001_wfi02_f158_cal.asdf,wfi02,eval,100,36,0.006444366,1
gwcs,../roman/.data/build21/r0000101001001001001_0001_wfi02_f158_cal.asdf,wfi02,eval,100,37,0.005304961,1
gwcs,../roman/.data/build21/r0000101001001001001_0001_wfi02_f158_cal.asdf,wfi02,eval,100,38,0.005149658,1
gwcs,../roman/.data/build21/r0000101001001001001_0001_wfi02_f158_cal.asdf,wfi02,eval,100,39,0.005118152,1
gwcs,../roman/.data/build21/r0000101001001001001_0001_wfi02_f158_cal.asdf,wfi02,eval,100,40,0.005649533,1
gwcs,../roman/.data/build21/r0000101001001001001_0001_wfi02_f158_cal.asdf,wfi02,eval,100,41,0.005343517,1
gwcs,../roman/.data/build21/r0000101001001001001_0001_wfi02_f158_cal.asdf,wfi02,eval,100,42,0.005041353,1
gwcs,../roman/.data/build21/r0000101001001001001_0001_wfi02_f158_cal.asdf,wfi02,eval,100,43,0.005335640,1
gwcs,../roman/.data/build21/r0000101001001001001_0001_wfi02_f158_cal.asdf,wfi02,eval,100,44,0.005383817,1
gwcs,../roman/.data/build21/r0000101001001001001_0001_wfi02_f158_cal.asdf,wfi02,eval,100,45,0.005023183,1
gwcs,../roman/.data/build21/r0000101001001001001_0001_wfi02_f158_cal.asdf,wfi02,eval,100,46,0.005173759,1
gwcs,../roman/.data/build21/r0000101001001001001_0001_wfi02_f158_cal.asdf,wfi02,eval,100,47,0.005467284,1
gwcs,../roman/.data/build21/r0000101001001001001_0001_wfi02_f158_cal.asdf,wfi02,eval,100,48,0.005137876,1
gwcs,../roman/.data/build21/r0000101001001001001_0001_wfi02_f158_cal.asdf,wfi02,eval,100,49,0.005050975,1
gwcs,../roman/.data/build21/r0000101001001001001_0001_wfi02_f158_cal.asdf,wfi02,eval,1000,0,0.006373544,1
gwcs,../roman/.data/build21/r0000101001001001001_0001_wfi02_f158_cal.asdf,wfi02,eval,1000,1,0.005552530,1
gwcs,../roman/.data/build21/r0000101001001001001_0001_wfi02_f158_cal.asdf,wfi02,eval,1000,2,0.006057721,1
gwcs,../roman/.data/build21/r0000101001001001001_0001_wfi02_f158_cal.asdf,wfi02,eval,1000,3,0.005741543,1
gwcs,../roman/.data/build21/r0000101001001001001_0001_wfi02_f158_cal.asdf,wfi02,eval,1000,4,0.007728905,1
gwcs,../roman/.data/build21/r0000101001001001001_0001_wfi02_f158_cal.asdf,wfi02,eval,1000,5,0.006060332,1
gwcs,../roman/.data/build21/r0000101001001001001_0001_wfi02_f158_cal.asdf,wfi02,eval,1000,6,0.005584507,1
gwcs,../roman/.data/build21/r0000101001001001001_0001_wfi02_f158_cal.asdf,wfi02,eval,1000,7,0.005492156,1
gwcs,../roman/.data/build21/r0000101001001001001_0001_wfi02_f158_cal.asdf,wfi02,eval,1000,8,0.006071250,1
gwcs,../roman/.data/build21/r0000101001001001001_0001_wfi02_f158_cal.asdf,wfi02,eval,1000,9,0.005390272,1
gwcs,../roman/.data/build21/r0000101001001001001_0001_wfi02_f158_cal.asdf,wfi02,eval,1000,10,0.006569606,1
gwcs,../roman/.data/build21/r0000101001001001001_0001_wfi02_f158_cal.asdf,wfi02,eval,1000,11,0.005714565,1
gwcs,../roman/.data/build21/r0000101001001001001_0001_wfi02_f158_cal.asdf,wfi02,eval,1000,12,0.005238054,1
gwcs,../roman/.data/build21/r0000101001001001001_0001_wfi02_f158_cal.asdf,wfi02,eval,1000,13,0.005257765,1
gwcs,../roman/.data/build21/r0000101001001001001_0001_wfi02_f158_cal.asdf,wfi02,eval,1000,14,0.005884132,1
gwcs,../roman/.data/build21/r0000101001001001001_0001_wfi02_f158_cal.asdf,wfi02,eval,1000,15,0.005319173,1
gwcs,../roman/.data/build21/r0000101001001001001_0001_wfi02_f158_cal.asdf,wfi02,eval,1000,16,0.005187256,1
gwcs,../roman/.data/build21/r0000101001001001001_0001_wfi02_f158_cal.asdf,wfi02,eval,1000,17,0.005933709,1
gwcs,../roman/.data/build21/r0000101001001001001_0001_wfi02_f158_cal.asdf,wfi02,eval,1000,18,0.005294976,1
gwcs,../roman/.data/build21/r0000101001001001001_0001_wfi02_f158_cal.asdf,wfi02,eval,1000,19,0.005178465,1
gwcs,../roman/.data/build21/r0000101001001001001_0001_wfi02_f158_cal.asdf,wfi02,eval,10000,0,0.009582193,1
gwcs,../roman/.data/build21/r0000101001001001001_0001_wfi02_f158_cal.asdf,wfi02,eval,10000,1,0.008989728,1
gwcs,../roman/.data/build21/r0000101001001001001_0001_wfi02_f158_cal.asdf,wfi02,eval,10000,2,0.008524613,1
gwcs,../roman/.data/build21/r0000101001001001001_0001_wfi02_f158_cal.asdf,wfi02,eval,10000,3,0.008844068,1
gwcs,../roman/.data/build21/r0000101001001001001_0001_wfi02_f158_cal.asdf,wfi02,eval,10000,4,0.008461463,1
gwcs,../roman/.data/build21/r0000101001001001001_0001_wfi02_f158_cal.asdf,wfi02,eval,10000,5,0.008814258,1
gwcs,../roman/.data/build21/r0000101001001001001_0001_wfi02_f158_cal.asdf,wfi02,eval,10000,6,0.008811942,1
gwcs,../roman/.data/build21/r0000101001001001001_0001_wfi02_f158_cal.asdf,wfi02,eval,10000,7,0.008797771,1
gwcs,../roman/.data/build21/r0000101001001001001_0001_wfi02_f158_cal.asdf,wfi02,eval,10000,8,0.008679699,1
gwcs,../roman/.data/build21/r0000101001001001001_0001_wfi02_f158_cal.asdf,wfi02,eval,10000,9,0.008829395,1
gwcs,../roman/.data/build21/r0000101001001001001_0001_wfi02_f158_cal.asdf,wfi02,eval,100000,0,0.039410965,1
gwcs,../roman/.data/build21/r0000101001001001001_0001_wfi02_f158_cal.asdf,wfi02,eval,100000,1,0.038470516,1
gwcs,../roman/.data/build21/r0000101001001001001_0001_wfi02_f158_cal.asdf,wfi02,eval,100000,2,0.038449267,1
gwcs,../roman/.data/build21/r0000101001001001001_0001_wfi02_f158_cal.asdf,wfi02,eval,100000,3,0.038277489,1
gwcs,../roman/.data/build21/r0000101001001001001_0001_wfi02_f158_cal.asdf,wfi02,eval,100000,4,0.038517772,1
gwcs,../roman/.data/build21/r0000101001001001001_0001_wfi02_f158_cal.asdf,wfi02,eval,1000000,0,0.393347179,1
gwcs,../roman/.data/build21/r0000101001001001001_0001_wfi02_f158_cal.asdf,wfi02,eval,1000000,1,0.392912338,1
gwcs,../roman/.data/build21/r0000101001001001001_0001_wfi02_f158_cal.asdf,wfi02,eval,1000000,2,0.395680723,1
gwcs,../roman/.data/build21/r0000101001001001001_0001_wfi02_f158_cal.asdf,wfi02,eval,10000000,0,3.870050983,1
gwcs,../roman/.data/build21/r0000101001001001001_0001_wfi02_f158_cal.asdf,wfi02,eval,10000000,1,3.988606949,1
gwcs,../roman/.data/build21/r0000101001001001001_0001_wfi02_f158_cal.asdf,wfi02,eval,16711744,0,6.949388565,1
gwcs,../roman/.data/build21/r0000101001001001001_0001_wfi02_f158_cal.asdf,wfi02,eval,16711744,1,6.978626441,1
gwcs,../roman/.data/build21/r0000101001001001001_0001_wfi03_f158_cal.asdf,wfi03,parse_cold,0,0,0.864752339,1
gwcs,../roman/.data/build21/r0000101001001001001_0001_wfi03_f158_cal.asdf,wfi03,parse_hot,0,0,0.552042178,1
gwcs,../roman/.data/build21/r0000101001001001001_0001_wfi03_f158_cal.asdf,wfi03,eval,1,0,0.006302572,1
gwcs,../roman/.data/build21/r0000101001001001001_0001_wfi03_f158_cal.asdf,wfi03,eval,1,1,0.005464932,1
gwcs,../roman/.data/build21/r0000101001001001001_0001_wfi03_f158_cal.asdf,wfi03,eval,1,2,0.004905709,1
gwcs,../roman/.data/build21/r0000101001001001001_0001_wfi03_f158_cal.asdf,wfi03,eval,1,3,0.005209546,1
gwcs,../roman/.data/build21/r0000101001001001001_0001_wfi03_f158_cal.asdf,wfi03,eval,1,4,0.005259900,1
gwcs,../roman/.data/build21/r0000101001001001001_0001_wfi03_f158_cal.asdf,wfi03,eval,1,5,0.005029625,1
gwcs,../roman/.data/build21/r0000101001001001001_0001_wfi03_f158_cal.asdf,wfi03,eval,1,6,0.004834669,1
gwcs,../roman/.data/build21/r0000101001001001001_0001_wfi03_f158_cal.asdf,wfi03,eval,1,7,0.005188987,1
gwcs,../roman/.data/build21/r0000101001001001001_0001_wfi03_f158_cal.asdf,wfi03,eval,1,8,0.004979359,1
gwcs,../roman/.data/build21/r0000101001001001001_0001_wfi03_f158_cal.asdf,wfi03,eval,1,9,0.005061773,1
gwcs,../roman/.data/build21/r0000101001001001001_0001_wfi03_f158_cal.asdf,wfi03,eval,1,10,0.004784102,1
gwcs,../roman/.data/build21/r0000101001001001001_0001_wfi03_f158_cal.asdf,wfi03,eval,1,11,0.005539695,1
gwcs,../roman/.data/build21/r0000101001001001001_0001_wfi03_f158_cal.asdf,wfi03,eval,1,12,0.004868926,1
gwcs,../roman/.data/build21/r0000101001001001001_0001_wfi03_f158_cal.asdf,wfi03,eval,1,13,0.005111506,1
gwcs,../roman/.data/build21/r0000101001001001001_0001_wfi03_f158_cal.asdf,wfi03,eval,1,14,0.005301693,1
gwcs,../roman/.data/build21/r0000101001001001001_0001_wfi03_f158_cal.asdf,wfi03,eval,1,15,0.005162910,1
gwcs,../roman/.data/build21/r0000101001001001001_0001_wfi03_f158_cal.asdf,wfi03,eval,1,16,0.004772154,1
gwcs,../roman/.data/build21/r0000101001001001001_0001_wfi03_f158_cal.asdf,wfi03,eval,1,17,0.005175367,1
gwcs,../roman/.data/build21/r0000101001001001001_0001_wfi03_f158_cal.asdf,wfi03,eval,1,18,0.005318712,1
gwcs,../roman/.data/build21/r0000101001001001001_0001_wfi03_f158_cal.asdf,wfi03,eval,1,19,0.005041093,1
gwcs,../roman/.data/build21/r0000101001001001001_0001_wfi03_f158_cal.asdf,wfi03,eval,1,20,0.004966095,1
gwcs,../roman/.data/build21/r0000101001001001001_0001_wfi03_f158_cal.asdf,wfi03,eval,1,21,0.005183374,1
gwcs,../roman/.data/build21/r0000101001001001001_0001_wfi03_f158_cal.asdf,wfi03,eval,1,22,0.004940658,1
gwcs,../roman/.data/build21/r0000101001001001001_0001_wfi03_f158_cal.asdf,wfi03,eval,1,23,0.004850104,1
gwcs,../roman/.data/build21/r0000101001001001001_0001_wfi03_f158_cal.asdf,wfi03,eval,1,24,0.005132440,1
gwcs,../roman/.data/build21/r0000101001001001001_0001_wfi03_f158_cal.asdf,wfi03,eval,1,25,0.004760041,1
gwcs,../roman/.data/build21/r0000101001001001001_0001_wfi03_f158_cal.asdf,wfi03,eval,1,26,0.007041840,1
gwcs,../roman/.data/build21/r0000101001001001001_0001_wfi03_f158_cal.asdf,wfi03,eval,1,27,0.005117052,1
gwcs,../roman/.data/build21/r0000101001001001001_0001_wfi03_f158_cal.asdf,wfi03,eval,1,28,0.004714631,1
gwcs,../roman/.data/build21/r0000101001001001001_0001_wfi03_f158_cal.asdf,wfi03,eval,1,29,0.004652242,1
gwcs,../roman/.data/build21/r0000101001001001001_0001_wfi03_f158_cal.asdf,wfi03,eval,1,30,0.005317365,1
gwcs,../roman/.data/build21/r0000101001001001001_0001_wfi03_f158_cal.asdf,wfi03,eval,1,31,0.004767541,1
gwcs,../roman/.data/build21/r0000101001001001001_0001_wfi03_f158_cal.asdf,wfi03,eval,1,32,0.004683125,1
gwcs,../roman/.data/build21/r0000101001001001001_0001_wfi03_f158_cal.asdf,wfi03,eval,1,33,0.004663238,1
gwcs,../roman/.data/build21/r0000101001001001001_0001_wfi03_f158_cal.asdf,wfi03,eval,1,34,0.005029921,1
gwcs,../roman/.data/build21/r0000101001001001001_0001_wfi03_f158_cal.asdf,wfi03,eval,1,35,0.005108699,1
gwcs,../roman/.data/build21/r0000101001001001001_0001_wfi03_f158_cal.asdf,wfi03,eval,1,36,0.004687254,1
gwcs,../roman/.data/build21/r0000101001001001001_0001_wfi03_f158_cal.asdf,wfi03,eval,1,37,0.004666137,1
gwcs,../roman/.data/build21/r0000101001001001001_0001_wfi03_f158_cal.asdf,wfi03,eval,1,38,0.006472867,1
gwcs,../roman/.data/build21/r0000101001001001001_0001_wfi03_f158_cal.asdf,wfi03,eval,1,39,0.006905755,1
gwcs,../roman/.data/build21/r0000101001001001001_0001_wfi03_f158_cal.asdf,wfi03,eval,1,40,0.006156689,1
gwcs,../roman/.data/build21/r0000101001001001001_0001_wfi03_f158_cal.asdf,wfi03,eval,1,41,0.006369311,1
gwcs,../roman/.data/build21/r0000101001001001001_0001_wfi03_f158_cal.asdf,wfi03,eval,1,42,0.005319805,1
gwcs,../roman/.data/build21/r0000101001001001001_0001_wfi03_f158_cal.asdf,wfi03,eval,1,43,0.005615832,1
gwcs,../roman/.data/build21/r0000101001001001001_0001_wfi03_f158_cal.asdf,wfi03,eval,1,44,0.004928049,1
gwcs,../roman/.data/build21/r0000101001001001001_0001_wfi03_f158_cal.asdf,wfi03,eval,1,45,0.004960714,1
gwcs,../roman/.data/build21/r0000101001001001001_0001_wfi03_f158_cal.asdf,wfi03,eval,1,46,0.005380956,1
gwcs,../roman/.data/build21/r0000101001001001001_0001_wfi03_f158_cal.asdf,wfi03,eval,1,47,0.004738293,1
gwcs,../roman/.data/build21/r0000101001001001001_0001_wfi03_f158_cal.asdf,wfi03,eval,1,48,0.004706505,1
gwcs,../roman/.data/build21/r0000101001001001001_0001_wfi03_f158_cal.asdf,wfi03,eval,1,49,0.006895935,1
gwcs,../roman/.data/build21/r0000101001001001001_0001_wfi03_f158_cal.asdf,wfi03,eval,1,50,0.008714408,1
gwcs,../roman/.data/build21/r0000101001001001001_0001_wfi03_f158_cal.asdf,wfi03,eval,1,51,0.005413832,1
gwcs,../roman/.data/build21/r0000101001001001001_0001_wfi03_f158_cal.asdf,wfi03,eval,1,52,0.004811550,1
gwcs,../roman/.data/build21/r0000101001001001001_0001_wfi03_f158_cal.asdf,wfi03,eval,1,53,0.004770432,1
gwcs,../roman/.data/build21/r0000101001001001001_0001_wfi03_f158_cal.asdf,wfi03,eval,1,54,0.005002161,1
gwcs,../roman/.data/build21/r0000101001001001001_0001_wfi03_f158_cal.asdf,wfi03,eval,1,55,0.005361961,1
gwcs,../roman/.data/build21/r0000101001001001001_0001_wfi03_f158_cal.asdf,wfi03,eval,1,56,0.005107529,1
gwcs,../roman/.data/build21/r0000101001001001001_0001_wfi03_f158_cal.asdf,wfi03,eval,1,57,0.006023896,1
gwcs,../roman/.data/build21/r0000101001001001001_0001_wfi03_f158_cal.asdf,wfi03,eval,1,58,0.005385485,1
gwcs,../roman/.data/build21/r0000101001001001001_0001_wfi03_f158_cal.asdf,wfi03,eval,1,59,0.005016211,1
gwcs,../roman/.data/build21/r0000101001001001001_0001_wfi03_f158_cal.asdf,wfi03,eval,1,60,0.005176513,1
gwcs,../roman/.data/build21/r0000101001001001001_0001_wfi03_f158_cal.asdf,wfi03,eval,1,61,0.005268703,1
gwcs,../roman/.data/build21/r0000101001001001001_0001_wfi03_f158_cal.asdf,wfi03,eval,1,62,0.005009212,1
gwcs,../roman/.data/build21/r0000101001001001001_0001_wfi03_f158_cal.asdf,wfi03,eval,1,63,0.005176550,1
gwcs,../roman/.data/build21/r0000101001001001001_0001_wfi03_f158_cal.asdf,wfi03,eval,1,64,0.005159047,1
gwcs,../roman/.data/build21/r0000101001001001001_0001_wfi03_f158_cal.asdf,wfi03,eval,1,65,0.004663249,1
gwcs,../roman/.data/build21/r0000101001001001001_0001_wfi03_f158_cal.asdf,wfi03,eval,1,66,0.005421532,1
gwcs,../roman/.data/build21/r0000101001001001001_0001_wfi03_f158_cal.asdf,wfi03,eval,1,67,0.005591563,1
gwcs,../roman/.data/build21/r0000101001001001001_0001_wfi03_f158_cal.asdf,wfi03,eval,1,68,0.005295281,1
gwcs,../roman/.data/build21/r0000101001001001001_0001_wfi03_f158_cal.asdf,wfi03,eval,1,69,0.005488846,1
gwcs,../roman/.data/build21/r0000101001001001001_0001_wfi03_f158_cal.asdf,wfi03,eval,1,70,0.005733589,1
gwcs,../roman/.data/build21/r0000101001001001001_0001_wfi03_f158_cal.asdf,wfi03,eval,1,71,0.004824591,1
gwcs,../roman/.data/build21/r0000101001001001001_0001_wfi03_f158_cal.asdf,wfi03,eval,1,72,0.005373939,1
gwcs,../roman/.data/build21/r0000101001001001001_0001_wfi03_f158_cal.asdf,wfi03,eval,1,73,0.005889286,1
gwcs,../roman/.data/build21/r0000101001001001001_0001_wfi03_f158_cal.asdf,wfi03,eval,1,74,0.004727464,1
gwcs,../roman/.data/build21/r0000101001001001001_0001_wfi03_f158_cal.asdf,wfi03,eval,1,75,0.005055256,1
gwcs,../roman/.data/build21/r0000101001001001001_0001_wfi03_f158_cal.asdf,wfi03,eval,1,76,0.005778374,1
gwcs,../roman/.data/build21/r0000101001001001001_0001_wfi03_f158_cal.asdf,wfi03,eval,1,77,0.005377017,1
gwcs,../roman/.data/build21/r0000101001001001001_0001_wfi03_f158_cal.asdf,wfi03,eval,1,78,0.004857205,1
gwcs,../roman/.data/build21/r0000101001001001001_0001_wfi03_f158_cal.asdf,wfi03,eval,1,79,0.005232346,1
gwcs,../roman/.data/build21/r0000101001001001001_0001_wfi03_f158_cal.asdf,wfi03,eval,1,80,0.005012861,1
gwcs,../roman/.data/build21/r0000101001001001001_0001_wfi03_f158_cal.asdf,wfi03,eval,1,81,0.004711847,1
gwcs,../roman/.data/build21/r0000101001001001001_0001_wfi03_f158_cal.asdf,wfi03,eval,1,82,0.004674085,1
gwcs,../roman/.data/build21/r0000101001001001001_0001_wfi03_f158_cal.asdf,wfi03,eval,1,83,0.005277149,1
gwcs,../roman/.data/build21/r0000101001001001001_0001_wfi03_f158_cal.asdf,wfi03,eval,1,84,0.004770753,1
gwcs,../roman/.data/build21/r0000101001001001001_0001_wfi03_f158_cal.asdf,wfi03,eval,1,85,0.004694226,1
gwcs,../roman/.data/build21/r0000101001001001001_0001_wfi03_f158_cal.asdf,wfi03,eval,1,86,0.005212056,1
gwcs,../roman/.data/build21/r0000101001001001001_0001_wfi03_f158_cal.asdf,wfi03,eval,1,87,0.004778977,1
gwcs,../roman/.data/build21/r0000101001001001001_0001_wfi03_f158_cal.asdf,wfi03,eval,1,88,0.004941789,1
gwcs,../roman/.data/build21/r0000101001001001001_0001_wfi03_f158_cal.asdf,wfi03,eval,1,89,0.005127114,1
gwcs,../roman/.data/build21/r0000101001001001001_0001_wfi03_f158_cal.asdf,wfi03,eval,1,90,0.006122916,1
gwcs,../roman/.data/build21/r0000101001001001001_0001_wfi03_f158_cal.asdf,wfi03,eval,1,91,0.004860858,1
gwcs,../roman/.data/build21/r0000101001001001001_0001_wfi03_f158_cal.asdf,wfi03,eval,1,92,0.004957308,1
gwcs,../roman/.data/build21/r0000101001001001001_0001_wfi03_f158_cal.asdf,wfi03,eval,1,93,0.005505039,1
gwcs,../roman/.data/build21/r0000101001001001001_0001_wfi03_f158_cal.asdf,wfi03,eval,1,94,0.004927321,1
gwcs,../roman/.data/build21/r0000101001001001001_0001_wfi03_f158_cal.asdf,wfi03,eval,1,95,0.004915520,1
gwcs,../roman/.data/build21/r0000101001001001001_0001_wfi03_f158_cal.asdf,wfi03,eval,1,96,0.005350702,1
gwcs,../roman/.data/build21/r0000101001001001001_0001_wfi03_f158_cal.asdf,wfi03,eval,1,97,0.004879516,1
gwcs,../roman/.data/build21/r0000101001001001001_0001_wfi03_f158_cal.asdf,wfi03,eval,1,98,0.005050356,1
gwcs,../roman/.data/build21/r0000101001001001001_0001_wfi03_f158_cal.asdf,wfi03,eval,1,99,0.004809507,1
gwcs,../roman/.data/build21/r0000101001001001001_0001_wfi03_f158_cal.asdf,wfi03,eval,10,0,0.007092333,1
gwcs,../roman/.data/build21/r0000101001001001001_0001_wfi03_f158_cal.asdf,wfi03,eval,10,1,0.005829608,1
gwcs,../roman/.data/build21/r0000101001001001001_0001_wfi03_f158_cal.asdf,wfi03,eval,10,2,0.006238349,1
gwcs,../roman/.data/build21/r0000101001001001001_0001_wfi03_f158_cal.asdf,wfi03,eval,10,3,0.005276933,1
gwcs,../roman/.data/build21/r0000101001001001001_0001_wfi03_f158_cal.asdf,wfi03,eval,10,4,0.006569393,1
gwcs,../roman/.data/build21/r0000101001001001001_0001_wfi03_f158_cal.asdf,wfi03,eval,10,5,0.006400490,1
gwcs,../roman/.data/build21/r0000101001001001001_0001_wfi03_f158_cal.asdf,wfi03,eval,10,6,0.004952088,1
gwcs,../roman/.data/build21/r0000101001001001001_0001_wfi03_f158_cal.asdf,wfi03,eval,10,7,0.005296297,1
gwcs,../roman/.data/build21/r0000101001001001001_0001_wfi03_f158_cal.asdf,wfi03,eval,10,8,0.005214429,1
gwcs,../roman/.data/build21/r0000101001001001001_0001_wfi03_f158_cal.asdf,wfi03,eval,10,9,0.005382434,1
gwcs,../roman/.data/build21/r0000101001001001001_0001_wfi03_f158_cal.asdf,wfi03,eval,10,10,0.004874522,1
gwcs,../roman/.data/build21/r0000101001001001001_0001_wfi03_f158_cal.asdf,wfi03,eval,10,11,0.005022606,1
gwcs,../roman/.data/build21/r0000101001001001001_0001_wfi03_f158_cal.asdf,wfi03,eval,10,12,0.006150356,1
gwcs,../roman/.data/build21/r0000101001001001001_0001_wfi03_f158_cal.asdf,wfi03,eval,10,13,0.005823381,1
gwcs,../roman/.data/build21/r0000101001001001001_0001_wfi03_f158_cal.asdf,wfi03,eval,10,14,0.005241481,1
gwcs,../roman/.data/build21/r0000101001001001001_0001_wfi03_f158_cal.asdf,wfi03,eval,10,15,0.006170820,1
gwcs,../roman/.data/build21/r0000101001001001001_0001_wfi03_f158_cal.asdf,wfi03,eval,10,16,0.004781821,1
gwcs,../roman/.data/build21/r0000101001001001001_0001_wfi03_f158_cal.asdf,wfi03,eval,10,17,0.004770045,1
gwcs,../roman/.data/build21/r0000101001001001001_0001_wfi03_f158_cal.asdf,wfi03,eval,10,18,0.005221847,1
gwcs,../roman/.data/build21/r0000101001001001001_0001_wfi03_f158_cal.asdf,wfi03,eval,10,19,0.004947316,1
gwcs,../roman/.data/build21/r0000101001001001001_0001_wfi03_f158_cal.asdf,wfi03,eval,10,20,0.004898303,1
gwcs,../roman/.data/build21/r0000101001001001001_0001_wfi03_f158_cal.asdf,wfi03,eval,10,21,0.005233835,1
gwcs,../roman/.data/build21/r0000101001001001001_0001_wfi03_f158_cal.asdf,wfi03,eval,10,22,0.004864180,1
gwcs,../roman/.data/build21/r0000101001001001001_0001_wfi03_f158_cal.asdf,wfi03,eval,10,23,0.004866656,1
gwcs,../roman/.data/build21/r0000101001001001001_0001_wfi03_f158_cal.asdf,wfi03,eval,10,24,0.005114703,1
gwcs,../roman/.data/build21/r0000101001001001001_0001_wfi03_f158_cal.asdf,wfi03,eval,10,25,0.004909577,1
gwcs,../roman/.data/build21/r0000101001001001001_0001_wfi03_f158_cal.asdf,wfi03,eval,10,26,0.005100948,1
gwcs,../roman/.data/build21/r0000101001001001001_0001_wfi03_f158_cal.asdf,wfi03,eval,10,27,0.005399935,1
gwcs,../roman/.data/build21/r0000101001001001001_0001_wfi03_f158_cal.asdf,wfi03,eval,10,28,0.004868587,1
gwcs,../roman/.data/build21/r0000101001001001001_0001_wfi03_f158_cal.asdf,wfi03,eval,10,29,0.004776333,1
gwcs,../roman/.data/build21/r0000101001001001001_0001_wfi03_f158_cal.asdf,wfi03,eval,10,30,0.005306204,1
gwcs,../roman/.data/build21/r0000101001001001001_0001_wfi03_f158_cal.asdf,wfi03,eval,10,31,0.004971894,1
gwcs,../roman/.data/build21/r0000101001001001001_0001_wfi03_f158_cal.asdf,wfi03,eval,10,32,0.004893896,1
gwcs,../roman/.data/build21/r0000101001001001001_0001_wfi03_f158_cal.asdf,wfi03,eval,10,33,0.005206534,1
gwcs,../roman/.data/build21/r0000101001001001001_0001_wfi03_f158_cal.asdf,wfi03,eval,10,34,0.005163391,1
gwcs,../roman/.data/build21/r0000101001001001001_0001_wfi03_f158_cal.asdf,wfi03,eval,10,35,0.004914448,1
gwcs,../roman/.data/build21/r0000101001001001001_0001_wfi03_f158_cal.asdf,wfi03,eval,10,36,0.005092864,1
gwcs,../roman/.data/build21/r0000101001001001001_0001_wfi03_f158_cal.asdf,wfi03,eval,10,37,0.005323650,1
gwcs,../roman/.data/build21/r0000101001001001001_0001_wfi03_f158_cal.asdf,wfi03,eval,10,38,0.006184766,1
gwcs,../roman/.data/build21/r0000101001001001001_0001_wfi03_f158_cal.asdf,wfi03,eval,10,39,0.005319807,1
gwcs,../roman/.data/build21/r0000101001001001001_0001_wfi03_f158_cal.asdf,wfi03,eval,10,40,0.006528424,1
gwcs,../roman/.data/build21/r0000101001001001001_0001_wfi03_f158_cal.asdf,wfi03,eval,10,41,0.006208345,1
gwcs,../roman/.data/build21/r0000101001001001001_0001_wfi03_f158_cal.asdf,wfi03,eval,10,42,0.004864979,1
gwcs,../roman/.data/build21/r0000101001001001001_0001_wfi03_f158_cal.asdf,wfi03,eval,10,43,0.005234435,1
gwcs,../roman/.data/build21/r0000101001001001001_0001_wfi03_f158_cal.asdf,wfi03,eval,10,44,0.004818364,1
gwcs,../roman/.data/build21/r0000101001001001001_0001_wfi03_f158_cal.asdf,wfi03,eval,10,45,0.004817813,1
gwcs,../roman/.data/build21/r0000101001001001001_0001_wfi03_f158_cal.asdf,wfi03,eval,10,46,0.005149617,1
gwcs,../roman/.data/build21/r0000101001001001001_0001_wfi03_f158_cal.asdf,wfi03,eval,10,47,0.004902763,1
gwcs,../roman/.data/build21/r0000101001001001001_0001_wfi03_f158_cal.asdf,wfi03,eval,10,48,0.004790193,1
gwcs,../roman/.data/build21/r0000101001001001001_0001_wfi03_f158_cal.asdf,wfi03,eval,10,49,0.004753266,1
gwcs,../roman/.data/build21/r0000101001001001001_0001_wfi03_f158_cal.asdf,wfi03,eval,10,50,0.005221354,1
gwcs,../roman/.data/build21/r0000101001001001001_0001_wfi03_f158_cal.asdf,wfi03,eval,10,51,0.005037312,1
gwcs,../roman/.data/build21/r0000101001001001001_0001_wfi03_f158_cal.asdf,wfi03,eval,10,52,0.004904506,1
gwcs,../roman/.data/build21/r0000101001001001001_0001_wfi03_f158_cal.asdf,wfi03,eval,10,53,0.005334033,1
gwcs,../roman/.data/build21/r0000101001001001001_0001_wfi03_f158_cal.asdf,wfi03,eval,10,54,0.005503725,1
gwcs,../roman/.data/build21/r0000101001001001001_0001_wfi03_f158_cal.asdf,wfi03,eval,10,55,0.004868167,1
gwcs,../roman/.data/build21/r0000101001001001001_0001_wfi03_f158_cal.asdf,wfi03,eval,10,56,0.005389143,1
gwcs,../roman/.data/build21/r0000101001001001001_0001_wfi03_f158_cal.asdf,wfi03,eval,10,57,0.005934312,1
gwcs,../roman/.data/build21/r0000101001001001001_0001_wfi03_f158_cal.asdf,wfi03,eval,10,58,0.004898530,1
gwcs,../roman/.data/build21/r0000101001001001001_0001_wfi03_f158_cal.asdf,wfi03,eval,10,59,0.005226981,1
gwcs,../roman/.data/build21/r0000101001001001001_0001_wfi03_f158_cal.asdf,wfi03,eval,10,60,0.007262837,1
gwcs,../roman/.data/build21/r0000101001001001001_0001_wfi03_f158_cal.asdf,wfi03,eval,10,61,0.004823416,1
gwcs,../roman/.data/build21/r0000101001001001001_0001_wfi03_f158_cal.asdf,wfi03,eval,10,62,0.005352455,1
gwcs,../roman/.data/build21/r0000101001001001001_0001_wfi03_f158_cal.asdf,wfi03,eval,10,63,0.004972517,1
gwcs,../roman/.data/build21/r0000101001001001001_0001_wfi03_f158_cal.asdf,wfi03,eval,10,64,0.005082418,1
gwcs,../roman/.data/build21/r0000101001001001001_0001_wfi03_f158_cal.asdf,wfi03,eval,10,65,0.005129518,1
gwcs,../roman/.data/build21/r0000101001001001001_0001_wfi03_f158_cal.asdf,wfi03,eval,10,66,0.006060996,1
gwcs,../roman/.data/build21/r0000101001001001001_0001_wfi03_f158_cal.asdf,wfi03,eval,10,67,0.004845428,1
gwcs,../roman/.data/build21/r0000101001001001001_0001_wfi03_f158_cal.asdf,wfi03,eval,10,68,0.004841825,1
gwcs,../roman/.data/build21/r0000101001001001001_0001_wfi03_f158_cal.asdf,wfi03,eval,10,69,0.005480758,1
gwcs,../roman/.data/build21/r0000101001001001001_0001_wfi03_f158_cal.asdf,wfi03,eval,10,70,0.004802557,1
gwcs,../roman/.data/build21/r0000101001001001001_0001_wfi03_f158_cal.asdf,wfi03,eval,10,71,0.004807608,1
gwcs,../roman/.data/build21/r0000101001001001001_0001_wfi03_f158_cal.asdf,wfi03,eval,10,72,0.005419308,1
gwcs,../roman/.data/build21/r0000101001001001001_0001_wfi03_f158_cal.asdf,wfi03,eval,10,73,0.005135653,1
gwcs,../roman/.data/build21/r0000101001001001001_0001_wfi03_f158_cal.asdf,wfi03,eval,10,74,0.004910877,1
gwcs,../roman/.data/build21/r0000101001001001001_0001_wfi03_f158_cal.asdf,wfi03,eval,10,75,0.005251993,1
gwcs,../roman/.data/build21/r0000101001001001001_0001_wfi03_f158_cal.asdf,wfi03,eval,10,76,0.004930890,1
gwcs,../roman/.data/build21/r0000101001001001001_0001_wfi03_f158_cal.asdf,wfi03,eval,10,77,0.004768610,1
gwcs,../roman/.data/build21/r0000101001001001001_0001_wfi03_f158_cal.asdf,wfi03,eval,10,78,0.005131093,1
gwcs,../roman/.data/build21/r0000101001001001001_0001_wfi03_f158_cal.asdf,wfi03,eval,10,79,0.004961689,1
gwcs,../roman/.data/build21/r0000101001001001001_0001_wfi03_f158_cal.asdf,wfi03,eval,10,80,0.004813058,1
gwcs,../roman/.data/build21/r0000101001001001001_0001_wfi03_f158_cal.asdf,wfi03,eval,10,81,0.004763649,1
gwcs,../roman/.data/build21/r0000101001001001001_0001_wfi03_f158_cal.asdf,wfi03,eval,10,82,0.005208842,1
gwcs,../roman/.data/build21/r0000101001001001001_0001_wfi03_f158_cal.asdf,wfi03,eval,10,83,0.004807986,1
gwcs,../roman/.data/build21/r0000101001001001001_0001_wfi03_f158_cal.asdf,wfi03,eval,10,84,0.004778437,1
gwcs,../roman/.data/build21/r0000101001001001001_0001_wfi03_f158_cal.asdf,wfi03,eval,10,85,0.005784724,1
gwcs,../roman/.data/build21/r0000101001001001001_0001_wfi03_f158_cal.asdf,wfi03,eval,10,86,0.005332870,1
gwcs,../roman/.data/build21/r0000101001001001001_0001_wfi03_f158_cal.asdf,wfi03,eval,10,87,0.005049459,1
gwcs,../roman/.data/build21/r0000101001001001001_0001_wfi03_f158_cal.asdf,wfi03,eval,10,88,0.004843857,1
gwcs,../roman/.data/build21/r0000101001001001001_0001_wfi03_f158_cal.asdf,wfi03,eval,10,89,0.004995282,1
gwcs,../roman/.data/build21/r0000101001001001001_0001_wfi03_f158_cal.asdf,wfi03,eval,10,90,0.006502318,1
gwcs,../roman/.data/build21/r0000101001001001001_0001_wfi03_f158_cal.asdf,wfi03,eval,10,91,0.005785544,1
gwcs,../roman/.data/build21/r0000101001001001001_0001_wfi03_f158_cal.asdf,wfi03,eval,10,92,0.004969615,1
gwcs,../roman/.data/build21/r0000101001001001001_0001_wfi03_f158_cal.asdf,wfi03,eval,10,93,0.004793988,1
gwcs,../roman/.data/build21/r0000101001001001001_0001_wfi03_f158_cal.asdf,wfi03,eval,10,94,0.004794155,1
gwcs,../roman/.data/build21/r0000101001001001001_0001_wfi03_f158_cal.asdf,wfi03,eval,10,95,0.005017645,1
gwcs,../roman/.data/build21/r0000101001001001001_0001_wfi03_f158_cal.asdf,wfi03,eval,10,96,0.004826695,1
gwcs,../roman/.data/build21/r0000101001001001001_0001_wfi03_f158_cal.asdf,wfi03,eval,10,97,0.004785344,1
gwcs,../roman/.data/build21/r0000101001001001001_0001_wfi03_f158_cal.asdf,wfi03,eval,10,98,0.005601702,1
gwcs,../roman/.data/build21/r0000101001001001001_0001_wfi03_f158_cal.asdf,wfi03,eval,10,99,0.005047858,1
gwcs,../roman/.data/build21/r0000101001001001001_0001_wfi03_f158_cal.asdf,wfi03,eval,100,0,0.005184039,1
gwcs,../roman/.data/build21/r0000101001001001001_0001_wfi03_f158_cal.asdf,wfi03,eval,100,1,0.004927396,1
gwcs,../roman/.data/build21/r0000101001001001001_0001_wfi03_f158_cal.asdf,wfi03,eval,100,2,0.005080990,1
gwcs,../roman/.data/build21/r0000101001001001001_0001_wfi03_f158_cal.asdf,wfi03,eval,100,3,0.004866804,1
gwcs,../roman/.data/build21/r0000101001001001001_0001_wfi03_f158_cal.asdf,wfi03,eval,100,4,0.005204437,1
gwcs,../roman/.data/build21/r0000101001001001001_0001_wfi03_f158_cal.asdf,wfi03,eval,100,5,0.006031301,1
gwcs,../roman/.data/build21/r0000101001001001001_0001_wfi03_f158_cal.asdf,wfi03,eval,100,6,0.004962982,1
gwcs,../roman/.data/build21/r0000101001001001001_0001_wfi03_f158_cal.asdf,wfi03,eval,100,7,0.004853248,1
gwcs,../roman/.data/build21/r0000101001001001001_0001_wfi03_f158_cal.asdf,wfi03,eval,100,8,0.004966014,1
gwcs,../roman/.data/build21/r0000101001001001001_0001_wfi03_f158_cal.asdf,wfi03,eval,100,9,0.004856959,1
gwcs,../roman/.data/build21/r0000101001001001001_0001_wfi03_f158_cal.asdf,wfi03,eval,100,10,0.005040533,1
gwcs,../roman/.data/build21/r0000101001001001001_0001_wfi03_f158_cal.asdf,wfi03,eval,100,11,0.007609010,1
gwcs,../roman/.data/build21/r0000101001001001001_0001_wfi03_f158_cal.asdf,wfi03,eval,100,12,0.004870942,1
gwcs,../roman/.data/build21/r0000101001001001001_0001_wfi03_f158_cal.asdf,wfi03,eval,100,13,0.005085911,1
gwcs,../roman/.data/build21/r0000101001001001001_0001_wfi03_f158_cal.asdf,wfi03,eval,100,14,0.005135962,1
gwcs,../roman/.data/build21/r0000101001001001001_0001_wfi03_f158_cal.asdf,wfi03,eval,100,15,0.004893104,1
gwcs,../roman/.data/build21/r0000101001001001001_0001_wfi03_f158_cal.asdf,wfi03,eval,100,16,0.005546973,1
gwcs,../roman/.data/build21/r0000101001001001001_0001_wfi03_f158_cal.asdf,wfi03,eval,100,17,0.005491754,1
gwcs,../roman/.data/build21/r0000101001001001001_0001_wfi03_f158_cal.asdf,wfi03,eval,100,18,0.004896361,1
gwcs,../roman/.data/build21/r0000101001001001001_0001_wfi03_f158_cal.asdf,wfi03,eval,100,19,0.004809667,1
gwcs,../roman/.data/build21/r0000101001001001001_0001_wfi03_f158_cal.asdf,wfi03,eval,100,20,0.007011842,1
gwcs,../roman/.data/build21/r0000101001001001001_0001_wfi03_f158_cal.asdf,wfi03,eval,100,21,0.005009083,1
gwcs,../roman/.data/build21/r0000101001001001001_0001_wfi03_f158_cal.asdf,wfi03,eval,100,22,0.005712196,1
gwcs,../roman/.data/build21/r0000101001001001001_0001_wfi03_f158_cal.asdf,wfi03,eval,100,23,0.005752224,1
gwcs,../roman/.data/build21/r0000101001001001001_0001_wfi03_f158_cal.asdf,wfi03,eval,100,24,0.005217900,1
gwcs,../roman/.data/build21/r0000101001001001001_0001_wfi03_f158_cal.asdf,wfi03,eval,100,25,0.004993223,1
gwcs,../roman/.data/build21/r0000101001001001001_0001_wfi03_f158_cal.asdf,wfi03,eval,100,26,0.004885133,1
gwcs,../roman/.data/build21/r0000101001001001001_0001_wfi03_f158_cal.asdf,wfi03,eval,100,27,0.005299267,1
gwcs,../roman/.data/build21/r0000101001001001001_0001_wfi03_f158_cal.asdf,wfi03,eval,100,28,0.004924345,1
gwcs,../roman/.data/build21/r0000101001001001001_0001_wfi03_f158_cal.asdf,wfi03,eval,100,29,0.004913893,1
gwcs,../roman/.data/build21/r0000101001001001001_0001_wfi03_f158_cal.asdf,wfi03,eval,100,30,0.005177235,1
gwcs,../roman/.data/build21/r0000101001001001001_0001_wfi03_f158_cal.asdf,wfi03,eval,100,31,0.004915644,1
gwcs,../roman/.data/build21/r0000101001001001001_0001_wfi03_f158_cal.asdf,wfi03,eval,100,32,0.004865316,1
gwcs,../roman/.data/build21/r0000101001001001001_0001_wfi03_f158_cal.asdf,wfi03,eval,100,33,0.005119711,1
gwcs,../roman/.data/build21/r0000101001001001001_0001_wfi03_f158_cal.asdf,wfi03,eval,100,34,0.005081938,1
gwcs,../roman/.data/build21/r0000101001001001001_0001_wfi03_f158_cal.asdf,wfi03,eval,100,35,0.006034574,1
gwcs,../roman/.data/build21/r0000101001001001001_0001_wfi03_f158_cal.asdf,wfi03,eval,100,36,0.005377266,1
gwcs,../roman/.data/build21/r0000101001001001001_0001_wfi03_f158_cal.asdf,wfi03,eval,100,37,0.005001912,1
gwcs,../roman/.data/build21/r0000101001001001001_0001_wfi03_f158_cal.asdf,wfi03,eval,100,38,0.004949767,1
gwcs,../roman/.data/build21/r0000101001001001001_0001_wfi03_f158_cal.asdf,wfi03,eval,100,39,0.005270267,1
gwcs,../roman/.data/build21/r0000101001001001001_0001_wfi03_f158_cal.asdf,wfi03,eval,100,40,0.007059874,1
gwcs,../roman/.data/build21/r0000101001001001001_0001_wfi03_f158_cal.asdf,wfi03,eval,100,41,0.005061236,1
gwcs,../roman/.data/build21/r0000101001001001001_0001_wfi03_f158_cal.asdf,wfi03,eval,100,42,0.006222790,1
gwcs,../roman/.data/build21/r0000101001001001001_0001_wfi03_f158_cal.asdf,wfi03,eval,100,43,0.005329109,1
gwcs,../roman/.data/build21/r0000101001001001001_0001_wfi03_f158_cal.asdf,wfi03,eval,100,44,0.004913528,1
gwcs,../roman/.data/build21/r0000101001001001001_0001_wfi03_f158_cal.asdf,wfi03,eval,100,45,0.006595002,1
gwcs,../roman/.data/build21/r0000101001001001001_0001_wfi03_f158_cal.asdf,wfi03,eval,100,46,0.004889747,1
gwcs,../roman/.data/build21/r0000101001001001001_0001_wfi03_f158_cal.asdf,wfi03,eval,100,47,0.004838867,1
gwcs,../roman/.data/build21/r0000101001001001001_0001_wfi03_f158_cal.asdf,wfi03,eval,100,48,0.006439613,1
gwcs,../roman/.data/build21/r0000101001001001001_0001_wfi03_f158_cal.asdf,wfi03,eval,100,49,0.004872476,1
gwcs,../roman/.data/build21/r0000101001001001001_0001_wfi03_f158_cal.asdf,wfi03,eval,1000,0,0.005703720,1
gwcs,../roman/.data/build21/r0000101001001001001_0001_wfi03_f158_cal.asdf,wfi03,eval,1000,1,0.005361834,1
gwcs,../roman/.data/build21/r0000101001001001001_0001_wfi03_f158_cal.asdf,wfi03,eval,1000,2,0.005805726,1
gwcs,../roman/.data/build21/r0000101001001001001_0001_wfi03_f158_cal.asdf,wfi03,eval,1000,3,0.005279209,1
gwcs,../roman/.data/build21/r0000101001001001001_0001_wfi03_f158_cal.asdf,wfi03,eval,1000,4,0.007539211,1
gwcs,../roman/.data/build21/r0000101001001001001_0001_wfi03_f158_cal.asdf,wfi03,eval,1000,5,0.005364503,1
gwcs,../roman/.data/build21/r0000101001001001001_0001_wfi03_f158_cal.asdf,wfi03,eval,1000,6,0.005605107,1
gwcs,../roman/.data/build21/r0000101001001001001_0001_wfi03_f158_cal.asdf,wfi03,eval,1000,7,0.006349410,1
gwcs,../roman/.data/build21/r0000101001001001001_0001_wfi03_f158_cal.asdf,wfi03,eval,1000,8,0.005719638,1
gwcs,../roman/.data/build21/r0000101001001001001_0001_wfi03_f158_cal.asdf,wfi03,eval,1000,9,0.005746338,1
gwcs,../roman/.data/build21/r0000101001001001001_0001_wfi03_f158_cal.asdf,wfi03,eval,1000,10,0.005354544,1
gwcs,../roman/.data/build21/r0000101001001001001_0001_wfi03_f158_cal.asdf,wfi03,eval,1000,11,0.005198878,1
gwcs,../roman/.data/build21/r0000101001001001001_0001_wfi03_f158_cal.asdf,wfi03,eval,1000,12,0.005362376,1
gwcs,../roman/.data/build21/r0000101001001001001_0001_wfi03_f158_cal.asdf,wfi03,eval,1000,13,0.005942997,1
gwcs,../roman/.data/build21/r0000101001001001001_0001_wfi03_f158_cal.asdf,wfi03,eval,1000,14,0.005282040,1
gwcs,../roman/.data/build21/r0000101001001001001_0001_wfi03_f158_cal.asdf,wfi03,eval,1000,15,0.005475946,1
gwcs,../roman/.data/build21/r0000101001001001001_0001_wfi03_f158_cal.asdf,wfi03,eval,1000,16,0.008145869,1
gwcs,../roman/.data/build21/r0000101001001001001_0001_wfi03_f158_cal.asdf,wfi03,eval,1000,17,0.005272992,1
gwcs,../roman/.data/build21/r0000101001001001001_0001_wfi03_f158_cal.asdf,wfi03,eval,1000,18,0.005426667,1
gwcs,../roman/.data/build21/r0000101001001001001_0001_wfi03_f158_cal.asdf,wfi03,eval,1000,19,0.005465940,1
gwcs,../roman/.data/build21/r0000101001001001001_0001_wfi03_f158_cal.asdf,wfi03,eval,10000,0,0.009314722,1
gwcs,../roman/.data/build21/r0000101001001001001_0001_wfi03_f158_cal.asdf,wfi03,eval,10000,1,0.008462422,1
gwcs,../roman/.data/build21/r0000101001001001001_0001_wfi03_f158_cal.asdf,wfi03,eval,10000,2,0.008574964,1
gwcs,../roman/.data/build21/r0000101001001001001_0001_wfi03_f158_cal.asdf,wfi03,eval,10000,3,0.008362154,1
gwcs,../roman/.data/build21/r0000101001001001001_0001_wfi03_f158_cal.asdf,wfi03,eval,10000,4,0.008604653,1
gwcs,../roman/.data/build21/r0000101001001001001_0001_wfi03_f158_cal.asdf,wfi03,eval,10000,5,0.008843329,1
gwcs,../roman/.data/build21/r0000101001001001001_0001_wfi03_f158_cal.asdf,wfi03,eval,10000,6,0.009216623,1
gwcs,../roman/.data/build21/r0000101001001001001_0001_wfi03_f158_cal.asdf,wfi03,eval,10000,7,0.010086074,1
gwcs,../roman/.data/build21/r0000101001001001001_0001_wfi03_f158_cal.asdf,wfi03,eval,10000,8,0.009821807,1
gwcs,../roman/.data/build21/r0000101001001001001_0001_wfi03_f158_cal.asdf,wfi03,eval,10000,9,0.009194677,1
gwcs,../roman/.data/build21/r0000101001001001001_0001_wfi03_f158_cal.asdf,wfi03,eval,100000,0,0.039935124,1
gwcs,../roman/.data/build21/r0000101001001001001_0001_wfi03_f158_cal.asdf,wfi03,eval,100000,1,0.045052606,1
gwcs,../roman/.data/build21/r0000101001001001001_0001_wfi03_f158_cal.asdf,wfi03,eval,100000,2,0.038371501,1
gwcs,../roman/.data/build21/r0000101001001001001_0001_wfi03_f158_cal.asdf,wfi03,eval,100000,3,0.043736877,1
gwcs,../roman/.data/build21/r0000101001001001001_0001_wfi03_f158_cal.asdf,wfi03,eval,100000,4,0.037596898,1
gwcs,../roman/.data/build21/r0000101001001001001_0001_wfi03_f158_cal.asdf,wfi03,eval,1000000,0,0.400613279,1
gwcs,../roman/.data/build21/r0000101001001001001_0001_wfi03_f158_cal.asdf,wfi03,eval,1000000,1,0.405556029,1
gwcs,../roman/.data/build21/r0000101001001001001_0001_wfi03_f158_cal.asdf,wfi03,eval,1000000,2,0.399720625,1
gwcs,../roman/.data/build21/r0000101001001001001_0001_wfi03_f158_cal.asdf,wfi03,eval,10000000,0,4.096898560,1
gwcs,../roman/.data/build21/r0000101001001001001_0001_wfi03_f158_cal.asdf,wfi03,eval,10000000,1,4.079707510,1
gwcs,../roman/.data/build21/r0000101001001001001_0001_wfi03_f158_cal.asdf,wfi03,eval,16711744,0,6.821465107,1
gwcs,../roman/.data/build21/r0000101001001001001_0001_wfi03_f158_cal.asdf,wfi03,eval,16711744,1,6.741263518,1
gwcs,../roman/.data/build21/r0000101001001001001_0001_wfi04_f158_cal.asdf,wfi04,parse_cold,0,0,0.846654059,1
gwcs,../roman/.data/build21/r0000101001001001001_0001_wfi04_f158_cal.asdf,wfi04,parse_hot,0,0,0.578234735,1
gwcs,../roman/.data/build21/r0000101001001001001_0001_wfi04_f158_cal.asdf,wfi04,eval,1,0,0.005334611,1
gwcs,../roman/.data/build21/r0000101001001001001_0001_wfi04_f158_cal.asdf,wfi04,eval,1,1,0.004723717,1
gwcs,../roman/.data/build21/r0000101001001001001_0001_wfi04_f158_cal.asdf,wfi04,eval,1,2,0.005485358,1
gwcs,../roman/.data/build21/r0000101001001001001_0001_wfi04_f158_cal.asdf,wfi04,eval,1,3,0.005533925,1
gwcs,../roman/.data/build21/r0000101001001001001_0001_wfi04_f158_cal.asdf,wfi04,eval,1,4,0.004736740,1
gwcs,../roman/.data/build21/r0000101001001001001_0001_wfi04_f158_cal.asdf,wfi04,eval,1,5,0.005458839,1
gwcs,../roman/.data/build21/r0000101001001001001_0001_wfi04_f158_cal.asdf,wfi04,eval,1,6,0.005183786,1
gwcs,../roman/.data/build21/r0000101001001001001_0001_wfi04_f158_cal.asdf,wfi04,eval,1,7,0.004729607,1
gwcs,../roman/.data/build21/r0000101001001001001_0001_wfi04_f158_cal.asdf,wfi04,eval,1,8,0.004653078,1
gwcs,../roman/.data/build21/r0000101001001001001_0001_wfi04_f158_cal.asdf,wfi04,eval,1,9,0.005397574,1
gwcs,../roman/.data/build21/r0000101001001001001_0001_wfi04_f158_cal.asdf,wfi04,eval,1,10,0.004758811,1
gwcs,../roman/.data/build21/r0000101001001001001_0001_wfi04_f158_cal.asdf,wfi04,eval,1,11,0.004677645,1
gwcs,../roman/.data/build21/r0000101001001001001_0001_wfi04_f158_cal.asdf,wfi04,eval,1,12,0.004814221,1
gwcs,../roman/.data/build21/r0000101001001001001_0001_wfi04_f158_cal.asdf,wfi04,eval,1,13,0.005048337,1
gwcs,../roman/.data/build21/r0000101001001001001_0001_wfi04_f158_cal.asdf,wfi04,eval,1,14,0.004693724,1
gwcs,../roman/.data/build21/r0000101001001001001_0001_wfi04_f158_cal.asdf,wfi04,eval,1,15,0.004803309,1
gwcs,../roman/.data/build21/r0000101001001001001_0001_wfi04_f158_cal.asdf,wfi04,eval,1,16,0.005707695,1
gwcs,../roman/.data/build21/r0000101001001001001_0001_wfi04_f158_cal.asdf,wfi04,eval,1,17,0.005317580,1
gwcs,../roman/.data/build21/r0000101001001001001_0001_wfi04_f158_cal.asdf,wfi04,eval,1,18,0.004694520,1
gwcs,../roman/.data/build21/r0000101001001001001_0001_wfi04_f158_cal.asdf,wfi04,eval,1,19,0.004683852,1
gwcs,../roman/.data/build21/r0000101001001001001_0001_wfi04_f158_cal.asdf,wfi04,eval,1,20,0.004760101,1
gwcs,../roman/.data/build21/r0000101001001001001_0001_wfi04_f158_cal.asdf,wfi04,eval,1,21,0.004734071,1
gwcs,../roman/.data/build21/r0000101001001001001_0001_wfi04_f158_cal.asdf,wfi04,eval,1,22,0.005211381,1
gwcs,../roman/.data/build21/r0000101001001001001_0001_wfi04_f158_cal.asdf,wfi04,eval,1,23,0.005045054,1
gwcs,../roman/.data/build21/r0000101001001001001_0001_wfi04_f158_cal.asdf,wfi04,eval,1,24,0.004963215,1
gwcs,../roman/.data/build21/r0000101001001001001_0001_wfi04_f158_cal.asdf,wfi04,eval,1,25,0.004723302,1
gwcs,../roman/.data/build21/r0000101001001001001_0001_wfi04_f158_cal.asdf,wfi04,eval,1,26,0.004778064,1
gwcs,../roman/.data/build21/r0000101001001001001_0001_wfi04_f158_cal.asdf,wfi04,eval,1,27,0.004963890,1
gwcs,../roman/.data/build21/r0000101001001001001_0001_wfi04_f158_cal.asdf,wfi04,eval,1,28,0.004729641,1
gwcs,../roman/.data/build21/r0000101001001001001_0001_wfi04_f158_cal.asdf,wfi04,eval,1,29,0.005119738,1
gwcs,../roman/.data/build21/r0000101001001001001_0001_wfi04_f158_cal.asdf,wfi04,eval,1,30,0.005102100,1
gwcs,../roman/.data/build21/r0000101001001001001_0001_wfi04_f158_cal.asdf,wfi04,eval,1,31,0.004855718,1
gwcs,../roman/.data/build21/r0000101001001001001_0001_wfi04_f158_cal.asdf,wfi04,eval,1,32,0.005035334,1
gwcs,../roman/.data/build21/r0000101001001001001_0001_wfi04_f158_cal.asdf,wfi04,eval,1,33,0.005004947,1
gwcs,../roman/.data/build21/r0000101001001001001_0001_wfi04_f158_cal.asdf,wfi04,eval,1,34,0.004733017,1
gwcs,../roman/.data/build21/r0000101001001001001_0001_wfi04_f158_cal.asdf,wfi04,eval,1,35,0.004664441,1
gwcs,../roman/.data/build21/r0000101001001001001_0001_wfi04_f158_cal.asdf,wfi04,eval,1,36,0.004651302,1
gwcs,../roman/.data/build21/r0000101001001001001_0001_wfi04_f158_cal.asdf,wfi04,eval,1,37,0.005110234,1
gwcs,../roman/.data/build21/r0000101001001001001_0001_wfi04_f158_cal.asdf,wfi04,eval,1,38,0.004681849,1
gwcs,../roman/.data/build21/r0000101001001001001_0001_wfi04_f158_cal.asdf,wfi04,eval,1,39,0.004763870,1
gwcs,../roman/.data/build21/r0000101001001001001_0001_wfi04_f158_cal.asdf,wfi04,eval,1,40,0.004927631,1
gwcs,../roman/.data/build21/r0000101001001001001_0001_wfi04_f158_cal.asdf,wfi04,eval,1,41,0.004790501,1
gwcs,../roman/.data/build21/r0000101001001001001_0001_wfi04_f158_cal.asdf,wfi04,eval,1,42,0.004605056,1
gwcs,../roman/.data/build21/r0000101001001001001_0001_wfi04_f158_cal.asdf,wfi04,eval,1,43,0.004670929,1
gwcs,../roman/.data/build21/r0000101001001001001_0001_wfi04_f158_cal.asdf,wfi04,eval,1,44,0.005002839,1
gwcs,../roman/.data/build21/r0000101001001001001_0001_wfi04_f158_cal.asdf,wfi04,eval,1,45,0.004656975,1
gwcs,../roman/.data/build21/r0000101001001001001_0001_wfi04_f158_cal.asdf,wfi04,eval,1,46,0.005371094,1
gwcs,../roman/.data/build21/r0000101001001001001_0001_wfi04_f158_cal.asdf,wfi04,eval,1,47,0.005069540,1
gwcs,../roman/.data/build21/r0000101001001001001_0001_wfi04_f158_cal.asdf,wfi04,eval,1,48,0.004768088,1
gwcs,../roman/.data/build21/r0000101001001001001_0001_wfi04_f158_cal.asdf,wfi04,eval,1,49,0.004636214,1
gwcs,../roman/.data/build21/r0000101001001001001_0001_wfi04_f158_cal.asdf,wfi04,eval,1,50,0.004768325,1
gwcs,../roman/.data/build21/r0000101001001001001_0001_wfi04_f158_cal.asdf,wfi04,eval,1,51,0.004787699,1
gwcs,../roman/.data/build21/r0000101001001001001_0001_wfi04_f158_cal.asdf,wfi04,eval,1,52,0.004665866,1
gwcs,../roman/.data/build21/r0000101001001001001_0001_wfi04_f158_cal.asdf,wfi04,eval,1,53,0.004702338,1
gwcs,../roman/.data/build21/r0000101001001001001_0001_wfi04_f158_cal.asdf,wfi04,eval,1,54,0.004939672,1
gwcs,../roman/.data/build21/r0000101001001001001_0001_wfi04_f158_cal.asdf,wfi04,eval,1,55,0.004764456,1
gwcs,../roman/.data/build21/r0000101001001001001_0001_wfi04_f158_cal.asdf,wfi04,eval,1,56,0.004745655,1
gwcs,../roman/.data/build21/r0000101001001001001_0001_wfi04_f158_cal.asdf,wfi04,eval,1,57,0.004866806,1
gwcs,../roman/.data/build21/r0000101001001001001_0001_wfi04_f158_cal.asdf,wfi04,eval,1,58,0.004773187,1
gwcs,../roman/.data/build21/r0000101001001001001_0001_wfi04_f158_cal.asdf,wfi04,eval,1,59,0.004681492,1
gwcs,../roman/.data/build21/r0000101001001001001_0001_wfi04_f158_cal.asdf,wfi04,eval,1,60,0.004691258,1
gwcs,../roman/.data/build21/r0000101001001001001_0001_wfi04_f158_cal.asdf,wfi04,eval,1,61,0.005020451,1
gwcs,../roman/.data/build21/r0000101001001001001_0001_wfi04_f158_cal.asdf,wfi04,eval,1,62,0.004763294,1
gwcs,../roman/.data/build21/r0000101001001001001_0001_wfi04_f158_cal.asdf,wfi04,eval,1,63,0.004760011,1
gwcs,../roman/.data/build21/r0000101001001001001_0001_wfi04_f158_cal.asdf,wfi04,eval,1,64,0.004867845,1
gwcs,../roman/.data/build21/r0000101001001001001_0001_wfi04_f158_cal.asdf,wfi04,eval,1,65,0.004760617,1
gwcs,../roman/.data/build21/r0000101001001001001_0001_wfi04_f158_cal.asdf,wfi04,eval,1,66,0.004704894,1
gwcs,../roman/.data/build21/r0000101001001001001_0001_wfi04_f158_cal.asdf,wfi04,eval,1,67,0.004767634,1
gwcs,../roman/.data/build21/r0000101001001001001_0001_wfi04_f158_cal.asdf,wfi04,eval,1,68,0.004943308,1
gwcs,../roman/.data/build21/r0000101001001001001_0001_wfi04_f158_cal.asdf,wfi04,eval,1,69,0.004735761,1
gwcs,../roman/.data/build21/r0000101001001001001_0001_wfi04_f158_cal.asdf,wfi04,eval,1,70,0.005068425,1
gwcs,../roman/.data/build21/r0000101001001001001_0001_wfi04_f158_cal.asdf,wfi04,eval,1,71,0.004979933,1
gwcs,../roman/.data/build21/r0000101001001001001_0001_wfi04_f158_cal.asdf,wfi04,eval,1,72,0.004853030,1
gwcs,../roman/.data/build21/r0000101001001001001_0001_wfi04_f158_cal.asdf,wfi04,eval,1,73,0.004695487,1
gwcs,../roman/.data/build21/r0000101001001001001_0001_wfi04_f158_cal.asdf,wfi04,eval,1,74,0.005200889,1
gwcs,../roman/.data/build21/r0000101001001001001_0001_wfi04_f158_cal.asdf,wfi04,eval,1,75,0.007024774,1
gwcs,../roman/.data/build21/r0000101001001001001_0001_wfi04_f158_cal.asdf,wfi04,eval,1,76,0.004925033,1
gwcs,../roman/.data/build21/r0000101001001001001_0001_wfi04_f158_cal.asdf,wfi04,eval,1,77,0.004758608,1
gwcs,../roman/.data/build21/r0000101001001001001_0001_wfi04_f158_cal.asdf,wfi04,eval,1,78,0.004793911,1
gwcs,../roman/.data/build21/r0000101001001001001_0001_wfi04_f158_cal.asdf,wfi04,eval,1,79,0.005861261,1
gwcs,../roman/.data/build21/r0000101001001001001_0001_wfi04_f158_cal.asdf,wfi04,eval,1,80,0.007744856,1
gwcs,../roman/.data/build21/r0000101001001001001_0001_wfi04_f158_cal.asdf,wfi04,eval,1,81,0.004795109,1
gwcs,../roman/.data/build21/r0000101001001001001_0001_wfi04_f158_cal.asdf,wfi04,eval,1,82,0.005231079,1
gwcs,../roman/.data/build21/r0000101001001001001_0001_wfi04_f158_cal.asdf,wfi04,eval,1,83,0.004817060,1
gwcs,../roman/.data/build21/r0000101001001001001_0001_wfi04_f158_cal.asdf,wfi04,eval,1,84,0.004814338,1
gwcs,../roman/.data/build21/r0000101001001001001_0001_wfi04_f158_cal.asdf,wfi04,eval,1,85,0.005180089,1
gwcs,../roman/.data/build21/r0000101001001001001_0001_wfi04_f158_cal.asdf,wfi04,eval,1,86,0.004791955,1
gwcs,../roman/.data/build21/r0000101001001001001_0001_wfi04_f158_cal.asdf,wfi04,eval,1,87,0.004962334,1
gwcs,../roman/.data/build21/r0000101001001001001_0001_wfi04_f158_cal.asdf,wfi04,eval,1,88,0.004779149,1
gwcs,../roman/.data/build21/r0000101001001001001_0001_wfi04_f158_cal.asdf,wfi04,eval,1,89,0.004703668,1
gwcs,../roman/.data/build21/r0000101001001001001_0001_wfi04_f158_cal.asdf,wfi04,eval,1,90,0.004861239,1
gwcs,../roman/.data/build21/r0000101001001001001_0001_wfi04_f158_cal.asdf,wfi04,eval,1,91,0.004771912,1
gwcs,../roman/.data/build21/r0000101001001001001_0001_wfi04_f158_cal.asdf,wfi04,eval,1,92,0.004679010,1
gwcs,../roman/.data/build21/r0000101001001001001_0001_wfi04_f158_cal.asdf,wfi04,eval,1,93,0.004810483,1
gwcs,../roman/.data/build21/r0000101001001001001_0001_wfi04_f158_cal.asdf,wfi04,eval,1,94,0.004966112,1
gwcs,../roman/.data/build21/r0000101001001001001_0001_wfi04_f158_cal.asdf,wfi04,eval,1,95,0.004701423,1
gwcs,../roman/.data/build21/r0000101001001001001_0001_wfi04_f158_cal.asdf,wfi04,eval,1,96,0.004718708,1
gwcs,../roman/.data/build21/r0000101001001001001_0001_wfi04_f158_cal.asdf,wfi04,eval,1,97,0.004896095,1
gwcs,../roman/.data/build21/r0000101001001001001_0001_wfi04_f158_cal.asdf,wfi04,eval,1,98,0.004744330,1
gwcs,../roman/.data/build21/r0000101001001001001_0001_wfi04_f158_cal.asdf,wfi04,eval,1,99,0.006647056,1
gwcs,../roman/.data/build21/r0000101001001001001_0001_wfi04_f158_cal.asdf,wfi04,eval,10,0,0.006241469,1
gwcs,../roman/.data/build21/r0000101001001001001_0001_wfi04_f158_cal.asdf,wfi04,eval,10,1,0.004982118,1
gwcs,../roman/.data/build21/r0000101001001001001_0001_wfi04_f158_cal.asdf,wfi04,eval,10,2,0.004825416,1
gwcs,../roman/.data/build21/r0000101001001001001_0001_wfi04_f158_cal.asdf,wfi04,eval,10,3,0.004852707,1
gwcs,../roman/.data/build21/r0000101001001001001_0001_wfi04_f158_cal.asdf,wfi04,eval,10,4,0.004921868,1
gwcs,../roman/.data/build21/r0000101001001001001_0001_wfi04_f158_cal.asdf,wfi04,eval,10,5,0.004775091,1
gwcs,../roman/.data/build21/r0000101001001001001_0001_wfi04_f158_cal.asdf,wfi04,eval,10,6,0.004773391,1
gwcs,../roman/.data/build21/r0000101001001001001_0001_wfi04_f158_cal.asdf,wfi04,eval,10,7,0.005084404,1
gwcs,../roman/.data/build21/r0000101001001001001_0001_wfi04_f158_cal.asdf,wfi04,eval,10,8,0.004839897,1
gwcs,../roman/.data/build21/r0000101001001001001_0001_wfi04_f158_cal.asdf,wfi04,eval,10,9,0.005261185,1
gwcs,../roman/.data/build21/r0000101001001001001_0001_wfi04_f158_cal.asdf,wfi04,eval,10,10,0.005166649,1
gwcs,../roman/.data/build21/r0000101001001001001_0001_wfi04_f158_cal.asdf,wfi04,eval,10,11,0.004829250,1
gwcs,../roman/.data/build21/r0000101001001001001_0001_wfi04_f158_cal.asdf,wfi04,eval,10,12,0.006592514,1
gwcs,../roman/.data/build21/r0000101001001001001_0001_wfi04_f158_cal.asdf,wfi04,eval,10,13,0.005213519,1
gwcs,../roman/.data/build21/r0000101001001001001_0001_wfi04_f158_cal.asdf,wfi04,eval,10,14,0.004843882,1
gwcs,../roman/.data/build21/r0000101001001001001_0001_wfi04_f158_cal.asdf,wfi04,eval,10,15,0.004786894,1
gwcs,../roman/.data/build21/r0000101001001001001_0001_wfi04_f158_cal.asdf,wfi04,eval,10,16,0.004801875,1
gwcs,../roman/.data/build21/r0000101001001001001_0001_wfi04_f158_cal.asdf,wfi04,eval,10,17,0.005055923,1
gwcs,../roman/.data/build21/r0000101001001001001_0001_wfi04_f158_cal.asdf,wfi04,eval,10,18,0.004851059,1
gwcs,../roman/.data/build21/r0000101001001001001_0001_wfi04_f158_cal.asdf,wfi04,eval,10,19,0.004919738,1
gwcs,../roman/.data/build21/r0000101001001001001_0001_wfi04_f158_cal.asdf,wfi04,eval,10,20,0.005788712,1
gwcs,../roman/.data/build21/r0000101001001001001_0001_wfi04_f158_cal.asdf,wfi04,eval,10,21,0.006833720,1
gwcs,../roman/.data/build21/r0000101001001001001_0001_wfi04_f158_cal.asdf,wfi04,eval,10,22,0.005137761,1
gwcs,../roman/.data/build21/r0000101001001001001_0001_wfi04_f158_cal.asdf,wfi04,eval,10,23,0.005324893,1
gwcs,../roman/.data/build21/r0000101001001001001_0001_wfi04_f158_cal.asdf,wfi04,eval,10,24,0.004907501,1
gwcs,../roman/.data/build21/r0000101001001001001_0001_wfi04_f158_cal.asdf,wfi04,eval,10,25,0.004918433,1
gwcs,../roman/.data/build21/r0000101001001001001_0001_wfi04_f158_cal.asdf,wfi04,eval,10,26,0.005215812,1
gwcs,../roman/.data/build21/r0000101001001001001_0001_wfi04_f158_cal.asdf,wfi04,eval,10,27,0.004972737,1
gwcs,../roman/.data/build21/r0000101001001001001_0001_wfi04_f158_cal.asdf,wfi04,eval,10,28,0.004838322,1
gwcs,../roman/.data/build21/r0000101001001001001_0001_wfi04_f158_cal.asdf,wfi04,eval,10,29,0.005075736,1
gwcs,../roman/.data/build21/r0000101001001001001_0001_wfi04_f158_cal.asdf,wfi04,eval,10,30,0.004894472,1
gwcs,../roman/.data/build21/r0000101001001001001_0001_wfi04_f158_cal.asdf,wfi04,eval,10,31,0.004795586,1
gwcs,../roman/.data/build21/r0000101001001001001_0001_wfi04_f158_cal.asdf,wfi04,eval,10,32,0.004901969,1
gwcs,../roman/.data/build21/r0000101001001001001_0001_wfi04_f158_cal.asdf,wfi04,eval,10,33,0.005070518,1
gwcs,../roman/.data/build21/r0000101001001001001_0001_wfi04_f158_cal.asdf,wfi04,eval,10,34,0.004815895,1
gwcs,../roman/.data/build21/r0000101001001001001_0001_wfi04_f158_cal.asdf,wfi04,eval,10,35,0.004815229,1
gwcs,../roman/.data/build21/r0000101001001001001_0001_wfi04_f158_cal.asdf,wfi04,eval,10,36,0.004852281,1
gwcs,../roman/.data/build21/r0000101001001001001_0001_wfi04_f158_cal.asdf,wfi04,eval,10,37,0.005020990,1
gwcs,../roman/.data/build21/r0000101001001001001_0001_wfi04_f158_cal.asdf,wfi04,eval,10,38,0.004837831,1
gwcs,../roman/.data/build21/r0000101001001001001_0001_wfi04_f158_cal.asdf,wfi04,eval,10,39,0.004886555,1
gwcs,../roman/.data/build21/r0000101001001001001_0001_wfi04_f158_cal.asdf,wfi04,eval,10,40,0.004985571,1
gwcs,../roman/.data/build21/r0000101001001001001_0001_wfi04_f158_cal.asdf,wfi04,eval,10,41,0.004875597,1
gwcs,../roman/.data/build21/r0000101001001001001_0001_wfi04_f158_cal.asdf,wfi04,eval,10,42,0.004823412,1
gwcs,../roman/.data/build21/r0000101001001001001_0001_wfi04_f158_cal.asdf,wfi04,eval,10,43,0.004875536,1
gwcs,../roman/.data/build21/r0000101001001001001_0001_wfi04_f158_cal.asdf,wfi04,eval,10,44,0.005086772,1
gwcs,../roman/.data/build21/r0000101001001001001_0001_wfi04_f158_cal.asdf,wfi04,eval,10,45,0.004772539,1
gwcs,../roman/.data/build21/r0000101001001001001_0001_wfi04_f158_cal.asdf,wfi04,eval,10,46,0.004865268,1
gwcs,../roman/.data/build21/r0000101001001001001_0001_wfi04_f158_cal.asdf,wfi04,eval,10,47,0.005005137,1
gwcs,../roman/.data/build21/r0000101001001001001_0001_wfi04_f158_cal.asdf,wfi04,eval,10,48,0.004855531,1
gwcs,../roman/.data/build21/r0000101001001001001_0001_wfi04_f158_cal.asdf,wfi04,eval,10,49,0.008440536,1
gwcs,../roman/.data/build21/r0000101001001001001_0001_wfi04_f158_cal.asdf,wfi04,eval,10,50,0.005964867,1
gwcs,../roman/.data/build21/r0000101001001001001_0001_wfi04_f158_cal.asdf,wfi04,eval,10,51,0.004879941,1
gwcs,../roman/.data/build21/r0000101001001001001_0001_wfi04_f158_cal.asdf,wfi04,eval,10,52,0.004931301,1
gwcs,../roman/.data/build21/r0000101001001001001_0001_wfi04_f158_cal.asdf,wfi04,eval,10,53,0.005464931,1
gwcs,../roman/.data/build21/r0000101001001001001_0001_wfi04_f158_cal.asdf,wfi04,eval,10,54,0.004862230,1
gwcs,../roman/.data/build21/r0000101001001001001_0001_wfi04_f158_cal.asdf,wfi04,eval,10,55,0.004946235,1
gwcs,../roman/.data/build21/r0000101001001001001_0001_wfi04_f158_cal.asdf,wfi04,eval,10,56,0.005506208,1
gwcs,../roman/.data/build21/r0000101001001001001_0001_wfi04_f158_cal.asdf,wfi04,eval,10,57,0.004970847,1
gwcs,../roman/.data/build21/r0000101001001001001_0001_wfi04_f158_cal.asdf,wfi04,eval,10,58,0.004853448,1
gwcs,../roman/.data/build21/r0000101001001001001_0001_wfi04_f158_cal.asdf,wfi04,eval,10,59,0.005194899,1
gwcs,../roman/.data/build21/r0000101001001001001_0001_wfi04_f158_cal.asdf,wfi04,eval,10,60,0.007927125,1
gwcs,../roman/.data/build21/r0000101001001001001_0001_wfi04_f158_cal.asdf,wfi04,eval,10,61,0.005066196,1
gwcs,../roman/.data/build21/r0000101001001001001_0001_wfi04_f158_cal.asdf,wfi04,eval,10,62,0.005760736,1
gwcs,../roman/.data/build21/r0000101001001001001_0001_wfi04_f158_cal.asdf,wfi04,eval,10,63,0.005009439,1
gwcs,../roman/.data/build21/r0000101001001001001_0001_wfi04_f158_cal.asdf,wfi04,eval,10,64,0.004863441,1
gwcs,../roman/.data/build21/r0000101001001001001_0001_wfi04_f158_cal.asdf,wfi04,eval,10,65,0.005502772,1
gwcs,../roman/.data/build21/r0000101001001001001_0001_wfi04_f158_cal.asdf,wfi04,eval,10,66,0.005067978,1
gwcs,../roman/.data/build21/r0000101001001001001_0001_wfi04_f158_cal.asdf,wfi04,eval,10,67,0.005185812,1
gwcs,../roman/.data/build21/r0000101001001001001_0001_wfi04_f158_cal.asdf,wfi04,eval,10,68,0.005431456,1
gwcs,../roman/.data/build21/r0000101001001001001_0001_wfi04_f158_cal.asdf,wfi04,eval,10,69,0.007121528,1
gwcs,../roman/.data/build21/r0000101001001001001_0001_wfi04_f158_cal.asdf,wfi04,eval,10,70,0.004952583,1
gwcs,../roman/.data/build21/r0000101001001001001_0001_wfi04_f158_cal.asdf,wfi04,eval,10,71,0.005058485,1
gwcs,../roman/.data/build21/r0000101001001001001_0001_wfi04_f158_cal.asdf,wfi04,eval,10,72,0.004947121,1
gwcs,../roman/.data/build21/r0000101001001001001_0001_wfi04_f158_cal.asdf,wfi04,eval,10,73,0.004822136,1
gwcs,../roman/.data/build21/r0000101001001001001_0001_wfi04_f158_cal.asdf,wfi04,eval,10,74,0.004842370,1
gwcs,../roman/.data/build21/r0000101001001001001_0001_wfi04_f158_cal.asdf,wfi04,eval,10,75,0.005061666,1
gwcs,../roman/.data/build21/r0000101001001001001_0001_wfi04_f158_cal.asdf,wfi04,eval,10,76,0.004811915,1
gwcs,../roman/.data/build21/r0000101001001001001_0001_wfi04_f158_cal.asdf,wfi04,eval,10,77,0.004765087,1
gwcs,../roman/.data/build21/r0000101001001001001_0001_wfi04_f158_cal.asdf,wfi04,eval,10,78,0.005339923,1
gwcs,../roman/.data/build21/r0000101001001001001_0001_wfi04_f158_cal.asdf,wfi04,eval,10,79,0.004857017,1
gwcs,../roman/.data/build21/r0000101001001001001_0001_wfi04_f158_cal.asdf,wfi04,eval,10,80,0.004841051,1
gwcs,../roman/.data/build21/r0000101001001001001_0001_wfi04_f158_cal.asdf,wfi04,eval,10,81,0.005073722,1
gwcs,../roman/.data/build21/r0000101001001001001_0001_wfi04_f158_cal.asdf,wfi04,eval,10,82,0.004870686,1
gwcs,../roman/.data/build21/r0000101001001001001_0001_wfi04_f158_cal.asdf,wfi04,eval,10,83,0.004791751,1
gwcs,../roman/.data/build21/r0000101001001001001_0001_wfi04_f158_cal.asdf,wfi04,eval,10,84,0.004805440,1
gwcs,../roman/.data/build21/r0000101001001001001_0001_wfi04_f158_cal.asdf,wfi04,eval,10,85,0.005048824,1
gwcs,../roman/.data/build21/r0000101001001001001_0001_wfi04_f158_cal.asdf,wfi04,eval,10,86,0.004790155,1
gwcs,../roman/.data/build21/r0000101001001001001_0001_wfi04_f158_cal.asdf,wfi04,eval,10,87,0.004789081,1
gwcs,../roman/.data/build21/r0000101001001001001_0001_wfi04_f158_cal.asdf,wfi04,eval,10,88,0.005160587,1
gwcs,../roman/.data/build21/r0000101001001001001_0001_wfi04_f158_cal.asdf,wfi04,eval,10,89,0.004864379,1
gwcs,../roman/.data/build21/r0000101001001001001_0001_wfi04_f158_cal.asdf,wfi04,eval,10,90,0.004912145,1
gwcs,../roman/.data/build21/r0000101001001001001_0001_wfi04_f158_cal.asdf,wfi04,eval,10,91,0.006226883,1
gwcs,../roman/.data/build21/r0000101001001001001_0001_wfi04_f158_cal.asdf,wfi04,eval,10,92,0.004866890,1
gwcs,../roman/.data/build21/r0000101001001001001_0001_wfi04_f158_cal.asdf,wfi04,eval,10,93,0.004780295,1
gwcs,../roman/.data/build21/r0000101001001001001_0001_wfi04_f158_cal.asdf,wfi04,eval,10,94,0.005914020,1
gwcs,../roman/.data/build21/r0000101001001001001_0001_wfi04_f158_cal.asdf,wfi04,eval,10,95,0.004939543,1
gwcs,../roman/.data/build21/r0000101001001001001_0001_wfi04_f158_cal.asdf,wfi04,eval,10,96,0.004810214,1
gwcs,../roman/.data/build21/r0000101001001001001_0001_wfi04_f158_cal.asdf,wfi04,eval,10,97,0.004834567,1
gwcs,../roman/.data/build21/r0000101001001001001_0001_wfi04_f158_cal.asdf,wfi04,eval,10,98,0.005104493,1
gwcs,../roman/.data/build21/r0000101001001001001_0001_wfi04_f158_cal.asdf,wfi04,eval,10,99,0.004874608,1
gwcs,../roman/.data/build21/r0000101001001001001_0001_wfi04_f158_cal.asdf,wfi04,eval,100,0,0.005343827,1
gwcs,../roman/.data/build21/r0000101001001001001_0001_wfi04_f158_cal.asdf,wfi04,eval,100,1,0.005217892,1
gwcs,../roman/.data/build21/r0000101001001001001_0001_wfi04_f158_cal.asdf,wfi04,eval,100,2,0.004912460,1
gwcs,../roman/.data/build21/r0000101001001001001_0001_wfi04_f158_cal.asdf,wfi04,eval,100,3,0.004827322,1
gwcs,../roman/.data/build21/r0000101001001001001_0001_wfi04_f158_cal.asdf,wfi04,eval,100,4,0.005062675,1
gwcs,../roman/.data/build21/r0000101001001001001_0001_wfi04_f158_cal.asdf,wfi04,eval,100,5,0.004950661,1
gwcs,../roman/.data/build21/r0000101001001001001_0001_wfi04_f158_cal.asdf,wfi04,eval,100,6,0.004865970,1
gwcs,../roman/.data/build21/r0000101001001001001_0001_wfi04_f158_cal.asdf,wfi04,eval,100,7,0.004873388,1
gwcs,../roman/.data/build21/r0000101001001001001_0001_wfi04_f158_cal.asdf,wfi04,eval,100,8,0.005232258,1
gwcs,../roman/.data/build21/r0000101001001001001_0001_wfi04_f158_cal.asdf,wfi04,eval,100,9,0.004866744,1
gwcs,../roman/.data/build21/r0000101001001001001_0001_wfi04_f158_cal.asdf,wfi04,eval,100,10,0.005092502,1
gwcs,../roman/.data/build21/r0000101001001001001_0001_wfi04_f158_cal.asdf,wfi04,eval,100,11,0.004891073,1
gwcs,../roman/.data/build21/r0000101001001001001_0001_wfi04_f158_cal.asdf,wfi04,eval,100,12,0.005211205,1
gwcs,../roman/.data/build21/r0000101001001001001_0001_wfi04_f158_cal.asdf,wfi04,eval,100,13,0.005435458,1
gwcs,../roman/.data/build21/r0000101001001001001_0001_wfi04_f158_cal.asdf,wfi04,eval,100,14,0.006398462,1
gwcs,../roman/.data/build21/r0000101001001001001_0001_wfi04_f158_cal.asdf,wfi04,eval,100,15,0.004864979,1
gwcs,../roman/.data/build21/r0000101001001001001_0001_wfi04_f158_cal.asdf,wfi04,eval,100,16,0.005099035,1
gwcs,../roman/.data/build21/r0000101001001001001_0001_wfi04_f158_cal.asdf,wfi04,eval,100,17,0.004923486,1
gwcs,../roman/.data/build21/r0000101001001001001_0001_wfi04_f158_cal.asdf,wfi04,eval,100,18,0.004840273,1
gwcs,../roman/.data/build21/r0000101001001001001_0001_wfi04_f158_cal.asdf,wfi04,eval,100,19,0.005088102,1
gwcs,../roman/.data/build21/r0000101001001001001_0001_wfi04_f158_cal.asdf,wfi04,eval,100,20,0.004957763,1
gwcs,../roman/.data/build21/r0000101001001001001_0001_wfi04_f158_cal.asdf,wfi04,eval,100,21,0.004858455,1
gwcs,../roman/.data/build21/r0000101001001001001_0001_wfi04_f158_cal.asdf,wfi04,eval,100,22,0.004825119,1
gwcs,../roman/.data/build21/r0000101001001001001_0001_wfi04_f158_cal.asdf,wfi04,eval,100,23,0.005240262,1
gwcs,../roman/.data/build21/r0000101001001001001_0001_wfi04_f158_cal.asdf,wfi04,eval,100,24,0.004976657,1
gwcs,../roman/.data/build21/r0000101001001001001_0001_wfi04_f158_cal.asdf,wfi04,eval,100,25,0.004831322,1
gwcs,../roman/.data/build21/r0000101001001001001_0001_wfi04_f158_cal.asdf,wfi04,eval,100,26,0.005084399,1
gwcs,../roman/.data/build21/r0000101001001001001_0001_wfi04_f158_cal.asdf,wfi04,eval,100,27,0.004937574,1
gwcs,../roman/.data/build21/r0000101001001001001_0001_wfi04_f158_cal.asdf,wfi04,eval,100,28,0.004994418,1
gwcs,../roman/.data/build21/r0000101001001001001_0001_wfi04_f158_cal.asdf,wfi04,eval,100,29,0.005101423,1
gwcs,../roman/.data/build21/r0000101001001001001_0001_wfi04_f158_cal.asdf,wfi04,eval,100,30,0.004983235,1
gwcs,../roman/.data/build21/r0000101001001001001_0001_wfi04_f158_cal.asdf,wfi04,eval,100,31,0.004887112,1
gwcs,../roman/.data/build21/r0000101001001001001_0001_wfi04_f158_cal.asdf,wfi04,eval,100,32,0.005044436,1
gwcs,../roman/.data/build21/r0000101001001001001_0001_wfi04_f158_cal.asdf,wfi04,eval,100,33,0.005193030,1
gwcs,../roman/.data/build21/r0000101001001001001_0001_wfi04_f158_cal.asdf,wfi04,eval,100,34,0.004984443,1
gwcs,../roman/.data/build21/r0000101001001001001_0001_wfi04_f158_cal.asdf,wfi04,eval,100,35,0.005593291,1
gwcs,../roman/.data/build21/r0000101001001001001_0001_wfi04_f158_cal.asdf,wfi04,eval,100,36,0.005672310,1
gwcs,../roman/.data/build21/r0000101001001001001_0001_wfi04_f158_cal.asdf,wfi04,eval,100,37,0.004887454,1
gwcs,../roman/.data/build21/r0000101001001001001_0001_wfi04_f158_cal.asdf,wfi04,eval,100,38,0.005655915,1
gwcs,../roman/.data/build21/r0000101001001001001_0001_wfi04_f158_cal.asdf,wfi04,eval,100,39,0.006044105,1
gwcs,../roman/.data/build21/r0000101001001001001_0001_wfi04_f158_cal.asdf,wfi04,eval,100,40,0.004922003,1
gwcs,../roman/.data/build21/r0000101001001001001_0001_wfi04_f158_cal.asdf,wfi04,eval,100,41,0.005584748,1
gwcs,../roman/.data/build21/r0000101001001001001_0001_wfi04_f158_cal.asdf,wfi04,eval,100,42,0.005620571,1
gwcs,../roman/.data/build21/r0000101001001001001_0001_wfi04_f158_cal.asdf,wfi04,eval,100,43,0.005357580,1
gwcs,../roman/.data/build21/r0000101001001001001_0001_wfi04_f158_cal.asdf,wfi04,eval,100,44,0.005036542,1
gwcs,../roman/.data/build21/r0000101001001001001_0001_wfi04_f158_cal.asdf,wfi04,eval,100,45,0.005121597,1
gwcs,../roman/.data/build21/r0000101001001001001_0001_wfi04_f158_cal.asdf,wfi04,eval,100,46,0.004932141,1
gwcs,../roman/.data/build21/r0000101001001001001_0001_wfi04_f158_cal.asdf,wfi04,eval,100,47,0.004822949,1
gwcs,../roman/.data/build21/r0000101001001001001_0001_wfi04_f158_cal.asdf,wfi04,eval,100,48,0.005096026,1
gwcs,../roman/.data/build21/r0000101001001001001_0001_wfi04_f158_cal.asdf,wfi04,eval,100,49,0.004980732,1
gwcs,../roman/.data/build21/r0000101001001001001_0001_wfi04_f158_cal.asdf,wfi04,eval,1000,0,0.006004215,1
gwcs,../roman/.data/build21/r0000101001001001001_0001_wfi04_f158_cal.asdf,wfi04,eval,1000,1,0.005840146,1
gwcs,../roman/.data/build21/r0000101001001001001_0001_wfi04_f158_cal.asdf,wfi04,eval,1000,2,0.005736520,1
gwcs,../roman/.data/build21/r0000101001001001001_0001_wfi04_f158_cal.asdf,wfi04,eval,1000,3,0.005641847,1
gwcs,../roman/.data/build21/r0000101001001001001_0001_wfi04_f158_cal.asdf,wfi04,eval,1000,4,0.005599678,1
gwcs,../roman/.data/build21/r0000101001001001001_0001_wfi04_f158_cal.asdf,wfi04,eval,1000,5,0.005731648,1
gwcs,../roman/.data/build21/r0000101001001001001_0001_wfi04_f158_cal.asdf,wfi04,eval,1000,6,0.005556828,1
gwcs,../roman/.data/build21/r0000101001001001001_0001_wfi04_f158_cal.asdf,wfi04,eval,1000,7,0.006306090,1
gwcs,../roman/.data/build21/r0000101001001001001_0001_wfi04_f158_cal.asdf,wfi04,eval,1000,8,0.005544491,1
gwcs,../roman/.data/build21/r0000101001001001001_0001_wfi04_f158_cal.asdf,wfi04,eval,1000,9,0.005544406,1
gwcs,../roman/.data/build21/r0000101001001001001_0001_wfi04_f158_cal.asdf,wfi04,eval,1000,10,0.005839008,1
gwcs,../roman/.data/build21/r0000101001001001001_0001_wfi04_f158_cal.asdf,wfi04,eval,1000,11,0.005625828,1
gwcs,../roman/.data/build21/r0000101001001001001_0001_wfi04_f158_cal.asdf,wfi04,eval,1000,12,0.005475726,1
gwcs,../roman/.data/build21/r0000101001001001001_0001_wfi04_f158_cal.asdf,wfi04,eval,1000,13,0.006196407,1
gwcs,../roman/.data/build21/r0000101001001001001_0001_wfi04_f158_cal.asdf,wfi04,eval,1000,14,0.005521356,1
gwcs,../roman/.data/build21/r0000101001001001001_0001_wfi04_f158_cal.asdf,wfi04,eval,1000,15,0.005855446,1
gwcs,../roman/.data/build21/r0000101001001001001_0001_wfi04_f158_cal.asdf,wfi04,eval,1000,16,0.007645042,1
gwcs,../roman/.data/build21/r0000101001001001001_0001_wfi04_f158_cal.asdf,wfi04,eval,1000,17,0.005342466,1
gwcs,../roman/.data/build21/r0000101001001001001_0001_wfi04_f158_cal.asdf,wfi04,eval,1000,18,0.005332229,1
gwcs,../roman/.data/build21/r0000101001001001001_0001_wfi04_f158_cal.asdf,wfi04,eval,1000,19,0.005353907,1
gwcs,../roman/.data/build21/r0000101001001001001_0001_wfi04_f158_cal.asdf,wfi04,eval,10000,0,0.010684205,1
gwcs,../roman/.data/build21/r0000101001001001001_0001_wfi04_f158_cal.asdf,wfi04,eval,10000,1,0.009934594,1
gwcs,../roman/.data/build21/r0000101001001001001_0001_wfi04_f158_cal.asdf,wfi04,eval,10000,2,0.008482823,1
gwcs,../roman/.data/build21/r0000101001001001001_0001_wfi04_f158_cal.asdf,wfi04,eval,10000,3,0.008779495,1
gwcs,../roman/.data/build21/r0000101001001001001_0001_wfi04_f158_cal.asdf,wfi04,eval,10000,4,0.009032471,1
gwcs,../roman/.data/build21/r0000101001001001001_0001_wfi04_f158_cal.asdf,wfi04,eval,10000,5,0.009939197,1
gwcs,../roman/.data/build21/r0000101001001001001_0001_wfi04_f158_cal.asdf,wfi04,eval,10000,6,0.008609520,1
gwcs,../roman/.data/build21/r0000101001001001001_0001_wfi04_f158_cal.asdf,wfi04,eval,10000,7,0.008985291,1
gwcs,../roman/.data/build21/r0000101001001001001_0001_wfi04_f158_cal.asdf,wfi04,eval,10000,8,0.008496034,1
gwcs,../roman/.data/build21/r0000101001001001001_0001_wfi04_f158_cal.asdf,wfi04,eval,10000,9,0.008548156,1
gwcs,../roman/.data/build21/r0000101001001001001_0001_wfi04_f158_cal.asdf,wfi04,eval,100000,0,0.045943682,1
gwcs,../roman/.data/build21/r0000101001001001001_0001_wfi04_f158_cal.asdf,wfi04,eval,100000,1,0.039060182,1
gwcs,../roman/.data/build21/r0000101001001001001_0001_wfi04_f158_cal.asdf,wfi04,eval,100000,2,0.039916622,1
gwcs,../roman/.data/build21/r0000101001001001001_0001_wfi04_f158_cal.asdf,wfi04,eval,100000,3,0.044628999,1
gwcs,../roman/.data/build21/r0000101001001001001_0001_wfi04_f158_cal.asdf,wfi04,eval,100000,4,0.038979306,1
gwcs,../roman/.data/build21/r0000101001001001001_0001_wfi04_f158_cal.asdf,wfi04,eval,1000000,0,0.404680801,1
gwcs,../roman/.data/build21/r0000101001001001001_0001_wfi04_f158_cal.asdf,wfi04,eval,1000000,1,0.388527212,1
gwcs,../roman/.data/build21/r0000101001001001001_0001_wfi04_f158_cal.asdf,wfi04,eval,1000000,2,0.405089465,1
gwcs,../roman/.data/build21/r0000101001001001001_0001_wfi04_f158_cal.asdf,wfi04,eval,10000000,0,4.013630389,1
gwcs,../roman/.data/build21/r0000101001001001001_0001_wfi04_f158_cal.asdf,wfi04,eval,10000000,1,3.997821825,1
gwcs,../roman/.data/build21/r0000101001001001001_0001_wfi04_f158_cal.asdf,wfi04,eval,16711744,0,6.559569666,1
gwcs,../roman/.data/build21/r0000101001001001001_0001_wfi04_f158_cal.asdf,wfi04,eval,16711744,1,6.750660414,1
gwcs,../roman/.data/build21/r0000101001001001001_0001_wfi05_f158_cal.asdf,wfi05,parse_cold,0,0,0.783251417,1
gwcs,../roman/.data/build21/r0000101001001001001_0001_wfi05_f158_cal.asdf,wfi05,parse_hot,0,0,0.549807221,1
gwcs,../roman/.data/build21/r0000101001001001001_0001_wfi05_f158_cal.asdf,wfi05,eval,1,0,0.005351366,1
gwcs,../roman/.data/build21/r0000101001001001001_0001_wfi05_f158_cal.asdf,wfi05,eval,1,1,0.004983600,1
gwcs,../roman/.data/build21/r0000101001001001001_0001_wfi05_f158_cal.asdf,wfi05,eval,1,2,0.005027437,1
gwcs,../roman/.data/build21/r0000101001001001001_0001_wfi05_f158_cal.asdf,wfi05,eval,1,3,0.005034943,1
gwcs,../roman/.data/build21/r0000101001001001001_0001_wfi05_f158_cal.asdf,wfi05,eval,1,4,0.004904924,1
gwcs,../roman/.data/build21/r0000101001001001001_0001_wfi05_f158_cal.asdf,wfi05,eval,1,5,0.004832452,1
gwcs,../roman/.data/build21/r0000101001001001001_0001_wfi05_f158_cal.asdf,wfi05,eval,1,6,0.004953089,1
gwcs,../roman/.data/build21/r0000101001001001001_0001_wfi05_f158_cal.asdf,wfi05,eval,1,7,0.004858132,1
gwcs,../roman/.data/build21/r0000101001001001001_0001_wfi05_f158_cal.asdf,wfi05,eval,1,8,0.004956369,1
gwcs,../roman/.data/build21/r0000101001001001001_0001_wfi05_f158_cal.asdf,wfi05,eval,1,9,0.004803359,1
gwcs,../roman/.data/build21/r0000101001001001001_0001_wfi05_f158_cal.asdf,wfi05,eval,1,10,0.005134135,1
gwcs,../roman/.data/build21/r0000101001001001001_0001_wfi05_f158_cal.asdf,wfi05,eval,1,11,0.005210652,1
gwcs,../roman/.data/build21/r0000101001001001001_0001_wfi05_f158_cal.asdf,wfi05,eval,1,12,0.004775972,1
gwcs,../roman/.data/build21/r0000101001001001001_0001_wfi05_f158_cal.asdf,wfi05,eval,1,13,0.005073962,1
gwcs,../roman/.data/build21/r0000101001001001001_0001_wfi05_f158_cal.asdf,wfi05,eval,1,14,0.004761223,1
gwcs,../roman/.data/build21/r0000101001001001001_0001_wfi05_f158_cal.asdf,wfi05,eval,1,15,0.004599024,1
gwcs,../roman/.data/build21/r0000101001001001001_0001_wfi05_f158_cal.asdf,wfi05,eval,1,16,0.004761815,1
gwcs,../roman/.data/build21/r0000101001001001001_0001_wfi05_f158_cal.asdf,wfi05,eval,1,17,0.004791035,1
gwcs,../roman/.data/build21/r0000101001001001001_0001_wfi05_f158_cal.asdf,wfi05,eval,1,18,0.004670409,1
gwcs,../roman/.data/build21/r0000101001001001001_0001_wfi05_f158_cal.asdf,wfi05,eval,1,19,0.004673098,1
gwcs,../roman/.data/build21/r0000101001001001001_0001_wfi05_f158_cal.asdf,wfi05,eval,1,20,0.004943199,1
gwcs,../roman/.data/build21/r0000101001001001001_0001_wfi05_f158_cal.asdf,wfi05,eval,1,21,0.004681339,1
gwcs,../roman/.data/build21/r0000101001001001001_0001_wfi05_f158_cal.asdf,wfi05,eval,1,22,0.004881556,1
gwcs,../roman/.data/build21/r0000101001001001001_0001_wfi05_f158_cal.asdf,wfi05,eval,1,23,0.005104530,1
gwcs,../roman/.data/build21/r0000101001001001001_0001_wfi05_f158_cal.asdf,wfi05,eval,1,24,0.004979413,1
gwcs,../roman/.data/build21/r0000101001001001001_0001_wfi05_f158_cal.asdf,wfi05,eval,1,25,0.004893363,1
gwcs,../roman/.data/build21/r0000101001001001001_0001_wfi05_f158_cal.asdf,wfi05,eval,1,26,0.004743052,1
gwcs,../roman/.data/build21/r0000101001001001001_0001_wfi05_f158_cal.asdf,wfi05,eval,1,27,0.005516755,1
gwcs,../roman/.data/build21/r0000101001001001001_0001_wfi05_f158_cal.asdf,wfi05,eval,1,28,0.005027832,1
gwcs,../roman/.data/build21/r0000101001001001001_0001_wfi05_f158_cal.asdf,wfi05,eval,1,29,0.005481807,1
gwcs,../roman/.data/build21/r0000101001001001001_0001_wfi05_f158_cal.asdf,wfi05,eval,1,30,0.005497436,1
gwcs,../roman/.data/build21/r0000101001001001001_0001_wfi05_f158_cal.asdf,wfi05,eval,1,31,0.004704515,1
gwcs,../roman/.data/build21/r0000101001001001001_0001_wfi05_f158_cal.asdf,wfi05,eval,1,32,0.004685070,1
gwcs,../roman/.data/build21/r0000101001001001001_0001_wfi05_f158_cal.asdf,wfi05,eval,1,33,0.005009115,1
gwcs,../roman/.data/build21/r0000101001001001001_0001_wfi05_f158_cal.asdf,wfi05,eval,1,34,0.004853585,1
gwcs,../roman/.data/build21/r0000101001001001001_0001_wfi05_f158_cal.asdf,wfi05,eval,1,35,0.004702517,1
gwcs,../roman/.data/build21/r0000101001001001001_0001_wfi05_f158_cal.asdf,wfi05,eval,1,36,0.004735088,1
gwcs,../roman/.data/build21/r0000101001001001001_0001_wfi05_f158_cal.asdf,wfi05,eval,1,37,0.005336230,1
gwcs,../roman/.data/build21/r0000101001001001001_0001_wfi05_f158_cal.asdf,wfi05,eval,1,38,0.004708245,1
gwcs,../roman/.data/build21/r0000101001001001001_0001_wfi05_f158_cal.asdf,wfi05,eval,1,39,0.004680078,1
gwcs,../roman/.data/build21/r0000101001001001001_0001_wfi05_f158_cal.asdf,wfi05,eval,1,40,0.005310428,1
gwcs,../roman/.data/build21/r0000101001001001001_0001_wfi05_f158_cal.asdf,wfi05,eval,1,41,0.006046922,1
gwcs,../roman/.data/build21/r0000101001001001001_0001_wfi05_f158_cal.asdf,wfi05,eval,1,42,0.005737470,1
gwcs,../roman/.data/build21/r0000101001001001001_0001_wfi05_f158_cal.asdf,wfi05,eval,1,43,0.007162393,1
gwcs,../roman/.data/build21/r0000101001001001001_0001_wfi05_f158_cal.asdf,wfi05,eval,1,44,0.004791037,1
gwcs,../roman/.data/build21/r0000101001001001001_0001_wfi05_f158_cal.asdf,wfi05,eval,1,45,0.004675514,1
gwcs,../roman/.data/build21/r0000101001001001001_0001_wfi05_f158_cal.asdf,wfi05,eval,1,46,0.005473730,1
gwcs,../roman/.data/build21/r0000101001001001001_0001_wfi05_f158_cal.asdf,wfi05,eval,1,47,0.004766353,1
gwcs,../roman/.data/build21/r0000101001001001001_0001_wfi05_f158_cal.asdf,wfi05,eval,1,48,0.004688846,1
gwcs,../roman/.data/build21/r0000101001001001001_0001_wfi05_f158_cal.asdf,wfi05,eval,1,49,0.005009457,1
gwcs,../roman/.data/build21/r0000101001001001001_0001_wfi05_f158_cal.asdf,wfi05,eval,1,50,0.004747672,1
gwcs,../roman/.data/build21/r0000101001001001001_0001_wfi05_f158_cal.asdf,wfi05,eval,1,51,0.004691147,1
gwcs,../roman/.data/build21/r0000101001001001001_0001_wfi05_f158_cal.asdf,wfi05,eval,1,52,0.004797634,1
gwcs,../roman/.data/build21/r0000101001001001001_0001_wfi05_f158_cal.asdf,wfi05,eval,1,53,0.005059565,1
gwcs,../roman/.data/build21/r0000101001001001001_0001_wfi05_f158_cal.asdf,wfi05,eval,1,54,0.004676104,1
gwcs,../roman/.data/build21/r0000101001001001001_0001_wfi05_f158_cal.asdf,wfi05,eval,1,55,0.004653350,1
gwcs,../roman/.data/build21/r0000101001001001001_0001_wfi05_f158_cal.asdf,wfi05,eval,1,56,0.004998834,1
gwcs,../roman/.data/build21/r0000101001001001001_0001_wfi05_f158_cal.asdf,wfi05,eval,1,57,0.004786479,1
gwcs,../roman/.data/build21/r0000101001001001001_0001_wfi05_f158_cal.asdf,wfi05,eval,1,58,0.005166734,1
gwcs,../roman/.data/build21/r0000101001001001001_0001_wfi05_f158_cal.asdf,wfi05,eval,1,59,0.004738816,1
gwcs,../roman/.data/build21/r0000101001001001001_0001_wfi05_f158_cal.asdf,wfi05,eval,1,60,0.005333740,1
gwcs,../roman/.data/build21/r0000101001001001001_0001_wfi05_f158_cal.asdf,wfi05,eval,1,61,0.004759162,1
gwcs,../roman/.data/build21/r0000101001001001001_0001_wfi05_f158_cal.asdf,wfi05,eval,1,62,0.004676941,1
gwcs,../roman/.data/build21/r0000101001001001001_0001_wfi05_f158_cal.asdf,wfi05,eval,1,63,0.004964885,1
gwcs,../roman/.data/build21/r0000101001001001001_0001_wfi05_f158_cal.asdf,wfi05,eval,1,64,0.005014422,1
gwcs,../roman/.data/build21/r0000101001001001001_0001_wfi05_f158_cal.asdf,wfi05,eval,1,65,0.004790833,1
gwcs,../roman/.data/build21/r0000101001001001001_0001_wfi05_f158_cal.asdf,wfi05,eval,1,66,0.004991568,1
gwcs,../roman/.data/build21/r0000101001001001001_0001_wfi05_f158_cal.asdf,wfi05,eval,1,67,0.005042617,1
gwcs,../roman/.data/build21/r0000101001001001001_0001_wfi05_f158_cal.asdf,wfi05,eval,1,68,0.004755213,1
gwcs,../roman/.data/build21/r0000101001001001001_0001_wfi05_f158_cal.asdf,wfi05,eval,1,69,0.004957070,1
gwcs,../roman/.data/build21/r0000101001001001001_0001_wfi05_f158_cal.asdf,wfi05,eval,1,70,0.004926855,1
gwcs,../roman/.data/build21/r0000101001001001001_0001_wfi05_f158_cal.asdf,wfi05,eval,1,71,0.004985591,1
gwcs,../roman/.data/build21/r0000101001001001001_0001_wfi05_f158_cal.asdf,wfi05,eval,1,72,0.004849290,1
gwcs,../roman/.data/build21/r0000101001001001001_0001_wfi05_f158_cal.asdf,wfi05,eval,1,73,0.004753523,1
gwcs,../roman/.data/build21/r0000101001001001001_0001_wfi05_f158_cal.asdf,wfi05,eval,1,74,0.004788805,1
gwcs,../roman/.data/build21/r0000101001001001001_0001_wfi05_f158_cal.asdf,wfi05,eval,1,75,0.004646576,1
gwcs,../roman/.data/build21/r0000101001001001001_0001_wfi05_f158_cal.asdf,wfi05,eval,1,76,0.004673696,1
gwcs,../roman/.data/build21/r0000101001001001001_0001_wfi05_f158_cal.asdf,wfi05,eval,1,77,0.005159423,1
gwcs,../roman/.data/build21/r0000101001001001001_0001_wfi05_f158_cal.asdf,wfi05,eval,1,78,0.004902592,1
gwcs,../roman/.data/build21/r0000101001001001001_0001_wfi05_f158_cal.asdf,wfi05,eval,1,79,0.004883564,1
gwcs,../roman/.data/build21/r0000101001001001001_0001_wfi05_f158_cal.asdf,wfi05,eval,1,80,0.005105856,1
gwcs,../roman/.data/build21/r0000101001001001001_0001_wfi05_f158_cal.asdf,wfi05,eval,1,81,0.004907985,1
gwcs,../roman/.data/build21/r0000101001001001001_0001_wfi05_f158_cal.asdf,wfi05,eval,1,82,0.004954915,1
gwcs,../roman/.data/build21/r0000101001001001001_0001_wfi05_f158_cal.asdf,wfi05,eval,1,83,0.004849805,1
gwcs,../roman/.data/build21/r0000101001001001001_0001_wfi05_f158_cal.asdf,wfi05,eval,1,84,0.005157062,1
gwcs,../roman/.data/build21/r0000101001001001001_0001_wfi05_f158_cal.asdf,wfi05,eval,1,85,0.005031610,1
gwcs,../roman/.data/build21/r0000101001001001001_0001_wfi05_f158_cal.asdf,wfi05,eval,1,86,0.005981181,1
gwcs,../roman/.data/build21/r0000101001001001001_0001_wfi05_f158_cal.asdf,wfi05,eval,1,87,0.004986443,1
gwcs,../roman/.data/build21/r0000101001001001001_0001_wfi05_f158_cal.asdf,wfi05,eval,1,88,0.005140107,1
gwcs,../roman/.data/build21/r0000101001001001001_0001_wfi05_f158_cal.asdf,wfi05,eval,1,89,0.004932434,1
gwcs,../roman/.data/build21/r0000101001001001001_0001_wfi05_f158_cal.asdf,wfi05,eval,1,90,0.005239865,1
gwcs,../roman/.data/build21/r0000101001001001001_0001_wfi05_f158_cal.asdf,wfi05,eval,1,91,0.004850226,1
gwcs,../roman/.data/build21/r0000101001001001001_0001_wfi05_f158_cal.asdf,wfi05,eval,1,92,0.004959960,1
gwcs,../roman/.data/build21/r0000101001001001001_0001_wfi05_f158_cal.asdf,wfi05,eval,1,93,0.004861494,1
gwcs,../roman/.data/build21/r0000101001001001001_0001_wfi05_f158_cal.asdf,wfi05,eval,1,94,0.005045957,1
gwcs,../roman/.data/build21/r0000101001001001001_0001_wfi05_f158_cal.asdf,wfi05,eval,1,95,0.004819758,1
gwcs,../roman/.data/build21/r0000101001001001001_0001_wfi05_f158_cal.asdf,wfi05,eval,1,96,0.004949310,1
gwcs,../roman/.data/build21/r0000101001001001001_0001_wfi05_f158_cal.asdf,wfi05,eval,1,97,0.005056457,1
gwcs,../roman/.data/build21/r0000101001001001001_0001_wfi05_f158_cal.asdf,wfi05,eval,1,98,0.004863822,1
gwcs,../roman/.data/build21/r0000101001001001001_0001_wfi05_f158_cal.asdf,wfi05,eval,1,99,0.004940534,1
gwcs,../roman/.data/build21/r0000101001001001001_0001_wfi05_f158_cal.asdf,wfi05,eval,10,0,0.005410946,1
gwcs,../roman/.data/build21/r0000101001001001001_0001_wfi05_f158_cal.asdf,wfi05,eval,10,1,0.005163876,1
gwcs,../roman/.data/build21/r0000101001001001001_0001_wfi05_f158_cal.asdf,wfi05,eval,10,2,0.005045877,1
gwcs,../roman/.data/build21/r0000101001001001001_0001_wfi05_f158_cal.asdf,wfi05,eval,10,3,0.005403318,1
gwcs,../roman/.data/build21/r0000101001001001001_0001_wfi05_f158_cal.asdf,wfi05,eval,10,4,0.004821272,1
gwcs,../roman/.data/build21/r0000101001001001001_0001_wfi05_f158_cal.asdf,wfi05,eval,10,5,0.004752972,1
gwcs,../roman/.data/build21/r0000101001001001001_0001_wfi05_f158_cal.asdf,wfi05,eval,10,6,0.005064435,1
gwcs,../roman/.data/build21/r0000101001001001001_0001_wfi05_f158_cal.asdf,wfi05,eval,10,7,0.005180693,1
gwcs,../roman/.data/build21/r0000101001001001001_0001_wfi05_f158_cal.asdf,wfi05,eval,10,8,0.004900439,1
gwcs,../roman/.data/build21/r0000101001001001001_0001_wfi05_f158_cal.asdf,wfi05,eval,10,9,0.005255826,1
gwcs,../roman/.data/build21/r0000101001001001001_0001_wfi05_f158_cal.asdf,wfi05,eval,10,10,0.005217004,1
gwcs,../roman/.data/build21/r0000101001001001001_0001_wfi05_f158_cal.asdf,wfi05,eval,10,11,0.005989849,1
gwcs,../roman/.data/build21/r0000101001001001001_0001_wfi05_f158_cal.asdf,wfi05,eval,10,12,0.005801755,1
gwcs,../roman/.data/build21/r0000101001001001001_0001_wfi05_f158_cal.asdf,wfi05,eval,10,13,0.005139193,1
gwcs,../roman/.data/build21/r0000101001001001001_0001_wfi05_f158_cal.asdf,wfi05,eval,10,14,0.004849573,1
gwcs,../roman/.data/build21/r0000101001001001001_0001_wfi05_f158_cal.asdf,wfi05,eval,10,15,0.005084695,1
gwcs,../roman/.data/build21/r0000101001001001001_0001_wfi05_f158_cal.asdf,wfi05,eval,10,16,0.005395067,1
gwcs,../roman/.data/build21/r0000101001001001001_0001_wfi05_f158_cal.asdf,wfi05,eval,10,17,0.005224546,1
gwcs,../roman/.data/build21/r0000101001001001001_0001_wfi05_f158_cal.asdf,wfi05,eval,10,18,0.004914613,1
gwcs,../roman/.data/build21/r0000101001001001001_0001_wfi05_f158_cal.asdf,wfi05,eval,10,19,0.005244859,1
gwcs,../roman/.data/build21/r0000101001001001001_0001_wfi05_f158_cal.asdf,wfi05,eval,10,20,0.005201553,1
gwcs,../roman/.data/build21/r0000101001001001001_0001_wfi05_f158_cal.asdf,wfi05,eval,10,21,0.005147138,1
gwcs,../roman/.data/build21/r0000101001001001001_0001_wfi05_f158_cal.asdf,wfi05,eval,10,22,0.004971062,1
gwcs,../roman/.data/build21/r0000101001001001001_0001_wfi05_f158_cal.asdf,wfi05,eval,10,23,0.005474253,1
gwcs,../roman/.data/build21/r0000101001001001001_0001_wfi05_f158_cal.asdf,wfi05,eval,10,24,0.004951647,1
gwcs,../roman/.data/build21/r0000101001001001001_0001_wfi05_f158_cal.asdf,wfi05,eval,10,25,0.005107230,1
gwcs,../roman/.data/build21/r0000101001001001001_0001_wfi05_f158_cal.asdf,wfi05,eval,10,26,0.005533926,1
gwcs,../roman/.data/build21/r0000101001001001001_0001_wfi05_f158_cal.asdf,wfi05,eval,10,27,0.005088906,1
gwcs,../roman/.data/build21/r0000101001001001001_0001_wfi05_f158_cal.asdf,wfi05,eval,10,28,0.004946265,1
gwcs,../roman/.data/build21/r0000101001001001001_0001_wfi05_f158_cal.asdf,wfi05,eval,10,29,0.005388933,1
gwcs,../roman/.data/build21/r0000101001001001001_0001_wfi05_f158_cal.asdf,wfi05,eval,10,30,0.004979864,1
gwcs,../roman/.data/build21/r0000101001001001001_0001_wfi05_f158_cal.asdf,wfi05,eval,10,31,0.005031406,1
gwcs,../roman/.data/build21/r0000101001001001001_0001_wfi05_f158_cal.asdf,wfi05,eval,10,32,0.005240175,1
gwcs,../roman/.data/build21/r0000101001001001001_0001_wfi05_f158_cal.asdf,wfi05,eval,10,33,0.004833806,1
gwcs,../roman/.data/build21/r0000101001001001001_0001_wfi05_f158_cal.asdf,wfi05,eval,10,34,0.004796335,1
gwcs,../roman/.data/build21/r0000101001001001001_0001_wfi05_f158_cal.asdf,wfi05,eval,10,35,0.004855442,1
gwcs,../roman/.data/build21/r0000101001001001001_0001_wfi05_f158_cal.asdf,wfi05,eval,10,36,0.005429931,1
gwcs,../roman/.data/build21/r0000101001001001001_0001_wfi05_f158_cal.asdf,wfi05,eval,10,37,0.004910896,1
gwcs,../roman/.data/build21/r0000101001001001001_0001_wfi05_f158_cal.asdf,wfi05,eval,10,38,0.005185418,1
gwcs,../roman/.data/build21/r0000101001001001001_0001_wfi05_f158_cal.asdf,wfi05,eval,10,39,0.005487086,1
gwcs,../roman/.data/build21/r0000101001001001001_0001_wfi05_f158_cal.asdf,wfi05,eval,10,40,0.005204564,1
gwcs,../roman/.data/build21/r0000101001001001001_0001_wfi05_f158_cal.asdf,wfi05,eval,10,41,0.004935411,1
gwcs,../roman/.data/build21/r0000101001001001001_0001_wfi05_f158_cal.asdf,wfi05,eval,10,42,0.005730185,1
gwcs,../roman/.data/build21/r0000101001001001001_0001_wfi05_f158_cal.asdf,wfi05,eval,10,43,0.004825541,1
gwcs,../roman/.data/build21/r0000101001001001001_0001_wfi05_f158_cal.asdf,wfi05,eval,10,44,0.004784772,1
gwcs,../roman/.data/build21/r0000101001001001001_0001_wfi05_f158_cal.asdf,wfi05,eval,10,45,0.005384601,1
gwcs,../roman/.data/build21/r0000101001001001001_0001_wfi05_f158_cal.asdf,wfi05,eval,10,46,0.004842336,1
gwcs,../roman/.data/build21/r0000101001001001001_0001_wfi05_f158_cal.asdf,wfi05,eval,10,47,0.004773576,1
gwcs,../roman/.data/build21/r0000101001001001001_0001_wfi05_f158_cal.asdf,wfi05,eval,10,48,0.004902073,1
gwcs,../roman/.data/build21/r0000101001001001001_0001_wfi05_f158_cal.asdf,wfi05,eval,10,49,0.005489496,1
gwcs,../roman/.data/build21/r0000101001001001001_0001_wfi05_f158_cal.asdf,wfi05,eval,10,50,0.005120880,1
gwcs,../roman/.data/build21/r0000101001001001001_0001_wfi05_f158_cal.asdf,wfi05,eval,10,51,0.004983571,1
gwcs,../roman/.data/build21/r0000101001001001001_0001_wfi05_f158_cal.asdf,wfi05,eval,10,52,0.005201175,1
gwcs,../roman/.data/build21/r0000101001001001001_0001_wfi05_f158_cal.asdf,wfi05,eval,10,53,0.005035350,1
gwcs,../roman/.data/build21/r0000101001001001001_0001_wfi05_f158_cal.asdf,wfi05,eval,10,54,0.004977768,1
gwcs,../roman/.data/build21/r0000101001001001001_0001_wfi05_f158_cal.asdf,wfi05,eval,10,55,0.005197040,1
gwcs,../roman/.data/build21/r0000101001001001001_0001_wfi05_f158_cal.asdf,wfi05,eval,10,56,0.004936562,1
gwcs,../roman/.data/build21/r0000101001001001001_0001_wfi05_f158_cal.asdf,wfi05,eval,10,57,0.005126998,1
gwcs,../roman/.data/build21/r0000101001001001001_0001_wfi05_f158_cal.asdf,wfi05,eval,10,58,0.005237360,1
gwcs,../roman/.data/build21/r0000101001001001001_0001_wfi05_f158_cal.asdf,wfi05,eval,10,59,0.005226939,1
gwcs,../roman/.data/build21/r0000101001001001001_0001_wfi05_f158_cal.asdf,wfi05,eval,10,60,0.005905525,1
gwcs,../roman/.data/build21/r0000101001001001001_0001_wfi05_f158_cal.asdf,wfi05,eval,10,61,0.006883362,1
gwcs,../roman/.data/build21/r0000101001001001001_0001_wfi05_f158_cal.asdf,wfi05,eval,10,62,0.005231692,1
gwcs,../roman/.data/build21/r0000101001001001001_0001_wfi05_f158_cal.asdf,wfi05,eval,10,63,0.005240278,1
gwcs,../roman/.data/build21/r0000101001001001001_0001_wfi05_f158_cal.asdf,wfi05,eval,10,64,0.005387654,1
gwcs,../roman/.data/build21/r0000101001001001001_0001_wfi05_f158_cal.asdf,wfi05,eval,10,65,0.005032317,1
gwcs,../roman/.data/build21/r0000101001001001001_0001_wfi05_f158_cal.asdf,wfi05,eval,10,66,0.005268007,1
gwcs,../roman/.data/build21/r0000101001001001001_0001_wfi05_f158_cal.asdf,wfi05,eval,10,67,0.005034642,1
gwcs,../roman/.data/build21/r0000101001001001001_0001_wfi05_f158_cal.asdf,wfi05,eval,10,68,0.005107502,1
gwcs,../roman/.data/build21/r0000101001001001001_0001_wfi05_f158_cal.asdf,wfi05,eval,10,69,0.004978968,1
gwcs,../roman/.data/build21/r0000101001001001001_0001_wfi05_f158_cal.asdf,wfi05,eval,10,70,0.004910052,1
gwcs,../roman/.data/build21/r0000101001001001001_0001_wfi05_f158_cal.asdf,wfi05,eval,10,71,0.005259361,1
gwcs,../roman/.data/build21/r0000101001001001001_0001_wfi05_f158_cal.asdf,wfi05,eval,10,72,0.005043688,1
gwcs,../roman/.data/build21/r0000101001001001001_0001_wfi05_f158_cal.asdf,wfi05,eval,10,73,0.005118521,1
gwcs,../roman/.data/build21/r0000101001001001001_0001_wfi05_f158_cal.asdf,wfi05,eval,10,74,0.005031574,1
gwcs,../roman/.data/build21/r0000101001001001001_0001_wfi05_f158_cal.asdf,wfi05,eval,10,75,0.005068954,1
gwcs,../roman/.data/build21/r0000101001001001001_0001_wfi05_f158_cal.asdf,wfi05,eval,10,76,0.004894122,1
gwcs,../roman/.data/build21/r0000101001001001001_0001_wfi05_f158_cal.asdf,wfi05,eval,10,77,0.005467790,1
gwcs,../roman/.data/build21/r0000101001001001001_0001_wfi05_f158_cal.asdf,wfi05,eval,10,78,0.004879146,1
gwcs,../roman/.data/build21/r0000101001001001001_0001_wfi05_f158_cal.asdf,wfi05,eval,10,79,0.005309639,1
gwcs,../roman/.data/build21/r0000101001001001001_0001_wfi05_f158_cal.asdf,wfi05,eval,10,80,0.005153007,1
gwcs,../roman/.data/build21/r0000101001001001001_0001_wfi05_f158_cal.asdf,wfi05,eval,10,81,0.005435877,1
gwcs,../roman/.data/build21/r0000101001001001001_0001_wfi05_f158_cal.asdf,wfi05,eval,10,82,0.004923667,1
gwcs,../roman/.data/build21/r0000101001001001001_0001_wfi05_f158_cal.asdf,wfi05,eval,10,83,0.005278015,1
gwcs,../roman/.data/build21/r0000101001001001001_0001_wfi05_f158_cal.asdf,wfi05,eval,10,84,0.005565726,1
gwcs,../roman/.data/build21/r0000101001001001001_0001_wfi05_f158_cal.asdf,wfi05,eval,10,85,0.005313969,1
gwcs,../roman/.data/build21/r0000101001001001001_0001_wfi05_f158_cal.asdf,wfi05,eval,10,86,0.004893553,1
gwcs,../roman/.data/build21/r0000101001001001001_0001_wfi05_f158_cal.asdf,wfi05,eval,10,87,0.005376418,1
gwcs,../roman/.data/build21/r0000101001001001001_0001_wfi05_f158_cal.asdf,wfi05,eval,10,88,0.004941823,1
gwcs,../roman/.data/build21/r0000101001001001001_0001_wfi05_f158_cal.asdf,wfi05,eval,10,89,0.005106064,1
gwcs,../roman/.data/build21/r0000101001001001001_0001_wfi05_f158_cal.asdf,wfi05,eval,10,90,0.005247019,1
gwcs,../roman/.data/build21/r0000101001001001001_0001_wfi05_f158_cal.asdf,wfi05,eval,10,91,0.004871472,1
gwcs,../roman/.data/build21/r0000101001001001001_0001_wfi05_f158_cal.asdf,wfi05,eval,10,92,0.004830441,1
gwcs,../roman/.data/build21/r0000101001001001001_0001_wfi05_f158_cal.asdf,wfi05,eval,10,93,0.005234634,1
gwcs,../roman/.data/build21/r0000101001001001001_0001_wfi05_f158_cal.asdf,wfi05,eval,10,94,0.004862118,1
gwcs,../roman/.data/build21/r0000101001001001001_0001_wfi05_f158_cal.asdf,wfi05,eval,10,95,0.004789090,1
gwcs,../roman/.data/build21/r0000101001001001001_0001_wfi05_f158_cal.asdf,wfi05,eval,10,96,0.004818678,1
gwcs,../roman/.data/build21/r0000101001001001001_0001_wfi05_f158_cal.asdf,wfi05,eval,10,97,0.005186841,1
gwcs,../roman/.data/build21/r0000101001001001001_0001_wfi05_f158_cal.asdf,wfi05,eval,10,98,0.004793945,1
gwcs,../roman/.data/build21/r0000101001001001001_0001_wfi05_f158_cal.asdf,wfi05,eval,10,99,0.004811336,1
gwcs,../roman/.data/build21/r0000101001001001001_0001_wfi05_f158_cal.asdf,wfi05,eval,100,0,0.006300818,1
gwcs,../roman/.data/build21/r0000101001001001001_0001_wfi05_f158_cal.asdf,wfi05,eval,100,1,0.005200674,1
gwcs,../roman/.data/build21/r0000101001001001001_0001_wfi05_f158_cal.asdf,wfi05,eval,100,2,0.004844992,1
gwcs,../roman/.data/build21/r0000101001001001001_0001_wfi05_f158_cal.asdf,wfi05,eval,100,3,0.005409662,1
gwcs,../roman/.data/build21/r0000101001001001001_0001_wfi05_f158_cal.asdf,wfi05,eval,100,4,0.005225912,1
gwcs,../roman/.data/build21/r0000101001001001001_0001_wfi05_f158_cal.asdf,wfi05,eval,100,5,0.005052471,1
gwcs,../roman/.data/build21/r0000101001001001001_0001_wfi05_f158_cal.asdf,wfi05,eval,100,6,0.005239530,1
gwcs,../roman/.data/build21/r0000101001001001001_0001_wfi05_f158_cal.asdf,wfi05,eval,100,7,0.004873946,1
gwcs,../roman/.data/build21/r0000101001001001001_0001_wfi05_f158_cal.asdf,wfi05,eval,100,8,0.004848585,1
gwcs,../roman/.data/build21/r0000101001001001001_0001_wfi05_f158_cal.asdf,wfi05,eval,100,9,0.004828598,1
gwcs,../roman/.data/build21/r0000101001001001001_0001_wfi05_f158_cal.asdf,wfi05,eval,100,10,0.005650856,1
gwcs,../roman/.data/build21/r0000101001001001001_0001_wfi05_f158_cal.asdf,wfi05,eval,100,11,0.004955547,1
gwcs,../roman/.data/build21/r0000101001001001001_0001_wfi05_f158_cal.asdf,wfi05,eval,100,12,0.005136507,1
gwcs,../roman/.data/build21/r0000101001001001001_0001_wfi05_f158_cal.asdf,wfi05,eval,100,13,0.005474215,1
gwcs,../roman/.data/build21/r0000101001001001001_0001_wfi05_f158_cal.asdf,wfi05,eval,100,14,0.004877320,1
gwcs,../roman/.data/build21/r0000101001001001001_0001_wfi05_f158_cal.asdf,wfi05,eval,100,15,0.004879879,1
gwcs,../roman/.data/build21/r0000101001001001001_0001_wfi05_f158_cal.asdf,wfi05,eval,100,16,0.005220642,1
gwcs,../roman/.data/build21/r0000101001001001001_0001_wfi05_f158_cal.asdf,wfi05,eval,100,17,0.004971036,1
gwcs,../roman/.data/build21/r0000101001001001001_0001_wfi05_f158_cal.asdf,wfi05,eval,100,18,0.004879017,1
gwcs,../roman/.data/build21/r0000101001001001001_0001_wfi05_f158_cal.asdf,wfi05,eval,100,19,0.004970054,1
gwcs,../roman/.data/build21/r0000101001001001001_0001_wfi05_f158_cal.asdf,wfi05,eval,100,20,0.005223803,1
gwcs,../roman/.data/build21/r0000101001001001001_0001_wfi05_f158_cal.asdf,wfi05,eval,100,21,0.004881660,1
gwcs,../roman/.data/build21/r0000101001001001001_0001_wfi05_f158_cal.asdf,wfi05,eval,100,22,0.004880404,1
gwcs,../roman/.data/build21/r0000101001001001001_0001_wfi05_f158_cal.asdf,wfi05,eval,100,23,0.005591212,1
gwcs,../roman/.data/build21/r0000101001001001001_0001_wfi05_f158_cal.asdf,wfi05,eval,100,24,0.005276716,1
gwcs,../roman/.data/build21/r0000101001001001001_0001_wfi05_f158_cal.asdf,wfi05,eval,100,25,0.005849550,1
gwcs,../roman/.data/build21/r0000101001001001001_0001_wfi05_f158_cal.asdf,wfi05,eval,100,26,0.005327899,1
gwcs,../roman/.data/build21/r0000101001001001001_0001_wfi05_f158_cal.asdf,wfi05,eval,100,27,0.004890434,1
gwcs,../roman/.data/build21/r0000101001001001001_0001_wfi05_f158_cal.asdf,wfi05,eval,100,28,0.004874618,1
gwcs,../roman/.data/build21/r0000101001001001001_0001_wfi05_f158_cal.asdf,wfi05,eval,100,29,0.005352584,1
gwcs,../roman/.data/build21/r0000101001001001001_0001_wfi05_f158_cal.asdf,wfi05,eval,100,30,0.005890582,1
gwcs,../roman/.data/build21/r0000101001001001001_0001_wfi05_f158_cal.asdf,wfi05,eval,100,31,0.007214746,1
gwcs,../roman/.data/build21/r0000101001001001001_0001_wfi05_f158_cal.asdf,wfi05,eval,100,32,0.005287086,1
gwcs,../roman/.data/build21/r0000101001001001001_0001_wfi05_f158_cal.asdf,wfi05,eval,100,33,0.004895040,1
gwcs,../roman/.data/build21/r0000101001001001001_0001_wfi05_f158_cal.asdf,wfi05,eval,100,34,0.005202071,1
gwcs,../roman/.data/build21/r0000101001001001001_0001_wfi05_f158_cal.asdf,wfi05,eval,100,35,0.005321272,1
gwcs,../roman/.data/build21/r0000101001001001001_0001_wfi05_f158_cal.asdf,wfi05,eval,100,36,0.004918423,1
gwcs,../roman/.data/build21/r0000101001001001001_0001_wfi05_f158_cal.asdf,wfi05,eval,100,37,0.004822353,1
gwcs,../roman/.data/build21/r0000101001001001001_0001_wfi05_f158_cal.asdf,wfi05,eval,100,38,0.007209818,1
gwcs,../roman/.data/build21/r0000101001001001001_0001_wfi05_f158_cal.asdf,wfi05,eval,100,39,0.004924216,1
gwcs,../roman/.data/build21/r0000101001001001001_0001_wfi05_f158_cal.asdf,wfi05,eval,100,40,0.004809452,1
gwcs,../roman/.data/build21/r0000101001001001001_0001_wfi05_f158_cal.asdf,wfi05,eval,100,41,0.005020428,1
gwcs,../roman/.data/build21/r0000101001001001001_0001_wfi05_f158_cal.asdf,wfi05,eval,100,42,0.005123519,1
gwcs,../roman/.data/build21/r0000101001001001001_0001_wfi05_f158_cal.asdf,wfi05,eval,100,43,0.004930119,1
gwcs,../roman/.data/build21/r0000101001001001001_0001_wfi05_f158_cal.asdf,wfi05,eval,100,44,0.004891916,1
gwcs,../roman/.data/build21/r0000101001001001001_0001_wfi05_f158_cal.asdf,wfi05,eval,100,45,0.005370986,1
gwcs,../roman/.data/build21/r0000101001001001001_0001_wfi05_f158_cal.asdf,wfi05,eval,100,46,0.004913323,1
gwcs,../roman/.data/build21/r0000101001001001001_0001_wfi05_f158_cal.asdf,wfi05,eval,100,47,0.004826273,1
gwcs,../roman/.data/build21/r0000101001001001001_0001_wfi05_f158_cal.asdf,wfi05,eval,100,48,0.005251571,1
gwcs,../roman/.data/build21/r0000101001001001001_0001_wfi05_f158_cal.asdf,wfi05,eval,100,49,0.004886608,1
gwcs,../roman/.data/build21/r0000101001001001001_0001_wfi05_f158_cal.asdf,wfi05,eval,1000,0,0.005879141,1
gwcs,../roman/.data/build21/r0000101001001001001_0001_wfi05_f158_cal.asdf,wfi05,eval,1000,1,0.006136186,1
gwcs,../roman/.data/build21/r0000101001001001001_0001_wfi05_f158_cal.asdf,wfi05,eval,1000,2,0.006592214,1
gwcs,../roman/.data/build21/r0000101001001001001_0001_wfi05_f158_cal.asdf,wfi05,eval,1000,3,0.005450789,1
gwcs,../roman/.data/build21/r0000101001001001001_0001_wfi05_f158_cal.asdf,wfi05,eval,1000,4,0.012230566,1
gwcs,../roman/.data/build21/r0000101001001001001_0001_wfi05_f158_cal.asdf,wfi05,eval,1000,5,0.005506306,1
gwcs,../roman/.data/build21/r0000101001001001001_0001_wfi05_f158_cal.asdf,wfi05,eval,1000,6,0.005377813,1
gwcs,../roman/.data/build21/r0000101001001001001_0001_wfi05_f158_cal.asdf,wfi05,eval,1000,7,0.005220383,1
gwcs,../roman/.data/build21/r0000101001001001001_0001_wfi05_f158_cal.asdf,wfi05,eval,1000,8,0.005196473,1
gwcs,../roman/.data/build21/r0000101001001001001_0001_wfi05_f158_cal.asdf,wfi05,eval,1000,9,0.005401936,1
gwcs,../roman/.data/build21/r0000101001001001001_0001_wfi05_f158_cal.asdf,wfi05,eval,1000,10,0.005295846,1
gwcs,../roman/.data/build21/r0000101001001001001_0001_wfi05_f158_cal.asdf,wfi05,eval,1000,11,0.005229090,1
gwcs,../roman/.data/build21/r0000101001001001001_0001_wfi05_f158_cal.asdf,wfi05,eval,1000,12,0.005392184,1
gwcs,../roman/.data/build21/r0000101001001001001_0001_wfi05_f158_cal.asdf,wfi05,eval,1000,13,0.005662977,1
gwcs,../roman/.data/build21/r0000101001001001001_0001_wfi05_f158_cal.asdf,wfi05,eval,1000,14,0.005391621,1
gwcs,../roman/.data/build21/r0000101001001001001_0001_wfi05_f158_cal.asdf,wfi05,eval,1000,15,0.005792503,1
gwcs,../roman/.data/build21/r0000101001001001001_0001_wfi05_f158_cal.asdf,wfi05,eval,1000,16,0.005552208,1
gwcs,../roman/.data/build21/r0000101001001001001_0001_wfi05_f158_cal.asdf,wfi05,eval,1000,17,0.005557329,1
gwcs,../roman/.data/build21/r0000101001001001001_0001_wfi05_f158_cal.asdf,wfi05,eval,1000,18,0.005663196,1
gwcs,../roman/.data/build21/r0000101001001001001_0001_wfi05_f158_cal.asdf,wfi05,eval,1000,19,0.005671985,1
gwcs,../roman/.data/build21/r0000101001001001001_0001_wfi05_f158_cal.asdf,wfi05,eval,10000,0,0.009104296,1
gwcs,../roman/.data/build21/r0000101001001001001_0001_wfi05_f158_cal.asdf,wfi05,eval,10000,1,0.009094780,1
gwcs,../roman/.data/build21/r0000101001001001001_0001_wfi05_f158_cal.asdf,wfi05,eval,10000,2,0.008495701,1
gwcs,../roman/.data/build21/r0000101001001001001_0001_wfi05_f158_cal.asdf,wfi05,eval,10000,3,0.009696345,1
gwcs,../roman/.data/build21/r0000101001001001001_0001_wfi05_f158_cal.asdf,wfi05,eval,10000,4,0.008665220,1
gwcs,../roman/.data/build21/r0000101001001001001_0001_wfi05_f158_cal.asdf,wfi05,eval,10000,5,0.008444387,1
gwcs,../roman/.data/build21/r0000101001001001001_0001_wfi05_f158_cal.asdf,wfi05,eval,10000,6,0.009095247,1
gwcs,../roman/.data/build21/r0000101001001001001_0001_wfi05_f158_cal.asdf,wfi05,eval,10000,7,0.008464933,1
gwcs,../roman/.data/build21/r0000101001001001001_0001_wfi05_f158_cal.asdf,wfi05,eval,10000,8,0.008594832,1
gwcs,../roman/.data/build21/r0000101001001001001_0001_wfi05_f158_cal.asdf,wfi05,eval,10000,9,0.009703095,1
gwcs,../roman/.data/build21/r0000101001001001001_0001_wfi05_f158_cal.asdf,wfi05,eval,100000,0,0.041089788,1
gwcs,../roman/.data/build21/r0000101001001001001_0001_wfi05_f158_cal.asdf,wfi05,eval,100000,1,0.039866574,1
gwcs,../roman/.data/build21/r0000101001001001001_0001_wfi05_f158_cal.asdf,wfi05,eval,100000,2,0.038953039,1
gwcs,../roman/.data/build21/r0000101001001001001_0001_wfi05_f158_cal.asdf,wfi05,eval,100000,3,0.038391965,1
gwcs,../roman/.data/build21/r0000101001001001001_0001_wfi05_f158_cal.asdf,wfi05,eval,100000,4,0.038239565,1
gwcs,../roman/.data/build21/r0000101001001001001_0001_wfi05_f158_cal.asdf,wfi05,eval,1000000,0,0.389463174,1
gwcs,../roman/.data/build21/r0000101001001001001_0001_wfi05_f158_cal.asdf,wfi05,eval,1000000,1,0.397169689,1
gwcs,../roman/.data/build21/r0000101001001001001_0001_wfi05_f158_cal.asdf,wfi05,eval,1000000,2,0.390497580,1
gwcs,../roman/.data/build21/r0000101001001001001_0001_wfi05_f158_cal.asdf,wfi05,eval,10000000,0,4.002463268,1
gwcs,../roman/.data/build21/r0000101001001001001_0001_wfi05_f158_cal.asdf,wfi05,eval,10000000,1,3.938447380,1
gwcs,../roman/.data/build21/r0000101001001001001_0001_wfi05_f158_cal.asdf,wfi05,eval,16711744,0,6.601565962,1
gwcs,../roman/.data/build21/r0000101001001001001_0001_wfi05_f158_cal.asdf,wfi05,eval,16711744,1,6.562571712,1
gwcs,../roman/.data/build21/r0000101001001001001_0001_wfi06_f158_cal.asdf,wfi06,parse_cold,0,0,0.826252115,1
gwcs,../roman/.data/build21/r0000101001001001001_0001_wfi06_f158_cal.asdf,wfi06,parse_hot,0,0,0.550154706,1
gwcs,../roman/.data/build21/r0000101001001001001_0001_wfi06_f158_cal.asdf,wfi06,eval,1,0,0.005057876,1
gwcs,../roman/.data/build21/r0000101001001001001_0001_wfi06_f158_cal.asdf,wfi06,eval,1,1,0.004999969,1
gwcs,../roman/.data/build21/r0000101001001001001_0001_wfi06_f158_cal.asdf,wfi06,eval,1,2,0.004744841,1
gwcs,../roman/.data/build21/r0000101001001001001_0001_wfi06_f158_cal.asdf,wfi06,eval,1,3,0.004732170,1
gwcs,../roman/.data/build21/r0000101001001001001_0001_wfi06_f158_cal.asdf,wfi06,eval,1,4,0.004739529,1
gwcs,../roman/.data/build21/r0000101001001001001_0001_wfi06_f158_cal.asdf,wfi06,eval,1,5,0.004781733,1
gwcs,../roman/.data/build21/r0000101001001001001_0001_wfi06_f158_cal.asdf,wfi06,eval,1,6,0.004736898,1
gwcs,../roman/.data/build21/r0000101001001001001_0001_wfi06_f158_cal.asdf,wfi06,eval,1,7,0.004640379,1
gwcs,../roman/.data/build21/r0000101001001001001_0001_wfi06_f158_cal.asdf,wfi06,eval,1,8,0.004751319,1
gwcs,../roman/.data/build21/r0000101001001001001_0001_wfi06_f158_cal.asdf,wfi06,eval,1,9,0.004666117,1
gwcs,../roman/.data/build21/r0000101001001001001_0001_wfi06_f158_cal.asdf,wfi06,eval,1,10,0.004701707,1
gwcs,../roman/.data/build21/r0000101001001001001_0001_wfi06_f158_cal.asdf,wfi06,eval,1,11,0.004797058,1
gwcs,../roman/.data/build21/r0000101001001001001_0001_wfi06_f158_cal.asdf,wfi06,eval,1,12,0.004729706,1
gwcs,../roman/.data/build21/r0000101001001001001_0001_wfi06_f158_cal.asdf,wfi06,eval,1,13,0.004652437,1
gwcs,../roman/.data/build21/r0000101001001001001_0001_wfi06_f158_cal.asdf,wfi06,eval,1,14,0.004641600,1
gwcs,../roman/.data/build21/r0000101001001001001_0001_wfi06_f158_cal.asdf,wfi06,eval,1,15,0.005614818,1
gwcs,../roman/.data/build21/r0000101001001001001_0001_wfi06_f158_cal.asdf,wfi06,eval,1,16,0.005389350,1
gwcs,../roman/.data/build21/r0000101001001001001_0001_wfi06_f158_cal.asdf,wfi06,eval,1,17,0.006443628,1
gwcs,../roman/.data/build21/r0000101001001001001_0001_wfi06_f158_cal.asdf,wfi06,eval,1,18,0.005074475,1
gwcs,../roman/.data/build21/r0000101001001001001_0001_wfi06_f158_cal.asdf,wfi06,eval,1,19,0.004891993,1
gwcs,../roman/.data/build21/r0000101001001001001_0001_wfi06_f158_cal.asdf,wfi06,eval,1,20,0.004858477,1
gwcs,../roman/.data/build21/r0000101001001001001_0001_wfi06_f158_cal.asdf,wfi06,eval,1,21,0.005098355,1
gwcs,../roman/.data/build21/r0000101001001001001_0001_wfi06_f158_cal.asdf,wfi06,eval,1,22,0.004861482,1
gwcs,../roman/.data/build21/r0000101001001001001_0001_wfi06_f158_cal.asdf,wfi06,eval,1,23,0.005148579,1
gwcs,../roman/.data/build21/r0000101001001001001_0001_wfi06_f158_cal.asdf,wfi06,eval,1,24,0.004740176,1
gwcs,../roman/.data/build21/r0000101001001001001_0001_wfi06_f158_cal.asdf,wfi06,eval,1,25,0.004984844,1
gwcs,../roman/.data/build21/r0000101001001001001_0001_wfi06_f158_cal.asdf,wfi06,eval,1,26,0.004944488,1
gwcs,../roman/.data/build21/r0000101001001001001_0001_wfi06_f158_cal.asdf,wfi06,eval,1,27,0.004656241,1
gwcs,../roman/.data/build21/r0000101001001001001_0001_wfi06_f158_cal.asdf,wfi06,eval,1,28,0.005002135,1
gwcs,../roman/.data/build21/r0000101001001001001_0001_wfi06_f158_cal.asdf,wfi06,eval,1,29,0.004907179,1
gwcs,../roman/.data/build21/r0000101001001001001_0001_wfi06_f158_cal.asdf,wfi06,eval,1,30,0.004985966,1
gwcs,../roman/.data/build21/r0000101001001001001_0001_wfi06_f158_cal.asdf,wfi06,eval,1,31,0.005020656,1
gwcs,../roman/.data/build21/r0000101001001001001_0001_wfi06_f158_cal.asdf,wfi06,eval,1,32,0.004917902,1
gwcs,../roman/.data/build21/r0000101001001001001_0001_wfi06_f158_cal.asdf,wfi06,eval,1,33,0.005105230,1
gwcs,../roman/.data/build21/r0000101001001001001_0001_wfi06_f158_cal.asdf,wfi06,eval,1,34,0.004831772,1
gwcs,../roman/.data/build21/r0000101001001001001_0001_wfi06_f158_cal.asdf,wfi06,eval,1,35,0.005352000,1
gwcs,../roman/.data/build21/r0000101001001001001_0001_wfi06_f158_cal.asdf,wfi06,eval,1,36,0.005841553,1
gwcs,../roman/.data/build21/r0000101001001001001_0001_wfi06_f158_cal.asdf,wfi06,eval,1,37,0.004909677,1
gwcs,../roman/.data/build21/r0000101001001001001_0001_wfi06_f158_cal.asdf,wfi06,eval,1,38,0.005039688,1
gwcs,../roman/.data/build21/r0000101001001001001_0001_wfi06_f158_cal.asdf,wfi06,eval,1,39,0.005095693,1
gwcs,../roman/.data/build21/r0000101001001001001_0001_wfi06_f158_cal.asdf,wfi06,eval,1,40,0.005233363,1
gwcs,../roman/.data/build21/r0000101001001001001_0001_wfi06_f158_cal.asdf,wfi06,eval,1,41,0.005219810,1
gwcs,../roman/.data/build21/r0000101001001001001_0001_wfi06_f158_cal.asdf,wfi06,eval,1,42,0.005546163,1
gwcs,../roman/.data/build21/r0000101001001001001_0001_wfi06_f158_cal.asdf,wfi06,eval,1,43,0.005111940,1
gwcs,../roman/.data/build21/r0000101001001001001_0001_wfi06_f158_cal.asdf,wfi06,eval,1,44,0.005503971,1
gwcs,../roman/.data/build21/r0000101001001001001_0001_wfi06_f158_cal.asdf,wfi06,eval,1,45,0.005006885,1
gwcs,../roman/.data/build21/r0000101001001001001_0001_wfi06_f158_cal.asdf,wfi06,eval,1,46,0.004891419,1
gwcs,../roman/.data/build21/r0000101001001001001_0001_wfi06_f158_cal.asdf,wfi06,eval,1,47,0.004988453,1
gwcs,../roman/.data/build21/r0000101001001001001_0001_wfi06_f158_cal.asdf,wfi06,eval,1,48,0.005187946,1
gwcs,../roman/.data/build21/r0000101001001001001_0001_wfi06_f158_cal.asdf,wfi06,eval,1,49,0.004827237,1
gwcs,../roman/.data/build21/r0000101001001001001_0001_wfi06_f158_cal.asdf,wfi06,eval,1,50,0.005209416,1
gwcs,../roman/.data/build21/r0000101001001001001_0001_wfi06_f158_cal.asdf,wfi06,eval,1,51,0.005257894,1
gwcs,../roman/.data/build21/r0000101001001001001_0001_wfi06_f158_cal.asdf,wfi06,eval,1,52,0.004879680,1
gwcs,../roman/.data/build21/r0000101001001001001_0001_wfi06_f158_cal.asdf,wfi06,eval,1,53,0.004866086,1
gwcs,../roman/.data/build21/r0000101001001001001_0001_wfi06_f158_cal.asdf,wfi06,eval,1,54,0.004942531,1
gwcs,../roman/.data/build21/r0000101001001001001_0001_wfi06_f158_cal.asdf,wfi06,eval,1,55,0.005004999,1
gwcs,../roman/.data/build21/r0000101001001001001_0001_wfi06_f158_cal.asdf,wfi06,eval,1,56,0.004879797,1
gwcs,../roman/.data/build21/r0000101001001001001_0001_wfi06_f158_cal.asdf,wfi06,eval,1,57,0.004926277,1
gwcs,../roman/.data/build21/r0000101001001001001_0001_wfi06_f158_cal.asdf,wfi06,eval,1,58,0.005073210,1
gwcs,../roman/.data/build21/r0000101001001001001_0001_wfi06_f158_cal.asdf,wfi06,eval,1,59,0.004920014,1
gwcs,../roman/.data/build21/r0000101001001001001_0001_wfi06_f158_cal.asdf,wfi06,eval,1,60,0.004904166,1
gwcs,../roman/.data/build21/r0000101001001001001_0001_wfi06_f158_cal.asdf,wfi06,eval,1,61,0.005268457,1
gwcs,../roman/.data/build21/r0000101001001001001_0001_wfi06_f158_cal.asdf,wfi06,eval,1,62,0.004952000,1
gwcs,../roman/.data/build21/r0000101001001001001_0001_wfi06_f158_cal.asdf,wfi06,eval,1,63,0.005276070,1
gwcs,../roman/.data/build21/r0000101001001001001_0001_wfi06_f158_cal.asdf,wfi06,eval,1,64,0.005077475,1
gwcs,../roman/.data/build21/r0000101001001001001_0001_wfi06_f158_cal.asdf,wfi06,eval,1,65,0.005110554,1
gwcs,../roman/.data/build21/r0000101001001001001_0001_wfi06_f158_cal.asdf,wfi06,eval,1,66,0.006648635,1
gwcs,../roman/.data/build21/r0000101001001001001_0001_wfi06_f158_cal.asdf,wfi06,eval,1,67,0.006154465,1
gwcs,../roman/.data/build21/r0000101001001001001_0001_wfi06_f158_cal.asdf,wfi06,eval,1,68,0.004763409,1
gwcs,../roman/.data/build21/r0000101001001001001_0001_wfi06_f158_cal.asdf,wfi06,eval,1,69,0.004795731,1
gwcs,../roman/.data/build21/r0000101001001001001_0001_wfi06_f158_cal.asdf,wfi06,eval,1,70,0.004785800,1
gwcs,../roman/.data/build21/r0000101001001001001_0001_wfi06_f158_cal.asdf,wfi06,eval,1,71,0.004765946,1
gwcs,../roman/.data/build21/r0000101001001001001_0001_wfi06_f158_cal.asdf,wfi06,eval,1,72,0.004675656,1
gwcs,../roman/.data/build21/r0000101001001001001_0001_wfi06_f158_cal.asdf,wfi06,eval,1,73,0.004901634,1
gwcs,../roman/.data/build21/r0000101001001001001_0001_wfi06_f158_cal.asdf,wfi06,eval,1,74,0.004927269,1
gwcs,../roman/.data/build21/r0000101001001001001_0001_wfi06_f158_cal.asdf,wfi06,eval,1,75,0.004748880,1
gwcs,../roman/.data/build21/r0000101001001001001_0001_wfi06_f158_cal.asdf,wfi06,eval,1,76,0.005335161,1
gwcs,../roman/.data/build21/r0000101001001001001_0001_wfi06_f158_cal.asdf,wfi06,eval,1,77,0.005284356,1
gwcs,../roman/.data/build21/r0000101001001001001_0001_wfi06_f158_cal.asdf,wfi06,eval,1,78,0.005051224,1
gwcs,../roman/.data/build21/r0000101001001001001_0001_wfi06_f158_cal.asdf,wfi06,eval,1,79,0.004907716,1
gwcs,../roman/.data/build21/r0000101001001001001_0001_wfi06_f158_cal.asdf,wfi06,eval,1,80,0.005165339,1
gwcs,../roman/.data/build21/r0000101001001001001_0001_wfi06_f158_cal.asdf,wfi06,eval,1,81,0.005467689,1
gwcs,../roman/.data/build21/r0000101001001001001_0001_wfi06_f158_cal.asdf,wfi06,eval,1,82,0.005391532,1
gwcs,../roman/.data/build21/r0000101001001001001_0001_wfi06_f158_cal.asdf,wfi06,eval,1,83,0.005029521,1
gwcs,../roman/.data/build21/r0000101001001001001_0001_wfi06_f158_cal.asdf,wfi06,eval,1,84,0.005041937,1
gwcs,../roman/.data/build21/r0000101001001001001_0001_wfi06_f158_cal.asdf,wfi06,eval,1,85,0.004864795,1
gwcs,../roman/.data/build21/r0000101001001001001_0001_wfi06_f158_cal.asdf,wfi06,eval,1,86,0.005381898,1
gwcs,../roman/.data/build21/r0000101001001001001_0001_wfi06_f158_cal.asdf,wfi06,eval,1,87,0.005228674,1
gwcs,../roman/.data/build21/r0000101001001001001_0001_wfi06_f158_cal.asdf,wfi06,eval,1,88,0.004812899,1
gwcs,../roman/.data/build21/r0000101001001001001_0001_wfi06_f158_cal.asdf,wfi06,eval,1,89,0.005059299,1
gwcs,../roman/.data/build21/r0000101001001001001_0001_wfi06_f158_cal.asdf,wfi06,eval,1,90,0.005172026,1
gwcs,../roman/.data/build21/r0000101001001001001_0001_wfi06_f158_cal.asdf,wfi06,eval,1,91,0.004822786,1
gwcs,../roman/.data/build21/r0000101001001001001_0001_wfi06_f158_cal.asdf,wfi06,eval,1,92,0.004938448,1
gwcs,../roman/.data/build21/r0000101001001001001_0001_wfi06_f158_cal.asdf,wfi06,eval,1,93,0.004812990,1
gwcs,../roman/.data/build21/r0000101001001001001_0001_wfi06_f158_cal.asdf,wfi06,eval,1,94,0.005146028,1
gwcs,../roman/.data/build21/r0000101001001001001_0001_wfi06_f158_cal.asdf,wfi06,eval,1,95,0.005089200,1
gwcs,../roman/.data/build21/r0000101001001001001_0001_wfi06_f158_cal.asdf,wfi06,eval,1,96,0.005754344,1
gwcs,../roman/.data/build21/r0000101001001001001_0001_wfi06_f158_cal.asdf,wfi06,eval,1,97,0.005125429,1
gwcs,../roman/.data/build21/r0000101001001001001_0001_wfi06_f158_cal.asdf,wfi06,eval,1,98,0.006416867,1
gwcs,../roman/.data/build21/r0000101001001001001_0001_wfi06_f158_cal.asdf,wfi06,eval,1,99,0.004833373,1
gwcs,../roman/.data/build21/r0000101001001001001_0001_wfi06_f158_cal.asdf,wfi06,eval,10,0,0.005956605,1
gwcs,../roman/.data/build21/r0000101001001001001_0001_wfi06_f158_cal.asdf,wfi06,eval,10,1,0.008499524,1
gwcs,../roman/.data/build21/r0000101001001001001_0001_wfi06_f158_cal.asdf,wfi06,eval,10,2,0.009313181,1
gwcs,../roman/.data/build21/r0000101001001001001_0001_wfi06_f158_cal.asdf,wfi06,eval,10,3,0.008629788,1
gwcs,../roman/.data/build21/r0000101001001001001_0001_wfi06_f158_cal.asdf,wfi06,eval,10,4,0.008262198,1
gwcs,../roman/.data/build21/r0000101001001001001_0001_wfi06_f158_cal.asdf,wfi06,eval,10,5,0.008543537,1
gwcs,../roman/.data/build21/r0000101001001001001_0001_wfi06_f158_cal.asdf,wfi06,eval,10,6,0.010941935,1
gwcs,../roman/.data/build21/r0000101001001001001_0001_wfi06_f158_cal.asdf,wfi06,eval,10,7,0.007133412,1
gwcs,../roman/.data/build21/r0000101001001001001_0001_wfi06_f158_cal.asdf,wfi06,eval,10,8,0.010118209,1
gwcs,../roman/.data/build21/r0000101001001001001_0001_wfi06_f158_cal.asdf,wfi06,eval,10,9,0.005904638,1
gwcs,../roman/.data/build21/r0000101001001001001_0001_wfi06_f158_cal.asdf,wfi06,eval,10,10,0.010288655,1
gwcs,../roman/.data/build21/r0000101001001001001_0001_wfi06_f158_cal.asdf,wfi06,eval,10,11,0.010503680,1
gwcs,../roman/.data/build21/r0000101001001001001_0001_wfi06_f158_cal.asdf,wfi06,eval,10,12,0.010411390,1
gwcs,../roman/.data/build21/r0000101001001001001_0001_wfi06_f158_cal.asdf,wfi06,eval,10,13,0.010487506,1
gwcs,../roman/.data/build21/r0000101001001001001_0001_wfi06_f158_cal.asdf,wfi06,eval,10,14,0.010495197,1
gwcs,../roman/.data/build21/r0000101001001001001_0001_wfi06_f158_cal.asdf,wfi06,eval,10,15,0.010401942,1
gwcs,../roman/.data/build21/r0000101001001001001_0001_wfi06_f158_cal.asdf,wfi06,eval,10,16,0.010512105,1
gwcs,../roman/.data/build21/r0000101001001001001_0001_wfi06_f158_cal.asdf,wfi06,eval,10,17,0.010472913,1
gwcs,../roman/.data/build21/r0000101001001001001_0001_wfi06_f158_cal.asdf,wfi06,eval,10,18,0.010382341,1
gwcs,../roman/.data/build21/r0000101001001001001_0001_wfi06_f158_cal.asdf,wfi06,eval,10,19,0.010439797,1
gwcs,../roman/.data/build21/r0000101001001001001_0001_wfi06_f158_cal.asdf,wfi06,eval,10,20,0.010497089,1
gwcs,../roman/.data/build21/r0000101001001001001_0001_wfi06_f158_cal.asdf,wfi06,eval,10,21,0.010444070,1
gwcs,../roman/.data/build21/r0000101001001001001_0001_wfi06_f158_cal.asdf,wfi06,eval,10,22,0.010087422,1
gwcs,../roman/.data/build21/r0000101001001001001_0001_wfi06_f158_cal.asdf,wfi06,eval,10,23,0.010005606,1
gwcs,../roman/.data/build21/r0000101001001001001_0001_wfi06_f158_cal.asdf,wfi06,eval,10,24,0.012143467,1
gwcs,../roman/.data/build21/r0000101001001001001_0001_wfi06_f158_cal.asdf,wfi06,eval,10,25,0.009712419,1
gwcs,../roman/.data/build21/r0000101001001001001_0001_wfi06_f158_cal.asdf,wfi06,eval,10,26,0.009496746,1
gwcs,../roman/.data/build21/r0000101001001001001_0001_wfi06_f158_cal.asdf,wfi06,eval,10,27,0.009754558,1
gwcs,../roman/.data/build21/r0000101001001001001_0001_wfi06_f158_cal.asdf,wfi06,eval,10,28,0.009698763,1
gwcs,../roman/.data/build21/r0000101001001001001_0001_wfi06_f158_cal.asdf,wfi06,eval,10,29,0.009771432,1
gwcs,../roman/.data/build21/r0000101001001001001_0001_wfi06_f158_cal.asdf,wfi06,eval,10,30,0.009595646,1
gwcs,../roman/.data/build21/r0000101001001001001_0001_wfi06_f158_cal.asdf,wfi06,eval,10,31,0.009641895,1
gwcs,../roman/.data/build21/r0000101001001001001_0001_wfi06_f158_cal.asdf,wfi06,eval,10,32,0.009652916,1
gwcs,../roman/.data/build21/r0000101001001001001_0001_wfi06_f158_cal.asdf,wfi06,eval,10,33,0.009712269,1
gwcs,../roman/.data/build21/r0000101001001001001_0001_wfi06_f158_cal.asdf,wfi06,eval,10,34,0.009784577,1
gwcs,../roman/.data/build21/r0000101001001001001_0001_wfi06_f158_cal.asdf,wfi06,eval,10,35,0.009674736,1
gwcs,../roman/.data/build21/r0000101001001001001_0001_wfi06_f158_cal.asdf,wfi06,eval,10,36,0.009748461,1
gwcs,../roman/.data/build21/r0000101001001001001_0001_wfi06_f158_cal.asdf,wfi06,eval,10,37,0.009712717,1
gwcs,../roman/.data/build21/r0000101001001001001_0001_wfi06_f158_cal.asdf,wfi06,eval,10,38,0.009632864,1
gwcs,../roman/.data/build21/r0000101001001001001_0001_wfi06_f158_cal.asdf,wfi06,eval,10,39,0.009804914,1
gwcs,../roman/.data/build21/r0000101001001001001_0001_wfi06_f158_cal.asdf,wfi06,eval,10,40,0.009741798,1
gwcs,../roman/.data/build21/r0000101001001001001_0001_wfi06_f158_cal.asdf,wfi06,eval,10,41,0.009708010,1
gwcs,../roman/.data/build21/r0000101001001001001_0001_wfi06_f158_cal.asdf,wfi06,eval,10,42,0.009773339,1
gwcs,../roman/.data/build21/r0000101001001001001_0001_wfi06_f158_cal.asdf,wfi06,eval,10,43,0.009725537,1
gwcs,../roman/.data/build21/r0000101001001001001_0001_wfi06_f158_cal.asdf,wfi06,eval,10,44,0.009987908,1
gwcs,../roman/.data/build21/r0000101001001001001_0001_wfi06_f158_cal.asdf,wfi06,eval,10,45,0.007117554,1
gwcs,../roman/.data/build21/r0000101001001001001_0001_wfi06_f158_cal.asdf,wfi06,eval,10,46,0.005091225,1
gwcs,../roman/.data/build21/r0000101001001001001_0001_wfi06_f158_cal.asdf,wfi06,eval,10,47,0.005239282,1
gwcs,../roman/.data/build21/r0000101001001001001_0001_wfi06_f158_cal.asdf,wfi06,eval,10,48,0.005157218,1
gwcs,../roman/.data/build21/r0000101001001001001_0001_wfi06_f158_cal.asdf,wfi06,eval,10,49,0.005130935,1
gwcs,../roman/.data/build21/r0000101001001001001_0001_wfi06_f158_cal.asdf,wfi06,eval,10,50,0.005047704,1
gwcs,../roman/.data/build21/r0000101001001001001_0001_wfi06_f158_cal.asdf,wfi06,eval,10,51,0.005122438,1
gwcs,../roman/.data/build21/r0000101001001001001_0001_wfi06_f158_cal.asdf,wfi06,eval,10,52,0.004948897,1
gwcs,../roman/.data/build21/r0000101001001001001_0001_wfi06_f158_cal.asdf,wfi06,eval,10,53,0.005290141,1
gwcs,../roman/.data/build21/r0000101001001001001_0001_wfi06_f158_cal.asdf,wfi06,eval,10,54,0.005151433,1
gwcs,../roman/.data/build21/r0000101001001001001_0001_wfi06_f158_cal.asdf,wfi06,eval,10,55,0.004938904,1
gwcs,../roman/.data/build21/r0000101001001001001_0001_wfi06_f158_cal.asdf,wfi06,eval,10,56,0.005213276,1
gwcs,../roman/.data/build21/r0000101001001001001_0001_wfi06_f158_cal.asdf,wfi06,eval,10,57,0.005041550,1
gwcs,../roman/.data/build21/r0000101001001001001_0001_wfi06_f158_cal.asdf,wfi06,eval,10,58,0.005030730,1
gwcs,../roman/.data/build21/r0000101001001001001_0001_wfi06_f158_cal.asdf,wfi06,eval,10,59,0.005499321,1
gwcs,../roman/.data/build21/r0000101001001001001_0001_wfi06_f158_cal.asdf,wfi06,eval,10,60,0.005131249,1
gwcs,../roman/.data/build21/r0000101001001001001_0001_wfi06_f158_cal.asdf,wfi06,eval,10,61,0.005235550,1
gwcs,../roman/.data/build21/r0000101001001001001_0001_wfi06_f158_cal.asdf,wfi06,eval,10,62,0.005086862,1
gwcs,../roman/.data/build21/r0000101001001001001_0001_wfi06_f158_cal.asdf,wfi06,eval,10,63,0.005152626,1
gwcs,../roman/.data/build21/r0000101001001001001_0001_wfi06_f158_cal.asdf,wfi06,eval,10,64,0.004935400,1
gwcs,../roman/.data/build21/r0000101001001001001_0001_wfi06_f158_cal.asdf,wfi06,eval,10,65,0.005032925,1
gwcs,../roman/.data/build21/r0000101001001001001_0001_wfi06_f158_cal.asdf,wfi06,eval,10,66,0.005135645,1
gwcs,../roman/.data/build21/r0000101001001001001_0001_wfi06_f158_cal.asdf,wfi06,eval,10,67,0.005103518,1
gwcs,../roman/.data/build21/r0000101001001001001_0001_wfi06_f158_cal.asdf,wfi06,eval,10,68,0.004928228,1
gwcs,../roman/.data/build21/r0000101001001001001_0001_wfi06_f158_cal.asdf,wfi06,eval,10,69,0.005146328,1
gwcs,../roman/.data/build21/r0000101001001001001_0001_wfi06_f158_cal.asdf,wfi06,eval,10,70,0.005721263,1
gwcs,../roman/.data/build21/r0000101001001001001_0001_wfi06_f158_cal.asdf,wfi06,eval,10,71,0.006240236,1
gwcs,../roman/.data/build21/r0000101001001001001_0001_wfi06_f158_cal.asdf,wfi06,eval,10,72,0.005268453,1
gwcs,../roman/.data/build21/r0000101001001001001_0001_wfi06_f158_cal.asdf,wfi06,eval,10,73,0.005223082,1
gwcs,../roman/.data/build21/r0000101001001001001_0001_wfi06_f158_cal.asdf,wfi06,eval,10,74,0.005112651,1
gwcs,../roman/.data/build21/r0000101001001001001_0001_wfi06_f158_cal.asdf,wfi06,eval,10,75,0.005153302,1
gwcs,../roman/.data/build21/r0000101001001001001_0001_wfi06_f158_cal.asdf,wfi06,eval,10,76,0.005179547,1
gwcs,../roman/.data/build21/r0000101001001001001_0001_wfi06_f158_cal.asdf,wfi06,eval,10,77,0.004911284,1
gwcs,../roman/.data/build21/r0000101001001001001_0001_wfi06_f158_cal.asdf,wfi06,eval,10,78,0.005273063,1
gwcs,../roman/.data/build21/r0000101001001001001_0001_wfi06_f158_cal.asdf,wfi06,eval,10,79,0.005179193,1
gwcs,../roman/.data/build21/r0000101001001001001_0001_wfi06_f158_cal.asdf,wfi06,eval,10,80,0.005044932,1
gwcs,../roman/.data/build21/r0000101001001001001_0001_wfi06_f158_cal.asdf,wfi06,eval,10,81,0.005035717,1
gwcs,../roman/.data/build21/r0000101001001001001_0001_wfi06_f158_cal.asdf,wfi06,eval,10,82,0.005227992,1
gwcs,../roman/.data/build21/r0000101001001001001_0001_wfi06_f158_cal.asdf,wfi06,eval,10,83,0.004939645,1
gwcs,../roman/.data/build21/r0000101001001001001_0001_wfi06_f158_cal.asdf,wfi06,eval,10,84,0.004973302,1
gwcs,../roman/.data/build21/r0000101001001001001_0001_wfi06_f158_cal.asdf,wfi06,eval,10,85,0.005244842,1
gwcs,../roman/.data/build21/r0000101001001001001_0001_wfi06_f158_cal.asdf,wfi06,eval,10,86,0.004984330,1
gwcs,../roman/.data/build21/r0000101001001001001_0001_wfi06_f158_cal.asdf,wfi06,eval,10,87,0.004996298,1
gwcs,../roman/.data/build21/r0000101001001001001_0001_wfi06_f158_cal.asdf,wfi06,eval,10,88,0.005096960,1
gwcs,../roman/.data/build21/r0000101001001001001_0001_wfi06_f158_cal.asdf,wfi06,eval,10,89,0.005292868,1
gwcs,../roman/.data/build21/r0000101001001001001_0001_wfi06_f158_cal.asdf,wfi06,eval,10,90,0.005470450,1
gwcs,../roman/.data/build21/r0000101001001001001_0001_wfi06_f158_cal.asdf,wfi06,eval,10,91,0.005120514,1
gwcs,../roman/.data/build21/r0000101001001001001_0001_wfi06_f158_cal.asdf,wfi06,eval,10,92,0.004967800,1
gwcs,../roman/.data/build21/r0000101001001001001_0001_wfi06_f158_cal.asdf,wfi06,eval,10,93,0.005090835,1
gwcs,../roman/.data/build21/r0000101001001001001_0001_wfi06_f158_cal.asdf,wfi06,eval,10,94,0.005117924,1
gwcs,../roman/.data/build21/r0000101001001001001_0001_wfi06_f158_cal.asdf,wfi06,eval,10,95,0.005376520,1
gwcs,../roman/.data/build21/r0000101001001001001_0001_wfi06_f158_cal.asdf,wfi06,eval,10,96,0.005094765,1
gwcs,../roman/.data/build21/r0000101001001001001_0001_wfi06_f158_cal.asdf,wfi06,eval,10,97,0.004987388,1
gwcs,../roman/.data/build21/r0000101001001001001_0001_wfi06_f158_cal.asdf,wfi06,eval,10,98,0.005120582,1
gwcs,../roman/.data/build21/r0000101001001001001_0001_wfi06_f158_cal.asdf,wfi06,eval,10,99,0.005062375,1
gwcs,../roman/.data/build21/r0000101001001001001_0001_wfi06_f158_cal.asdf,wfi06,eval,100,0,0.005336316,1
gwcs,../roman/.data/build21/r0000101001001001001_0001_wfi06_f158_cal.asdf,wfi06,eval,100,1,0.005538085,1
gwcs,../roman/.data/build21/r0000101001001001001_0001_wfi06_f158_cal.asdf,wfi06,eval,100,2,0.005098984,1
gwcs,../roman/.data/build21/r0000101001001001001_0001_wfi06_f158_cal.asdf,wfi06,eval,100,3,0.005006792,1
gwcs,../roman/.data/build21/r0000101001001001001_0001_wfi06_f158_cal.asdf,wfi06,eval,100,4,0.005262259,1
gwcs,../roman/.data/build21/r0000101001001001001_0001_wfi06_f158_cal.asdf,wfi06,eval,100,5,0.005473121,1
gwcs,../roman/.data/build21/r0000101001001001001_0001_wfi06_f158_cal.asdf,wfi06,eval,100,6,0.005085383,1
gwcs,../roman/.data/build21/r0000101001001001001_0001_wfi06_f158_cal.asdf,wfi06,eval,100,7,0.005392183,1
gwcs,../roman/.data/build21/r0000101001001001001_0001_wfi06_f158_cal.asdf,wfi06,eval,100,8,0.005041136,1
gwcs,../roman/.data/build21/r0000101001001001001_0001_wfi06_f158_cal.asdf,wfi06,eval,100,9,0.005068020,1
gwcs,../roman/.data/build21/r0000101001001001001_0001_wfi06_f158_cal.asdf,wfi06,eval,100,10,0.005112004,1
gwcs,../roman/.data/build21/r0000101001001001001_0001_wfi06_f158_cal.asdf,wfi06,eval,100,11,0.005171034,1
gwcs,../roman/.data/build21/r0000101001001001001_0001_wfi06_f158_cal.asdf,wfi06,eval,100,12,0.005025345,1
gwcs,../roman/.data/build21/r0000101001001001001_0001_wfi06_f158_cal.asdf,wfi06,eval,100,13,0.005253391,1
gwcs,../roman/.data/build21/r0000101001001001001_0001_wfi06_f158_cal.asdf,wfi06,eval,100,14,0.005199526,1
gwcs,../roman/.data/build21/r0000101001001001001_0001_wfi06_f158_cal.asdf,wfi06,eval,100,15,0.005203228,1
gwcs,../roman/.data/build21/r0000101001001001001_0001_wfi06_f158_cal.asdf,wfi06,eval,100,16,0.005084641,1
gwcs,../roman/.data/build21/r0000101001001001001_0001_wfi06_f158_cal.asdf,wfi06,eval,100,17,0.005161521,1
gwcs,../roman/.data/build21/r0000101001001001001_0001_wfi06_f158_cal.asdf,wfi06,eval,100,18,0.005154380,1
gwcs,../roman/.data/build21/r0000101001001001001_0001_wfi06_f158_cal.asdf,wfi06,eval,100,19,0.005157054,1
gwcs,../roman/.data/build21/r0000101001001001001_0001_wfi06_f158_cal.asdf,wfi06,eval,100,20,0.005068709,1
gwcs,../roman/.data/build21/r0000101001001001001_0001_wfi06_f158_cal.asdf,wfi06,eval,100,21,0.005075111,1
gwcs,../roman/.data/build21/r0000101001001001001_0001_wfi06_f158_cal.asdf,wfi06,eval,100,22,0.005103639,1
gwcs,../roman/.data/build21/r0000101001001001001_0001_wfi06_f158_cal.asdf,wfi06,eval,100,23,0.005017404,1
gwcs,../roman/.data/build21/r0000101001001001001_0001_wfi06_f158_cal.asdf,wfi06,eval,100,24,0.005345575,1
gwcs,../roman/.data/build21/r0000101001001001001_0001_wfi06_f158_cal.asdf,wfi06,eval,100,25,0.005164439,1
gwcs,../roman/.data/build21/r0000101001001001001_0001_wfi06_f158_cal.asdf,wfi06,eval,100,26,0.004991737,1
gwcs,../roman/.data/build21/r0000101001001001001_0001_wfi06_f158_cal.asdf,wfi06,eval,100,27,0.005264740,1
gwcs,../roman/.data/build21/r0000101001001001001_0001_wfi06_f158_cal.asdf,wfi06,eval,100,28,0.005088068,1
gwcs,../roman/.data/build21/r0000101001001001001_0001_wfi06_f158_cal.asdf,wfi06,eval,100,29,0.005029805,1
gwcs,../roman/.data/build21/r0000101001001001001_0001_wfi06_f158_cal.asdf,wfi06,eval,100,30,0.005141606,1
gwcs,../roman/.data/build21/r0000101001001001001_0001_wfi06_f158_cal.asdf,wfi06,eval,100,31,0.005088277,1
gwcs,../roman/.data/build21/r0000101001001001001_0001_wfi06_f158_cal.asdf,wfi06,eval,100,32,0.004969264,1
gwcs,../roman/.data/build21/r0000101001001001001_0001_wfi06_f158_cal.asdf,wfi06,eval,100,33,0.005133982,1
gwcs,../roman/.data/build21/r0000101001001001001_0001_wfi06_f158_cal.asdf,wfi06,eval,100,34,0.005300535,1
gwcs,../roman/.data/build21/r0000101001001001001_0001_wfi06_f158_cal.asdf,wfi06,eval,100,35,0.006810883,1
gwcs,../roman/.data/build21/r0000101001001001001_0001_wfi06_f158_cal.asdf,wfi06,eval,100,36,0.006882709,1
gwcs,../roman/.data/build21/r0000101001001001001_0001_wfi06_f158_cal.asdf,wfi06,eval,100,37,0.004909425,1
gwcs,../roman/.data/build21/r0000101001001001001_0001_wfi06_f158_cal.asdf,wfi06,eval,100,38,0.004857264,1
gwcs,../roman/.data/build21/r0000101001001001001_0001_wfi06_f158_cal.asdf,wfi06,eval,100,39,0.005017794,1
gwcs,../roman/.data/build21/r0000101001001001001_0001_wfi06_f158_cal.asdf,wfi06,eval,100,40,0.005183313,1
gwcs,../roman/.data/build21/r0000101001001001001_0001_wfi06_f158_cal.asdf,wfi06,eval,100,41,0.004992005,1
gwcs,../roman/.data/build21/r0000101001001001001_0001_wfi06_f158_cal.asdf,wfi06,eval,100,42,0.005068948,1
gwcs,../roman/.data/build21/r0000101001001001001_0001_wfi06_f158_cal.asdf,wfi06,eval,100,43,0.005347738,1
gwcs,../roman/.data/build21/r0000101001001001001_0001_wfi06_f158_cal.asdf,wfi06,eval,100,44,0.005147611,1
gwcs,../roman/.data/build21/r0000101001001001001_0001_wfi06_f158_cal.asdf,wfi06,eval,100,45,0.005064636,1
gwcs,../roman/.data/build21/r0000101001001001001_0001_wfi06_f158_cal.asdf,wfi06,eval,100,46,0.005235059,1
gwcs,../roman/.data/build21/r0000101001001001001_0001_wfi06_f158_cal.asdf,wfi06,eval,100,47,0.005154792,1
gwcs,../roman/.data/build21/r0000101001001001001_0001_wfi06_f158_cal.asdf,wfi06,eval,100,48,0.005051516,1
gwcs,../roman/.data/build21/r0000101001001001001_0001_wfi06_f158_cal.asdf,wfi06,eval,100,49,0.005403888,1
gwcs,../roman/.data/build21/r0000101001001001001_0001_wfi06_f158_cal.asdf,wfi06,eval,1000,0,0.005949023,1
gwcs,../roman/.data/build21/r0000101001001001001_0001_wfi06_f158_cal.asdf,wfi06,eval,1000,1,0.005447961,1
gwcs,../roman/.data/build21/r0000101001001001001_0001_wfi06_f158_cal.asdf,wfi06,eval,1000,2,0.005593851,1
gwcs,../roman/.data/build21/r0000101001001001001_0001_wfi06_f158_cal.asdf,wfi06,eval,1000,3,0.005277211,1
gwcs,../roman/.data/build21/r0000101001001001001_0001_wfi06_f158_cal.asdf,wfi06,eval,1000,4,0.005249344,1
gwcs,../roman/.data/build21/r0000101001001001001_0001_wfi06_f158_cal.asdf,wfi06,eval,1000,5,0.005445035,1
gwcs,../roman/.data/build21/r0000101001001001001_0001_wfi06_f158_cal.asdf,wfi06,eval,1000,6,0.005249450,1
gwcs,../roman/.data/build21/r0000101001001001001_0001_wfi06_f158_cal.asdf,wfi06,eval,1000,7,0.005686286,1
gwcs,../roman/.data/build21/r0000101001001001001_0001_wfi06_f158_cal.asdf,wfi06,eval,1000,8,0.005989948,1
gwcs,../roman/.data/build21/r0000101001001001001_0001_wfi06_f158_cal.asdf,wfi06,eval,1000,9,0.005284106,1
gwcs,../roman/.data/build21/r0000101001001001001_0001_wfi06_f158_cal.asdf,wfi06,eval,1000,10,0.005225230,1
gwcs,../roman/.data/build21/r0000101001001001001_0001_wfi06_f158_cal.asdf,wfi06,eval,1000,11,0.005532566,1
gwcs,../roman/.data/build21/r0000101001001001001_0001_wfi06_f158_cal.asdf,wfi06,eval,1000,12,0.009248682,1
gwcs,../roman/.data/build21/r0000101001001001001_0001_wfi06_f158_cal.asdf,wfi06,eval,1000,13,0.005377234,1
gwcs,../roman/.data/build21/r0000101001001001001_0001_wfi06_f158_cal.asdf,wfi06,eval,1000,14,0.005816453,1
gwcs,../roman/.data/build21/r0000101001001001001_0001_wfi06_f158_cal.asdf,wfi06,eval,1000,15,0.005474922,1
gwcs,../roman/.data/build21/r0000101001001001001_0001_wfi06_f158_cal.asdf,wfi06,eval,1000,16,0.005619574,1
gwcs,../roman/.data/build21/r0000101001001001001_0001_wfi06_f158_cal.asdf,wfi06,eval,1000,17,0.005747988,1
gwcs,../roman/.data/build21/r0000101001001001001_0001_wfi06_f158_cal.asdf,wfi06,eval,1000,18,0.005530111,1
gwcs,../roman/.data/build21/r0000101001001001001_0001_wfi06_f158_cal.asdf,wfi06,eval,1000,19,0.005633608,1
gwcs,../roman/.data/build21/r0000101001001001001_0001_wfi06_f158_cal.asdf,wfi06,eval,10000,0,0.009529258,1
gwcs,../roman/.data/build21/r0000101001001001001_0001_wfi06_f158_cal.asdf,wfi06,eval,10000,1,0.008979462,1
gwcs,../roman/.data/build21/r0000101001001001001_0001_wfi06_f158_cal.asdf,wfi06,eval,10000,2,0.008899670,1
gwcs,../roman/.data/build21/r0000101001001001001_0001_wfi06_f158_cal.asdf,wfi06,eval,10000,3,0.009188588,1
gwcs,../roman/.data/build21/r0000101001001001001_0001_wfi06_f158_cal.asdf,wfi06,eval,10000,4,0.008415342,1
gwcs,../roman/.data/build21/r0000101001001001001_0001_wfi06_f158_cal.asdf,wfi06,eval,10000,5,0.009201912,1
gwcs,../roman/.data/build21/r0000101001001001001_0001_wfi06_f158_cal.asdf,wfi06,eval,10000,6,0.008917042,1
gwcs,../roman/.data/build21/r0000101001001001001_0001_wfi06_f158_cal.asdf,wfi06,eval,10000,7,0.008870032,1
gwcs,../roman/.data/build21/r0000101001001001001_0001_wfi06_f158_cal.asdf,wfi06,eval,10000,8,0.008276070,1
gwcs,../roman/.data/build21/r0000101001001001001_0001_wfi06_f158_cal.asdf,wfi06,eval,10000,9,0.008630787,1
gwcs,../roman/.data/build21/r0000101001001001001_0001_wfi06_f158_cal.asdf,wfi06,eval,100000,0,0.041284910,1
gwcs,../roman/.data/build21/r0000101001001001001_0001_wfi06_f158_cal.asdf,wfi06,eval,100000,1,0.038196912,1
gwcs,../roman/.data/build21/r0000101001001001001_0001_wfi06_f158_cal.asdf,wfi06,eval,100000,2,0.037975909,1
gwcs,../roman/.data/build21/r0000101001001001001_0001_wfi06_f158_cal.asdf,wfi06,eval,100000,3,0.043115813,1
gwcs,../roman/.data/build21/r0000101001001001001_0001_wfi06_f158_cal.asdf,wfi06,eval,100000,4,0.038314007,1
gwcs,../roman/.data/build21/r0000101001001001001_0001_wfi06_f158_cal.asdf,wfi06,eval,1000000,0,0.390778113,1
gwcs,../roman/.data/build21/r0000101001001001001_0001_wfi06_f158_cal.asdf,wfi06,eval,1000000,1,0.391454261,1
gwcs,../roman/.data/build21/r0000101001001001001_0001_wfi06_f158_cal.asdf,wfi06,eval,1000000,2,0.386697148,1
gwcs,../roman/.data/build21/r0000101001001001001_0001_wfi06_f158_cal.asdf,wfi06,eval,10000000,0,3.918141946,1
gwcs,../roman/.data/build21/r0000101001001001001_0001_wfi06_f158_cal.asdf,wfi06,eval,10000000,1,3.989409553,1
gwcs,../roman/.data/build21/r0000101001001001001_0001_wfi06_f158_cal.asdf,wfi06,eval,16711744,0,6.996014527,1
gwcs,../roman/.data/build21/r0000101001001001001_0001_wfi06_f158_cal.asdf,wfi06,eval,16711744,1,7.477263609,1
gwcs,../roman/.data/build21/r0000101001001001001_0001_wfi07_f158_cal.asdf,wfi07,parse_cold,0,0,0.857849907,1
gwcs,../roman/.data/build21/r0000101001001001001_0001_wfi07_f158_cal.asdf,wfi07,parse_hot,0,0,0.689889484,1
gwcs,../roman/.data/build21/r0000101001001001001_0001_wfi07_f158_cal.asdf,wfi07,eval,1,0,0.006154979,1
gwcs,../roman/.data/build21/r0000101001001001001_0001_wfi07_f158_cal.asdf,wfi07,eval,1,1,0.005628277,1
gwcs,../roman/.data/build21/r0000101001001001001_0001_wfi07_f158_cal.asdf,wfi07,eval,1,2,0.006192080,1
gwcs,../roman/.data/build21/r0000101001001001001_0001_wfi07_f158_cal.asdf,wfi07,eval,1,3,0.007001053,1
gwcs,../roman/.data/build21/r0000101001001001001_0001_wfi07_f158_cal.asdf,wfi07,eval,1,4,0.004777822,1
gwcs,../roman/.data/build21/r0000101001001001001_0001_wfi07_f158_cal.asdf,wfi07,eval,1,5,0.005941697,1
gwcs,../roman/.data/build21/r0000101001001001001_0001_wfi07_f158_cal.asdf,wfi07,eval,1,6,0.005208770,1
gwcs,../roman/.data/build21/r0000101001001001001_0001_wfi07_f158_cal.asdf,wfi07,eval,1,7,0.005405387,1
gwcs,../roman/.data/build21/r0000101001001001001_0001_wfi07_f158_cal.asdf,wfi07,eval,1,8,0.005782551,1
gwcs,../roman/.data/build21/r0000101001001001001_0001_wfi07_f158_cal.asdf,wfi07,eval,1,9,0.005012691,1
gwcs,../roman/.data/build21/r0000101001001001001_0001_wfi07_f158_cal.asdf,wfi07,eval,1,10,0.005770916,1
gwcs,../roman/.data/build21/r0000101001001001001_0001_wfi07_f158_cal.asdf,wfi07,eval,1,11,0.005045617,1
gwcs,../roman/.data/build21/r0000101001001001001_0001_wfi07_f158_cal.asdf,wfi07,eval,1,12,0.006023619,1
gwcs,../roman/.data/build21/r0000101001001001001_0001_wfi07_f158_cal.asdf,wfi07,eval,1,13,0.004730409,1
gwcs,../roman/.data/build21/r0000101001001001001_0001_wfi07_f158_cal.asdf,wfi07,eval,1,14,0.006261611,1
gwcs,../roman/.data/build21/r0000101001001001001_0001_wfi07_f158_cal.asdf,wfi07,eval,1,15,0.004864407,1
gwcs,../roman/.data/build21/r0000101001001001001_0001_wfi07_f158_cal.asdf,wfi07,eval,1,16,0.006007088,1
gwcs,../roman/.data/build21/r0000101001001001001_0001_wfi07_f158_cal.asdf,wfi07,eval,1,17,0.005118450,1
gwcs,../roman/.data/build21/r0000101001001001001_0001_wfi07_f158_cal.asdf,wfi07,eval,1,18,0.005534152,1
gwcs,../roman/.data/build21/r0000101001001001001_0001_wfi07_f158_cal.asdf,wfi07,eval,1,19,0.005319608,1
gwcs,../roman/.data/build21/r0000101001001001001_0001_wfi07_f158_cal.asdf,wfi07,eval,1,20,0.005677734,1
gwcs,../roman/.data/build21/r0000101001001001001_0001_wfi07_f158_cal.asdf,wfi07,eval,1,21,0.005783224,1
gwcs,../roman/.data/build21/r0000101001001001001_0001_wfi07_f158_cal.asdf,wfi07,eval,1,22,0.004706014,1
gwcs,../roman/.data/build21/r0000101001001001001_0001_wfi07_f158_cal.asdf,wfi07,eval,1,23,0.006473999,1
gwcs,../roman/.data/build21/r0000101001001001001_0001_wfi07_f158_cal.asdf,wfi07,eval,1,24,0.004853010,1
gwcs,../roman/.data/build21/r0000101001001001001_0001_wfi07_f158_cal.asdf,wfi07,eval,1,25,0.005842554,1
gwcs,../roman/.data/build21/r0000101001001001001_0001_wfi07_f158_cal.asdf,wfi07,eval,1,26,0.005650090,1
gwcs,../roman/.data/build21/r0000101001001001001_0001_wfi07_f158_cal.asdf,wfi07,eval,1,27,0.005724187,1
gwcs,../roman/.data/build21/r0000101001001001001_0001_wfi07_f158_cal.asdf,wfi07,eval,1,28,0.005380375,1
gwcs,../roman/.data/build21/r0000101001001001001_0001_wfi07_f158_cal.asdf,wfi07,eval,1,29,0.006881098,1
gwcs,../roman/.data/build21/r0000101001001001001_0001_wfi07_f158_cal.asdf,wfi07,eval,1,30,0.005913216,1
gwcs,../roman/.data/build21/r0000101001001001001_0001_wfi07_f158_cal.asdf,wfi07,eval,1,31,0.004936678,1
gwcs,../roman/.data/build21/r0000101001001001001_0001_wfi07_f158_cal.asdf,wfi07,eval,1,32,0.005883701,1
gwcs,../roman/.data/build21/r0000101001001001001_0001_wfi07_f158_cal.asdf,wfi07,eval,1,33,0.004680382,1
gwcs,../roman/.data/build21/r0000101001001001001_0001_wfi07_f158_cal.asdf,wfi07,eval,1,34,0.006901636,1
gwcs,../roman/.data/build21/r0000101001001001001_0001_wfi07_f158_cal.asdf,wfi07,eval,1,35,0.006465521,1
gwcs,../roman/.data/build21/r0000101001001001001_0001_wfi07_f158_cal.asdf,wfi07,eval,1,36,0.005323962,1
gwcs,../roman/.data/build21/r0000101001001001001_0001_wfi07_f158_cal.asdf,wfi07,eval,1,37,0.006024156,1
gwcs,../roman/.data/build21/r0000101001001001001_0001_wfi07_f158_cal.asdf,wfi07,eval,1,38,0.004752872,1
gwcs,../roman/.data/build21/r0000101001001001001_0001_wfi07_f158_cal.asdf,wfi07,eval,1,39,0.005743694,1
gwcs,../roman/.data/build21/r0000101001001001001_0001_wfi07_f158_cal.asdf,wfi07,eval,1,40,0.004645546,1
gwcs,../roman/.data/build21/r0000101001001001001_0001_wfi07_f158_cal.asdf,wfi07,eval,1,41,0.005877404,1
gwcs,../roman/.data/build21/r0000101001001001001_0001_wfi07_f158_cal.asdf,wfi07,eval,1,42,0.004686480,1
gwcs,../roman/.data/build21/r0000101001001001001_0001_wfi07_f158_cal.asdf,wfi07,eval,1,43,0.005760089,1
gwcs,../roman/.data/build21/r0000101001001001001_0001_wfi07_f158_cal.asdf,wfi07,eval,1,44,0.004822467,1
gwcs,../roman/.data/build21/r0000101001001001001_0001_wfi07_f158_cal.asdf,wfi07,eval,1,45,0.005823758,1
gwcs,../roman/.data/build21/r0000101001001001001_0001_wfi07_f158_cal.asdf,wfi07,eval,1,46,0.005224018,1
gwcs,../roman/.data/build21/r0000101001001001001_0001_wfi07_f158_cal.asdf,wfi07,eval,1,47,0.005811266,1
gwcs,../roman/.data/build21/r0000101001001001001_0001_wfi07_f158_cal.asdf,wfi07,eval,1,48,0.005792213,1
gwcs,../roman/.data/build21/r0000101001001001001_0001_wfi07_f158_cal.asdf,wfi07,eval,1,49,0.004720292,1
gwcs,../roman/.data/build21/r0000101001001001001_0001_wfi07_f158_cal.asdf,wfi07,eval,1,50,0.006152630,1
gwcs,../roman/.data/build21/r0000101001001001001_0001_wfi07_f158_cal.asdf,wfi07,eval,1,51,0.004711393,1
gwcs,../roman/.data/build21/r0000101001001001001_0001_wfi07_f158_cal.asdf,wfi07,eval,1,52,0.005736311,1
gwcs,../roman/.data/build21/r0000101001001001001_0001_wfi07_f158_cal.asdf,wfi07,eval,1,53,0.005337004,1
gwcs,../roman/.data/build21/r0000101001001001001_0001_wfi07_f158_cal.asdf,wfi07,eval,1,54,0.007156958,1
gwcs,../roman/.data/build21/r0000101001001001001_0001_wfi07_f158_cal.asdf,wfi07,eval,1,55,0.005205589,1
gwcs,../roman/.data/build21/r0000101001001001001_0001_wfi07_f158_cal.asdf,wfi07,eval,1,56,0.005296202,1
gwcs,../roman/.data/build21/r0000101001001001001_0001_wfi07_f158_cal.asdf,wfi07,eval,1,57,0.005668193,1
gwcs,../roman/.data/build21/r0000101001001001001_0001_wfi07_f158_cal.asdf,wfi07,eval,1,58,0.004902842,1
gwcs,../roman/.data/build21/r0000101001001001001_0001_wfi07_f158_cal.asdf,wfi07,eval,1,59,0.011536859,1
gwcs,../roman/.data/build21/r0000101001001001001_0001_wfi07_f158_cal.asdf,wfi07,eval,1,60,0.007206361,1
gwcs,../roman/.data/build21/r0000101001001001001_0001_wfi07_f158_cal.asdf,wfi07,eval,1,61,0.007757345,1
gwcs,../roman/.data/build21/r0000101001001001001_0001_wfi07_f158_cal.asdf,wfi07,eval,1,62,0.006881556,1
gwcs,../roman/.data/build21/r0000101001001001001_0001_wfi07_f158_cal.asdf,wfi07,eval,1,63,0.006309035,1
gwcs,../roman/.data/build21/r0000101001001001001_0001_wfi07_f158_cal.asdf,wfi07,eval,1,64,0.005662602,1
gwcs,../roman/.data/build21/r0000101001001001001_0001_wfi07_f158_cal.asdf,wfi07,eval,1,65,0.004957389,1
gwcs,../roman/.data/build21/r0000101001001001001_0001_wfi07_f158_cal.asdf,wfi07,eval,1,66,0.006542895,1
gwcs,../roman/.data/build21/r0000101001001001001_0001_wfi07_f158_cal.asdf,wfi07,eval,1,67,0.004797234,1
gwcs,../roman/.data/build21/r0000101001001001001_0001_wfi07_f158_cal.asdf,wfi07,eval,1,68,0.005783447,1
gwcs,../roman/.data/build21/r0000101001001001001_0001_wfi07_f158_cal.asdf,wfi07,eval,1,69,0.005007675,1
gwcs,../roman/.data/build21/r0000101001001001001_0001_wfi07_f158_cal.asdf,wfi07,eval,1,70,0.005853571,1
gwcs,../roman/.data/build21/r0000101001001001001_0001_wfi07_f158_cal.asdf,wfi07,eval,1,71,0.004917314,1
gwcs,../roman/.data/build21/r0000101001001001001_0001_wfi07_f158_cal.asdf,wfi07,eval,1,72,0.006232232,1
gwcs,../roman/.data/build21/r0000101001001001001_0001_wfi07_f158_cal.asdf,wfi07,eval,1,73,0.005212868,1
gwcs,../roman/.data/build21/r0000101001001001001_0001_wfi07_f158_cal.asdf,wfi07,eval,1,74,0.005269376,1
gwcs,../roman/.data/build21/r0000101001001001001_0001_wfi07_f158_cal.asdf,wfi07,eval,1,75,0.005779012,1
gwcs,../roman/.data/build21/r0000101001001001001_0001_wfi07_f158_cal.asdf,wfi07,eval,1,76,0.005019958,1
gwcs,../roman/.data/build21/r0000101001001001001_0001_wfi07_f158_cal.asdf,wfi07,eval,1,77,0.008668939,1
gwcs,../roman/.data/build21/r0000101001001001001_0001_wfi07_f158_cal.asdf,wfi07,eval,1,78,0.005664710,1
gwcs,../roman/.data/build21/r0000101001001001001_0001_wfi07_f158_cal.asdf,wfi07,eval,1,79,0.005279357,1
gwcs,../roman/.data/build21/r0000101001001001001_0001_wfi07_f158_cal.asdf,wfi07,eval,1,80,0.005722613,1
gwcs,../roman/.data/build21/r0000101001001001001_0001_wfi07_f158_cal.asdf,wfi07,eval,1,81,0.005076161,1
gwcs,../roman/.data/build21/r0000101001001001001_0001_wfi07_f158_cal.asdf,wfi07,eval,1,82,0.005804220,1
gwcs,../roman/.data/build21/r0000101001001001001_0001_wfi07_f158_cal.asdf,wfi07,eval,1,83,0.004650080,1
gwcs,../roman/.data/build21/r0000101001001001001_0001_wfi07_f158_cal.asdf,wfi07,eval,1,84,0.006230921,1
gwcs,../roman/.data/build21/r0000101001001001001_0001_wfi07_f158_cal.asdf,wfi07,eval,1,85,0.004762148,1
gwcs,../roman/.data/build21/r0000101001001001001_0001_wfi07_f158_cal.asdf,wfi07,eval,1,86,0.005740304,1
gwcs,../roman/.data/build21/r0000101001001001001_0001_wfi07_f158_cal.asdf,wfi07,eval,1,87,0.005465138,1
gwcs,../roman/.data/build21/r0000101001001001001_0001_wfi07_f158_cal.asdf,wfi07,eval,1,88,0.006040574,1
gwcs,../roman/.data/build21/r0000101001001001001_0001_wfi07_f158_cal.asdf,wfi07,eval,1,89,0.005252030,1
gwcs,../roman/.data/build21/r0000101001001001001_0001_wfi07_f158_cal.asdf,wfi07,eval,1,90,0.006468823,1
gwcs,../roman/.data/build21/r0000101001001001001_0001_wfi07_f158_cal.asdf,wfi07,eval,1,91,0.006162247,1
gwcs,../roman/.data/build21/r0000101001001001001_0001_wfi07_f158_cal.asdf,wfi07,eval,1,92,0.005015419,1
gwcs,../roman/.data/build21/r0000101001001001001_0001_wfi07_f158_cal.asdf,wfi07,eval,1,93,0.006059398,1
gwcs,../roman/.data/build21/r0000101001001001001_0001_wfi07_f158_cal.asdf,wfi07,eval,1,94,0.004732897,1
gwcs,../roman/.data/build21/r0000101001001001001_0001_wfi07_f158_cal.asdf,wfi07,eval,1,95,0.005788662,1
gwcs,../roman/.data/build21/r0000101001001001001_0001_wfi07_f158_cal.asdf,wfi07,eval,1,96,0.005399766,1
gwcs,../roman/.data/build21/r0000101001001001001_0001_wfi07_f158_cal.asdf,wfi07,eval,1,97,0.005541778,1
gwcs,../roman/.data/build21/r0000101001001001001_0001_wfi07_f158_cal.asdf,wfi07,eval,1,98,0.005198706,1
gwcs,../roman/.data/build21/r0000101001001001001_0001_wfi07_f158_cal.asdf,wfi07,eval,1,99,0.005718175,1
gwcs,../roman/.data/build21/r0000101001001001001_0001_wfi07_f158_cal.asdf,wfi07,eval,10,0,0.006575612,1
gwcs,../roman/.data/build21/r0000101001001001001_0001_wfi07_f158_cal.asdf,wfi07,eval,10,1,0.008063479,1
gwcs,../roman/.data/build21/r0000101001001001001_0001_wfi07_f158_cal.asdf,wfi07,eval,10,2,0.005289146,1
gwcs,../roman/.data/build21/r0000101001001001001_0001_wfi07_f158_cal.asdf,wfi07,eval,10,3,0.005966849,1
gwcs,../roman/.data/build21/r0000101001001001001_0001_wfi07_f158_cal.asdf,wfi07,eval,10,4,0.005104097,1
gwcs,../roman/.data/build21/r0000101001001001001_0001_wfi07_f158_cal.asdf,wfi07,eval,10,5,0.006082225,1
gwcs,../roman/.data/build21/r0000101001001001001_0001_wfi07_f158_cal.asdf,wfi07,eval,10,6,0.004860026,1
gwcs,../roman/.data/build21/r0000101001001001001_0001_wfi07_f158_cal.asdf,wfi07,eval,10,7,0.006630723,1
gwcs,../roman/.data/build21/r0000101001001001001_0001_wfi07_f158_cal.asdf,wfi07,eval,10,8,0.007018794,1
gwcs,../roman/.data/build21/r0000101001001001001_0001_wfi07_f158_cal.asdf,wfi07,eval,10,9,0.005119155,1
gwcs,../roman/.data/build21/r0000101001001001001_0001_wfi07_f158_cal.asdf,wfi07,eval,10,10,0.007506054,1
gwcs,../roman/.data/build21/r0000101001001001001_0001_wfi07_f158_cal.asdf,wfi07,eval,10,11,0.007001849,1
gwcs,../roman/.data/build21/r0000101001001001001_0001_wfi07_f158_cal.asdf,wfi07,eval,10,12,0.005968699,1
gwcs,../roman/.data/build21/r0000101001001001001_0001_wfi07_f158_cal.asdf,wfi07,eval,10,13,0.006853430,1
gwcs,../roman/.data/build21/r0000101001001001001_0001_wfi07_f158_cal.asdf,wfi07,eval,10,14,0.005795373,1
gwcs,../roman/.data/build21/r0000101001001001001_0001_wfi07_f158_cal.asdf,wfi07,eval,10,15,0.007020982,1
gwcs,../roman/.data/build21/r0000101001001001001_0001_wfi07_f158_cal.asdf,wfi07,eval,10,16,0.006246898,1
gwcs,../roman/.data/build21/r0000101001001001001_0001_wfi07_f158_cal.asdf,wfi07,eval,10,17,0.007220111,1
gwcs,../roman/.data/build21/r0000101001001001001_0001_wfi07_f158_cal.asdf,wfi07,eval,10,18,0.006939503,1
gwcs,../roman/.data/build21/r0000101001001001001_0001_wfi07_f158_cal.asdf,wfi07,eval,10,19,0.006008574,1
gwcs,../roman/.data/build21/r0000101001001001001_0001_wfi07_f158_cal.asdf,wfi07,eval,10,20,0.005584895,1
gwcs,../roman/.data/build21/r0000101001001001001_0001_wfi07_f158_cal.asdf,wfi07,eval,10,21,0.006250402,1
gwcs,../roman/.data/build21/r0000101001001001001_0001_wfi07_f158_cal.asdf,wfi07,eval,10,22,0.005532057,1
gwcs,../roman/.data/build21/r0000101001001001001_0001_wfi07_f158_cal.asdf,wfi07,eval,10,23,0.006523796,1
gwcs,../roman/.data/build21/r0000101001001001001_0001_wfi07_f158_cal.asdf,wfi07,eval,10,24,0.006040267,1
gwcs,../roman/.data/build21/r0000101001001001001_0001_wfi07_f158_cal.asdf,wfi07,eval,10,25,0.005172195,1
gwcs,../roman/.data/build21/r0000101001001001001_0001_wfi07_f158_cal.asdf,wfi07,eval,10,26,0.006813641,1
gwcs,../roman/.data/build21/r0000101001001001001_0001_wfi07_f158_cal.asdf,wfi07,eval,10,27,0.006485843,1
gwcs,../roman/.data/build21/r0000101001001001001_0001_wfi07_f158_cal.asdf,wfi07,eval,10,28,0.006299977,1
gwcs,../roman/.data/build21/r0000101001001001001_0001_wfi07_f158_cal.asdf,wfi07,eval,10,29,0.006932959,1
gwcs,../roman/.data/build21/r0000101001001001001_0001_wfi07_f158_cal.asdf,wfi07,eval,10,30,0.006978937,1
gwcs,../roman/.data/build21/r0000101001001001001_0001_wfi07_f158_cal.asdf,wfi07,eval,10,31,0.005933317,1
gwcs,../roman/.data/build21/r0000101001001001001_0001_wfi07_f158_cal.asdf,wfi07,eval,10,32,0.007121280,1
gwcs,../roman/.data/build21/r0000101001001001001_0001_wfi07_f158_cal.asdf,wfi07,eval,10,33,0.007226259,1
gwcs,../roman/.data/build21/r0000101001001001001_0001_wfi07_f158_cal.asdf,wfi07,eval,10,34,0.005363201,1
gwcs,../roman/.data/build21/r0000101001001001001_0001_wfi07_f158_cal.asdf,wfi07,eval,10,35,0.005047561,1
gwcs,../roman/.data/build21/r0000101001001001001_0001_wfi07_f158_cal.asdf,wfi07,eval,10,36,0.005635588,1
gwcs,../roman/.data/build21/r0000101001001001001_0001_wfi07_f158_cal.asdf,wfi07,eval,10,37,0.004970212,1
gwcs,../roman/.data/build21/r0000101001001001001_0001_wfi07_f158_cal.asdf,wfi07,eval,10,38,0.005013097,1
gwcs,../roman/.data/build21/r0000101001001001001_0001_wfi07_f158_cal.asdf,wfi07,eval,10,39,0.005462619,1
gwcs,../roman/.data/build21/r0000101001001001001_0001_wfi07_f158_cal.asdf,wfi07,eval,10,40,0.004881880,1
gwcs,../roman/.data/build21/r0000101001001001001_0001_wfi07_f158_cal.asdf,wfi07,eval,10,41,0.004799780,1
gwcs,../roman/.data/build21/r0000101001001001001_0001_wfi07_f158_cal.asdf,wfi07,eval,10,42,0.004911166,1
gwcs,../roman/.data/build21/r0000101001001001001_0001_wfi07_f158_cal.asdf,wfi07,eval,10,43,0.005179212,1
gwcs,../roman/.data/build21/r0000101001001001001_0001_wfi07_f158_cal.asdf,wfi07,eval,10,44,0.005284296,1
gwcs,../roman/.data/build21/r0000101001001001001_0001_wfi07_f158_cal.asdf,wfi07,eval,10,45,0.004983326,1
gwcs,../roman/.data/build21/r0000101001001001001_0001_wfi07_f158_cal.asdf,wfi07,eval,10,46,0.005636888,1
gwcs,../roman/.data/build21/r0000101001001001001_0001_wfi07_f158_cal.asdf,wfi07,eval,10,47,0.005512837,1
gwcs,../roman/.data/build21/r0000101001001001001_0001_wfi07_f158_cal.asdf,wfi07,eval,10,48,0.006546007,1
gwcs,../roman/.data/build21/r0000101001001001001_0001_wfi07_f158_cal.asdf,wfi07,eval,10,49,0.005435376,1
gwcs,../roman/.data/build21/r0000101001001001001_0001_wfi07_f158_cal.asdf,wfi07,eval,10,50,0.005658898,1
gwcs,../roman/.data/build21/r0000101001001001001_0001_wfi07_f158_cal.asdf,wfi07,eval,10,51,0.005128068,1
gwcs,../roman/.data/build21/r0000101001001001001_0001_wfi07_f158_cal.asdf,wfi07,eval,10,52,0.006110816,1
gwcs,../roman/.data/build21/r0000101001001001001_0001_wfi07_f158_cal.asdf,wfi07,eval,10,53,0.005678554,1
gwcs,../roman/.data/build21/r0000101001001001001_0001_wfi07_f158_cal.asdf,wfi07,eval,10,54,0.005428240,1
gwcs,../roman/.data/build21/r0000101001001001001_0001_wfi07_f158_cal.asdf,wfi07,eval,10,55,0.005488713,1
gwcs,../roman/.data/build21/r0000101001001001001_0001_wfi07_f158_cal.asdf,wfi07,eval,10,56,0.005083456,1
gwcs,../roman/.data/build21/r0000101001001001001_0001_wfi07_f158_cal.asdf,wfi07,eval,10,57,0.005066158,1
gwcs,../roman/.data/build21/r0000101001001001001_0001_wfi07_f158_cal.asdf,wfi07,eval,10,58,0.005274855,1
gwcs,../roman/.data/build21/r0000101001001001001_0001_wfi07_f158_cal.asdf,wfi07,eval,10,59,0.004949617,1
gwcs,../roman/.data/build21/r0000101001001001001_0001_wfi07_f158_cal.asdf,wfi07,eval,10,60,0.005102538,1
gwcs,../roman/.data/build21/r0000101001001001001_0001_wfi07_f158_cal.asdf,wfi07,eval,10,61,0.004957230,1
gwcs,../roman/.data/build21/r0000101001001001001_0001_wfi07_f158_cal.asdf,wfi07,eval,10,62,0.004808812,1
gwcs,../roman/.data/build21/r0000101001001001001_0001_wfi07_f158_cal.asdf,wfi07,eval,10,63,0.004786892,1
gwcs,../roman/.data/build21/r0000101001001001001_0001_wfi07_f158_cal.asdf,wfi07,eval,10,64,0.004798282,1
gwcs,../roman/.data/build21/r0000101001001001001_0001_wfi07_f158_cal.asdf,wfi07,eval,10,65,0.004955790,1
gwcs,../roman/.data/build21/r0000101001001001001_0001_wfi07_f158_cal.asdf,wfi07,eval,10,66,0.005285691,1
gwcs,../roman/.data/build21/r0000101001001001001_0001_wfi07_f158_cal.asdf,wfi07,eval,10,67,0.004796941,1
gwcs,../roman/.data/build21/r0000101001001001001_0001_wfi07_f158_cal.asdf,wfi07,eval,10,68,0.004928563,1
gwcs,../roman/.data/build21/r0000101001001001001_0001_wfi07_f158_cal.asdf,wfi07,eval,10,69,0.004813821,1
gwcs,../roman/.data/build21/r0000101001001001001_0001_wfi07_f158_cal.asdf,wfi07,eval,10,70,0.004851364,1
gwcs,../roman/.data/build21/r0000101001001001001_0001_wfi07_f158_cal.asdf,wfi07,eval,10,71,0.004900289,1
gwcs,../roman/.data/build21/r0000101001001001001_0001_wfi07_f158_cal.asdf,wfi07,eval,10,72,0.004848225,1
gwcs,../roman/.data/build21/r0000101001001001001_0001_wfi07_f158_cal.asdf,wfi07,eval,10,73,0.004740523,1
gwcs,../roman/.data/build21/r0000101001001001001_0001_wfi07_f158_cal.asdf,wfi07,eval,10,74,0.004774998,1
gwcs,../roman/.data/build21/r0000101001001001001_0001_wfi07_f158_cal.asdf,wfi07,eval,10,75,0.004928919,1
gwcs,../roman/.data/build21/r0000101001001001001_0001_wfi07_f158_cal.asdf,wfi07,eval,10,76,0.004970082,1
gwcs,../roman/.data/build21/r0000101001001001001_0001_wfi07_f158_cal.asdf,wfi07,eval,10,77,0.004925644,1
gwcs,../roman/.data/build21/r0000101001001001001_0001_wfi07_f158_cal.asdf,wfi07,eval,10,78,0.005724173,1
gwcs,../roman/.data/build21/r0000101001001001001_0001_wfi07_f158_cal.asdf,wfi07,eval,10,79,0.005953044,1
gwcs,../roman/.data/build21/r0000101001001001001_0001_wfi07_f158_cal.asdf,wfi07,eval,10,80,0.005205696,1
gwcs,../roman/.data/build21/r0000101001001001001_0001_wfi07_f158_cal.asdf,wfi07,eval,10,81,0.005105710,1
gwcs,../roman/.data/build21/r0000101001001001001_0001_wfi07_f158_cal.asdf,wfi07,eval,10,82,0.005868745,1
gwcs,../roman/.data/build21/r0000101001001001001_0001_wfi07_f158_cal.asdf,wfi07,eval,10,83,0.004950828,1
gwcs,../roman/.data/build21/r0000101001001001001_0001_wfi07_f158_cal.asdf,wfi07,eval,10,84,0.005321968,1
gwcs,../roman/.data/build21/r0000101001001001001_0001_wfi07_f158_cal.asdf,wfi07,eval,10,85,0.005083272,1
gwcs,../roman/.data/build21/r0000101001001001001_0001_wfi07_f158_cal.asdf,wfi07,eval,10,86,0.004993756,1
gwcs,../roman/.data/build21/r0000101001001001001_0001_wfi07_f158_cal.asdf,wfi07,eval,10,87,0.005068989,1
gwcs,../roman/.data/build21/r0000101001001001001_0001_wfi07_f158_cal.asdf,wfi07,eval,10,88,0.005200849,1
gwcs,../roman/.data/build21/r0000101001001001001_0001_wfi07_f158_cal.asdf,wfi07,eval,10,89,0.004966003,1
gwcs,../roman/.data/build21/r0000101001001001001_0001_wfi07_f158_cal.asdf,wfi07,eval,10,90,0.005065426,1
gwcs,../roman/.data/build21/r0000101001001001001_0001_wfi07_f158_cal.asdf,wfi07,eval,10,91,0.005283722,1
gwcs,../roman/.data/build21/r0000101001001001001_0001_wfi07_f158_cal.asdf,wfi07,eval,10,92,0.005042092,1
gwcs,../roman/.data/build21/r0000101001001001001_0001_wfi07_f158_cal.asdf,wfi07,eval,10,93,0.005031765,1
gwcs,../roman/.data/build21/r0000101001001001001_0001_wfi07_f158_cal.asdf,wfi07,eval,10,94,0.005267406,1
gwcs,../roman/.data/build21/r0000101001001001001_0001_wfi07_f158_cal.asdf,wfi07,eval,10,95,0.004974805,1
gwcs,../roman/.data/build21/r0000101001001001001_0001_wfi07_f158_cal.asdf,wfi07,eval,10,96,0.004956009,1
gwcs,../roman/.data/build21/r0000101001001001001_0001_wfi07_f158_cal.asdf,wfi07,eval,10,97,0.005120000,1
gwcs,../roman/.data/build21/r0000101001001001001_0001_wfi07_f158_cal.asdf,wfi07,eval,10,98,0.005104702,1
gwcs,../roman/.data/build21/r0000101001001001001_0001_wfi07_f158_cal.asdf,wfi07,eval,10,99,0.005201836,1
gwcs,../roman/.data/build21/r0000101001001001001_0001_wfi07_f158_cal.asdf,wfi07,eval,100,0,0.005787627,1
gwcs,../roman/.data/build21/r0000101001001001001_0001_wfi07_f158_cal.asdf,wfi07,eval,100,1,0.005302700,1
gwcs,../roman/.data/build21/r0000101001001001001_0001_wfi07_f158_cal.asdf,wfi07,eval,100,2,0.005040552,1
gwcs,../roman/.data/build21/r0000101001001001001_0001_wfi07_f158_cal.asdf,wfi07,eval,100,3,0.005110888,1
gwcs,../roman/.data/build21/r0000101001001001001_0001_wfi07_f158_cal.asdf,wfi07,eval,100,4,0.005316124,1
gwcs,../roman/.data/build21/r0000101001001001001_0001_wfi07_f158_cal.asdf,wfi07,eval,100,5,0.006077204,1
gwcs,../roman/.data/build21/r0000101001001001001_0001_wfi07_f158_cal.asdf,wfi07,eval,100,6,0.005762748,1
gwcs,../roman/.data/build21/r0000101001001001001_0001_wfi07_f158_cal.asdf,wfi07,eval,100,7,0.005125514,1
gwcs,../roman/.data/build21/r0000101001001001001_0001_wfi07_f158_cal.asdf,wfi07,eval,100,8,0.005492865,1
gwcs,../roman/.data/build21/r0000101001001001001_0001_wfi07_f158_cal.asdf,wfi07,eval,100,9,0.006371669,1
gwcs,../roman/.data/build21/r0000101001001001001_0001_wfi07_f158_cal.asdf,wfi07,eval,100,10,0.005013611,1
gwcs,../roman/.data/build21/r0000101001001001001_0001_wfi07_f158_cal.asdf,wfi07,eval,100,11,0.006167860,1
gwcs,../roman/.data/build21/r0000101001001001001_0001_wfi07_f158_cal.asdf,wfi07,eval,100,12,0.005105087,1
gwcs,../roman/.data/build21/r0000101001001001001_0001_wfi07_f158_cal.asdf,wfi07,eval,100,13,0.004916856,1
gwcs,../roman/.data/build21/r0000101001001001001_0001_wfi07_f158_cal.asdf,wfi07,eval,100,14,0.005965463,1
gwcs,../roman/.data/build21/r0000101001001001001_0001_wfi07_f158_cal.asdf,wfi07,eval,100,15,0.005008895,1
gwcs,../roman/.data/build21/r0000101001001001001_0001_wfi07_f158_cal.asdf,wfi07,eval,100,16,0.004862834,1
gwcs,../roman/.data/build21/r0000101001001001001_0001_wfi07_f158_cal.asdf,wfi07,eval,100,17,0.004821511,1
gwcs,../roman/.data/build21/r0000101001001001001_0001_wfi07_f158_cal.asdf,wfi07,eval,100,18,0.004960383,1
gwcs,../roman/.data/build21/r0000101001001001001_0001_wfi07_f158_cal.asdf,wfi07,eval,100,19,0.005214904,1
gwcs,../roman/.data/build21/r0000101001001001001_0001_wfi07_f158_cal.asdf,wfi07,eval,100,20,0.005026132,1
gwcs,../roman/.data/build21/r0000101001001001001_0001_wfi07_f158_cal.asdf,wfi07,eval,100,21,0.004998909,1
gwcs,../roman/.data/build21/r0000101001001001001_0001_wfi07_f158_cal.asdf,wfi07,eval,100,22,0.005082974,1
gwcs,../roman/.data/build21/r0000101001001001001_0001_wfi07_f158_cal.asdf,wfi07,eval,100,23,0.005344126,1
gwcs,../roman/.data/build21/r0000101001001001001_0001_wfi07_f158_cal.asdf,wfi07,eval,100,24,0.005570789,1
gwcs,../roman/.data/build21/r0000101001001001001_0001_wfi07_f158_cal.asdf,wfi07,eval,100,25,0.005135641,1
gwcs,../roman/.data/build21/r0000101001001001001_0001_wfi07_f158_cal.asdf,wfi07,eval,100,26,0.005082420,1
gwcs,../roman/.data/build21/r0000101001001001001_0001_wfi07_f158_cal.asdf,wfi07,eval,100,27,0.005412110,1
gwcs,../roman/.data/build21/r0000101001001001001_0001_wfi07_f158_cal.asdf,wfi07,eval,100,28,0.006185530,1
gwcs,../roman/.data/build21/r0000101001001001001_0001_wfi07_f158_cal.asdf,wfi07,eval,100,29,0.006547029,1
gwcs,../roman/.data/build21/r0000101001001001001_0001_wfi07_f158_cal.asdf,wfi07,eval,100,30,0.005157554,1
gwcs,../roman/.data/build21/r0000101001001001001_0001_wfi07_f158_cal.asdf,wfi07,eval,100,31,0.007047173,1
gwcs,../roman/.data/build21/r0000101001001001001_0001_wfi07_f158_cal.asdf,wfi07,eval,100,32,0.008046733,1
gwcs,../roman/.data/build21/r0000101001001001001_0001_wfi07_f158_cal.asdf,wfi07,eval,100,33,0.005293085,1
gwcs,../roman/.data/build21/r0000101001001001001_0001_wfi07_f158_cal.asdf,wfi07,eval,100,34,0.006016863,1
gwcs,../roman/.data/build21/r0000101001001001001_0001_wfi07_f158_cal.asdf,wfi07,eval,100,35,0.005065395,1
gwcs,../roman/.data/build21/r0000101001001001001_0001_wfi07_f158_cal.asdf,wfi07,eval,100,36,0.006260407,1
gwcs,../roman/.data/build21/r0000101001001001001_0001_wfi07_f158_cal.asdf,wfi07,eval,100,37,0.005558920,1
gwcs,../roman/.data/build21/r0000101001001001001_0001_wfi07_f158_cal.asdf,wfi07,eval,100,38,0.005585459,1
gwcs,../roman/.data/build21/r0000101001001001001_0001_wfi07_f158_cal.asdf,wfi07,eval,100,39,0.006519048,1
gwcs,../roman/.data/build21/r0000101001001001001_0001_wfi07_f158_cal.asdf,wfi07,eval,100,40,0.005007409,1
gwcs,../roman/.data/build21/r0000101001001001001_0001_wfi07_f158_cal.asdf,wfi07,eval,100,41,0.006308531,1
gwcs,../roman/.data/build21/r0000101001001001001_0001_wfi07_f158_cal.asdf,wfi07,eval,100,42,0.005189640,1
gwcs,../roman/.data/build21/r0000101001001001001_0001_wfi07_f158_cal.asdf,wfi07,eval,100,43,0.006272949,1
gwcs,../roman/.data/build21/r0000101001001001001_0001_wfi07_f158_cal.asdf,wfi07,eval,100,44,0.005697913,1
gwcs,../roman/.data/build21/r0000101001001001001_0001_wfi07_f158_cal.asdf,wfi07,eval,100,45,0.005601194,1
gwcs,../roman/.data/build21/r0000101001001001001_0001_wfi07_f158_cal.asdf,wfi07,eval,100,46,0.006214040,1
gwcs,../roman/.data/build21/r0000101001001001001_0001_wfi07_f158_cal.asdf,wfi07,eval,100,47,0.004991068,1
gwcs,../roman/.data/build21/r0000101001001001001_0001_wfi07_f158_cal.asdf,wfi07,eval,100,48,0.006282586,1
gwcs,../roman/.data/build21/r0000101001001001001_0001_wfi07_f158_cal.asdf,wfi07,eval,100,49,0.005029438,1
gwcs,../roman/.data/build21/r0000101001001001001_0001_wfi07_f158_cal.asdf,wfi07,eval,1000,0,0.007810717,1
gwcs,../roman/.data/build21/r0000101001001001001_0001_wfi07_f158_cal.asdf,wfi07,eval,1000,1,0.007598746,1
gwcs,../roman/.data/build21/r0000101001001001001_0001_wfi07_f158_cal.asdf,wfi07,eval,1000,2,0.006463511,1
gwcs,../roman/.data/build21/r0000101001001001001_0001_wfi07_f158_cal.asdf,wfi07,eval,1000,3,0.006344388,1
gwcs,../roman/.data/build21/r0000101001001001001_0001_wfi07_f158_cal.asdf,wfi07,eval,1000,4,0.009057495,1
gwcs,../roman/.data/build21/r0000101001001001001_0001_wfi07_f158_cal.asdf,wfi07,eval,1000,5,0.006633920,1
gwcs,../roman/.data/build21/r0000101001001001001_0001_wfi07_f158_cal.asdf,wfi07,eval,1000,6,0.006452366,1
gwcs,../roman/.data/build21/r0000101001001001001_0001_wfi07_f158_cal.asdf,wfi07,eval,1000,7,0.006673248,1
gwcs,../roman/.data/build21/r0000101001001001001_0001_wfi07_f158_cal.asdf,wfi07,eval,1000,8,0.006493576,1
gwcs,../roman/.data/build21/r0000101001001001001_0001_wfi07_f158_cal.asdf,wfi07,eval,1000,9,0.005659847,1
gwcs,../roman/.data/build21/r0000101001001001001_0001_wfi07_f158_cal.asdf,wfi07,eval,1000,10,0.006696652,1
gwcs,../roman/.data/build21/r0000101001001001001_0001_wfi07_f158_cal.asdf,wfi07,eval,1000,11,0.006069444,1
gwcs,../roman/.data/build21/r0000101001001001001_0001_wfi07_f158_cal.asdf,wfi07,eval,1000,12,0.006082533,1
gwcs,../roman/.data/build21/r0000101001001001001_0001_wfi07_f158_cal.asdf,wfi07,eval,1000,13,0.007036097,1
gwcs,../roman/.data/build21/r0000101001001001001_0001_wfi07_f158_cal.asdf,wfi07,eval,1000,14,0.006078514,1
gwcs,../roman/.data/build21/r0000101001001001001_0001_wfi07_f158_cal.asdf,wfi07,eval,1000,15,0.006731356,1
gwcs,../roman/.data/build21/r0000101001001001001_0001_wfi07_f158_cal.asdf,wfi07,eval,1000,16,0.006779564,1
gwcs,../roman/.data/build21/r0000101001001001001_0001_wfi07_f158_cal.asdf,wfi07,eval,1000,17,0.005466162,1
gwcs,../roman/.data/build21/r0000101001001001001_0001_wfi07_f158_cal.asdf,wfi07,eval,1000,18,0.006864228,1
gwcs,../roman/.data/build21/r0000101001001001001_0001_wfi07_f158_cal.asdf,wfi07,eval,1000,19,0.006606332,1
gwcs,../roman/.data/build21/r0000101001001001001_0001_wfi07_f158_cal.asdf,wfi07,eval,10000,0,0.010200793,1
gwcs,../roman/.data/build21/r0000101001001001001_0001_wfi07_f158_cal.asdf,wfi07,eval,10000,1,0.012676428,1
gwcs,../roman/.data/build21/r0000101001001001001_0001_wfi07_f158_cal.asdf,wfi07,eval,10000,2,0.011497570,1
gwcs,../roman/.data/build21/r0000101001001001001_0001_wfi07_f158_cal.asdf,wfi07,eval,10000,3,0.009773230,1
gwcs,../roman/.data/build21/r0000101001001001001_0001_wfi07_f158_cal.asdf,wfi07,eval,10000,4,0.012185152,1
gwcs,../roman/.data/build21/r0000101001001001001_0001_wfi07_f158_cal.asdf,wfi07,eval,10000,5,0.009664984,1
gwcs,../roman/.data/build21/r0000101001001001001_0001_wfi07_f158_cal.asdf,wfi07,eval,10000,6,0.009805835,1
gwcs,../roman/.data/build21/r0000101001001001001_0001_wfi07_f158_cal.asdf,wfi07,eval,10000,7,0.010218227,1
gwcs,../roman/.data/build21/r0000101001001001001_0001_wfi07_f158_cal.asdf,wfi07,eval,10000,8,0.010186408,1
gwcs,../roman/.data/build21/r0000101001001001001_0001_wfi07_f158_cal.asdf,wfi07,eval,10000,9,0.010805218,1
gwcs,../roman/.data/build21/r0000101001001001001_0001_wfi07_f158_cal.asdf,wfi07,eval,100000,0,0.048458597,1
gwcs,../roman/.data/build21/r0000101001001001001_0001_wfi07_f158_cal.asdf,wfi07,eval,100000,1,0.048612686,1
gwcs,../roman/.data/build21/r0000101001001001001_0001_wfi07_f158_cal.asdf,wfi07,eval,100000,2,0.046309716,1
gwcs,../roman/.data/build21/r0000101001001001001_0001_wfi07_f158_cal.asdf,wfi07,eval,100000,3,0.044915115,1
gwcs,../roman/.data/build21/r0000101001001001001_0001_wfi07_f158_cal.asdf,wfi07,eval,100000,4,0.043774728,1
gwcs,../roman/.data/build21/r0000101001001001001_0001_wfi07_f158_cal.asdf,wfi07,eval,1000000,0,0.472904056,1
gwcs,../roman/.data/build21/r0000101001001001001_0001_wfi07_f158_cal.asdf,wfi07,eval,1000000,1,0.457374894,1
gwcs,../roman/.data/build21/r0000101001001001001_0001_wfi07_f158_cal.asdf,wfi07,eval,1000000,2,0.458637411,1
gwcs,../roman/.data/build21/r0000101001001001001_0001_wfi07_f158_cal.asdf,wfi07,eval,10000000,0,4.438892885,1
gwcs,../roman/.data/build21/r0000101001001001001_0001_wfi07_f158_cal.asdf,wfi07,eval,10000000,1,4.368896696,1
gwcs,../roman/.data/build21/r0000101001001001001_0001_wfi07_f158_cal.asdf,wfi07,eval,16711744,0,7.075770010,1
gwcs,../roman/.data/build21/r0000101001001001001_0001_wfi07_f158_cal.asdf,wfi07,eval,16711744,1,7.454077632,1
gwcs,../roman/.data/build21/r0000101001001001001_0001_wfi08_f158_cal.asdf,wfi08,parse_cold,0,0,0.824516067,1
gwcs,../roman/.data/build21/r0000101001001001001_0001_wfi08_f158_cal.asdf,wfi08,parse_hot,0,0,0.567693315,1
gwcs,../roman/.data/build21/r0000101001001001001_0001_wfi08_f158_cal.asdf,wfi08,eval,1,0,0.005521792,1
gwcs,../roman/.data/build21/r0000101001001001001_0001_wfi08_f158_cal.asdf,wfi08,eval,1,1,0.005469444,1
gwcs,../roman/.data/build21/r0000101001001001001_0001_wfi08_f158_cal.asdf,wfi08,eval,1,2,0.004759576,1
gwcs,../roman/.data/build21/r0000101001001001001_0001_wfi08_f158_cal.asdf,wfi08,eval,1,3,0.005794436,1
gwcs,../roman/.data/build21/r0000101001001001001_0001_wfi08_f158_cal.asdf,wfi08,eval,1,4,0.004818184,1
gwcs,../roman/.data/build21/r0000101001001001001_0001_wfi08_f158_cal.asdf,wfi08,eval,1,5,0.004795495,1
gwcs,../roman/.data/build21/r0000101001001001001_0001_wfi08_f158_cal.asdf,wfi08,eval,1,6,0.005830198,1
gwcs,../roman/.data/build21/r0000101001001001001_0001_wfi08_f158_cal.asdf,wfi08,eval,1,7,0.007085376,1
gwcs,../roman/.data/build21/r0000101001001001001_0001_wfi08_f158_cal.asdf,wfi08,eval,1,8,0.004691411,1
gwcs,../roman/.data/build21/r0000101001001001001_0001_wfi08_f158_cal.asdf,wfi08,eval,1,9,0.004715963,1
gwcs,../roman/.data/build21/r0000101001001001001_0001_wfi08_f158_cal.asdf,wfi08,eval,1,10,0.005043307,1
gwcs,../roman/.data/build21/r0000101001001001001_0001_wfi08_f158_cal.asdf,wfi08,eval,1,11,0.004741604,1
gwcs,../roman/.data/build21/r0000101001001001001_0001_wfi08_f158_cal.asdf,wfi08,eval,1,12,0.004682818,1
gwcs,../roman/.data/build21/r0000101001001001001_0001_wfi08_f158_cal.asdf,wfi08,eval,1,13,0.005047132,1
gwcs,../roman/.data/build21/r0000101001001001001_0001_wfi08_f158_cal.asdf,wfi08,eval,1,14,0.004988074,1
gwcs,../roman/.data/build21/r0000101001001001001_0001_wfi08_f158_cal.asdf,wfi08,eval,1,15,0.004982053,1
gwcs,../roman/.data/build21/r0000101001001001001_0001_wfi08_f158_cal.asdf,wfi08,eval,1,16,0.005059922,1
gwcs,../roman/.data/build21/r0000101001001001001_0001_wfi08_f158_cal.asdf,wfi08,eval,1,17,0.005807149,1
gwcs,../roman/.data/build21/r0000101001001001001_0001_wfi08_f158_cal.asdf,wfi08,eval,1,18,0.004880693,1
gwcs,../roman/.data/build21/r0000101001001001001_0001_wfi08_f158_cal.asdf,wfi08,eval,1,19,0.006027914,1
gwcs,../roman/.data/build21/r0000101001001001001_0001_wfi08_f158_cal.asdf,wfi08,eval,1,20,0.005611114,1
gwcs,../roman/.data/build21/r0000101001001001001_0001_wfi08_f158_cal.asdf,wfi08,eval,1,21,0.005162296,1
gwcs,../roman/.data/build21/r0000101001001001001_0001_wfi08_f158_cal.asdf,wfi08,eval,1,22,0.005839139,1
gwcs,../roman/.data/build21/r0000101001001001001_0001_wfi08_f158_cal.asdf,wfi08,eval,1,23,0.005329666,1
gwcs,../roman/.data/build21/r0000101001001001001_0001_wfi08_f158_cal.asdf,wfi08,eval,1,24,0.005099312,1
gwcs,../roman/.data/build21/r0000101001001001001_0001_wfi08_f158_cal.asdf,wfi08,eval,1,25,0.005456011,1
gwcs,../roman/.data/build21/r0000101001001001001_0001_wfi08_f158_cal.asdf,wfi08,eval,1,26,0.005179723,1
gwcs,../roman/.data/build21/r0000101001001001001_0001_wfi08_f158_cal.asdf,wfi08,eval,1,27,0.005307834,1
gwcs,../roman/.data/build21/r0000101001001001001_0001_wfi08_f158_cal.asdf,wfi08,eval,1,28,0.005776741,1
gwcs,../roman/.data/build21/r0000101001001001001_0001_wfi08_f158_cal.asdf,wfi08,eval,1,29,0.005426750,1
gwcs,../roman/.data/build21/r0000101001001001001_0001_wfi08_f158_cal.asdf,wfi08,eval,1,30,0.005019869,1
gwcs,../roman/.data/build21/r0000101001001001001_0001_wfi08_f158_cal.asdf,wfi08,eval,1,31,0.004953736,1
gwcs,../roman/.data/build21/r0000101001001001001_0001_wfi08_f158_cal.asdf,wfi08,eval,1,32,0.005779414,1
gwcs,../roman/.data/build21/r0000101001001001001_0001_wfi08_f158_cal.asdf,wfi08,eval,1,33,0.004903741,1
gwcs,../roman/.data/build21/r0000101001001001001_0001_wfi08_f158_cal.asdf,wfi08,eval,1,34,0.005575085,1
gwcs,../roman/.data/build21/r0000101001001001001_0001_wfi08_f158_cal.asdf,wfi08,eval,1,35,0.005775541,1
gwcs,../roman/.data/build21/r0000101001001001001_0001_wfi08_f158_cal.asdf,wfi08,eval,1,36,0.004870997,1
gwcs,../roman/.data/build21/r0000101001001001001_0001_wfi08_f158_cal.asdf,wfi08,eval,1,37,0.004693821,1
gwcs,../roman/.data/build21/r0000101001001001001_0001_wfi08_f158_cal.asdf,wfi08,eval,1,38,0.004734294,1
gwcs,../roman/.data/build21/r0000101001001001001_0001_wfi08_f158_cal.asdf,wfi08,eval,1,39,0.005243057,1
gwcs,../roman/.data/build21/r0000101001001001001_0001_wfi08_f158_cal.asdf,wfi08,eval,1,40,0.005097030,1
gwcs,../roman/.data/build21/r0000101001001001001_0001_wfi08_f158_cal.asdf,wfi08,eval,1,41,0.005354452,1
gwcs,../roman/.data/build21/r0000101001001001001_0001_wfi08_f158_cal.asdf,wfi08,eval,1,42,0.005158531,1
gwcs,../roman/.data/build21/r0000101001001001001_0001_wfi08_f158_cal.asdf,wfi08,eval,1,43,0.005557079,1
gwcs,../roman/.data/build21/r0000101001001001001_0001_wfi08_f158_cal.asdf,wfi08,eval,1,44,0.005887444,1
gwcs,../roman/.data/build21/r0000101001001001001_0001_wfi08_f158_cal.asdf,wfi08,eval,1,45,0.004861620,1
gwcs,../roman/.data/build21/r0000101001001001001_0001_wfi08_f158_cal.asdf,wfi08,eval,1,46,0.005923290,1
gwcs,../roman/.data/build21/r0000101001001001001_0001_wfi08_f158_cal.asdf,wfi08,eval,1,47,0.004909986,1
gwcs,../roman/.data/build21/r0000101001001001001_0001_wfi08_f158_cal.asdf,wfi08,eval,1,48,0.004990661,1
gwcs,../roman/.data/build21/r0000101001001001001_0001_wfi08_f158_cal.asdf,wfi08,eval,1,49,0.005209122,1
gwcs,../roman/.data/build21/r0000101001001001001_0001_wfi08_f158_cal.asdf,wfi08,eval,1,50,0.006895033,1
gwcs,../roman/.data/build21/r0000101001001001001_0001_wfi08_f158_cal.asdf,wfi08,eval,1,51,0.004866850,1
gwcs,../roman/.data/build21/r0000101001001001001_0001_wfi08_f158_cal.asdf,wfi08,eval,1,52,0.004752551,1
gwcs,../roman/.data/build21/r0000101001001001001_0001_wfi08_f158_cal.asdf,wfi08,eval,1,53,0.004681669,1
gwcs,../roman/.data/build21/r0000101001001001001_0001_wfi08_f158_cal.asdf,wfi08,eval,1,54,0.004831644,1
gwcs,../roman/.data/build21/r0000101001001001001_0001_wfi08_f158_cal.asdf,wfi08,eval,1,55,0.004805017,1
gwcs,../roman/.data/build21/r0000101001001001001_0001_wfi08_f158_cal.asdf,wfi08,eval,1,56,0.004938212,1
gwcs,../roman/.data/build21/r0000101001001001001_0001_wfi08_f158_cal.asdf,wfi08,eval,1,57,0.005075030,1
gwcs,../roman/.data/build21/r0000101001001001001_0001_wfi08_f158_cal.asdf,wfi08,eval,1,58,0.005277052,1
gwcs,../roman/.data/build21/r0000101001001001001_0001_wfi08_f158_cal.asdf,wfi08,eval,1,59,0.005241346,1
gwcs,../roman/.data/build21/r0000101001001001001_0001_wfi08_f158_cal.asdf,wfi08,eval,1,60,0.006254834,1
gwcs,../roman/.data/build21/r0000101001001001001_0001_wfi08_f158_cal.asdf,wfi08,eval,1,61,0.005192163,1
gwcs,../roman/.data/build21/r0000101001001001001_0001_wfi08_f158_cal.asdf,wfi08,eval,1,62,0.005192444,1
gwcs,../roman/.data/build21/r0000101001001001001_0001_wfi08_f158_cal.asdf,wfi08,eval,1,63,0.004736028,1
gwcs,../roman/.data/build21/r0000101001001001001_0001_wfi08_f158_cal.asdf,wfi08,eval,1,64,0.005180188,1
gwcs,../roman/.data/build21/r0000101001001001001_0001_wfi08_f158_cal.asdf,wfi08,eval,1,65,0.005224754,1
gwcs,../roman/.data/build21/r0000101001001001001_0001_wfi08_f158_cal.asdf,wfi08,eval,1,66,0.006236761,1
gwcs,../roman/.data/build21/r0000101001001001001_0001_wfi08_f158_cal.asdf,wfi08,eval,1,67,0.005181962,1
gwcs,../roman/.data/build21/r0000101001001001001_0001_wfi08_f158_cal.asdf,wfi08,eval,1,68,0.004712261,1
gwcs,../roman/.data/build21/r0000101001001001001_0001_wfi08_f158_cal.asdf,wfi08,eval,1,69,0.006701952,1
gwcs,../roman/.data/build21/r0000101001001001001_0001_wfi08_f158_cal.asdf,wfi08,eval,1,70,0.006079288,1
gwcs,../roman/.data/build21/r0000101001001001001_0001_wfi08_f158_cal.asdf,wfi08,eval,1,71,0.005288442,1
gwcs,../roman/.data/build21/r0000101001001001001_0001_wfi08_f158_cal.asdf,wfi08,eval,1,72,0.004875492,1
gwcs,../roman/.data/build21/r0000101001001001001_0001_wfi08_f158_cal.asdf,wfi08,eval,1,73,0.005264512,1
gwcs,../roman/.data/build21/r0000101001001001001_0001_wfi08_f158_cal.asdf,wfi08,eval,1,74,0.004791622,1
gwcs,../roman/.data/build21/r0000101001001001001_0001_wfi08_f158_cal.asdf,wfi08,eval,1,75,0.005125583,1
gwcs,../roman/.data/build21/r0000101001001001001_0001_wfi08_f158_cal.asdf,wfi08,eval,1,76,0.005265472,1
gwcs,../roman/.data/build21/r0000101001001001001_0001_wfi08_f158_cal.asdf,wfi08,eval,1,77,0.004747614,1
gwcs,../roman/.data/build21/r0000101001001001001_0001_wfi08_f158_cal.asdf,wfi08,eval,1,78,0.004666287,1
gwcs,../roman/.data/build21/r0000101001001001001_0001_wfi08_f158_cal.asdf,wfi08,eval,1,79,0.004952434,1
gwcs,../roman/.data/build21/r0000101001001001001_0001_wfi08_f158_cal.asdf,wfi08,eval,1,80,0.005222234,1
gwcs,../roman/.data/build21/r0000101001001001001_0001_wfi08_f158_cal.asdf,wfi08,eval,1,81,0.004681048,1
gwcs,../roman/.data/build21/r0000101001001001001_0001_wfi08_f158_cal.asdf,wfi08,eval,1,82,0.005064561,1
gwcs,../roman/.data/build21/r0000101001001001001_0001_wfi08_f158_cal.asdf,wfi08,eval,1,83,0.005492915,1
gwcs,../roman/.data/build21/r0000101001001001001_0001_wfi08_f158_cal.asdf,wfi08,eval,1,84,0.004932889,1
gwcs,../roman/.data/build21/r0000101001001001001_0001_wfi08_f158_cal.asdf,wfi08,eval,1,85,0.005131641,1
gwcs,../roman/.data/build21/r0000101001001001001_0001_wfi08_f158_cal.asdf,wfi08,eval,1,86,0.005315759,1
gwcs,../roman/.data/build21/r0000101001001001001_0001_wfi08_f158_cal.asdf,wfi08,eval,1,87,0.004785971,1
gwcs,../roman/.data/build21/r0000101001001001001_0001_wfi08_f158_cal.asdf,wfi08,eval,1,88,0.005156936,1
gwcs,../roman/.data/build21/r0000101001001001001_0001_wfi08_f158_cal.asdf,wfi08,eval,1,89,0.005235801,1
gwcs,../roman/.data/build21/r0000101001001001001_0001_wfi08_f158_cal.asdf,wfi08,eval,1,90,0.004872585,1
gwcs,../roman/.data/build21/r0000101001001001001_0001_wfi08_f158_cal.asdf,wfi08,eval,1,91,0.004662080,1
gwcs,../roman/.data/build21/r0000101001001001001_0001_wfi08_f158_cal.asdf,wfi08,eval,1,92,0.007556315,1
gwcs,../roman/.data/build21/r0000101001001001001_0001_wfi08_f158_cal.asdf,wfi08,eval,1,93,0.004769807,1
gwcs,../roman/.data/build21/r0000101001001001001_0001_wfi08_f158_cal.asdf,wfi08,eval,1,94,0.004684042,1
gwcs,../roman/.data/build21/r0000101001001001001_0001_wfi08_f158_cal.asdf,wfi08,eval,1,95,0.004985565,1
gwcs,../roman/.data/build21/r0000101001001001001_0001_wfi08_f158_cal.asdf,wfi08,eval,1,96,0.004864299,1
gwcs,../roman/.data/build21/r0000101001001001001_0001_wfi08_f158_cal.asdf,wfi08,eval,1,97,0.004702099,1
gwcs,../roman/.data/build21/r0000101001001001001_0001_wfi08_f158_cal.asdf,wfi08,eval,1,98,0.004752546,1
gwcs,../roman/.data/build21/r0000101001001001001_0001_wfi08_f158_cal.asdf,wfi08,eval,1,99,0.004782242,1
gwcs,../roman/.data/build21/r0000101001001001001_0001_wfi08_f158_cal.asdf,wfi08,eval,10,0,0.005117407,1
gwcs,../roman/.data/build21/r0000101001001001001_0001_wfi08_f158_cal.asdf,wfi08,eval,10,1,0.005221097,1
gwcs,../roman/.data/build21/r0000101001001001001_0001_wfi08_f158_cal.asdf,wfi08,eval,10,2,0.005087040,1
gwcs,../roman/.data/build21/r0000101001001001001_0001_wfi08_f158_cal.asdf,wfi08,eval,10,3,0.004778850,1
gwcs,../roman/.data/build21/r0000101001001001001_0001_wfi08_f158_cal.asdf,wfi08,eval,10,4,0.004799210,1
gwcs,../roman/.data/build21/r0000101001001001001_0001_wfi08_f158_cal.asdf,wfi08,eval,10,5,0.004983784,1
gwcs,../roman/.data/build21/r0000101001001001001_0001_wfi08_f158_cal.asdf,wfi08,eval,10,6,0.005538739,1
gwcs,../roman/.data/build21/r0000101001001001001_0001_wfi08_f158_cal.asdf,wfi08,eval,10,7,0.004786055,1
gwcs,../roman/.data/build21/r0000101001001001001_0001_wfi08_f158_cal.asdf,wfi08,eval,10,8,0.005103161,1
gwcs,../roman/.data/build21/r0000101001001001001_0001_wfi08_f158_cal.asdf,wfi08,eval,10,9,0.004895010,1
gwcs,../roman/.data/build21/r0000101001001001001_0001_wfi08_f158_cal.asdf,wfi08,eval,10,10,0.004787317,1
gwcs,../roman/.data/build21/r0000101001001001001_0001_wfi08_f158_cal.asdf,wfi08,eval,10,11,0.004760945,1
gwcs,../roman/.data/build21/r0000101001001001001_0001_wfi08_f158_cal.asdf,wfi08,eval,10,12,0.004893318,1
gwcs,../roman/.data/build21/r0000101001001001001_0001_wfi08_f158_cal.asdf,wfi08,eval,10,13,0.004848459,1
gwcs,../roman/.data/build21/r0000101001001001001_0001_wfi08_f158_cal.asdf,wfi08,eval,10,14,0.004857146,1
gwcs,../roman/.data/build21/r0000101001001001001_0001_wfi08_f158_cal.asdf,wfi08,eval,10,15,0.005135276,1
gwcs,../roman/.data/build21/r0000101001001001001_0001_wfi08_f158_cal.asdf,wfi08,eval,10,16,0.005128826,1
gwcs,../roman/.data/build21/r0000101001001001001_0001_wfi08_f158_cal.asdf,wfi08,eval,10,17,0.004919909,1
gwcs,../roman/.data/build21/r0000101001001001001_0001_wfi08_f158_cal.asdf,wfi08,eval,10,18,0.004962358,1
gwcs,../roman/.data/build21/r0000101001001001001_0001_wfi08_f158_cal.asdf,wfi08,eval,10,19,0.005126644,1
gwcs,../roman/.data/build21/r0000101001001001001_0001_wfi08_f158_cal.asdf,wfi08,eval,10,20,0.005573306,1
gwcs,../roman/.data/build21/r0000101001001001001_0001_wfi08_f158_cal.asdf,wfi08,eval,10,21,0.004879502,1
gwcs,../roman/.data/build21/r0000101001001001001_0001_wfi08_f158_cal.asdf,wfi08,eval,10,22,0.004995969,1
gwcs,../roman/.data/build21/r0000101001001001001_0001_wfi08_f158_cal.asdf,wfi08,eval,10,23,0.004855971,1
gwcs,../roman/.data/build21/r0000101001001001001_0001_wfi08_f158_cal.asdf,wfi08,eval,10,24,0.004826510,1
gwcs,../roman/.data/build21/r0000101001001001001_0001_wfi08_f158_cal.asdf,wfi08,eval,10,25,0.004796985,1
gwcs,../roman/.data/build21/r0000101001001001001_0001_wfi08_f158_cal.asdf,wfi08,eval,10,26,0.004968393,1
gwcs,../roman/.data/build21/r0000101001001001001_0001_wfi08_f158_cal.asdf,wfi08,eval,10,27,0.004810374,1
gwcs,../roman/.data/build21/r0000101001001001001_0001_wfi08_f158_cal.asdf,wfi08,eval,10,28,0.004804089,1
gwcs,../roman/.data/build21/r0000101001001001001_0001_wfi08_f158_cal.asdf,wfi08,eval,10,29,0.004941923,1
gwcs,../roman/.data/build21/r0000101001001001001_0001_wfi08_f158_cal.asdf,wfi08,eval,10,30,0.004852510,1
gwcs,../roman/.data/build21/r0000101001001001001_0001_wfi08_f158_cal.asdf,wfi08,eval,10,31,0.004799916,1
gwcs,../roman/.data/build21/r0000101001001001001_0001_wfi08_f158_cal.asdf,wfi08,eval,10,32,0.004857800,1
gwcs,../roman/.data/build21/r0000101001001001001_0001_wfi08_f158_cal.asdf,wfi08,eval,10,33,0.004952717,1
gwcs,../roman/.data/build21/r0000101001001001001_0001_wfi08_f158_cal.asdf,wfi08,eval,10,34,0.004764595,1
gwcs,../roman/.data/build21/r0000101001001001001_0001_wfi08_f158_cal.asdf,wfi08,eval,10,35,0.004828314,1
gwcs,../roman/.data/build21/r0000101001001001001_0001_wfi08_f158_cal.asdf,wfi08,eval,10,36,0.005001595,1
gwcs,../roman/.data/build21/r0000101001001001001_0001_wfi08_f158_cal.asdf,wfi08,eval,10,37,0.004835986,1
gwcs,../roman/.data/build21/r0000101001001001001_0001_wfi08_f158_cal.asdf,wfi08,eval,10,38,0.004771606,1
gwcs,../roman/.data/build21/r0000101001001001001_0001_wfi08_f158_cal.asdf,wfi08,eval,10,39,0.004976010,1
gwcs,../roman/.data/build21/r0000101001001001001_0001_wfi08_f158_cal.asdf,wfi08,eval,10,40,0.004997945,1
gwcs,../roman/.data/build21/r0000101001001001001_0001_wfi08_f158_cal.asdf,wfi08,eval,10,41,0.005107196,1
gwcs,../roman/.data/build21/r0000101001001001001_0001_wfi08_f158_cal.asdf,wfi08,eval,10,42,0.005118640,1
gwcs,../roman/.data/build21/r0000101001001001001_0001_wfi08_f158_cal.asdf,wfi08,eval,10,43,0.005252393,1
gwcs,../roman/.data/build21/r0000101001001001001_0001_wfi08_f158_cal.asdf,wfi08,eval,10,44,0.005015629,1
gwcs,../roman/.data/build21/r0000101001001001001_0001_wfi08_f158_cal.asdf,wfi08,eval,10,45,0.004874786,1
gwcs,../roman/.data/build21/r0000101001001001001_0001_wfi08_f158_cal.asdf,wfi08,eval,10,46,0.006076308,1
gwcs,../roman/.data/build21/r0000101001001001001_0001_wfi08_f158_cal.asdf,wfi08,eval,10,47,0.007446653,1
gwcs,../roman/.data/build21/r0000101001001001001_0001_wfi08_f158_cal.asdf,wfi08,eval,10,48,0.006151604,1
gwcs,../roman/.data/build21/r0000101001001001001_0001_wfi08_f158_cal.asdf,wfi08,eval,10,49,0.004917812,1
gwcs,../roman/.data/build21/r0000101001001001001_0001_wfi08_f158_cal.asdf,wfi08,eval,10,50,0.004794259,1
gwcs,../roman/.data/build21/r0000101001001001001_0001_wfi08_f158_cal.asdf,wfi08,eval,10,51,0.005862243,1
gwcs,../roman/.data/build21/r0000101001001001001_0001_wfi08_f158_cal.asdf,wfi08,eval,10,52,0.005038053,1
gwcs,../roman/.data/build21/r0000101001001001001_0001_wfi08_f158_cal.asdf,wfi08,eval,10,53,0.004891966,1
gwcs,../roman/.data/build21/r0000101001001001001_0001_wfi08_f158_cal.asdf,wfi08,eval,10,54,0.005011280,1
gwcs,../roman/.data/build21/r0000101001001001001_0001_wfi08_f158_cal.asdf,wfi08,eval,10,55,0.005096814,1
gwcs,../roman/.data/build21/r0000101001001001001_0001_wfi08_f158_cal.asdf,wfi08,eval,10,56,0.004878937,1
gwcs,../roman/.data/build21/r0000101001001001001_0001_wfi08_f158_cal.asdf,wfi08,eval,10,57,0.004975070,1
gwcs,../roman/.data/build21/r0000101001001001001_0001_wfi08_f158_cal.asdf,wfi08,eval,10,58,0.005213585,1
gwcs,../roman/.data/build21/r0000101001001001001_0001_wfi08_f158_cal.asdf,wfi08,eval,10,59,0.005129178,1
gwcs,../roman/.data/build21/r0000101001001001001_0001_wfi08_f158_cal.asdf,wfi08,eval,10,60,0.004939487,1
gwcs,../roman/.data/build21/r0000101001001001001_0001_wfi08_f158_cal.asdf,wfi08,eval,10,61,0.005647224,1
gwcs,../roman/.data/build21/r0000101001001001001_0001_wfi08_f158_cal.asdf,wfi08,eval,10,62,0.005472341,1
gwcs,../roman/.data/build21/r0000101001001001001_0001_wfi08_f158_cal.asdf,wfi08,eval,10,63,0.004954833,1
gwcs,../roman/.data/build21/r0000101001001001001_0001_wfi08_f158_cal.asdf,wfi08,eval,10,64,0.005779878,1
gwcs,../roman/.data/build21/r0000101001001001001_0001_wfi08_f158_cal.asdf,wfi08,eval,10,65,0.005055160,1
gwcs,../roman/.data/build21/r0000101001001001001_0001_wfi08_f158_cal.asdf,wfi08,eval,10,66,0.004839187,1
gwcs,../roman/.data/build21/r0000101001001001001_0001_wfi08_f158_cal.asdf,wfi08,eval,10,67,0.005238925,1
gwcs,../roman/.data/build21/r0000101001001001001_0001_wfi08_f158_cal.asdf,wfi08,eval,10,68,0.005072523,1
gwcs,../roman/.data/build21/r0000101001001001001_0001_wfi08_f158_cal.asdf,wfi08,eval,10,69,0.004848645,1
gwcs,../roman/.data/build21/r0000101001001001001_0001_wfi08_f158_cal.asdf,wfi08,eval,10,70,0.004786417,1
gwcs,../roman/.data/build21/r0000101001001001001_0001_wfi08_f158_cal.asdf,wfi08,eval,10,71,0.004985859,1
gwcs,../roman/.data/build21/r0000101001001001001_0001_wfi08_f158_cal.asdf,wfi08,eval,10,72,0.004832141,1
gwcs,../roman/.data/build21/r0000101001001001001_0001_wfi08_f158_cal.asdf,wfi08,eval,10,73,0.004852977,1
gwcs,../roman/.data/build21/r0000101001001001001_0001_wfi08_f158_cal.asdf,wfi08,eval,10,74,0.005064707,1
gwcs,../roman/.data/build21/r0000101001001001001_0001_wfi08_f158_cal.asdf,wfi08,eval,10,75,0.005137919,1
gwcs,../roman/.data/build21/r0000101001001001001_0001_wfi08_f158_cal.asdf,wfi08,eval,10,76,0.005937589,1
gwcs,../roman/.data/build21/r0000101001001001001_0001_wfi08_f158_cal.asdf,wfi08,eval,10,77,0.004859860,1
gwcs,../roman/.data/build21/r0000101001001001001_0001_wfi08_f158_cal.asdf,wfi08,eval,10,78,0.005232026,1
gwcs,../roman/.data/build21/r0000101001001001001_0001_wfi08_f158_cal.asdf,wfi08,eval,10,79,0.004878997,1
gwcs,../roman/.data/build21/r0000101001001001001_0001_wfi08_f158_cal.asdf,wfi08,eval,10,80,0.004818705,1
gwcs,../roman/.data/build21/r0000101001001001001_0001_wfi08_f158_cal.asdf,wfi08,eval,10,81,0.004881050,1
gwcs,../roman/.data/build21/r0000101001001001001_0001_wfi08_f158_cal.asdf,wfi08,eval,10,82,0.005118793,1
gwcs,../roman/.data/build21/r0000101001001001001_0001_wfi08_f158_cal.asdf,wfi08,eval,10,83,0.004885396,1
gwcs,../roman/.data/build21/r0000101001001001001_0001_wfi08_f158_cal.asdf,wfi08,eval,10,84,0.005091610,1
gwcs,../roman/.data/build21/r0000101001001001001_0001_wfi08_f158_cal.asdf,wfi08,eval,10,85,0.005282049,1
gwcs,../roman/.data/build21/r0000101001001001001_0001_wfi08_f158_cal.asdf,wfi08,eval,10,86,0.005156295,1
gwcs,../roman/.data/build21/r0000101001001001001_0001_wfi08_f158_cal.asdf,wfi08,eval,10,87,0.004891949,1
gwcs,../roman/.data/build21/r0000101001001001001_0001_wfi08_f158_cal.asdf,wfi08,eval,10,88,0.006456506,1
gwcs,../roman/.data/build21/r0000101001001001001_0001_wfi08_f158_cal.asdf,wfi08,eval,10,89,0.007850857,1
gwcs,../roman/.data/build21/r0000101001001001001_0001_wfi08_f158_cal.asdf,wfi08,eval,10,90,0.005778373,1
gwcs,../roman/.data/build21/r0000101001001001001_0001_wfi08_f158_cal.asdf,wfi08,eval,10,91,0.004953357,1
gwcs,../roman/.data/build21/r0000101001001001001_0001_wfi08_f158_cal.asdf,wfi08,eval,10,92,0.005140603,1
gwcs,../roman/.data/build21/r0000101001001001001_0001_wfi08_f158_cal.asdf,wfi08,eval,10,93,0.005743529,1
gwcs,../roman/.data/build21/r0000101001001001001_0001_wfi08_f158_cal.asdf,wfi08,eval,10,94,0.004969179,1
gwcs,../roman/.data/build21/r0000101001001001001_0001_wfi08_f158_cal.asdf,wfi08,eval,10,95,0.004850909,1
gwcs,../roman/.data/build21/r0000101001001001001_0001_wfi08_f158_cal.asdf,wfi08,eval,10,96,0.004855653,1
gwcs,../roman/.data/build21/r0000101001001001001_0001_wfi08_f158_cal.asdf,wfi08,eval,10,97,0.005193691,1
gwcs,../roman/.data/build21/r0000101001001001001_0001_wfi08_f158_cal.asdf,wfi08,eval,10,98,0.004884391,1
gwcs,../roman/.data/build21/r0000101001001001001_0001_wfi08_f158_cal.asdf,wfi08,eval,10,99,0.004844654,1
gwcs,../roman/.data/build21/r0000101001001001001_0001_wfi08_f158_cal.asdf,wfi08,eval,100,0,0.005648525,1
gwcs,../roman/.data/build21/r0000101001001001001_0001_wfi08_f158_cal.asdf,wfi08,eval,100,1,0.005130904,1
gwcs,../roman/.data/build21/r0000101001001001001_0001_wfi08_f158_cal.asdf,wfi08,eval,100,2,0.004996886,1
gwcs,../roman/.data/build21/r0000101001001001001_0001_wfi08_f158_cal.asdf,wfi08,eval,100,3,0.005088693,1
gwcs,../roman/.data/build21/r0000101001001001001_0001_wfi08_f158_cal.asdf,wfi08,eval,100,4,0.005380781,1
gwcs,../roman/.data/build21/r0000101001001001001_0001_wfi08_f158_cal.asdf,wfi08,eval,100,5,0.004877748,1
gwcs,../roman/.data/build21/r0000101001001001001_0001_wfi08_f158_cal.asdf,wfi08,eval,100,6,0.004865834,1
gwcs,../roman/.data/build21/r0000101001001001001_0001_wfi08_f158_cal.asdf,wfi08,eval,100,7,0.005072639,1
gwcs,../roman/.data/build21/r0000101001001001001_0001_wfi08_f158_cal.asdf,wfi08,eval,100,8,0.004884975,1
gwcs,../roman/.data/build21/r0000101001001001001_0001_wfi08_f158_cal.asdf,wfi08,eval,100,9,0.004897607,1
gwcs,../roman/.data/build21/r0000101001001001001_0001_wfi08_f158_cal.asdf,wfi08,eval,100,10,0.005129251,1
gwcs,../roman/.data/build21/r0000101001001001001_0001_wfi08_f158_cal.asdf,wfi08,eval,100,11,0.004909383,1
gwcs,../roman/.data/build21/r0000101001001001001_0001_wfi08_f158_cal.asdf,wfi08,eval,100,12,0.004991814,1
gwcs,../roman/.data/build21/r0000101001001001001_0001_wfi08_f158_cal.asdf,wfi08,eval,100,13,0.005047182,1
gwcs,../roman/.data/build21/r0000101001001001001_0001_wfi08_f158_cal.asdf,wfi08,eval,100,14,0.005311267,1
gwcs,../roman/.data/build21/r0000101001001001001_0001_wfi08_f158_cal.asdf,wfi08,eval,100,15,0.004862635,1
gwcs,../roman/.data/build21/r0000101001001001001_0001_wfi08_f158_cal.asdf,wfi08,eval,100,16,0.005811342,1
gwcs,../roman/.data/build21/r0000101001001001001_0001_wfi08_f158_cal.asdf,wfi08,eval,100,17,0.005526181,1
gwcs,../roman/.data/build21/r0000101001001001001_0001_wfi08_f158_cal.asdf,wfi08,eval,100,18,0.004880193,1
gwcs,../roman/.data/build21/r0000101001001001001_0001_wfi08_f158_cal.asdf,wfi08,eval,100,19,0.005309059,1
gwcs,../roman/.data/build21/r0000101001001001001_0001_wfi08_f158_cal.asdf,wfi08,eval,100,20,0.005440680,1
gwcs,../roman/.data/build21/r0000101001001001001_0001_wfi08_f158_cal.asdf,wfi08,eval,100,21,0.005562992,1
gwcs,../roman/.data/build21/r0000101001001001001_0001_wfi08_f158_cal.asdf,wfi08,eval,100,22,0.006252131,1
gwcs,../roman/.data/build21/r0000101001001001001_0001_wfi08_f158_cal.asdf,wfi08,eval,100,23,0.005406787,1
gwcs,../roman/.data/build21/r0000101001001001001_0001_wfi08_f158_cal.asdf,wfi08,eval,100,24,0.005294075,1
gwcs,../roman/.data/build21/r0000101001001001001_0001_wfi08_f158_cal.asdf,wfi08,eval,100,25,0.004912880,1
gwcs,../roman/.data/build21/r0000101001001001001_0001_wfi08_f158_cal.asdf,wfi08,eval,100,26,0.005035380,1
gwcs,../roman/.data/build21/r0000101001001001001_0001_wfi08_f158_cal.asdf,wfi08,eval,100,27,0.004890067,1
gwcs,../roman/.data/build21/r0000101001001001001_0001_wfi08_f158_cal.asdf,wfi08,eval,100,28,0.005713623,1
gwcs,../roman/.data/build21/r0000101001001001001_0001_wfi08_f158_cal.asdf,wfi08,eval,100,29,0.005075202,1
gwcs,../roman/.data/build21/r0000101001001001001_0001_wfi08_f158_cal.asdf,wfi08,eval,100,30,0.005384681,1
gwcs,../roman/.data/build21/r0000101001001001001_0001_wfi08_f158_cal.asdf,wfi08,eval,100,31,0.005295106,1
gwcs,../roman/.data/build21/r0000101001001001001_0001_wfi08_f158_cal.asdf,wfi08,eval,100,32,0.005475785,1
gwcs,../roman/.data/build21/r0000101001001001001_0001_wfi08_f158_cal.asdf,wfi08,eval,100,33,0.004977137,1
gwcs,../roman/.data/build21/r0000101001001001001_0001_wfi08_f158_cal.asdf,wfi08,eval,100,34,0.006000014,1
gwcs,../roman/.data/build21/r0000101001001001001_0001_wfi08_f158_cal.asdf,wfi08,eval,100,35,0.005172810,1
gwcs,../roman/.data/build21/r0000101001001001001_0001_wfi08_f158_cal.asdf,wfi08,eval,100,36,0.004894939,1
gwcs,../roman/.data/build21/r0000101001001001001_0001_wfi08_f158_cal.asdf,wfi08,eval,100,37,0.005838623,1
gwcs,../roman/.data/build21/r0000101001001001001_0001_wfi08_f158_cal.asdf,wfi08,eval,100,38,0.007299211,1
gwcs,../roman/.data/build21/r0000101001001001001_0001_wfi08_f158_cal.asdf,wfi08,eval,100,39,0.006376174,1
gwcs,../roman/.data/build21/r0000101001001001001_0001_wfi08_f158_cal.asdf,wfi08,eval,100,40,0.005014720,1
gwcs,../roman/.data/build21/r0000101001001001001_0001_wfi08_f158_cal.asdf,wfi08,eval,100,41,0.005013745,1
gwcs,../roman/.data/build21/r0000101001001001001_0001_wfi08_f158_cal.asdf,wfi08,eval,100,42,0.004856098,1
gwcs,../roman/.data/build21/r0000101001001001001_0001_wfi08_f158_cal.asdf,wfi08,eval,100,43,0.004825371,1
gwcs,../roman/.data/build21/r0000101001001001001_0001_wfi08_f158_cal.asdf,wfi08,eval,100,44,0.005023570,1
gwcs,../roman/.data/build21/r0000101001001001001_0001_wfi08_f158_cal.asdf,wfi08,eval,100,45,0.004895768,1
gwcs,../roman/.data/build21/r0000101001001001001_0001_wfi08_f158_cal.asdf,wfi08,eval,100,46,0.004845899,1
gwcs,../roman/.data/build21/r0000101001001001001_0001_wfi08_f158_cal.asdf,wfi08,eval,100,47,0.004821425,1
gwcs,../roman/.data/build21/r0000101001001001001_0001_wfi08_f158_cal.asdf,wfi08,eval,100,48,0.005321265,1
gwcs,../roman/.data/build21/r0000101001001001001_0001_wfi08_f158_cal.asdf,wfi08,eval,100,49,0.004940277,1
gwcs,../roman/.data/build21/r0000101001001001001_0001_wfi08_f158_cal.asdf,wfi08,eval,1000,0,0.005696148,1
gwcs,../roman/.data/build21/r0000101001001001001_0001_wfi08_f158_cal.asdf,wfi08,eval,1000,1,0.005534512,1
gwcs,../roman/.data/build21/r0000101001001001001_0001_wfi08_f158_cal.asdf,wfi08,eval,1000,2,0.005490773,1
gwcs,../roman/.data/build21/r0000101001001001001_0001_wfi08_f158_cal.asdf,wfi08,eval,1000,3,0.005325039,1
gwcs,../roman/.data/build21/r0000101001001001001_0001_wfi08_f158_cal.asdf,wfi08,eval,1000,4,0.005457175,1
gwcs,../roman/.data/build21/r0000101001001001001_0001_wfi08_f158_cal.asdf,wfi08,eval,1000,5,0.005216316,1
gwcs,../roman/.data/build21/r0000101001001001001_0001_wfi08_f158_cal.asdf,wfi08,eval,1000,6,0.005288919,1
gwcs,../roman/.data/build21/r0000101001001001001_0001_wfi08_f158_cal.asdf,wfi08,eval,1000,7,0.005337153,1
gwcs,../roman/.data/build21/r0000101001001001001_0001_wfi08_f158_cal.asdf,wfi08,eval,1000,8,0.005256831,1
gwcs,../roman/.data/build21/r0000101001001001001_0001_wfi08_f158_cal.asdf,wfi08,eval,1000,9,0.005350142,1
gwcs,../roman/.data/build21/r0000101001001001001_0001_wfi08_f158_cal.asdf,wfi08,eval,1000,10,0.005400755,1
gwcs,../roman/.data/build21/r0000101001001001001_0001_wfi08_f158_cal.asdf,wfi08,eval,1000,11,0.005231197,1
gwcs,../roman/.data/build21/r0000101001001001001_0001_wfi08_f158_cal.asdf,wfi08,eval,1000,12,0.005866736,1
gwcs,../roman/.data/build21/r0000101001001001001_0001_wfi08_f158_cal.asdf,wfi08,eval,1000,13,0.005327135,1
gwcs,../roman/.data/build21/r0000101001001001001_0001_wfi08_f158_cal.asdf,wfi08,eval,1000,14,0.005188312,1
gwcs,../roman/.data/build21/r0000101001001001001_0001_wfi08_f158_cal.asdf,wfi08,eval,1000,15,0.005677932,1
gwcs,../roman/.data/build21/r0000101001001001001_0001_wfi08_f158_cal.asdf,wfi08,eval,1000,16,0.005429600,1
gwcs,../roman/.data/build21/r0000101001001001001_0001_wfi08_f158_cal.asdf,wfi08,eval,1000,17,0.005405265,1
gwcs,../roman/.data/build21/r0000101001001001001_0001_wfi08_f158_cal.asdf,wfi08,eval,1000,18,0.005999933,1
gwcs,../roman/.data/build21/r0000101001001001001_0001_wfi08_f158_cal.asdf,wfi08,eval,1000,19,0.005484444,1
gwcs,../roman/.data/build21/r0000101001001001001_0001_wfi08_f158_cal.asdf,wfi08,eval,10000,0,0.008911962,1
gwcs,../roman/.data/build21/r0000101001001001001_0001_wfi08_f158_cal.asdf,wfi08,eval,10000,1,0.008639622,1
gwcs,../roman/.data/build21/r0000101001001001001_0001_wfi08_f158_cal.asdf,wfi08,eval,10000,2,0.008570565,1
gwcs,../roman/.data/build21/r0000101001001001001_0001_wfi08_f158_cal.asdf,wfi08,eval,10000,3,0.008498023,1
gwcs,../roman/.data/build21/r0000101001001001001_0001_wfi08_f158_cal.asdf,wfi08,eval,10000,4,0.009642095,1
gwcs,../roman/.data/build21/r0000101001001001001_0001_wfi08_f158_cal.asdf,wfi08,eval,10000,5,0.010511369,1
gwcs,../roman/.data/build21/r0000101001001001001_0001_wfi08_f158_cal.asdf,wfi08,eval,10000,6,0.011314794,1
gwcs,../roman/.data/build21/r0000101001001001001_0001_wfi08_f158_cal.asdf,wfi08,eval,10000,7,0.010604762,1
gwcs,../roman/.data/build21/r0000101001001001001_0001_wfi08_f158_cal.asdf,wfi08,eval,10000,8,0.008684658,1
gwcs,../roman/.data/build21/r0000101001001001001_0001_wfi08_f158_cal.asdf,wfi08,eval,10000,9,0.010900037,1
gwcs,../roman/.data/build21/r0000101001001001001_0001_wfi08_f158_cal.asdf,wfi08,eval,100000,0,0.038519837,1
gwcs,../roman/.data/build21/r0000101001001001001_0001_wfi08_f158_cal.asdf,wfi08,eval,100000,1,0.038519077,1
gwcs,../roman/.data/build21/r0000101001001001001_0001_wfi08_f158_cal.asdf,wfi08,eval,100000,2,0.040356557,1
gwcs,../roman/.data/build21/r0000101001001001001_0001_wfi08_f158_cal.asdf,wfi08,eval,100000,3,0.039482369,1
gwcs,../roman/.data/build21/r0000101001001001001_0001_wfi08_f158_cal.asdf,wfi08,eval,100000,4,0.043461165,1
gwcs,../roman/.data/build21/r0000101001001001001_0001_wfi08_f158_cal.asdf,wfi08,eval,1000000,0,0.400072632,1
gwcs,../roman/.data/build21/r0000101001001001001_0001_wfi08_f158_cal.asdf,wfi08,eval,1000000,1,0.419225492,1
gwcs,../roman/.data/build21/r0000101001001001001_0001_wfi08_f158_cal.asdf,wfi08,eval,1000000,2,0.409530696,1
gwcs,../roman/.data/build21/r0000101001001001001_0001_wfi08_f158_cal.asdf,wfi08,eval,10000000,0,4.481196512,1
gwcs,../roman/.data/build21/r0000101001001001001_0001_wfi08_f158_cal.asdf,wfi08,eval,10000000,1,4.120052099,1
gwcs,../roman/.data/build21/r0000101001001001001_0001_wfi08_f158_cal.asdf,wfi08,eval,16711744,0,6.802585105,1
gwcs,../roman/.data/build21/r0000101001001001001_0001_wfi08_f158_cal.asdf,wfi08,eval,16711744,1,6.850362517,1
gwcs,../roman/.data/build21/r0000101001001001001_0001_wfi09_f158_cal.asdf,wfi09,parse_cold,0,0,0.807977105,1
gwcs,../roman/.data/build21/r0000101001001001001_0001_wfi09_f158_cal.asdf,wfi09,parse_hot,0,0,0.623268122,1
gwcs,../roman/.data/build21/r0000101001001001001_0001_wfi09_f158_cal.asdf,wfi09,eval,1,0,0.005597867,1
gwcs,../roman/.data/build21/r0000101001001001001_0001_wfi09_f158_cal.asdf,wfi09,eval,1,1,0.005839363,1
gwcs,../roman/.data/build21/r0000101001001001001_0001_wfi09_f158_cal.asdf,wfi09,eval,1,2,0.004996113,1
gwcs,../roman/.data/build21/r0000101001001001001_0001_wfi09_f158_cal.asdf,wfi09,eval,1,3,0.005400644,1
gwcs,../roman/.data/build21/r0000101001001001001_0001_wfi09_f158_cal.asdf,wfi09,eval,1,4,0.005604272,1
gwcs,../roman/.data/build21/r0000101001001001001_0001_wfi09_f158_cal.asdf,wfi09,eval,1,5,0.005859577,1
gwcs,../roman/.data/build21/r0000101001001001001_0001_wfi09_f158_cal.asdf,wfi09,eval,1,6,0.005174682,1
gwcs,../roman/.data/build21/r0000101001001001001_0001_wfi09_f158_cal.asdf,wfi09,eval,1,7,0.005304054,1
gwcs,../roman/.data/build21/r0000101001001001001_0001_wfi09_f158_cal.asdf,wfi09,eval,1,8,0.004908225,1
gwcs,../roman/.data/build21/r0000101001001001001_0001_wfi09_f158_cal.asdf,wfi09,eval,1,9,0.005198556,1
gwcs,../roman/.data/build21/r0000101001001001001_0001_wfi09_f158_cal.asdf,wfi09,eval,1,10,0.005107069,1
gwcs,../roman/.data/build21/r0000101001001001001_0001_wfi09_f158_cal.asdf,wfi09,eval,1,11,0.005388125,1
gwcs,../roman/.data/build21/r0000101001001001001_0001_wfi09_f158_cal.asdf,wfi09,eval,1,12,0.004979426,1
gwcs,../roman/.data/build21/r0000101001001001001_0001_wfi09_f158_cal.asdf,wfi09,eval,1,13,0.005010419,1
gwcs,../roman/.data/build21/r0000101001001001001_0001_wfi09_f158_cal.asdf,wfi09,eval,1,14,0.005347004,1
gwcs,../roman/.data/build21/r0000101001001001001_0001_wfi09_f158_cal.asdf,wfi09,eval,1,15,0.004897097,1
gwcs,../roman/.data/build21/r0000101001001001001_0001_wfi09_f158_cal.asdf,wfi09,eval,1,16,0.004964060,1
gwcs,../roman/.data/build21/r0000101001001001001_0001_wfi09_f158_cal.asdf,wfi09,eval,1,17,0.005485926,1
gwcs,../roman/.data/build21/r0000101001001001001_0001_wfi09_f158_cal.asdf,wfi09,eval,1,18,0.005297110,1
gwcs,../roman/.data/build21/r0000101001001001001_0001_wfi09_f158_cal.asdf,wfi09,eval,1,19,0.005212546,1
gwcs,../roman/.data/build21/r0000101001001001001_0001_wfi09_f158_cal.asdf,wfi09,eval,1,20,0.005571367,1
gwcs,../roman/.data/build21/r0000101001001001001_0001_wfi09_f158_cal.asdf,wfi09,eval,1,21,0.005409197,1
gwcs,../roman/.data/build21/r0000101001001001001_0001_wfi09_f158_cal.asdf,wfi09,eval,1,22,0.005106380,1
gwcs,../roman/.data/build21/r0000101001001001001_0001_wfi09_f158_cal.asdf,wfi09,eval,1,23,0.005051194,1
gwcs,../roman/.data/build21/r0000101001001001001_0001_wfi09_f158_cal.asdf,wfi09,eval,1,24,0.004917152,1
gwcs,../roman/.data/build21/r0000101001001001001_0001_wfi09_f158_cal.asdf,wfi09,eval,1,25,0.004773769,1
gwcs,../roman/.data/build21/r0000101001001001001_0001_wfi09_f158_cal.asdf,wfi09,eval,1,26,0.004682843,1
gwcs,../roman/.data/build21/r0000101001001001001_0001_wfi09_f158_cal.asdf,wfi09,eval,1,27,0.004879000,1
gwcs,../roman/.data/build21/r0000101001001001001_0001_wfi09_f158_cal.asdf,wfi09,eval,1,28,0.004779955,1
gwcs,../roman/.data/build21/r0000101001001001001_0001_wfi09_f158_cal.asdf,wfi09,eval,1,29,0.004684250,1
gwcs,../roman/.data/build21/r0000101001001001001_0001_wfi09_f158_cal.asdf,wfi09,eval,1,30,0.005275868,1
gwcs,../roman/.data/build21/r0000101001001001001_0001_wfi09_f158_cal.asdf,wfi09,eval,1,31,0.005004364,1
gwcs,../roman/.data/build21/r0000101001001001001_0001_wfi09_f158_cal.asdf,wfi09,eval,1,32,0.005135680,1
gwcs,../roman/.data/build21/r0000101001001001001_0001_wfi09_f158_cal.asdf,wfi09,eval,1,33,0.005387213,1
gwcs,../roman/.data/build21/r0000101001001001001_0001_wfi09_f158_cal.asdf,wfi09,eval,1,34,0.005608507,1
gwcs,../roman/.data/build21/r0000101001001001001_0001_wfi09_f158_cal.asdf,wfi09,eval,1,35,0.004760749,1
gwcs,../roman/.data/build21/r0000101001001001001_0001_wfi09_f158_cal.asdf,wfi09,eval,1,36,0.006088141,1
gwcs,../roman/.data/build21/r0000101001001001001_0001_wfi09_f158_cal.asdf,wfi09,eval,1,37,0.004785568,1
gwcs,../roman/.data/build21/r0000101001001001001_0001_wfi09_f158_cal.asdf,wfi09,eval,1,38,0.004669968,1
gwcs,../roman/.data/build21/r0000101001001001001_0001_wfi09_f158_cal.asdf,wfi09,eval,1,39,0.005554443,1
gwcs,../roman/.data/build21/r0000101001001001001_0001_wfi09_f158_cal.asdf,wfi09,eval,1,40,0.006080371,1
gwcs,../roman/.data/build21/r0000101001001001001_0001_wfi09_f158_cal.asdf,wfi09,eval,1,41,0.004875329,1
gwcs,../roman/.data/build21/r0000101001001001001_0001_wfi09_f158_cal.asdf,wfi09,eval,1,42,0.004991736,1
gwcs,../roman/.data/build21/r0000101001001001001_0001_wfi09_f158_cal.asdf,wfi09,eval,1,43,0.005771945,1
gwcs,../roman/.data/build21/r0000101001001001001_0001_wfi09_f158_cal.asdf,wfi09,eval,1,44,0.005234118,1
gwcs,../roman/.data/build21/r0000101001001001001_0001_wfi09_f158_cal.asdf,wfi09,eval,1,45,0.004882371,1
gwcs,../roman/.data/build21/r0000101001001001001_0001_wfi09_f158_cal.asdf,wfi09,eval,1,46,0.005140886,1
gwcs,../roman/.data/build21/r0000101001001001001_0001_wfi09_f158_cal.asdf,wfi09,eval,1,47,0.004810808,1
gwcs,../roman/.data/build21/r0000101001001001001_0001_wfi09_f158_cal.asdf,wfi09,eval,1,48,0.004689497,1
gwcs,../roman/.data/build21/r0000101001001001001_0001_wfi09_f158_cal.asdf,wfi09,eval,1,49,0.004658369,1
gwcs,../roman/.data/build21/r0000101001001001001_0001_wfi09_f158_cal.asdf,wfi09,eval,1,50,0.004961414,1
gwcs,../roman/.data/build21/r0000101001001001001_0001_wfi09_f158_cal.asdf,wfi09,eval,1,51,0.004734945,1
gwcs,../roman/.data/build21/r0000101001001001001_0001_wfi09_f158_cal.asdf,wfi09,eval,1,52,0.004660870,1
gwcs,../roman/.data/build21/r0000101001001001001_0001_wfi09_f158_cal.asdf,wfi09,eval,1,53,0.006056624,1
gwcs,../roman/.data/build21/r0000101001001001001_0001_wfi09_f158_cal.asdf,wfi09,eval,1,54,0.004992774,1
gwcs,../roman/.data/build21/r0000101001001001001_0001_wfi09_f158_cal.asdf,wfi09,eval,1,55,0.004649428,1
gwcs,../roman/.data/build21/r0000101001001001001_0001_wfi09_f158_cal.asdf,wfi09,eval,1,56,0.005183898,1
gwcs,../roman/.data/build21/r0000101001001001001_0001_wfi09_f158_cal.asdf,wfi09,eval,1,57,0.004756424,1
gwcs,../roman/.data/build21/r0000101001001001001_0001_wfi09_f158_cal.asdf,wfi09,eval,1,58,0.004982881,1
gwcs,../roman/.data/build21/r0000101001001001001_0001_wfi09_f158_cal.asdf,wfi09,eval,1,59,0.005444290,1
gwcs,../roman/.data/build21/r0000101001001001001_0001_wfi09_f158_cal.asdf,wfi09,eval,1,60,0.005253730,1
gwcs,../roman/.data/build21/r0000101001001001001_0001_wfi09_f158_cal.asdf,wfi09,eval,1,61,0.005846187,1
gwcs,../roman/.data/build21/r0000101001001001001_0001_wfi09_f158_cal.asdf,wfi09,eval,1,62,0.006126711,1
gwcs,../roman/.data/build21/r0000101001001001001_0001_wfi09_f158_cal.asdf,wfi09,eval,1,63,0.004913724,1
gwcs,../roman/.data/build21/r0000101001001001001_0001_wfi09_f158_cal.asdf,wfi09,eval,1,64,0.004692165,1
gwcs,../roman/.data/build21/r0000101001001001001_0001_wfi09_f158_cal.asdf,wfi09,eval,1,65,0.006393245,1
gwcs,../roman/.data/build21/r0000101001001001001_0001_wfi09_f158_cal.asdf,wfi09,eval,1,66,0.005385487,1
gwcs,../roman/.data/build21/r0000101001001001001_0001_wfi09_f158_cal.asdf,wfi09,eval,1,67,0.005094396,1
gwcs,../roman/.data/build21/r0000101001001001001_0001_wfi09_f158_cal.asdf,wfi09,eval,1,68,0.006825996,1
gwcs,../roman/.data/build21/r0000101001001001001_0001_wfi09_f158_cal.asdf,wfi09,eval,1,69,0.004770721,1
gwcs,../roman/.data/build21/r0000101001001001001_0001_wfi09_f158_cal.asdf,wfi09,eval,1,70,0.005216572,1
gwcs,../roman/.data/build21/r0000101001001001001_0001_wfi09_f158_cal.asdf,wfi09,eval,1,71,0.005661608,1
gwcs,../roman/.data/build21/r0000101001001001001_0001_wfi09_f158_cal.asdf,wfi09,eval,1,72,0.004832456,1
gwcs,../roman/.data/build21/r0000101001001001001_0001_wfi09_f158_cal.asdf,wfi09,eval,1,73,0.005089881,1
gwcs,../roman/.data/build21/r0000101001001001001_0001_wfi09_f158_cal.asdf,wfi09,eval,1,74,0.004823468,1
gwcs,../roman/.data/build21/r0000101001001001001_0001_wfi09_f158_cal.asdf,wfi09,eval,1,75,0.005278486,1
gwcs,../roman/.data/build21/r0000101001001001001_0001_wfi09_f158_cal.asdf,wfi09,eval,1,76,0.004735178,1
gwcs,../roman/.data/build21/r0000101001001001001_0001_wfi09_f158_cal.asdf,wfi09,eval,1,77,0.004695837,1
gwcs,../roman/.data/build21/r0000101001001001001_0001_wfi09_f158_cal.asdf,wfi09,eval,1,78,0.005382585,1
gwcs,../roman/.data/build21/r0000101001001001001_0001_wfi09_f158_cal.asdf,wfi09,eval,1,79,0.004973821,1
gwcs,../roman/.data/build21/r0000101001001001001_0001_wfi09_f158_cal.asdf,wfi09,eval,1,80,0.004803331,1
gwcs,../roman/.data/build21/r0000101001001001001_0001_wfi09_f158_cal.asdf,wfi09,eval,1,81,0.004757770,1
gwcs,../roman/.data/build21/r0000101001001001001_0001_wfi09_f158_cal.asdf,wfi09,eval,1,82,0.005009952,1
gwcs,../roman/.data/build21/r0000101001001001001_0001_wfi09_f158_cal.asdf,wfi09,eval,1,83,0.004845225,1
gwcs,../roman/.data/build21/r0000101001001001001_0001_wfi09_f158_cal.asdf,wfi09,eval,1,84,0.004676279,1
gwcs,../roman/.data/build21/r0000101001001001001_0001_wfi09_f158_cal.asdf,wfi09,eval,1,85,0.004942632,1
gwcs,../roman/.data/build21/r0000101001001001001_0001_wfi09_f158_cal.asdf,wfi09,eval,1,86,0.005944711,1
gwcs,../roman/.data/build21/r0000101001001001001_0001_wfi09_f158_cal.asdf,wfi09,eval,1,87,0.004721825,1
gwcs,../roman/.data/build21/r0000101001001001001_0001_wfi09_f158_cal.asdf,wfi09,eval,1,88,0.005028149,1
gwcs,../roman/.data/build21/r0000101001001001001_0001_wfi09_f158_cal.asdf,wfi09,eval,1,89,0.004812228,1
gwcs,../roman/.data/build21/r0000101001001001001_0001_wfi09_f158_cal.asdf,wfi09,eval,1,90,0.007394765,1
gwcs,../roman/.data/build21/r0000101001001001001_0001_wfi09_f158_cal.asdf,wfi09,eval,1,91,0.005292914,1
gwcs,../roman/.data/build21/r0000101001001001001_0001_wfi09_f158_cal.asdf,wfi09,eval,1,92,0.005196746,1
gwcs,../roman/.data/build21/r0000101001001001001_0001_wfi09_f158_cal.asdf,wfi09,eval,1,93,0.004697365,1
gwcs,../roman/.data/build21/r0000101001001001001_0001_wfi09_f158_cal.asdf,wfi09,eval,1,94,0.005016955,1
gwcs,../roman/.data/build21/r0000101001001001001_0001_wfi09_f158_cal.asdf,wfi09,eval,1,95,0.004991017,1
gwcs,../roman/.data/build21/r0000101001001001001_0001_wfi09_f158_cal.asdf,wfi09,eval,1,96,0.004979732,1
gwcs,../roman/.data/build21/r0000101001001001001_0001_wfi09_f158_cal.asdf,wfi09,eval,1,97,0.007473382,1
gwcs,../roman/.data/build21/r0000101001001001001_0001_wfi09_f158_cal.asdf,wfi09,eval,1,98,0.005074997,1
gwcs,../roman/.data/build21/r0000101001001001001_0001_wfi09_f158_cal.asdf,wfi09,eval,1,99,0.005217616,1
gwcs,../roman/.data/build21/r0000101001001001001_0001_wfi09_f158_cal.asdf,wfi09,eval,10,0,0.005556486,1
gwcs,../roman/.data/build21/r0000101001001001001_0001_wfi09_f158_cal.asdf,wfi09,eval,10,1,0.005034596,1
gwcs,../roman/.data/build21/r0000101001001001001_0001_wfi09_f158_cal.asdf,wfi09,eval,10,2,0.004829387,1
gwcs,../roman/.data/build21/r0000101001001001001_0001_wfi09_f158_cal.asdf,wfi09,eval,10,3,0.006685729,1
gwcs,../roman/.data/build21/r0000101001001001001_0001_wfi09_f158_cal.asdf,wfi09,eval,10,4,0.005099871,1
gwcs,../roman/.data/build21/r0000101001001001001_0001_wfi09_f158_cal.asdf,wfi09,eval,10,5,0.004996184,1
gwcs,../roman/.data/build21/r0000101001001001001_0001_wfi09_f158_cal.asdf,wfi09,eval,10,6,0.005516505,1
gwcs,../roman/.data/build21/r0000101001001001001_0001_wfi09_f158_cal.asdf,wfi09,eval,10,7,0.005105481,1
gwcs,../roman/.data/build21/r0000101001001001001_0001_wfi09_f158_cal.asdf,wfi09,eval,10,8,0.005190407,1
gwcs,../roman/.data/build21/r0000101001001001001_0001_wfi09_f158_cal.asdf,wfi09,eval,10,9,0.006519515,1
gwcs,../roman/.data/build21/r0000101001001001001_0001_wfi09_f158_cal.asdf,wfi09,eval,10,10,0.006069927,1
gwcs,../roman/.data/build21/r0000101001001001001_0001_wfi09_f158_cal.asdf,wfi09,eval,10,11,0.005630095,1
gwcs,../roman/.data/build21/r0000101001001001001_0001_wfi09_f158_cal.asdf,wfi09,eval,10,12,0.007562253,1
gwcs,../roman/.data/build21/r0000101001001001001_0001_wfi09_f158_cal.asdf,wfi09,eval,10,13,0.006429720,1
gwcs,../roman/.data/build21/r0000101001001001001_0001_wfi09_f158_cal.asdf,wfi09,eval,10,14,0.004958178,1
gwcs,../roman/.data/build21/r0000101001001001001_0001_wfi09_f158_cal.asdf,wfi09,eval,10,15,0.006582767,1
gwcs,../roman/.data/build21/r0000101001001001001_0001_wfi09_f158_cal.asdf,wfi09,eval,10,16,0.006005602,1
gwcs,../roman/.data/build21/r0000101001001001001_0001_wfi09_f158_cal.asdf,wfi09,eval,10,17,0.004868817,1
gwcs,../roman/.data/build21/r0000101001001001001_0001_wfi09_f158_cal.asdf,wfi09,eval,10,18,0.005009973,1
gwcs,../roman/.data/build21/r0000101001001001001_0001_wfi09_f158_cal.asdf,wfi09,eval,10,19,0.005666618,1
gwcs,../roman/.data/build21/r0000101001001001001_0001_wfi09_f158_cal.asdf,wfi09,eval,10,20,0.007414004,1
gwcs,../roman/.data/build21/r0000101001001001001_0001_wfi09_f158_cal.asdf,wfi09,eval,10,21,0.004950238,1
gwcs,../roman/.data/build21/r0000101001001001001_0001_wfi09_f158_cal.asdf,wfi09,eval,10,22,0.005243810,1
gwcs,../roman/.data/build21/r0000101001001001001_0001_wfi09_f158_cal.asdf,wfi09,eval,10,23,0.004792129,1
gwcs,../roman/.data/build21/r0000101001001001001_0001_wfi09_f158_cal.asdf,wfi09,eval,10,24,0.005080172,1
gwcs,../roman/.data/build21/r0000101001001001001_0001_wfi09_f158_cal.asdf,wfi09,eval,10,25,0.006040033,1
gwcs,../roman/.data/build21/r0000101001001001001_0001_wfi09_f158_cal.asdf,wfi09,eval,10,26,0.005201691,1
gwcs,../roman/.data/build21/r0000101001001001001_0001_wfi09_f158_cal.asdf,wfi09,eval,10,27,0.005436077,1
gwcs,../roman/.data/build21/r0000101001001001001_0001_wfi09_f158_cal.asdf,wfi09,eval,10,28,0.007073211,1
gwcs,../roman/.data/build21/r0000101001001001001_0001_wfi09_f158_cal.asdf,wfi09,eval,10,29,0.005109794,1
gwcs,../roman/.data/build21/r0000101001001001001_0001_wfi09_f158_cal.asdf,wfi09,eval,10,30,0.004948824,1
gwcs,../roman/.data/build21/r0000101001001001001_0001_wfi09_f158_cal.asdf,wfi09,eval,10,31,0.005038567,1
gwcs,../roman/.data/build21/r0000101001001001001_0001_wfi09_f158_cal.asdf,wfi09,eval,10,32,0.004887067,1
gwcs,../roman/.data/build21/r0000101001001001001_0001_wfi09_f158_cal.asdf,wfi09,eval,10,33,0.004953329,1
gwcs,../roman/.data/build21/r0000101001001001001_0001_wfi09_f158_cal.asdf,wfi09,eval,10,34,0.004905469,1
gwcs,../roman/.data/build21/r0000101001001001001_0001_wfi09_f158_cal.asdf,wfi09,eval,10,35,0.004914464,1
gwcs,../roman/.data/build21/r0000101001001001001_0001_wfi09_f158_cal.asdf,wfi09,eval,10,36,0.004899530,1
gwcs,../roman/.data/build21/r0000101001001001001_0001_wfi09_f158_cal.asdf,wfi09,eval,10,37,0.006021729,1
gwcs,../roman/.data/build21/r0000101001001001001_0001_wfi09_f158_cal.asdf,wfi09,eval,10,38,0.005016747,1
gwcs,../roman/.data/build21/r0000101001001001001_0001_wfi09_f158_cal.asdf,wfi09,eval,10,39,0.004782541,1
gwcs,../roman/.data/build21/r0000101001001001001_0001_wfi09_f158_cal.asdf,wfi09,eval,10,40,0.005366971,1
gwcs,../roman/.data/build21/r0000101001001001001_0001_wfi09_f158_cal.asdf,wfi09,eval,10,41,0.005038094,1
gwcs,../roman/.data/build21/r0000101001001001001_0001_wfi09_f158_cal.asdf,wfi09,eval,10,42,0.005312789,1
gwcs,../roman/.data/build21/r0000101001001001001_0001_wfi09_f158_cal.asdf,wfi09,eval,10,43,0.005173112,1
gwcs,../roman/.data/build21/r0000101001001001001_0001_wfi09_f158_cal.asdf,wfi09,eval,10,44,0.006167913,1
gwcs,../roman/.data/build21/r0000101001001001001_0001_wfi09_f158_cal.asdf,wfi09,eval,10,45,0.005127761,1
gwcs,../roman/.data/build21/r0000101001001001001_0001_wfi09_f158_cal.asdf,wfi09,eval,10,46,0.004913289,1
gwcs,../roman/.data/build21/r0000101001001001001_0001_wfi09_f158_cal.asdf,wfi09,eval,10,47,0.005687457,1
gwcs,../roman/.data/build21/r0000101001001001001_0001_wfi09_f158_cal.asdf,wfi09,eval,10,48,0.005199968,1
gwcs,../roman/.data/build21/r0000101001001001001_0001_wfi09_f158_cal.asdf,wfi09,eval,10,49,0.004944273,1
gwcs,../roman/.data/build21/r0000101001001001001_0001_wfi09_f158_cal.asdf,wfi09,eval,10,50,0.004985215,1
gwcs,../roman/.data/build21/r0000101001001001001_0001_wfi09_f158_cal.asdf,wfi09,eval,10,51,0.006528962,1
gwcs,../roman/.data/build21/r0000101001001001001_0001_wfi09_f158_cal.asdf,wfi09,eval,10,52,0.005017361,1
gwcs,../roman/.data/build21/r0000101001001001001_0001_wfi09_f158_cal.asdf,wfi09,eval,10,53,0.004830275,1
gwcs,../roman/.data/build21/r0000101001001001001_0001_wfi09_f158_cal.asdf,wfi09,eval,10,54,0.005044543,1
gwcs,../roman/.data/build21/r0000101001001001001_0001_wfi09_f158_cal.asdf,wfi09,eval,10,55,0.004848181,1
gwcs,../roman/.data/build21/r0000101001001001001_0001_wfi09_f158_cal.asdf,wfi09,eval,10,56,0.004912321,1
gwcs,../roman/.data/build21/r0000101001001001001_0001_wfi09_f158_cal.asdf,wfi09,eval,10,57,0.005311752,1
gwcs,../roman/.data/build21/r0000101001001001001_0001_wfi09_f158_cal.asdf,wfi09,eval,10,58,0.004845372,1
gwcs,../roman/.data/build21/r0000101001001001001_0001_wfi09_f158_cal.asdf,wfi09,eval,10,59,0.004857311,1
gwcs,../roman/.data/build21/r0000101001001001001_0001_wfi09_f158_cal.asdf,wfi09,eval,10,60,0.006023456,1
gwcs,../roman/.data/build21/r0000101001001001001_0001_wfi09_f158_cal.asdf,wfi09,eval,10,61,0.005133263,1
gwcs,../roman/.data/build21/r0000101001001001001_0001_wfi09_f158_cal.asdf,wfi09,eval,10,62,0.005211334,1
gwcs,../roman/.data/build21/r0000101001001001001_0001_wfi09_f158_cal.asdf,wfi09,eval,10,63,0.004882777,1
gwcs,../roman/.data/build21/r0000101001001001001_0001_wfi09_f158_cal.asdf,wfi09,eval,10,64,0.006341679,1
gwcs,../roman/.data/build21/r0000101001001001001_0001_wfi09_f158_cal.asdf,wfi09,eval,10,65,0.005121291,1
gwcs,../roman/.data/build21/r0000101001001001001_0001_wfi09_f158_cal.asdf,wfi09,eval,10,66,0.006545671,1
gwcs,../roman/.data/build21/r0000101001001001001_0001_wfi09_f158_cal.asdf,wfi09,eval,10,67,0.007886864,1
gwcs,../roman/.data/build21/r0000101001001001001_0001_wfi09_f158_cal.asdf,wfi09,eval,10,68,0.004821819,1
gwcs,../roman/.data/build21/r0000101001001001001_0001_wfi09_f158_cal.asdf,wfi09,eval,10,69,0.005324763,1
gwcs,../roman/.data/build21/r0000101001001001001_0001_wfi09_f158_cal.asdf,wfi09,eval,10,70,0.007601094,1
gwcs,../roman/.data/build21/r0000101001001001001_0001_wfi09_f158_cal.asdf,wfi09,eval,10,71,0.004820310,1
gwcs,../roman/.data/build21/r0000101001001001001_0001_wfi09_f158_cal.asdf,wfi09,eval,10,72,0.004847178,1
gwcs,../roman/.data/build21/r0000101001001001001_0001_wfi09_f158_cal.asdf,wfi09,eval,10,73,0.007173598,1
gwcs,../roman/.data/build21/r0000101001001001001_0001_wfi09_f158_cal.asdf,wfi09,eval,10,74,0.005128465,1
gwcs,../roman/.data/build21/r0000101001001001001_0001_wfi09_f158_cal.asdf,wfi09,eval,10,75,0.005217422,1
gwcs,../roman/.data/build21/r0000101001001001001_0001_wfi09_f158_cal.asdf,wfi09,eval,10,76,0.005349974,1
gwcs,../roman/.data/build21/r0000101001001001001_0001_wfi09_f158_cal.asdf,wfi09,eval,10,77,0.005003870,1
gwcs,../roman/.data/build21/r0000101001001001001_0001_wfi09_f158_cal.asdf,wfi09,eval,10,78,0.005096802,1
gwcs,../roman/.data/build21/r0000101001001001001_0001_wfi09_f158_cal.asdf,wfi09,eval,10,79,0.009781200,1
gwcs,../roman/.data/build21/r0000101001001001001_0001_wfi09_f158_cal.asdf,wfi09,eval,10,80,0.005589845,1
gwcs,../roman/.data/build21/r0000101001001001001_0001_wfi09_f158_cal.asdf,wfi09,eval,10,81,0.005378529,1
gwcs,../roman/.data/build21/r0000101001001001001_0001_wfi09_f158_cal.asdf,wfi09,eval,10,82,0.005051563,1
gwcs,../roman/.data/build21/r0000101001001001001_0001_wfi09_f158_cal.asdf,wfi09,eval,10,83,0.005137194,1
gwcs,../roman/.data/build21/r0000101001001001001_0001_wfi09_f158_cal.asdf,wfi09,eval,10,84,0.007111644,1
gwcs,../roman/.data/build21/r0000101001001001001_0001_wfi09_f158_cal.asdf,wfi09,eval,10,85,0.006554506,1
gwcs,../roman/.data/build21/r0000101001001001001_0001_wfi09_f158_cal.asdf,wfi09,eval,10,86,0.005364396,1
gwcs,../roman/.data/build21/r0000101001001001001_0001_wfi09_f158_cal.asdf,wfi09,eval,10,87,0.005208547,1
gwcs,../roman/.data/build21/r0000101001001001001_0001_wfi09_f158_cal.asdf,wfi09,eval,10,88,0.005476642,1
gwcs,../roman/.data/build21/r0000101001001001001_0001_wfi09_f158_cal.asdf,wfi09,eval,10,89,0.005598144,1
gwcs,../roman/.data/build21/r0000101001001001001_0001_wfi09_f158_cal.asdf,wfi09,eval,10,90,0.007176250,1
gwcs,../roman/.data/build21/r0000101001001001001_0001_wfi09_f158_cal.asdf,wfi09,eval,10,91,0.006156346,1
gwcs,../roman/.data/build21/r0000101001001001001_0001_wfi09_f158_cal.asdf,wfi09,eval,10,92,0.005054898,1
gwcs,../roman/.data/build21/r0000101001001001001_0001_wfi09_f158_cal.asdf,wfi09,eval,10,93,0.006067962,1
gwcs,../roman/.data/build21/r0000101001001001001_0001_wfi09_f158_cal.asdf,wfi09,eval,10,94,0.005319251,1
gwcs,../roman/.data/build21/r0000101001001001001_0001_wfi09_f158_cal.asdf,wfi09,eval,10,95,0.005135419,1
gwcs,../roman/.data/build21/r0000101001001001001_0001_wfi09_f158_cal.asdf,wfi09,eval,10,96,0.005338540,1
gwcs,../roman/.data/build21/r0000101001001001001_0001_wfi09_f158_cal.asdf,wfi09,eval,10,97,0.005148859,1
gwcs,../roman/.data/build21/r0000101001001001001_0001_wfi09_f158_cal.asdf,wfi09,eval,10,98,0.004870783,1
gwcs,../roman/.data/build21/r0000101001001001001_0001_wfi09_f158_cal.asdf,wfi09,eval,10,99,0.004915726,1
gwcs,../roman/.data/build21/r0000101001001001001_0001_wfi09_f158_cal.asdf,wfi09,eval,100,0,0.005530468,1
gwcs,../roman/.data/build21/r0000101001001001001_0001_wfi09_f158_cal.asdf,wfi09,eval,100,1,0.005205093,1
gwcs,../roman/.data/build21/r0000101001001001001_0001_wfi09_f158_cal.asdf,wfi09,eval,100,2,0.005018669,1
gwcs,../roman/.data/build21/r0000101001001001001_0001_wfi09_f158_cal.asdf,wfi09,eval,100,3,0.005606735,1
gwcs,../roman/.data/build21/r0000101001001001001_0001_wfi09_f158_cal.asdf,wfi09,eval,100,4,0.005172604,1
gwcs,../roman/.data/build21/r0000101001001001001_0001_wfi09_f158_cal.asdf,wfi09,eval,100,5,0.005086753,1
gwcs,../roman/.data/build21/r0000101001001001001_0001_wfi09_f158_cal.asdf,wfi09,eval,100,6,0.007057982,1
gwcs,../roman/.data/build21/r0000101001001001001_0001_wfi09_f158_cal.asdf,wfi09,eval,100,7,0.006256907,1
gwcs,../roman/.data/build21/r0000101001001001001_0001_wfi09_f158_cal.asdf,wfi09,eval,100,8,0.006090008,1
gwcs,../roman/.data/build21/r0000101001001001001_0001_wfi09_f158_cal.asdf,wfi09,eval,100,9,0.005332325,1
gwcs,../roman/.data/build21/r0000101001001001001_0001_wfi09_f158_cal.asdf,wfi09,eval,100,10,0.005381684,1
gwcs,../roman/.data/build21/r0000101001001001001_0001_wfi09_f158_cal.asdf,wfi09,eval,100,11,0.005494203,1
gwcs,../roman/.data/build21/r0000101001001001001_0001_wfi09_f158_cal.asdf,wfi09,eval,100,12,0.005191510,1
gwcs,../roman/.data/build21/r0000101001001001001_0001_wfi09_f158_cal.asdf,wfi09,eval,100,13,0.005034208,1
gwcs,../roman/.data/build21/r0000101001001001001_0001_wfi09_f158_cal.asdf,wfi09,eval,100,14,0.005097860,1
gwcs,../roman/.data/build21/r0000101001001001001_0001_wfi09_f158_cal.asdf,wfi09,eval,100,15,0.006506976,1
gwcs,../roman/.data/build21/r0000101001001001001_0001_wfi09_f158_cal.asdf,wfi09,eval,100,16,0.005015856,1
gwcs,../roman/.data/build21/r0000101001001001001_0001_wfi09_f158_cal.asdf,wfi09,eval,100,17,0.005177541,1
gwcs,../roman/.data/build21/r0000101001001001001_0001_wfi09_f158_cal.asdf,wfi09,eval,100,18,0.007073092,1
gwcs,../roman/.data/build21/r0000101001001001001_0001_wfi09_f158_cal.asdf,wfi09,eval,100,19,0.005061514,1
gwcs,../roman/.data/build21/r0000101001001001001_0001_wfi09_f158_cal.asdf,wfi09,eval,100,20,0.005067301,1
gwcs,../roman/.data/build21/r0000101001001001001_0001_wfi09_f158_cal.asdf,wfi09,eval,100,21,0.006773976,1
gwcs,../roman/.data/build21/r0000101001001001001_0001_wfi09_f158_cal.asdf,wfi09,eval,100,22,0.004990501,1
gwcs,../roman/.data/build21/r0000101001001001001_0001_wfi09_f158_cal.asdf,wfi09,eval,100,23,0.004974307,1
gwcs,../roman/.data/build21/r0000101001001001001_0001_wfi09_f158_cal.asdf,wfi09,eval,100,24,0.006746779,1
gwcs,../roman/.data/build21/r0000101001001001001_0001_wfi09_f158_cal.asdf,wfi09,eval,100,25,0.004969085,1
gwcs,../roman/.data/build21/r0000101001001001001_0001_wfi09_f158_cal.asdf,wfi09,eval,100,26,0.005407729,1
gwcs,../roman/.data/build21/r0000101001001001001_0001_wfi09_f158_cal.asdf,wfi09,eval,100,27,0.005027246,1
gwcs,../roman/.data/build21/r0000101001001001001_0001_wfi09_f158_cal.asdf,wfi09,eval,100,28,0.004923952,1
gwcs,../roman/.data/build21/r0000101001001001001_0001_wfi09_f158_cal.asdf,wfi09,eval,100,29,0.004977922,1
gwcs,../roman/.data/build21/r0000101001001001001_0001_wfi09_f158_cal.asdf,wfi09,eval,100,30,0.005724420,1
gwcs,../roman/.data/build21/r0000101001001001001_0001_wfi09_f158_cal.asdf,wfi09,eval,100,31,0.005201628,1
gwcs,../roman/.data/build21/r0000101001001001001_0001_wfi09_f158_cal.asdf,wfi09,eval,100,32,0.005092506,1
gwcs,../roman/.data/build21/r0000101001001001001_0001_wfi09_f158_cal.asdf,wfi09,eval,100,33,0.006319103,1
gwcs,../roman/.data/build21/r0000101001001001001_0001_wfi09_f158_cal.asdf,wfi09,eval,100,34,0.005309302,1
gwcs,../roman/.data/build21/r0000101001001001001_0001_wfi09_f158_cal.asdf,wfi09,eval,100,35,0.009814313,1
gwcs,../roman/.data/build21/r0000101001001001001_0001_wfi09_f158_cal.asdf,wfi09,eval,100,36,0.005107082,1
gwcs,../roman/.data/build21/r0000101001001001001_0001_wfi09_f158_cal.asdf,wfi09,eval,100,37,0.005209314,1
gwcs,../roman/.data/build21/r0000101001001001001_0001_wfi09_f158_cal.asdf,wfi09,eval,100,38,0.004993558,1
gwcs,../roman/.data/build21/r0000101001001001001_0001_wfi09_f158_cal.asdf,wfi09,eval,100,39,0.005397750,1
gwcs,../roman/.data/build21/r0000101001001001001_0001_wfi09_f158_cal.asdf,wfi09,eval,100,40,0.005114968,1
gwcs,../roman/.data/build21/r0000101001001001001_0001_wfi09_f158_cal.asdf,wfi09,eval,100,41,0.005361451,1
gwcs,../roman/.data/build21/r0000101001001001001_0001_wfi09_f158_cal.asdf,wfi09,eval,100,42,0.006051012,1
gwcs,../roman/.data/build21/r0000101001001001001_0001_wfi09_f158_cal.asdf,wfi09,eval,100,43,0.005172080,1
gwcs,../roman/.data/build21/r0000101001001001001_0001_wfi09_f158_cal.asdf,wfi09,eval,100,44,0.004933893,1
gwcs,../roman/.data/build21/r0000101001001001001_0001_wfi09_f158_cal.asdf,wfi09,eval,100,45,0.006082764,1
gwcs,../roman/.data/build21/r0000101001001001001_0001_wfi09_f158_cal.asdf,wfi09,eval,100,46,0.004925052,1
gwcs,../roman/.data/build21/r0000101001001001001_0001_wfi09_f158_cal.asdf,wfi09,eval,100,47,0.004896515,1
gwcs,../roman/.data/build21/r0000101001001001001_0001_wfi09_f158_cal.asdf,wfi09,eval,100,48,0.006035807,1
gwcs,../roman/.data/build21/r0000101001001001001_0001_wfi09_f158_cal.asdf,wfi09,eval,100,49,0.004971233,1
gwcs,../roman/.data/build21/r0000101001001001001_0001_wfi09_f158_cal.asdf,wfi09,eval,1000,0,0.006999134,1
gwcs,../roman/.data/build21/r0000101001001001001_0001_wfi09_f158_cal.asdf,wfi09,eval,1000,1,0.007407075,1
gwcs,../roman/.data/build21/r0000101001001001001_0001_wfi09_f158_cal.asdf,wfi09,eval,1000,2,0.005799960,1
gwcs,../roman/.data/build21/r0000101001001001001_0001_wfi09_f158_cal.asdf,wfi09,eval,1000,3,0.005868419,1
gwcs,../roman/.data/build21/r0000101001001001001_0001_wfi09_f158_cal.asdf,wfi09,eval,1000,4,0.005278368,1
gwcs,../roman/.data/build21/r0000101001001001001_0001_wfi09_f158_cal.asdf,wfi09,eval,1000,5,0.005293106,1
gwcs,../roman/.data/build21/r0000101001001001001_0001_wfi09_f158_cal.asdf,wfi09,eval,1000,6,0.005699917,1
gwcs,../roman/.data/build21/r0000101001001001001_0001_wfi09_f158_cal.asdf,wfi09,eval,1000,7,0.005395911,1
gwcs,../roman/.data/build21/r0000101001001001001_0001_wfi09_f158_cal.asdf,wfi09,eval,1000,8,0.005234096,1
gwcs,../roman/.data/build21/r0000101001001001001_0001_wfi09_f158_cal.asdf,wfi09,eval,1000,9,0.006469939,1
gwcs,../roman/.data/build21/r0000101001001001001_0001_wfi09_f158_cal.asdf,wfi09,eval,1000,10,0.006056988,1
gwcs,../roman/.data/build21/r0000101001001001001_0001_wfi09_f158_cal.asdf,wfi09,eval,1000,11,0.005624752,1
gwcs,../roman/.data/build21/r0000101001001001001_0001_wfi09_f158_cal.asdf,wfi09,eval,1000,12,0.006870486,1
gwcs,../roman/.data/build21/r0000101001001001001_0001_wfi09_f158_cal.asdf,wfi09,eval,1000,13,0.006175091,1
gwcs,../roman/.data/build21/r0000101001001001001_0001_wfi09_f158_cal.asdf,wfi09,eval,1000,14,0.009463220,1
gwcs,../roman/.data/build21/r0000101001001001001_0001_wfi09_f158_cal.asdf,wfi09,eval,1000,15,0.005363587,1
gwcs,../roman/.data/build21/r0000101001001001001_0001_wfi09_f158_cal.asdf,wfi09,eval,1000,16,0.005329934,1
gwcs,../roman/.data/build21/r0000101001001001001_0001_wfi09_f158_cal.asdf,wfi09,eval,1000,17,0.006113460,1
gwcs,../roman/.data/build21/r0000101001001001001_0001_wfi09_f158_cal.asdf,wfi09,eval,1000,18,0.005529447,1
gwcs,../roman/.data/build21/r0000101001001001001_0001_wfi09_f158_cal.asdf,wfi09,eval,1000,19,0.005524784,1
gwcs,../roman/.data/build21/r0000101001001001001_0001_wfi09_f158_cal.asdf,wfi09,eval,10000,0,0.010014588,1
gwcs,../roman/.data/build21/r0000101001001001001_0001_wfi09_f158_cal.asdf,wfi09,eval,10000,1,0.008786581,1
gwcs,../roman/.data/build21/r0000101001001001001_0001_wfi09_f158_cal.asdf,wfi09,eval,10000,2,0.009736571,1
gwcs,../roman/.data/build21/r0000101001001001001_0001_wfi09_f158_cal.asdf,wfi09,eval,10000,3,0.008855087,1
gwcs,../roman/.data/build21/r0000101001001001001_0001_wfi09_f158_cal.asdf,wfi09,eval,10000,4,0.008631123,1
gwcs,../roman/.data/build21/r0000101001001001001_0001_wfi09_f158_cal.asdf,wfi09,eval,10000,5,0.009006976,1
gwcs,../roman/.data/build21/r0000101001001001001_0001_wfi09_f158_cal.asdf,wfi09,eval,10000,6,0.008314786,1
gwcs,../roman/.data/build21/r0000101001001001001_0001_wfi09_f158_cal.asdf,wfi09,eval,10000,7,0.008662374,1
gwcs,../roman/.data/build21/r0000101001001001001_0001_wfi09_f158_cal.asdf,wfi09,eval,10000,8,0.008240413,1
gwcs,../roman/.data/build21/r0000101001001001001_0001_wfi09_f158_cal.asdf,wfi09,eval,10000,9,0.009829652,1
gwcs,../roman/.data/build21/r0000101001001001001_0001_wfi09_f158_cal.asdf,wfi09,eval,100000,0,0.045833527,1
gwcs,../roman/.data/build21/r0000101001001001001_0001_wfi09_f158_cal.asdf,wfi09,eval,100000,1,0.049128598,1
gwcs,../roman/.data/build21/r0000101001001001001_0001_wfi09_f158_cal.asdf,wfi09,eval,100000,2,0.039596847,1
gwcs,../roman/.data/build21/r0000101001001001001_0001_wfi09_f158_cal.asdf,wfi09,eval,100000,3,0.040587074,1
gwcs,../roman/.data/build21/r0000101001001001001_0001_wfi09_f158_cal.asdf,wfi09,eval,100000,4,0.045980637,1
gwcs,../roman/.data/build21/r0000101001001001001_0001_wfi09_f158_cal.asdf,wfi09,eval,1000000,0,0.427287846,1
gwcs,../roman/.data/build21/r0000101001001001001_0001_wfi09_f158_cal.asdf,wfi09,eval,1000000,1,0.411311922,1
gwcs,../roman/.data/build21/r0000101001001001001_0001_wfi09_f158_cal.asdf,wfi09,eval,1000000,2,0.408097797,1
gwcs,../roman/.data/build21/r0000101001001001001_0001_wfi09_f158_cal.asdf,wfi09,eval,10000000,0,4.131010524,1
gwcs,../roman/.data/build21/r0000101001001001001_0001_wfi09_f158_cal.asdf,wfi09,eval,10000000,1,4.237125498,1
gwcs,../roman/.data/build21/r0000101001001001001_0001_wfi09_f158_cal.asdf,wfi09,eval,16711744,0,6.895426132,1
gwcs,../roman/.data/build21/r0000101001001001001_0001_wfi09_f158_cal.asdf,wfi09,eval,16711744,1,6.915210339,1
gwcs,../roman/.data/build21/r0000101001001001001_0001_wfi10_f158_cal.asdf,wfi10,parse_cold,0,0,0.794153688,1
gwcs,../roman/.data/build21/r0000101001001001001_0001_wfi10_f158_cal.asdf,wfi10,parse_hot,0,0,0.545588270,1
gwcs,../roman/.data/build21/r0000101001001001001_0001_wfi10_f158_cal.asdf,wfi10,eval,1,0,0.006124240,1
gwcs,../roman/.data/build21/r0000101001001001001_0001_wfi10_f158_cal.asdf,wfi10,eval,1,1,0.004898332,1
gwcs,../roman/.data/build21/r0000101001001001001_0001_wfi10_f158_cal.asdf,wfi10,eval,1,2,0.005116422,1
gwcs,../roman/.data/build21/r0000101001001001001_0001_wfi10_f158_cal.asdf,wfi10,eval,1,3,0.004787287,1
gwcs,../roman/.data/build21/r0000101001001001001_0001_wfi10_f158_cal.asdf,wfi10,eval,1,4,0.004875657,1
gwcs,../roman/.data/build21/r0000101001001001001_0001_wfi10_f158_cal.asdf,wfi10,eval,1,5,0.005062301,1
gwcs,../roman/.data/build21/r0000101001001001001_0001_wfi10_f158_cal.asdf,wfi10,eval,1,6,0.004823696,1
gwcs,../roman/.data/build21/r0000101001001001001_0001_wfi10_f158_cal.asdf,wfi10,eval,1,7,0.004650205,1
gwcs,../roman/.data/build21/r0000101001001001001_0001_wfi10_f158_cal.asdf,wfi10,eval,1,8,0.005822215,1
gwcs,../roman/.data/build21/r0000101001001001001_0001_wfi10_f158_cal.asdf,wfi10,eval,1,9,0.004846404,1
gwcs,../roman/.data/build21/r0000101001001001001_0001_wfi10_f158_cal.asdf,wfi10,eval,1,10,0.004706809,1
gwcs,../roman/.data/build21/r0000101001001001001_0001_wfi10_f158_cal.asdf,wfi10,eval,1,11,0.006229399,1
gwcs,../roman/.data/build21/r0000101001001001001_0001_wfi10_f158_cal.asdf,wfi10,eval,1,12,0.005181536,1
gwcs,../roman/.data/build21/r0000101001001001001_0001_wfi10_f158_cal.asdf,wfi10,eval,1,13,0.005008729,1
gwcs,../roman/.data/build21/r0000101001001001001_0001_wfi10_f158_cal.asdf,wfi10,eval,1,14,0.005680403,1
gwcs,../roman/.data/build21/r0000101001001001001_0001_wfi10_f158_cal.asdf,wfi10,eval,1,15,0.005478649,1
gwcs,../roman/.data/build21/r0000101001001001001_0001_wfi10_f158_cal.asdf,wfi10,eval,1,16,0.004873969,1
gwcs,../roman/.data/build21/r0000101001001001001_0001_wfi10_f158_cal.asdf,wfi10,eval,1,17,0.005704297,1
gwcs,../roman/.data/build21/r0000101001001001001_0001_wfi10_f158_cal.asdf,wfi10,eval,1,18,0.005329023,1
gwcs,../roman/.data/build21/r0000101001001001001_0001_wfi10_f158_cal.asdf,wfi10,eval,1,19,0.004740384,1
gwcs,../roman/.data/build21/r0000101001001001001_0001_wfi10_f158_cal.asdf,wfi10,eval,1,20,0.006201819,1
gwcs,../roman/.data/build21/r0000101001001001001_0001_wfi10_f158_cal.asdf,wfi10,eval,1,21,0.005006750,1
gwcs,../roman/.data/build21/r0000101001001001001_0001_wfi10_f158_cal.asdf,wfi10,eval,1,22,0.004709465,1
gwcs,../roman/.data/build21/r0000101001001001001_0001_wfi10_f158_cal.asdf,wfi10,eval,1,23,0.004646145,1
gwcs,../roman/.data/build21/r0000101001001001001_0001_wfi10_f158_cal.asdf,wfi10,eval,1,24,0.006830929,1
gwcs,../roman/.data/build21/r0000101001001001001_0001_wfi10_f158_cal.asdf,wfi10,eval,1,25,0.005014622,1
gwcs,../roman/.data/build21/r0000101001001001001_0001_wfi10_f158_cal.asdf,wfi10,eval,1,26,0.005390259,1
gwcs,../roman/.data/build21/r0000101001001001001_0001_wfi10_f158_cal.asdf,wfi10,eval,1,27,0.006005844,1
gwcs,../roman/.data/build21/r0000101001001001001_0001_wfi10_f158_cal.asdf,wfi10,eval,1,28,0.005926652,1
gwcs,../roman/.data/build21/r0000101001001001001_0001_wfi10_f158_cal.asdf,wfi10,eval,1,29,0.005000984,1
gwcs,../roman/.data/build21/r0000101001001001001_0001_wfi10_f158_cal.asdf,wfi10,eval,1,30,0.005238059,1
gwcs,../roman/.data/build21/r0000101001001001001_0001_wfi10_f158_cal.asdf,wfi10,eval,1,31,0.004817083,1
gwcs,../roman/.data/build21/r0000101001001001001_0001_wfi10_f158_cal.asdf,wfi10,eval,1,32,0.004648627,1
gwcs,../roman/.data/build21/r0000101001001001001_0001_wfi10_f158_cal.asdf,wfi10,eval,1,33,0.004751973,1
gwcs,../roman/.data/build21/r0000101001001001001_0001_wfi10_f158_cal.asdf,wfi10,eval,1,34,0.005630730,1
gwcs,../roman/.data/build21/r0000101001001001001_0001_wfi10_f158_cal.asdf,wfi10,eval,1,35,0.004920833,1
gwcs,../roman/.data/build21/r0000101001001001001_0001_wfi10_f158_cal.asdf,wfi10,eval,1,36,0.005022264,1
gwcs,../roman/.data/build21/r0000101001001001001_0001_wfi10_f158_cal.asdf,wfi10,eval,1,37,0.005747761,1
gwcs,../roman/.data/build21/r0000101001001001001_0001_wfi10_f158_cal.asdf,wfi10,eval,1,38,0.005342833,1
gwcs,../roman/.data/build21/r0000101001001001001_0001_wfi10_f158_cal.asdf,wfi10,eval,1,39,0.005197129,1
gwcs,../roman/.data/build21/r0000101001001001001_0001_wfi10_f158_cal.asdf,wfi10,eval,1,40,0.006024851,1
gwcs,../roman/.data/build21/r0000101001001001001_0001_wfi10_f158_cal.asdf,wfi10,eval,1,41,0.004736557,1
gwcs,../roman/.data/build21/r0000101001001001001_0001_wfi10_f158_cal.asdf,wfi10,eval,1,42,0.004946406,1
gwcs,../roman/.data/build21/r0000101001001001001_0001_wfi10_f158_cal.asdf,wfi10,eval,1,43,0.005892710,1
gwcs,../roman/.data/build21/r0000101001001001001_0001_wfi10_f158_cal.asdf,wfi10,eval,1,44,0.004723360,1
gwcs,../roman/.data/build21/r0000101001001001001_0001_wfi10_f158_cal.asdf,wfi10,eval,1,45,0.004678555,1
gwcs,../roman/.data/build21/r0000101001001001001_0001_wfi10_f158_cal.asdf,wfi10,eval,1,46,0.006691799,1
gwcs,../roman/.data/build21/r0000101001001001001_0001_wfi10_f158_cal.asdf,wfi10,eval,1,47,0.004694236,1
gwcs,../roman/.data/build21/r0000101001001001001_0001_wfi10_f158_cal.asdf,wfi10,eval,1,48,0.004619931,1
gwcs,../roman/.data/build21/r0000101001001001001_0001_wfi10_f158_cal.asdf,wfi10,eval,1,49,0.005266455,1
gwcs,../roman/.data/build21/r0000101001001001001_0001_wfi10_f158_cal.asdf,wfi10,eval,1,50,0.004773974,1
gwcs,../roman/.data/build21/r0000101001001001001_0001_wfi10_f158_cal.asdf,wfi10,eval,1,51,0.004613312,1
gwcs,../roman/.data/build21/r0000101001001001001_0001_wfi10_f158_cal.asdf,wfi10,eval,1,52,0.005135808,1
gwcs,../roman/.data/build21/r0000101001001001001_0001_wfi10_f158_cal.asdf,wfi10,eval,1,53,0.005022747,1
gwcs,../roman/.data/build21/r0000101001001001001_0001_wfi10_f158_cal.asdf,wfi10,eval,1,54,0.004646776,1
gwcs,../roman/.data/build21/r0000101001001001001_0001_wfi10_f158_cal.asdf,wfi10,eval,1,55,0.004908122,1
gwcs,../roman/.data/build21/r0000101001001001001_0001_wfi10_f158_cal.asdf,wfi10,eval,1,56,0.004890963,1
gwcs,../roman/.data/build21/r0000101001001001001_0001_wfi10_f158_cal.asdf,wfi10,eval,1,57,0.004640946,1
gwcs,../roman/.data/build21/r0000101001001001001_0001_wfi10_f158_cal.asdf,wfi10,eval,1,58,0.004673800,1
gwcs,../roman/.data/build21/r0000101001001001001_0001_wfi10_f158_cal.asdf,wfi10,eval,1,59,0.005098988,1
gwcs,../roman/.data/build21/r0000101001001001001_0001_wfi10_f158_cal.asdf,wfi10,eval,1,60,0.004957305,1
gwcs,../roman/.data/build21/r0000101001001001001_0001_wfi10_f158_cal.asdf,wfi10,eval,1,61,0.004679718,1
gwcs,../roman/.data/build21/r0000101001001001001_0001_wfi10_f158_cal.asdf,wfi10,eval,1,62,0.005125374,1
gwcs,../roman/.data/build21/r0000101001001001001_0001_wfi10_f158_cal.asdf,wfi10,eval,1,63,0.004973282,1
gwcs,../roman/.data/build21/r0000101001001001001_0001_wfi10_f158_cal.asdf,wfi10,eval,1,64,0.004673375,1
gwcs,../roman/.data/build21/r0000101001001001001_0001_wfi10_f158_cal.asdf,wfi10,eval,1,65,0.004678680,1
gwcs,../roman/.data/build21/r0000101001001001001_0001_wfi10_f158_cal.asdf,wfi10,eval,1,66,0.005304161,1
gwcs,../roman/.data/build21/r0000101001001001001_0001_wfi10_f158_cal.asdf,wfi10,eval,1,67,0.004719390,1
gwcs,../roman/.data/build21/r0000101001001001001_0001_wfi10_f158_cal.asdf,wfi10,eval,1,68,0.004667606,1
gwcs,../roman/.data/build21/r0000101001001001001_0001_wfi10_f158_cal.asdf,wfi10,eval,1,69,0.005092531,1
gwcs,../roman/.data/build21/r0000101001001001001_0001_wfi10_f158_cal.asdf,wfi10,eval,1,70,0.005905429,1
gwcs,../roman/.data/build21/r0000101001001001001_0001_wfi10_f158_cal.asdf,wfi10,eval,1,71,0.004789859,1
gwcs,../roman/.data/build21/r0000101001001001001_0001_wfi10_f158_cal.asdf,wfi10,eval,1,72,0.005187536,1
gwcs,../roman/.data/build21/r0000101001001001001_0001_wfi10_f158_cal.asdf,wfi10,eval,1,73,0.005407602,1
gwcs,../roman/.data/build21/r0000101001001001001_0001_wfi10_f158_cal.asdf,wfi10,eval,1,74,0.004710989,1
gwcs,../roman/.data/build21/r0000101001001001001_0001_wfi10_f158_cal.asdf,wfi10,eval,1,75,0.004657705,1
gwcs,../roman/.data/build21/r0000101001001001001_0001_wfi10_f158_cal.asdf,wfi10,eval,1,76,0.005340753,1
gwcs,../roman/.data/build21/r0000101001001001001_0001_wfi10_f158_cal.asdf,wfi10,eval,1,77,0.004713710,1
gwcs,../roman/.data/build21/r0000101001001001001_0001_wfi10_f158_cal.asdf,wfi10,eval,1,78,0.004628742,1
gwcs,../roman/.data/build21/r0000101001001001001_0001_wfi10_f158_cal.asdf,wfi10,eval,1,79,0.005621769,1
gwcs,../roman/.data/build21/r0000101001001001001_0001_wfi10_f158_cal.asdf,wfi10,eval,1,80,0.005184059,1
gwcs,../roman/.data/build21/r0000101001001001001_0001_wfi10_f158_cal.asdf,wfi10,eval,1,81,0.004971268,1
gwcs,../roman/.data/build21/r0000101001001001001_0001_wfi10_f158_cal.asdf,wfi10,eval,1,82,0.005135492,1
gwcs,../roman/.data/build21/r0000101001001001001_0001_wfi10_f158_cal.asdf,wfi10,eval,1,83,0.004967164,1
gwcs,../roman/.data/build21/r0000101001001001001_0001_wfi10_f158_cal.asdf,wfi10,eval,1,84,0.004701754,1
gwcs,../roman/.data/build21/r0000101001001001001_0001_wfi10_f158_cal.asdf,wfi10,eval,1,85,0.004698471,1
gwcs,../roman/.data/build21/r0000101001001001001_0001_wfi10_f158_cal.asdf,wfi10,eval,1,86,0.005078390,1
gwcs,../roman/.data/build21/r0000101001001001001_0001_wfi10_f158_cal.asdf,wfi10,eval,1,87,0.004645757,1
gwcs,../roman/.data/build21/r0000101001001001001_0001_wfi10_f158_cal.asdf,wfi10,eval,1,88,0.004644347,1
gwcs,../roman/.data/build21/r0000101001001001001_0001_wfi10_f158_cal.asdf,wfi10,eval,1,89,0.004982982,1
gwcs,../roman/.data/build21/r0000101001001001001_0001_wfi10_f158_cal.asdf,wfi10,eval,1,90,0.005048476,1
gwcs,../roman/.data/build21/r0000101001001001001_0001_wfi10_f158_cal.asdf,wfi10,eval,1,91,0.004836665,1
gwcs,../roman/.data/build21/r0000101001001001001_0001_wfi10_f158_cal.asdf,wfi10,eval,1,92,0.005084416,1
gwcs,../roman/.data/build21/r0000101001001001001_0001_wfi10_f158_cal.asdf,wfi10,eval,1,93,0.005960792,1
gwcs,../roman/.data/build21/r0000101001001001001_0001_wfi10_f158_cal.asdf,wfi10,eval,1,94,0.004971314,1
gwcs,../roman/.data/build21/r0000101001001001001_0001_wfi10_f158_cal.asdf,wfi10,eval,1,95,0.004817231,1
gwcs,../roman/.data/build21/r0000101001001001001_0001_wfi10_f158_cal.asdf,wfi10,eval,1,96,0.005052078,1
gwcs,../roman/.data/build21/r0000101001001001001_0001_wfi10_f158_cal.asdf,wfi10,eval,1,97,0.004821015,1
gwcs,../roman/.data/build21/r0000101001001001001_0001_wfi10_f158_cal.asdf,wfi10,eval,1,98,0.004890804,1
gwcs,../roman/.data/build21/r0000101001001001001_0001_wfi10_f158_cal.asdf,wfi10,eval,1,99,0.005118311,1
gwcs,../roman/.data/build21/r0000101001001001001_0001_wfi10_f158_cal.asdf,wfi10,eval,10,0,0.006324287,1
gwcs,../roman/.data/build21/r0000101001001001001_0001_wfi10_f158_cal.asdf,wfi10,eval,10,1,0.004961319,1
gwcs,../roman/.data/build21/r0000101001001001001_0001_wfi10_f158_cal.asdf,wfi10,eval,10,2,0.005049855,1
gwcs,../roman/.data/build21/r0000101001001001001_0001_wfi10_f158_cal.asdf,wfi10,eval,10,3,0.004852508,1
gwcs,../roman/.data/build21/r0000101001001001001_0001_wfi10_f158_cal.asdf,wfi10,eval,10,4,0.004752052,1
gwcs,../roman/.data/build21/r0000101001001001001_0001_wfi10_f158_cal.asdf,wfi10,eval,10,5,0.004859800,1
gwcs,../roman/.data/build21/r0000101001001001001_0001_wfi10_f158_cal.asdf,wfi10,eval,10,6,0.004887569,1
gwcs,../roman/.data/build21/r0000101001001001001_0001_wfi10_f158_cal.asdf,wfi10,eval,10,7,0.005016129,1
gwcs,../roman/.data/build21/r0000101001001001001_0001_wfi10_f158_cal.asdf,wfi10,eval,10,8,0.004850681,1
gwcs,../roman/.data/build21/r0000101001001001001_0001_wfi10_f158_cal.asdf,wfi10,eval,10,9,0.005289600,1
gwcs,../roman/.data/build21/r0000101001001001001_0001_wfi10_f158_cal.asdf,wfi10,eval,10,10,0.004979148,1
gwcs,../roman/.data/build21/r0000101001001001001_0001_wfi10_f158_cal.asdf,wfi10,eval,10,11,0.005271874,1
gwcs,../roman/.data/build21/r0000101001001001001_0001_wfi10_f158_cal.asdf,wfi10,eval,10,12,0.005156690,1
gwcs,../roman/.data/build21/r0000101001001001001_0001_wfi10_f158_cal.asdf,wfi10,eval,10,13,0.005277442,1
gwcs,../roman/.data/build21/r0000101001001001001_0001_wfi10_f158_cal.asdf,wfi10,eval,10,14,0.004922519,1
gwcs,../roman/.data/build21/r0000101001001001001_0001_wfi10_f158_cal.asdf,wfi10,eval,10,15,0.005435362,1
gwcs,../roman/.data/build21/r0000101001001001001_0001_wfi10_f158_cal.asdf,wfi10,eval,10,16,0.004997470,1
gwcs,../roman/.data/build21/r0000101001001001001_0001_wfi10_f158_cal.asdf,wfi10,eval,10,17,0.004762984,1
gwcs,../roman/.data/build21/r0000101001001001001_0001_wfi10_f158_cal.asdf,wfi10,eval,10,18,0.004771189,1
gwcs,../roman/.data/build21/r0000101001001001001_0001_wfi10_f158_cal.asdf,wfi10,eval,10,19,0.005194678,1
gwcs,../roman/.data/build21/r0000101001001001001_0001_wfi10_f158_cal.asdf,wfi10,eval,10,20,0.004858025,1
gwcs,../roman/.data/build21/r0000101001001001001_0001_wfi10_f158_cal.asdf,wfi10,eval,10,21,0.005032929,1
gwcs,../roman/.data/build21/r0000101001001001001_0001_wfi10_f158_cal.asdf,wfi10,eval,10,22,0.005404084,1
gwcs,../roman/.data/build21/r0000101001001001001_0001_wfi10_f158_cal.asdf,wfi10,eval,10,23,0.004924058,1
gwcs,../roman/.data/build21/r0000101001001001001_0001_wfi10_f158_cal.asdf,wfi10,eval,10,24,0.004806046,1
gwcs,../roman/.data/build21/r0000101001001001001_0001_wfi10_f158_cal.asdf,wfi10,eval,10,25,0.004983429,1
gwcs,../roman/.data/build21/r0000101001001001001_0001_wfi10_f158_cal.asdf,wfi10,eval,10,26,0.005036764,1
gwcs,../roman/.data/build21/r0000101001001001001_0001_wfi10_f158_cal.asdf,wfi10,eval,10,27,0.004819750,1
gwcs,../roman/.data/build21/r0000101001001001001_0001_wfi10_f158_cal.asdf,wfi10,eval,10,28,0.004804042,1
gwcs,../roman/.data/build21/r0000101001001001001_0001_wfi10_f158_cal.asdf,wfi10,eval,10,29,0.005175043,1
gwcs,../roman/.data/build21/r0000101001001001001_0001_wfi10_f158_cal.asdf,wfi10,eval,10,30,0.005009812,1
gwcs,../roman/.data/build21/r0000101001001001001_0001_wfi10_f158_cal.asdf,wfi10,eval,10,31,0.004806120,1
gwcs,../roman/.data/build21/r0000101001001001001_0001_wfi10_f158_cal.asdf,wfi10,eval,10,32,0.005145066,1
gwcs,../roman/.data/build21/r0000101001001001001_0001_wfi10_f158_cal.asdf,wfi10,eval,10,33,0.004948302,1
gwcs,../roman/.data/build21/r0000101001001001001_0001_wfi10_f158_cal.asdf,wfi10,eval,10,34,0.004852022,1
gwcs,../roman/.data/build21/r0000101001001001001_0001_wfi10_f158_cal.asdf,wfi10,eval,10,35,0.004949024,1
gwcs,../roman/.data/build21/r0000101001001001001_0001_wfi10_f158_cal.asdf,wfi10,eval,10,36,0.005084986,1
gwcs,../roman/.data/build21/r0000101001001001001_0001_wfi10_f158_cal.asdf,wfi10,eval,10,37,0.004831218,1
gwcs,../roman/.data/build21/r0000101001001001001_0001_wfi10_f158_cal.asdf,wfi10,eval,10,38,0.004869645,1
gwcs,../roman/.data/build21/r0000101001001001001_0001_wfi10_f158_cal.asdf,wfi10,eval,10,39,0.005498989,1
gwcs,../roman/.data/build21/r0000101001001001001_0001_wfi10_f158_cal.asdf,wfi10,eval,10,40,0.004948736,1
gwcs,../roman/.data/build21/r0000101001001001001_0001_wfi10_f158_cal.asdf,wfi10,eval,10,41,0.004857779,1
gwcs,../roman/.data/build21/r0000101001001001001_0001_wfi10_f158_cal.asdf,wfi10,eval,10,42,0.005525602,1
gwcs,../roman/.data/build21/r0000101001001001001_0001_wfi10_f158_cal.asdf,wfi10,eval,10,43,0.005928744,1
gwcs,../roman/.data/build21/r0000101001001001001_0001_wfi10_f158_cal.asdf,wfi10,eval,10,44,0.006355416,1
gwcs,../roman/.data/build21/r0000101001001001001_0001_wfi10_f158_cal.asdf,wfi10,eval,10,45,0.005594524,1
gwcs,../roman/.data/build21/r0000101001001001001_0001_wfi10_f158_cal.asdf,wfi10,eval,10,46,0.005054771,1
gwcs,../roman/.data/build21/r0000101001001001001_0001_wfi10_f158_cal.asdf,wfi10,eval,10,47,0.004803850,1
gwcs,../roman/.data/build21/r0000101001001001001_0001_wfi10_f158_cal.asdf,wfi10,eval,10,48,0.006278669,1
gwcs,../roman/.data/build21/r0000101001001001001_0001_wfi10_f158_cal.asdf,wfi10,eval,10,49,0.005493088,1
gwcs,../roman/.data/build21/r0000101001001001001_0001_wfi10_f158_cal.asdf,wfi10,eval,10,50,0.004862354,1
gwcs,../roman/.data/build21/r0000101001001001001_0001_wfi10_f158_cal.asdf,wfi10,eval,10,51,0.005541339,1
gwcs,../roman/.data/build21/r0000101001001001001_0001_wfi10_f158_cal.asdf,wfi10,eval,10,52,0.004951351,1
gwcs,../roman/.data/build21/r0000101001001001001_0001_wfi10_f158_cal.asdf,wfi10,eval,10,53,0.004824617,1
gwcs,../roman/.data/build21/r0000101001001001001_0001_wfi10_f158_cal.asdf,wfi10,eval,10,54,0.005366193,1
gwcs,../roman/.data/build21/r0000101001001001001_0001_wfi10_f158_cal.asdf,wfi10,eval,10,55,0.005432248,1
gwcs,../roman/.data/build21/r0000101001001001001_0001_wfi10_f158_cal.asdf,wfi10,eval,10,56,0.004916645,1
gwcs,../roman/.data/build21/r0000101001001001001_0001_wfi10_f158_cal.asdf,wfi10,eval,10,57,0.004901278,1
gwcs,../roman/.data/build21/r0000101001001001001_0001_wfi10_f158_cal.asdf,wfi10,eval,10,58,0.005687610,1
gwcs,../roman/.data/build21/r0000101001001001001_0001_wfi10_f158_cal.asdf,wfi10,eval,10,59,0.004846867,1
gwcs,../roman/.data/build21/r0000101001001001001_0001_wfi10_f158_cal.asdf,wfi10,eval,10,60,0.004835553,1
gwcs,../roman/.data/build21/r0000101001001001001_0001_wfi10_f158_cal.asdf,wfi10,eval,10,61,0.005219249,1
gwcs,../roman/.data/build21/r0000101001001001001_0001_wfi10_f158_cal.asdf,wfi10,eval,10,62,0.004893714,1
gwcs,../roman/.data/build21/r0000101001001001001_0001_wfi10_f158_cal.asdf,wfi10,eval,10,63,0.004998572,1
gwcs,../roman/.data/build21/r0000101001001001001_0001_wfi10_f158_cal.asdf,wfi10,eval,10,64,0.005100251,1
gwcs,../roman/.data/build21/r0000101001001001001_0001_wfi10_f158_cal.asdf,wfi10,eval,10,65,0.005018657,1
gwcs,../roman/.data/build21/r0000101001001001001_0001_wfi10_f158_cal.asdf,wfi10,eval,10,66,0.005325304,1
gwcs,../roman/.data/build21/r0000101001001001001_0001_wfi10_f158_cal.asdf,wfi10,eval,10,67,0.006411011,1
gwcs,../roman/.data/build21/r0000101001001001001_0001_wfi10_f158_cal.asdf,wfi10,eval,10,68,0.005151445,1
gwcs,../roman/.data/build21/r0000101001001001001_0001_wfi10_f158_cal.asdf,wfi10,eval,10,69,0.004835031,1
gwcs,../roman/.data/build21/r0000101001001001001_0001_wfi10_f158_cal.asdf,wfi10,eval,10,70,0.005743830,1
gwcs,../roman/.data/build21/r0000101001001001001_0001_wfi10_f158_cal.asdf,wfi10,eval,10,71,0.005325598,1
gwcs,../roman/.data/build21/r0000101001001001001_0001_wfi10_f158_cal.asdf,wfi10,eval,10,72,0.004833794,1
gwcs,../roman/.data/build21/r0000101001001001001_0001_wfi10_f158_cal.asdf,wfi10,eval,10,73,0.005065626,1
gwcs,../roman/.data/build21/r0000101001001001001_0001_wfi10_f158_cal.asdf,wfi10,eval,10,74,0.005294253,1
gwcs,../roman/.data/build21/r0000101001001001001_0001_wfi10_f158_cal.asdf,wfi10,eval,10,75,0.004869759,1
gwcs,../roman/.data/build21/r0000101001001001001_0001_wfi10_f158_cal.asdf,wfi10,eval,10,76,0.004757005,1
gwcs,../roman/.data/build21/r0000101001001001001_0001_wfi10_f158_cal.asdf,wfi10,eval,10,77,0.005029665,1
gwcs,../roman/.data/build21/r0000101001001001001_0001_wfi10_f158_cal.asdf,wfi10,eval,10,78,0.005211792,1
gwcs,../roman/.data/build21/r0000101001001001001_0001_wfi10_f158_cal.asdf,wfi10,eval,10,79,0.005372284,1
gwcs,../roman/.data/build21/r0000101001001001001_0001_wfi10_f158_cal.asdf,wfi10,eval,10,80,0.005158685,1
gwcs,../roman/.data/build21/r0000101001001001001_0001_wfi10_f158_cal.asdf,wfi10,eval,10,81,0.005552091,1
gwcs,../roman/.data/build21/r0000101001001001001_0001_wfi10_f158_cal.asdf,wfi10,eval,10,82,0.004827611,1
gwcs,../roman/.data/build21/r0000101001001001001_0001_wfi10_f158_cal.asdf,wfi10,eval,10,83,0.004831223,1
gwcs,../roman/.data/build21/r0000101001001001001_0001_wfi10_f158_cal.asdf,wfi10,eval,10,84,0.005506326,1
gwcs,../roman/.data/build21/r0000101001001001001_0001_wfi10_f158_cal.asdf,wfi10,eval,10,85,0.005165829,1
gwcs,../roman/.data/build21/r0000101001001001001_0001_wfi10_f158_cal.asdf,wfi10,eval,10,86,0.005126571,1
gwcs,../roman/.data/build21/r0000101001001001001_0001_wfi10_f158_cal.asdf,wfi10,eval,10,87,0.005816274,1
gwcs,../roman/.data/build21/r0000101001001001001_0001_wfi10_f158_cal.asdf,wfi10,eval,10,88,0.005029265,1
gwcs,../roman/.data/build21/r0000101001001001001_0001_wfi10_f158_cal.asdf,wfi10,eval,10,89,0.005106007,1
gwcs,../roman/.data/build21/r0000101001001001001_0001_wfi10_f158_cal.asdf,wfi10,eval,10,90,0.005488616,1
gwcs,../roman/.data/build21/r0000101001001001001_0001_wfi10_f158_cal.asdf,wfi10,eval,10,91,0.005128389,1
gwcs,../roman/.data/build21/r0000101001001001001_0001_wfi10_f158_cal.asdf,wfi10,eval,10,92,0.004782362,1
gwcs,../roman/.data/build21/r0000101001001001001_0001_wfi10_f158_cal.asdf,wfi10,eval,10,93,0.004969755,1
gwcs,../roman/.data/build21/r0000101001001001001_0001_wfi10_f158_cal.asdf,wfi10,eval,10,94,0.005325315,1
gwcs,../roman/.data/build21/r0000101001001001001_0001_wfi10_f158_cal.asdf,wfi10,eval,10,95,0.004808781,1
gwcs,../roman/.data/build21/r0000101001001001001_0001_wfi10_f158_cal.asdf,wfi10,eval,10,96,0.004924168,1
gwcs,../roman/.data/build21/r0000101001001001001_0001_wfi10_f158_cal.asdf,wfi10,eval,10,97,0.005597878,1
gwcs,../roman/.data/build21/r0000101001001001001_0001_wfi10_f158_cal.asdf,wfi10,eval,10,98,0.005284830,1
gwcs,../roman/.data/build21/r0000101001001001001_0001_wfi10_f158_cal.asdf,wfi10,eval,10,99,0.005256142,1
gwcs,../roman/.data/build21/r0000101001001001001_0001_wfi10_f158_cal.asdf,wfi10,eval,100,0,0.005958674,1
gwcs,../roman/.data/build21/r0000101001001001001_0001_wfi10_f158_cal.asdf,wfi10,eval,100,1,0.005498956,1
gwcs,../roman/.data/build21/r0000101001001001001_0001_wfi10_f158_cal.asdf,wfi10,eval,100,2,0.004982563,1
gwcs,../roman/.data/build21/r0000101001001001001_0001_wfi10_f158_cal.asdf,wfi10,eval,100,3,0.005687739,1
gwcs,../roman/.data/build21/r0000101001001001001_0001_wfi10_f158_cal.asdf,wfi10,eval,100,4,0.005145062,1
gwcs,../roman/.data/build21/r0000101001001001001_0001_wfi10_f158_cal.asdf,wfi10,eval,100,5,0.005304156,1
gwcs,../roman/.data/build21/r0000101001001001001_0001_wfi10_f158_cal.asdf,wfi10,eval,100,6,0.005367146,1
gwcs,../roman/.data/build21/r0000101001001001001_0001_wfi10_f158_cal.asdf,wfi10,eval,100,7,0.005091266,1
gwcs,../roman/.data/build21/r0000101001001001001_0001_wfi10_f158_cal.asdf,wfi10,eval,100,8,0.004810387,1
gwcs,../roman/.data/build21/r0000101001001001001_0001_wfi10_f158_cal.asdf,wfi10,eval,100,9,0.005336758,1
gwcs,../roman/.data/build21/r0000101001001001001_0001_wfi10_f158_cal.asdf,wfi10,eval,100,10,0.004939071,1
gwcs,../roman/.data/build21/r0000101001001001001_0001_wfi10_f158_cal.asdf,wfi10,eval,100,11,0.004790443,1
gwcs,../roman/.data/build21/r0000101001001001001_0001_wfi10_f158_cal.asdf,wfi10,eval,100,12,0.005119124,1
gwcs,../roman/.data/build21/r0000101001001001001_0001_wfi10_f158_cal.asdf,wfi10,eval,100,13,0.005151062,1
gwcs,../roman/.data/build21/r0000101001001001001_0001_wfi10_f158_cal.asdf,wfi10,eval,100,14,0.004853962,1
gwcs,../roman/.data/build21/r0000101001001001001_0001_wfi10_f158_cal.asdf,wfi10,eval,100,15,0.004894406,1
gwcs,../roman/.data/build21/r0000101001001001001_0001_wfi10_f158_cal.asdf,wfi10,eval,100,16,0.005012043,1
gwcs,../roman/.data/build21/r0000101001001001001_0001_wfi10_f158_cal.asdf,wfi10,eval,100,17,0.005107455,1
gwcs,../roman/.data/build21/r0000101001001001001_0001_wfi10_f158_cal.asdf,wfi10,eval,100,18,0.004774051,1
gwcs,../roman/.data/build21/r0000101001001001001_0001_wfi10_f158_cal.asdf,wfi10,eval,100,19,0.006115837,1
gwcs,../roman/.data/build21/r0000101001001001001_0001_wfi10_f158_cal.asdf,wfi10,eval,100,20,0.005249160,1
gwcs,../roman/.data/build21/r0000101001001001001_0001_wfi10_f158_cal.asdf,wfi10,eval,100,21,0.005351896,1
gwcs,../roman/.data/build21/r0000101001001001001_0001_wfi10_f158_cal.asdf,wfi10,eval,100,22,0.006482257,1
gwcs,../roman/.data/build21/r0000101001001001001_0001_wfi10_f158_cal.asdf,wfi10,eval,100,23,0.005614275,1
gwcs,../roman/.data/build21/r0000101001001001001_0001_wfi10_f158_cal.asdf,wfi10,eval,100,24,0.004893312,1
gwcs,../roman/.data/build21/r0000101001001001001_0001_wfi10_f158_cal.asdf,wfi10,eval,100,25,0.005122347,1
gwcs,../roman/.data/build21/r0000101001001001001_0001_wfi10_f158_cal.asdf,wfi10,eval,100,26,0.005062589,1
gwcs,../roman/.data/build21/r0000101001001001001_0001_wfi10_f158_cal.asdf,wfi10,eval,100,27,0.005062580,1
gwcs,../roman/.data/build21/r0000101001001001001_0001_wfi10_f158_cal.asdf,wfi10,eval,100,28,0.004909631,1
gwcs,../roman/.data/build21/r0000101001001001001_0001_wfi10_f158_cal.asdf,wfi10,eval,100,29,0.005094998,1
gwcs,../roman/.data/build21/r0000101001001001001_0001_wfi10_f158_cal.asdf,wfi10,eval,100,30,0.004924264,1
gwcs,../roman/.data/build21/r0000101001001001001_0001_wfi10_f158_cal.asdf,wfi10,eval,100,31,0.004924578,1
gwcs,../roman/.data/build21/r0000101001001001001_0001_wfi10_f158_cal.asdf,wfi10,eval,100,32,0.005047708,1
gwcs,../roman/.data/build21/r0000101001001001001_0001_wfi10_f158_cal.asdf,wfi10,eval,100,33,0.004888760,1
gwcs,../roman/.data/build21/r0000101001001001001_0001_wfi10_f158_cal.asdf,wfi10,eval,100,34,0.004812581,1
gwcs,../roman/.data/build21/r0000101001001001001_0001_wfi10_f158_cal.asdf,wfi10,eval,100,35,0.004987389,1
gwcs,../roman/.data/build21/r0000101001001001001_0001_wfi10_f158_cal.asdf,wfi10,eval,100,36,0.005052339,1
gwcs,../roman/.data/build21/r0000101001001001001_0001_wfi10_f158_cal.asdf,wfi10,eval,100,37,0.004882567,1
gwcs,../roman/.data/build21/r0000101001001001001_0001_wfi10_f158_cal.asdf,wfi10,eval,100,38,0.005113548,1
gwcs,../roman/.data/build21/r0000101001001001001_0001_wfi10_f158_cal.asdf,wfi10,eval,100,39,0.005080564,1
gwcs,../roman/.data/build21/r0000101001001001001_0001_wfi10_f158_cal.asdf,wfi10,eval,100,40,0.004863337,1
gwcs,../roman/.data/build21/r0000101001001001001_0001_wfi10_f158_cal.asdf,wfi10,eval,100,41,0.005545829,1
gwcs,../roman/.data/build21/r0000101001001001001_0001_wfi10_f158_cal.asdf,wfi10,eval,100,42,0.005187425,1
gwcs,../roman/.data/build21/r0000101001001001001_0001_wfi10_f158_cal.asdf,wfi10,eval,100,43,0.004953452,1
gwcs,../roman/.data/build21/r0000101001001001001_0001_wfi10_f158_cal.asdf,wfi10,eval,100,44,0.004973933,1
gwcs,../roman/.data/build21/r0000101001001001001_0001_wfi10_f158_cal.asdf,wfi10,eval,100,45,0.005116890,1
gwcs,../roman/.data/build21/r0000101001001001001_0001_wfi10_f158_cal.asdf,wfi10,eval,100,46,0.007210116,1
gwcs,../roman/.data/build21/r0000101001001001001_0001_wfi10_f158_cal.asdf,wfi10,eval,100,47,0.007956211,1
gwcs,../roman/.data/build21/r0000101001001001001_0001_wfi10_f158_cal.asdf,wfi10,eval,100,48,0.007731275,1
gwcs,../roman/.data/build21/r0000101001001001001_0001_wfi10_f158_cal.asdf,wfi10,eval,100,49,0.007772928,1
gwcs,../roman/.data/build21/r0000101001001001001_0001_wfi10_f158_cal.asdf,wfi10,eval,1000,0,0.006363649,1
gwcs,../roman/.data/build21/r0000101001001001001_0001_wfi10_f158_cal.asdf,wfi10,eval,1000,1,0.005747884,1
gwcs,../roman/.data/build21/r0000101001001001001_0001_wfi10_f158_cal.asdf,wfi10,eval,1000,2,0.005435452,1
gwcs,../roman/.data/build21/r0000101001001001001_0001_wfi10_f158_cal.asdf,wfi10,eval,1000,3,0.005300038,1
gwcs,../roman/.data/build21/r0000101001001001001_0001_wfi10_f158_cal.asdf,wfi10,eval,1000,4,0.005228583,1
gwcs,../roman/.data/build21/r0000101001001001001_0001_wfi10_f158_cal.asdf,wfi10,eval,1000,5,0.005738054,1
gwcs,../roman/.data/build21/r0000101001001001001_0001_wfi10_f158_cal.asdf,wfi10,eval,1000,6,0.005464175,1
gwcs,../roman/.data/build21/r0000101001001001001_0001_wfi10_f158_cal.asdf,wfi10,eval,1000,7,0.005183399,1
gwcs,../roman/.data/build21/r0000101001001001001_0001_wfi10_f158_cal.asdf,wfi10,eval,1000,8,0.006052571,1
gwcs,../roman/.data/build21/r0000101001001001001_0001_wfi10_f158_cal.asdf,wfi10,eval,1000,9,0.005296730,1
gwcs,../roman/.data/build21/r0000101001001001001_0001_wfi10_f158_cal.asdf,wfi10,eval,1000,10,0.005210352,1
gwcs,../roman/.data/build21/r0000101001001001001_0001_wfi10_f158_cal.asdf,wfi10,eval,1000,11,0.005611945,1
gwcs,../roman/.data/build21/r0000101001001001001_0001_wfi10_f158_cal.asdf,wfi10,eval,1000,12,0.005215677,1
gwcs,../roman/.data/build21/r0000101001001001001_0001_wfi10_f158_cal.asdf,wfi10,eval,1000,13,0.005171289,1
gwcs,../roman/.data/build21/r0000101001001001001_0001_wfi10_f158_cal.asdf,wfi10,eval,1000,14,0.005640226,1
gwcs,../roman/.data/build21/r0000101001001001001_0001_wfi10_f158_cal.asdf,wfi10,eval,1000,15,0.005245536,1
gwcs,../roman/.data/build21/r0000101001001001001_0001_wfi10_f158_cal.asdf,wfi10,eval,1000,16,0.005180445,1
gwcs,../roman/.data/build21/r0000101001001001001_0001_wfi10_f158_cal.asdf,wfi10,eval,1000,17,0.005468924,1
gwcs,../roman/.data/build21/r0000101001001001001_0001_wfi10_f158_cal.asdf,wfi10,eval,1000,18,0.005453440,1
gwcs,../roman/.data/build21/r0000101001001001001_0001_wfi10_f158_cal.asdf,wfi10,eval,1000,19,0.005176061,1
gwcs,../roman/.data/build21/r0000101001001001001_0001_wfi10_f158_cal.asdf,wfi10,eval,10000,0,0.009432144,1
gwcs,../roman/.data/build21/r0000101001001001001_0001_wfi10_f158_cal.asdf,wfi10,eval,10000,1,0.008415072,1
gwcs,../roman/.data/build21/r0000101001001001001_0001_wfi10_f158_cal.asdf,wfi10,eval,10000,2,0.008962765,1
gwcs,../roman/.data/build21/r0000101001001001001_0001_wfi10_f158_cal.asdf,wfi10,eval,10000,3,0.008261990,1
gwcs,../roman/.data/build21/r0000101001001001001_0001_wfi10_f158_cal.asdf,wfi10,eval,10000,4,0.008800353,1
gwcs,../roman/.data/build21/r0000101001001001001_0001_wfi10_f158_cal.asdf,wfi10,eval,10000,5,0.008328226,1
gwcs,../roman/.data/build21/r0000101001001001001_0001_wfi10_f158_cal.asdf,wfi10,eval,10000,6,0.008875076,1
gwcs,../roman/.data/build21/r0000101001001001001_0001_wfi10_f158_cal.asdf,wfi10,eval,10000,7,0.008369670,1
gwcs,../roman/.data/build21/r0000101001001001001_0001_wfi10_f158_cal.asdf,wfi10,eval,10000,8,0.013208048,1
gwcs,../roman/.data/build21/r0000101001001001001_0001_wfi10_f158_cal.asdf,wfi10,eval,10000,9,0.009955113,1
gwcs,../roman/.data/build21/r0000101001001001001_0001_wfi10_f158_cal.asdf,wfi10,eval,100000,0,0.039210730,1
gwcs,../roman/.data/build21/r0000101001001001001_0001_wfi10_f158_cal.asdf,wfi10,eval,100000,1,0.038187074,1
gwcs,../roman/.data/build21/r0000101001001001001_0001_wfi10_f158_cal.asdf,wfi10,eval,100000,2,0.037406343,1
gwcs,../roman/.data/build21/r0000101001001001001_0001_wfi10_f158_cal.asdf,wfi10,eval,100000,3,0.040743265,1
gwcs,../roman/.data/build21/r0000101001001001001_0001_wfi10_f158_cal.asdf,wfi10,eval,100000,4,0.037648892,1
gwcs,../roman/.data/build21/r0000101001001001001_0001_wfi10_f158_cal.asdf,wfi10,eval,1000000,0,0.393877954,1
gwcs,../roman/.data/build21/r0000101001001001001_0001_wfi10_f158_cal.asdf,wfi10,eval,1000000,1,0.390903585,1
gwcs,../roman/.data/build21/r0000101001001001001_0001_wfi10_f158_cal.asdf,wfi10,eval,1000000,2,0.391616506,1
gwcs,../roman/.data/build21/r0000101001001001001_0001_wfi10_f158_cal.asdf,wfi10,eval,10000000,0,3.940483204,1
gwcs,../roman/.data/build21/r0000101001001001001_0001_wfi10_f158_cal.asdf,wfi10,eval,10000000,1,3.933544319,1
gwcs,../roman/.data/build21/r0000101001001001001_0001_wfi10_f158_cal.asdf,wfi10,eval,16711744,0,6.624997702,1
gwcs,../roman/.data/build21/r0000101001001001001_0001_wfi10_f158_cal.asdf,wfi10,eval,16711744,1,6.542628572,1
gwcs,../roman/.data/build21/r0000101001001001001_0001_wfi11_f158_cal.asdf,wfi11,parse_cold,0,0,0.825374720,1
gwcs,../roman/.data/build21/r0000101001001001001_0001_wfi11_f158_cal.asdf,wfi11,parse_hot,0,0,0.580479881,1
gwcs,../roman/.data/build21/r0000101001001001001_0001_wfi11_f158_cal.asdf,wfi11,eval,1,0,0.005047865,1
gwcs,../roman/.data/build21/r0000101001001001001_0001_wfi11_f158_cal.asdf,wfi11,eval,1,1,0.004913317,1
gwcs,../roman/.data/build21/r0000101001001001001_0001_wfi11_f158_cal.asdf,wfi11,eval,1,2,0.005226914,1
gwcs,../roman/.data/build21/r0000101001001001001_0001_wfi11_f158_cal.asdf,wfi11,eval,1,3,0.004883633,1
gwcs,../roman/.data/build21/r0000101001001001001_0001_wfi11_f158_cal.asdf,wfi11,eval,1,4,0.004693482,1
gwcs,../roman/.data/build21/r0000101001001001001_0001_wfi11_f158_cal.asdf,wfi11,eval,1,5,0.004967303,1
gwcs,../roman/.data/build21/r0000101001001001001_0001_wfi11_f158_cal.asdf,wfi11,eval,1,6,0.005009669,1
gwcs,../roman/.data/build21/r0000101001001001001_0001_wfi11_f158_cal.asdf,wfi11,eval,1,7,0.005515784,1
gwcs,../roman/.data/build21/r0000101001001001001_0001_wfi11_f158_cal.asdf,wfi11,eval,1,8,0.005121718,1
gwcs,../roman/.data/build21/r0000101001001001001_0001_wfi11_f158_cal.asdf,wfi11,eval,1,9,0.004773424,1
gwcs,../roman/.data/build21/r0000101001001001001_0001_wfi11_f158_cal.asdf,wfi11,eval,1,10,0.004712203,1
gwcs,../roman/.data/build21/r0000101001001001001_0001_wfi11_f158_cal.asdf,wfi11,eval,1,11,0.004717119,1
gwcs,../roman/.data/build21/r0000101001001001001_0001_wfi11_f158_cal.asdf,wfi11,eval,1,12,0.005007302,1
gwcs,../roman/.data/build21/r0000101001001001001_0001_wfi11_f158_cal.asdf,wfi11,eval,1,13,0.004813170,1
gwcs,../roman/.data/build21/r0000101001001001001_0001_wfi11_f158_cal.asdf,wfi11,eval,1,14,0.004673448,1
gwcs,../roman/.data/build21/r0000101001001001001_0001_wfi11_f158_cal.asdf,wfi11,eval,1,15,0.005004455,1
gwcs,../roman/.data/build21/r0000101001001001001_0001_wfi11_f158_cal.asdf,wfi11,eval,1,16,0.004845671,1
gwcs,../roman/.data/build21/r0000101001001001001_0001_wfi11_f158_cal.asdf,wfi11,eval,1,17,0.004749853,1
gwcs,../roman/.data/build21/r0000101001001001001_0001_wfi11_f158_cal.asdf,wfi11,eval,1,18,0.004648889,1
gwcs,../roman/.data/build21/r0000101001001001001_0001_wfi11_f158_cal.asdf,wfi11,eval,1,19,0.005068502,1
gwcs,../roman/.data/build21/r0000101001001001001_0001_wfi11_f158_cal.asdf,wfi11,eval,1,20,0.004730056,1
gwcs,../roman/.data/build21/r0000101001001001001_0001_wfi11_f158_cal.asdf,wfi11,eval,1,21,0.004636182,1
gwcs,../roman/.data/build21/r0000101001001001001_0001_wfi11_f158_cal.asdf,wfi11,eval,1,22,0.005177606,1
gwcs,../roman/.data/build21/r0000101001001001001_0001_wfi11_f158_cal.asdf,wfi11,eval,1,23,0.005124489,1
gwcs,../roman/.data/build21/r0000101001001001001_0001_wfi11_f158_cal.asdf,wfi11,eval,1,24,0.004792228,1
gwcs,../roman/.data/build21/r0000101001001001001_0001_wfi11_f158_cal.asdf,wfi11,eval,1,25,0.005028097,1
gwcs,../roman/.data/build21/r0000101001001001001_0001_wfi11_f158_cal.asdf,wfi11,eval,1,26,0.005050589,1
gwcs,../roman/.data/build21/r0000101001001001001_0001_wfi11_f158_cal.asdf,wfi11,eval,1,27,0.005003040,1
gwcs,../roman/.data/build21/r0000101001001001001_0001_wfi11_f158_cal.asdf,wfi11,eval,1,28,0.004928681,1
gwcs,../roman/.data/build21/r0000101001001001001_0001_wfi11_f158_cal.asdf,wfi11,eval,1,29,0.005061582,1
gwcs,../roman/.data/build21/r0000101001001001001_0001_wfi11_f158_cal.asdf,wfi11,eval,1,30,0.004878372,1
gwcs,../roman/.data/build21/r0000101001001001001_0001_wfi11_f158_cal.asdf,wfi11,eval,1,31,0.004824352,1
gwcs,../roman/.data/build21/r0000101001001001001_0001_wfi11_f158_cal.asdf,wfi11,eval,1,32,0.005045816,1
gwcs,../roman/.data/build21/r0000101001001001001_0001_wfi11_f158_cal.asdf,wfi11,eval,1,33,0.004858315,1
gwcs,../roman/.data/build21/r0000101001001001001_0001_wfi11_f158_cal.asdf,wfi11,eval,1,34,0.005055642,1
gwcs,../roman/.data/build21/r0000101001001001001_0001_wfi11_f158_cal.asdf,wfi11,eval,1,35,0.004741056,1
gwcs,../roman/.data/build21/r0000101001001001001_0001_wfi11_f158_cal.asdf,wfi11,eval,1,36,0.005068824,1
gwcs,../roman/.data/build21/r0000101001001001001_0001_wfi11_f158_cal.asdf,wfi11,eval,1,37,0.004737217,1
gwcs,../roman/.data/build21/r0000101001001001001_0001_wfi11_f158_cal.asdf,wfi11,eval,1,38,0.004704147,1
gwcs,../roman/.data/build21/r0000101001001001001_0001_wfi11_f158_cal.asdf,wfi11,eval,1,39,0.004822476,1
gwcs,../roman/.data/build21/r0000101001001001001_0001_wfi11_f158_cal.asdf,wfi11,eval,1,40,0.005099183,1
gwcs,../roman/.data/build21/r0000101001001001001_0001_wfi11_f158_cal.asdf,wfi11,eval,1,41,0.004844406,1
gwcs,../roman/.data/build21/r0000101001001001001_0001_wfi11_f158_cal.asdf,wfi11,eval,1,42,0.004886424,1
gwcs,../roman/.data/build21/r0000101001001001001_0001_wfi11_f158_cal.asdf,wfi11,eval,1,43,0.005049033,1
gwcs,../roman/.data/build21/r0000101001001001001_0001_wfi11_f158_cal.asdf,wfi11,eval,1,44,0.004854861,1
gwcs,../roman/.data/build21/r0000101001001001001_0001_wfi11_f158_cal.asdf,wfi11,eval,1,45,0.005099685,1
gwcs,../roman/.data/build21/r0000101001001001001_0001_wfi11_f158_cal.asdf,wfi11,eval,1,46,0.005094938,1
gwcs,../roman/.data/build21/r0000101001001001001_0001_wfi11_f158_cal.asdf,wfi11,eval,1,47,0.005009023,1
gwcs,../roman/.data/build21/r0000101001001001001_0001_wfi11_f158_cal.asdf,wfi11,eval,1,48,0.004830573,1
gwcs,../roman/.data/build21/r0000101001001001001_0001_wfi11_f158_cal.asdf,wfi11,eval,1,49,0.005161959,1
gwcs,../roman/.data/build21/r0000101001001001001_0001_wfi11_f158_cal.asdf,wfi11,eval,1,50,0.004864014,1
gwcs,../roman/.data/build21/r0000101001001001001_0001_wfi11_f158_cal.asdf,wfi11,eval,1,51,0.005032363,1
gwcs,../roman/.data/build21/r0000101001001001001_0001_wfi11_f158_cal.asdf,wfi11,eval,1,52,0.004807131,1
gwcs,../roman/.data/build21/r0000101001001001001_0001_wfi11_f158_cal.asdf,wfi11,eval,1,53,0.005154882,1
gwcs,../roman/.data/build21/r0000101001001001001_0001_wfi11_f158_cal.asdf,wfi11,eval,1,54,0.004908834,1
gwcs,../roman/.data/build21/r0000101001001001001_0001_wfi11_f158_cal.asdf,wfi11,eval,1,55,0.004962566,1
gwcs,../roman/.data/build21/r0000101001001001001_0001_wfi11_f158_cal.asdf,wfi11,eval,1,56,0.005097411,1
gwcs,../roman/.data/build21/r0000101001001001001_0001_wfi11_f158_cal.asdf,wfi11,eval,1,57,0.005051976,1
gwcs,../roman/.data/build21/r0000101001001001001_0001_wfi11_f158_cal.asdf,wfi11,eval,1,58,0.004864159,1
gwcs,../roman/.data/build21/r0000101001001001001_0001_wfi11_f158_cal.asdf,wfi11,eval,1,59,0.004894885,1
gwcs,../roman/.data/build21/r0000101001001001001_0001_wfi11_f158_cal.asdf,wfi11,eval,1,60,0.007356122,1
gwcs,../roman/.data/build21/r0000101001001001001_0001_wfi11_f158_cal.asdf,wfi11,eval,1,61,0.004954823,1
gwcs,../roman/.data/build21/r0000101001001001001_0001_wfi11_f158_cal.asdf,wfi11,eval,1,62,0.004976720,1
gwcs,../roman/.data/build21/r0000101001001001001_0001_wfi11_f158_cal.asdf,wfi11,eval,1,63,0.005048064,1
gwcs,../roman/.data/build21/r0000101001001001001_0001_wfi11_f158_cal.asdf,wfi11,eval,1,64,0.004879783,1
gwcs,../roman/.data/build21/r0000101001001001001_0001_wfi11_f158_cal.asdf,wfi11,eval,1,65,0.004857950,1
gwcs,../roman/.data/build21/r0000101001001001001_0001_wfi11_f158_cal.asdf,wfi11,eval,1,66,0.005244735,1
gwcs,../roman/.data/build21/r0000101001001001001_0001_wfi11_f158_cal.asdf,wfi11,eval,1,67,0.005138065,1
gwcs,../roman/.data/build21/r0000101001001001001_0001_wfi11_f158_cal.asdf,wfi11,eval,1,68,0.004964518,1
gwcs,../roman/.data/build21/r0000101001001001001_0001_wfi11_f158_cal.asdf,wfi11,eval,1,69,0.004939497,1
gwcs,../roman/.data/build21/r0000101001001001001_0001_wfi11_f158_cal.asdf,wfi11,eval,1,70,0.005015517,1
gwcs,../roman/.data/build21/r0000101001001001001_0001_wfi11_f158_cal.asdf,wfi11,eval,1,71,0.004837317,1
gwcs,../roman/.data/build21/r0000101001001001001_0001_wfi11_f158_cal.asdf,wfi11,eval,1,72,0.005214835,1
gwcs,../roman/.data/build21/r0000101001001001001_0001_wfi11_f158_cal.asdf,wfi11,eval,1,73,0.004820883,1
gwcs,../roman/.data/build21/r0000101001001001001_0001_wfi11_f158_cal.asdf,wfi11,eval,1,74,0.004981736,1
gwcs,../roman/.data/build21/r0000101001001001001_0001_wfi11_f158_cal.asdf,wfi11,eval,1,75,0.005153768,1
gwcs,../roman/.data/build21/r0000101001001001001_0001_wfi11_f158_cal.asdf,wfi11,eval,1,76,0.005243610,1
gwcs,../roman/.data/build21/r0000101001001001001_0001_wfi11_f158_cal.asdf,wfi11,eval,1,77,0.004992924,1
gwcs,../roman/.data/build21/r0000101001001001001_0001_wfi11_f158_cal.asdf,wfi11,eval,1,78,0.004966969,1
gwcs,../roman/.data/build21/r0000101001001001001_0001_wfi11_f158_cal.asdf,wfi11,eval,1,79,0.005041705,1
gwcs,../roman/.data/build21/r0000101001001001001_0001_wfi11_f158_cal.asdf,wfi11,eval,1,80,0.004961153,1
gwcs,../roman/.data/build21/r0000101001001001001_0001_wfi11_f158_cal.asdf,wfi11,eval,1,81,0.004929553,1
gwcs,../roman/.data/build21/r0000101001001001001_0001_wfi11_f158_cal.asdf,wfi11,eval,1,82,0.004961769,1
gwcs,../roman/.data/build21/r0000101001001001001_0001_wfi11_f158_cal.asdf,wfi11,eval,1,83,0.005503332,1
gwcs,../roman/.data/build21/r0000101001001001001_0001_wfi11_f158_cal.asdf,wfi11,eval,1,84,0.005593117,1
gwcs,../roman/.data/build21/r0000101001001001001_0001_wfi11_f158_cal.asdf,wfi11,eval,1,85,0.010822528,1
gwcs,../roman/.data/build21/r0000101001001001001_0001_wfi11_f158_cal.asdf,wfi11,eval,1,86,0.005080895,1
gwcs,../roman/.data/build21/r0000101001001001001_0001_wfi11_f158_cal.asdf,wfi11,eval,1,87,0.005184118,1
gwcs,../roman/.data/build21/r0000101001001001001_0001_wfi11_f158_cal.asdf,wfi11,eval,1,88,0.004994583,1
gwcs,../roman/.data/build21/r0000101001001001001_0001_wfi11_f158_cal.asdf,wfi11,eval,1,89,0.005153163,1
gwcs,../roman/.data/build21/r0000101001001001001_0001_wfi11_f158_cal.asdf,wfi11,eval,1,90,0.005038038,1
gwcs,../roman/.data/build21/r0000101001001001001_0001_wfi11_f158_cal.asdf,wfi11,eval,1,91,0.004823964,1
gwcs,../roman/.data/build21/r0000101001001001001_0001_wfi11_f158_cal.asdf,wfi11,eval,1,92,0.004740181,1
gwcs,../roman/.data/build21/r0000101001001001001_0001_wfi11_f158_cal.asdf,wfi11,eval,1,93,0.004682368,1
gwcs,../roman/.data/build21/r0000101001001001001_0001_wfi11_f158_cal.asdf,wfi11,eval,1,94,0.005218394,1
gwcs,../roman/.data/build21/r0000101001001001001_0001_wfi11_f158_cal.asdf,wfi11,eval,1,95,0.004900177,1
gwcs,../roman/.data/build21/r0000101001001001001_0001_wfi11_f158_cal.asdf,wfi11,eval,1,96,0.005036875,1
gwcs,../roman/.data/build21/r0000101001001001001_0001_wfi11_f158_cal.asdf,wfi11,eval,1,97,0.004928522,1
gwcs,../roman/.data/build21/r0000101001001001001_0001_wfi11_f158_cal.asdf,wfi11,eval,1,98,0.005172303,1
gwcs,../roman/.data/build21/r0000101001001001001_0001_wfi11_f158_cal.asdf,wfi11,eval,1,99,0.004807036,1
gwcs,../roman/.data/build21/r0000101001001001001_0001_wfi11_f158_cal.asdf,wfi11,eval,10,0,0.005495606,1
gwcs,../roman/.data/build21/r0000101001001001001_0001_wfi11_f158_cal.asdf,wfi11,eval,10,1,0.005172324,1
gwcs,../roman/.data/build21/r0000101001001001001_0001_wfi11_f158_cal.asdf,wfi11,eval,10,2,0.005990623,1
gwcs,../roman/.data/build21/r0000101001001001001_0001_wfi11_f158_cal.asdf,wfi11,eval,10,3,0.004992303,1
gwcs,../roman/.data/build21/r0000101001001001001_0001_wfi11_f158_cal.asdf,wfi11,eval,10,4,0.005354942,1
gwcs,../roman/.data/build21/r0000101001001001001_0001_wfi11_f158_cal.asdf,wfi11,eval,10,5,0.004869564,1
gwcs,../roman/.data/build21/r0000101001001001001_0001_wfi11_f158_cal.asdf,wfi11,eval,10,6,0.004762520,1
gwcs,../roman/.data/build21/r0000101001001001001_0001_wfi11_f158_cal.asdf,wfi11,eval,10,7,0.005061716,1
gwcs,../roman/.data/build21/r0000101001001001001_0001_wfi11_f158_cal.asdf,wfi11,eval,10,8,0.004932899,1
gwcs,../roman/.data/build21/r0000101001001001001_0001_wfi11_f158_cal.asdf,wfi11,eval,10,9,0.004829220,1
gwcs,../roman/.data/build21/r0000101001001001001_0001_wfi11_f158_cal.asdf,wfi11,eval,10,10,0.005049529,1
gwcs,../roman/.data/build21/r0000101001001001001_0001_wfi11_f158_cal.asdf,wfi11,eval,10,11,0.005191522,1
gwcs,../roman/.data/build21/r0000101001001001001_0001_wfi11_f158_cal.asdf,wfi11,eval,10,12,0.004989258,1
gwcs,../roman/.data/build21/r0000101001001001001_0001_wfi11_f158_cal.asdf,wfi11,eval,10,13,0.005367378,1
gwcs,../roman/.data/build21/r0000101001001001001_0001_wfi11_f158_cal.asdf,wfi11,eval,10,14,0.005202379,1
gwcs,../roman/.data/build21/r0000101001001001001_0001_wfi11_f158_cal.asdf,wfi11,eval,10,15,0.005208152,1
gwcs,../roman/.data/build21/r0000101001001001001_0001_wfi11_f158_cal.asdf,wfi11,eval,10,16,0.004993218,1
gwcs,../roman/.data/build21/r0000101001001001001_0001_wfi11_f158_cal.asdf,wfi11,eval,10,17,0.005223230,1
gwcs,../roman/.data/build21/r0000101001001001001_0001_wfi11_f158_cal.asdf,wfi11,eval,10,18,0.004820623,1
gwcs,../roman/.data/build21/r0000101001001001001_0001_wfi11_f158_cal.asdf,wfi11,eval,10,19,0.004865252,1
gwcs,../roman/.data/build21/r0000101001001001001_0001_wfi11_f158_cal.asdf,wfi11,eval,10,20,0.005058416,1
gwcs,../roman/.data/build21/r0000101001001001001_0001_wfi11_f158_cal.asdf,wfi11,eval,10,21,0.004927472,1
gwcs,../roman/.data/build21/r0000101001001001001_0001_wfi11_f158_cal.asdf,wfi11,eval,10,22,0.005033243,1
gwcs,../roman/.data/build21/r0000101001001001001_0001_wfi11_f158_cal.asdf,wfi11,eval,10,23,0.004793453,1
gwcs,../roman/.data/build21/r0000101001001001001_0001_wfi11_f158_cal.asdf,wfi11,eval,10,24,0.005315030,1
gwcs,../roman/.data/build21/r0000101001001001001_0001_wfi11_f158_cal.asdf,wfi11,eval,10,25,0.005303365,1
gwcs,../roman/.data/build21/r0000101001001001001_0001_wfi11_f158_cal.asdf,wfi11,eval,10,26,0.005256815,1
gwcs,../roman/.data/build21/r0000101001001001001_0001_wfi11_f158_cal.asdf,wfi11,eval,10,27,0.005403883,1
gwcs,../roman/.data/build21/r0000101001001001001_0001_wfi11_f158_cal.asdf,wfi11,eval,10,28,0.004967955,1
gwcs,../roman/.data/build21/r0000101001001001001_0001_wfi11_f158_cal.asdf,wfi11,eval,10,29,0.005119467,1
gwcs,../roman/.data/build21/r0000101001001001001_0001_wfi11_f158_cal.asdf,wfi11,eval,10,30,0.005250690,1
gwcs,../roman/.data/build21/r0000101001001001001_0001_wfi11_f158_cal.asdf,wfi11,eval,10,31,0.005302370,1
gwcs,../roman/.data/build21/r0000101001001001001_0001_wfi11_f158_cal.asdf,wfi11,eval,10,32,0.004978457,1
gwcs,../roman/.data/build21/r0000101001001001001_0001_wfi11_f158_cal.asdf,wfi11,eval,10,33,0.005400706,1
gwcs,../roman/.data/build21/r0000101001001001001_0001_wfi11_f158_cal.asdf,wfi11,eval,10,34,0.005083823,1
gwcs,../roman/.data/build21/r0000101001001001001_0001_wfi11_f158_cal.asdf,wfi11,eval,10,35,0.004989892,1
gwcs,../roman/.data/build21/r0000101001001001001_0001_wfi11_f158_cal.asdf,wfi11,eval,10,36,0.005305842,1
gwcs,../roman/.data/build21/r0000101001001001001_0001_wfi11_f158_cal.asdf,wfi11,eval,10,37,0.005076140,1
gwcs,../roman/.data/build21/r0000101001001001001_0001_wfi11_f158_cal.asdf,wfi11,eval,10,38,0.005227306,1
gwcs,../roman/.data/build21/r0000101001001001001_0001_wfi11_f158_cal.asdf,wfi11,eval,10,39,0.005001026,1
gwcs,../roman/.data/build21/r0000101001001001001_0001_wfi11_f158_cal.asdf,wfi11,eval,10,40,0.005433700,1
gwcs,../roman/.data/build21/r0000101001001001001_0001_wfi11_f158_cal.asdf,wfi11,eval,10,41,0.005203393,1
gwcs,../roman/.data/build21/r0000101001001001001_0001_wfi11_f158_cal.asdf,wfi11,eval,10,42,0.005083282,1
gwcs,../roman/.data/build21/r0000101001001001001_0001_wfi11_f158_cal.asdf,wfi11,eval,10,43,0.005073824,1
gwcs,../roman/.data/build21/r0000101001001001001_0001_wfi11_f158_cal.asdf,wfi11,eval,10,44,0.005456380,1
gwcs,../roman/.data/build21/r0000101001001001001_0001_wfi11_f158_cal.asdf,wfi11,eval,10,45,0.004910368,1
gwcs,../roman/.data/build21/r0000101001001001001_0001_wfi11_f158_cal.asdf,wfi11,eval,10,46,0.005202378,1
gwcs,../roman/.data/build21/r0000101001001001001_0001_wfi11_f158_cal.asdf,wfi11,eval,10,47,0.004831079,1
gwcs,../roman/.data/build21/r0000101001001001001_0001_wfi11_f158_cal.asdf,wfi11,eval,10,48,0.006266508,1
gwcs,../roman/.data/build21/r0000101001001001001_0001_wfi11_f158_cal.asdf,wfi11,eval,10,49,0.005079738,1
gwcs,../roman/.data/build21/r0000101001001001001_0001_wfi11_f158_cal.asdf,wfi11,eval,10,50,0.004977647,1
gwcs,../roman/.data/build21/r0000101001001001001_0001_wfi11_f158_cal.asdf,wfi11,eval,10,51,0.004799588,1
gwcs,../roman/.data/build21/r0000101001001001001_0001_wfi11_f158_cal.asdf,wfi11,eval,10,52,0.004820366,1
gwcs,../roman/.data/build21/r0000101001001001001_0001_wfi11_f158_cal.asdf,wfi11,eval,10,53,0.004904640,1
gwcs,../roman/.data/build21/r0000101001001001001_0001_wfi11_f158_cal.asdf,wfi11,eval,10,54,0.004844569,1
gwcs,../roman/.data/build21/r0000101001001001001_0001_wfi11_f158_cal.asdf,wfi11,eval,10,55,0.004775546,1
gwcs,../roman/.data/build21/r0000101001001001001_0001_wfi11_f158_cal.asdf,wfi11,eval,10,56,0.004906332,1
gwcs,../roman/.data/build21/r0000101001001001001_0001_wfi11_f158_cal.asdf,wfi11,eval,10,57,0.004823850,1
gwcs,../roman/.data/build21/r0000101001001001001_0001_wfi11_f158_cal.asdf,wfi11,eval,10,58,0.004817905,1
gwcs,../roman/.data/build21/r0000101001001001001_0001_wfi11_f158_cal.asdf,wfi11,eval,10,59,0.004900815,1
gwcs,../roman/.data/build21/r0000101001001001001_0001_wfi11_f158_cal.asdf,wfi11,eval,10,60,0.005061932,1
gwcs,../roman/.data/build21/r0000101001001001001_0001_wfi11_f158_cal.asdf,wfi11,eval,10,61,0.004950808,1
gwcs,../roman/.data/build21/r0000101001001001001_0001_wfi11_f158_cal.asdf,wfi11,eval,10,62,0.004929871,1
gwcs,../roman/.data/build21/r0000101001001001001_0001_wfi11_f158_cal.asdf,wfi11,eval,10,63,0.005045645,1
gwcs,../roman/.data/build21/r0000101001001001001_0001_wfi11_f158_cal.asdf,wfi11,eval,10,64,0.004922366,1
gwcs,../roman/.data/build21/r0000101001001001001_0001_wfi11_f158_cal.asdf,wfi11,eval,10,65,0.004911715,1
gwcs,../roman/.data/build21/r0000101001001001001_0001_wfi11_f158_cal.asdf,wfi11,eval,10,66,0.005097821,1
gwcs,../roman/.data/build21/r0000101001001001001_0001_wfi11_f158_cal.asdf,wfi11,eval,10,67,0.004959743,1
gwcs,../roman/.data/build21/r0000101001001001001_0001_wfi11_f158_cal.asdf,wfi11,eval,10,68,0.004848230,1
gwcs,../roman/.data/build21/r0000101001001001001_0001_wfi11_f158_cal.asdf,wfi11,eval,10,69,0.004897103,1
gwcs,../roman/.data/build21/r0000101001001001001_0001_wfi11_f158_cal.asdf,wfi11,eval,10,70,0.005172332,1
gwcs,../roman/.data/build21/r0000101001001001001_0001_wfi11_f158_cal.asdf,wfi11,eval,10,71,0.004886173,1
gwcs,../roman/.data/build21/r0000101001001001001_0001_wfi11_f158_cal.asdf,wfi11,eval,10,72,0.004849392,1
gwcs,../roman/.data/build21/r0000101001001001001_0001_wfi11_f158_cal.asdf,wfi11,eval,10,73,0.005093633,1
gwcs,../roman/.data/build21/r0000101001001001001_0001_wfi11_f158_cal.asdf,wfi11,eval,10,74,0.004876034,1
gwcs,../roman/.data/build21/r0000101001001001001_0001_wfi11_f158_cal.asdf,wfi11,eval,10,75,0.004804638,1
gwcs,../roman/.data/build21/r0000101001001001001_0001_wfi11_f158_cal.asdf,wfi11,eval,10,76,0.005140156,1
gwcs,../roman/.data/build21/r0000101001001001001_0001_wfi11_f158_cal.asdf,wfi11,eval,10,77,0.006907643,1
gwcs,../roman/.data/build21/r0000101001001001001_0001_wfi11_f158_cal.asdf,wfi11,eval,10,78,0.004929495,1
gwcs,../roman/.data/build21/r0000101001001001001_0001_wfi11_f158_cal.asdf,wfi11,eval,10,79,0.005320706,1
gwcs,../roman/.data/build21/r0000101001001001001_0001_wfi11_f158_cal.asdf,wfi11,eval,10,80,0.004884820,1
gwcs,../roman/.data/build21/r0000101001001001001_0001_wfi11_f158_cal.asdf,wfi11,eval,10,81,0.004789989,1
gwcs,../roman/.data/build21/r0000101001001001001_0001_wfi11_f158_cal.asdf,wfi11,eval,10,82,0.005111247,1
gwcs,../roman/.data/build21/r0000101001001001001_0001_wfi11_f158_cal.asdf,wfi11,eval,10,83,0.005004913,1
gwcs,../roman/.data/build21/r0000101001001001001_0001_wfi11_f158_cal.asdf,wfi11,eval,10,84,0.004863684,1
gwcs,../roman/.data/build21/r0000101001001001001_0001_wfi11_f158_cal.asdf,wfi11,eval,10,85,0.004859511,1
gwcs,../roman/.data/build21/r0000101001001001001_0001_wfi11_f158_cal.asdf,wfi11,eval,10,86,0.005132853,1
gwcs,../roman/.data/build21/r0000101001001001001_0001_wfi11_f158_cal.asdf,wfi11,eval,10,87,0.004888980,1
gwcs,../roman/.data/build21/r0000101001001001001_0001_wfi11_f158_cal.asdf,wfi11,eval,10,88,0.004857813,1
gwcs,../roman/.data/build21/r0000101001001001001_0001_wfi11_f158_cal.asdf,wfi11,eval,10,89,0.005204095,1
gwcs,../roman/.data/build21/r0000101001001001001_0001_wfi11_f158_cal.asdf,wfi11,eval,10,90,0.005015897,1
gwcs,../roman/.data/build21/r0000101001001001001_0001_wfi11_f158_cal.asdf,wfi11,eval,10,91,0.004815009,1
gwcs,../roman/.data/build21/r0000101001001001001_0001_wfi11_f158_cal.asdf,wfi11,eval,10,92,0.005147764,1
gwcs,../roman/.data/build21/r0000101001001001001_0001_wfi11_f158_cal.asdf,wfi11,eval,10,93,0.005224337,1
gwcs,../roman/.data/build21/r0000101001001001001_0001_wfi11_f158_cal.asdf,wfi11,eval,10,94,0.004876804,1
gwcs,../roman/.data/build21/r0000101001001001001_0001_wfi11_f158_cal.asdf,wfi11,eval,10,95,0.004925857,1
gwcs,../roman/.data/build21/r0000101001001001001_0001_wfi11_f158_cal.asdf,wfi11,eval,10,96,0.005018833,1
gwcs,../roman/.data/build21/r0000101001001001001_0001_wfi11_f158_cal.asdf,wfi11,eval,10,97,0.004863074,1
gwcs,../roman/.data/build21/r0000101001001001001_0001_wfi11_f158_cal.asdf,wfi11,eval,10,98,0.004868045,1
gwcs,../roman/.data/build21/r0000101001001001001_0001_wfi11_f158_cal.asdf,wfi11,eval,10,99,0.005219954,1
gwcs,../roman/.data/build21/r0000101001001001001_0001_wfi11_f158_cal.asdf,wfi11,eval,100,0,0.005163169,1
gwcs,../roman/.data/build21/r0000101001001001001_0001_wfi11_f158_cal.asdf,wfi11,eval,100,1,0.005067106,1
gwcs,../roman/.data/build21/r0000101001001001001_0001_wfi11_f158_cal.asdf,wfi11,eval,100,2,0.006191867,1
gwcs,../roman/.data/build21/r0000101001001001001_0001_wfi11_f158_cal.asdf,wfi11,eval,100,3,0.005073509,1
gwcs,../roman/.data/build21/r0000101001001001001_0001_wfi11_f158_cal.asdf,wfi11,eval,100,4,0.006674142,1
gwcs,../roman/.data/build21/r0000101001001001001_0001_wfi11_f158_cal.asdf,wfi11,eval,100,5,0.005086190,1
gwcs,../roman/.data/build21/r0000101001001001001_0001_wfi11_f158_cal.asdf,wfi11,eval,100,6,0.004901739,1
gwcs,../roman/.data/build21/r0000101001001001001_0001_wfi11_f158_cal.asdf,wfi11,eval,100,7,0.005053220,1
gwcs,../roman/.data/build21/r0000101001001001001_0001_wfi11_f158_cal.asdf,wfi11,eval,100,8,0.005141744,1
gwcs,../roman/.data/build21/r0000101001001001001_0001_wfi11_f158_cal.asdf,wfi11,eval,100,9,0.004980211,1
gwcs,../roman/.data/build21/r0000101001001001001_0001_wfi11_f158_cal.asdf,wfi11,eval,100,10,0.004885476,1
gwcs,../roman/.data/build21/r0000101001001001001_0001_wfi11_f158_cal.asdf,wfi11,eval,100,11,0.005091937,1
gwcs,../roman/.data/build21/r0000101001001001001_0001_wfi11_f158_cal.asdf,wfi11,eval,100,12,0.004892782,1
gwcs,../roman/.data/build21/r0000101001001001001_0001_wfi11_f158_cal.asdf,wfi11,eval,100,13,0.004842895,1
gwcs,../roman/.data/build21/r0000101001001001001_0001_wfi11_f158_cal.asdf,wfi11,eval,100,14,0.004934895,1
gwcs,../roman/.data/build21/r0000101001001001001_0001_wfi11_f158_cal.asdf,wfi11,eval,100,15,0.005127107,1
gwcs,../roman/.data/build21/r0000101001001001001_0001_wfi11_f158_cal.asdf,wfi11,eval,100,16,0.004858701,1
gwcs,../roman/.data/build21/r0000101001001001001_0001_wfi11_f158_cal.asdf,wfi11,eval,100,17,0.004802953,1
gwcs,../roman/.data/build21/r0000101001001001001_0001_wfi11_f158_cal.asdf,wfi11,eval,100,18,0.005232719,1
gwcs,../roman/.data/build21/r0000101001001001001_0001_wfi11_f158_cal.asdf,wfi11,eval,100,19,0.004917504,1
gwcs,../roman/.data/build21/r0000101001001001001_0001_wfi11_f158_cal.asdf,wfi11,eval,100,20,0.004782725,1
gwcs,../roman/.data/build21/r0000101001001001001_0001_wfi11_f158_cal.asdf,wfi11,eval,100,21,0.004869425,1
gwcs,../roman/.data/build21/r0000101001001001001_0001_wfi11_f158_cal.asdf,wfi11,eval,100,22,0.005106118,1
gwcs,../roman/.data/build21/r0000101001001001001_0001_wfi11_f158_cal.asdf,wfi11,eval,100,23,0.004826528,1
gwcs,../roman/.data/build21/r0000101001001001001_0001_wfi11_f158_cal.asdf,wfi11,eval,100,24,0.004886363,1
gwcs,../roman/.data/build21/r0000101001001001001_0001_wfi11_f158_cal.asdf,wfi11,eval,100,25,0.005157930,1
gwcs,../roman/.data/build21/r0000101001001001001_0001_wfi11_f158_cal.asdf,wfi11,eval,100,26,0.004855707,1
gwcs,../roman/.data/build21/r0000101001001001001_0001_wfi11_f158_cal.asdf,wfi11,eval,100,27,0.004799169,1
gwcs,../roman/.data/build21/r0000101001001001001_0001_wfi11_f158_cal.asdf,wfi11,eval,100,28,0.005068085,1
gwcs,../roman/.data/build21/r0000101001001001001_0001_wfi11_f158_cal.asdf,wfi11,eval,100,29,0.004928072,1
gwcs,../roman/.data/build21/r0000101001001001001_0001_wfi11_f158_cal.asdf,wfi11,eval,100,30,0.004908376,1
gwcs,../roman/.data/build21/r0000101001001001001_0001_wfi11_f158_cal.asdf,wfi11,eval,100,31,0.004855995,1
gwcs,../roman/.data/build21/r0000101001001001001_0001_wfi11_f158_cal.asdf,wfi11,eval,100,32,0.005094150,1
gwcs,../roman/.data/build21/r0000101001001001001_0001_wfi11_f158_cal.asdf,wfi11,eval,100,33,0.004832614,1
gwcs,../roman/.data/build21/r0000101001001001001_0001_wfi11_f158_cal.asdf,wfi11,eval,100,34,0.004860515,1
gwcs,../roman/.data/build21/r0000101001001001001_0001_wfi11_f158_cal.asdf,wfi11,eval,100,35,0.005150788,1
gwcs,../roman/.data/build21/r0000101001001001001_0001_wfi11_f158_cal.asdf,wfi11,eval,100,36,0.005192303,1
gwcs,../roman/.data/build21/r0000101001001001001_0001_wfi11_f158_cal.asdf,wfi11,eval,100,37,0.005122594,1
gwcs,../roman/.data/build21/r0000101001001001001_0001_wfi11_f158_cal.asdf,wfi11,eval,100,38,0.005417379,1
gwcs,../roman/.data/build21/r0000101001001001001_0001_wfi11_f158_cal.asdf,wfi11,eval,100,39,0.005307185,1
gwcs,../roman/.data/build21/r0000101001001001001_0001_wfi11_f158_cal.asdf,wfi11,eval,100,40,0.005027501,1
gwcs,../roman/.data/build21/r0000101001001001001_0001_wfi11_f158_cal.asdf,wfi11,eval,100,41,0.005263864,1
gwcs,../roman/.data/build21/r0000101001001001001_0001_wfi11_f158_cal.asdf,wfi11,eval,100,42,0.005431370,1
gwcs,../roman/.data/build21/r0000101001001001001_0001_wfi11_f158_cal.asdf,wfi11,eval,100,43,0.005173264,1
gwcs,../roman/.data/build21/r0000101001001001001_0001_wfi11_f158_cal.asdf,wfi11,eval,100,44,0.005218192,1
gwcs,../roman/.data/build21/r0000101001001001001_0001_wfi11_f158_cal.asdf,wfi11,eval,100,45,0.005157400,1
gwcs,../roman/.data/build21/r0000101001001001001_0001_wfi11_f158_cal.asdf,wfi11,eval,100,46,0.004845194,1
gwcs,../roman/.data/build21/r0000101001001001001_0001_wfi11_f158_cal.asdf,wfi11,eval,100,47,0.004864230,1
gwcs,../roman/.data/build21/r0000101001001001001_0001_wfi11_f158_cal.asdf,wfi11,eval,100,48,0.005390736,1
gwcs,../roman/.data/build21/r0000101001001001001_0001_wfi11_f158_cal.asdf,wfi11,eval,100,49,0.005193081,1
gwcs,../roman/.data/build21/r0000101001001001001_0001_wfi11_f158_cal.asdf,wfi11,eval,1000,0,0.009913724,1
gwcs,../roman/.data/build21/r0000101001001001001_0001_wfi11_f158_cal.asdf,wfi11,eval,1000,1,0.005397116,1
gwcs,../roman/.data/build21/r0000101001001001001_0001_wfi11_f158_cal.asdf,wfi11,eval,1000,2,0.005592873,1
gwcs,../roman/.data/build21/r0000101001001001001_0001_wfi11_f158_cal.asdf,wfi11,eval,1000,3,0.005789743,1
gwcs,../roman/.data/build21/r0000101001001001001_0001_wfi11_f158_cal.asdf,wfi11,eval,1000,4,0.005627161,1
gwcs,../roman/.data/build21/r0000101001001001001_0001_wfi11_f158_cal.asdf,wfi11,eval,1000,5,0.005402539,1
gwcs,../roman/.data/build21/r0000101001001001001_0001_wfi11_f158_cal.asdf,wfi11,eval,1000,6,0.005851197,1
gwcs,../roman/.data/build21/r0000101001001001001_0001_wfi11_f158_cal.asdf,wfi11,eval,1000,7,0.005292907,1
gwcs,../roman/.data/build21/r0000101001001001001_0001_wfi11_f158_cal.asdf,wfi11,eval,1000,8,0.005370040,1
gwcs,../roman/.data/build21/r0000101001001001001_0001_wfi11_f158_cal.asdf,wfi11,eval,1000,9,0.005781196,1
gwcs,../roman/.data/build21/r0000101001001001001_0001_wfi11_f158_cal.asdf,wfi11,eval,1000,10,0.005296200,1
gwcs,../roman/.data/build21/r0000101001001001001_0001_wfi11_f158_cal.asdf,wfi11,eval,1000,11,0.005566791,1
gwcs,../roman/.data/build21/r0000101001001001001_0001_wfi11_f158_cal.asdf,wfi11,eval,1000,12,0.006027517,1
gwcs,../roman/.data/build21/r0000101001001001001_0001_wfi11_f158_cal.asdf,wfi11,eval,1000,13,0.005228014,1
gwcs,../roman/.data/build21/r0000101001001001001_0001_wfi11_f158_cal.asdf,wfi11,eval,1000,14,0.005567087,1
gwcs,../roman/.data/build21/r0000101001001001001_0001_wfi11_f158_cal.asdf,wfi11,eval,1000,15,0.005448269,1
gwcs,../roman/.data/build21/r0000101001001001001_0001_wfi11_f158_cal.asdf,wfi11,eval,1000,16,0.005445105,1
gwcs,../roman/.data/build21/r0000101001001001001_0001_wfi11_f158_cal.asdf,wfi11,eval,1000,17,0.005442179,1
gwcs,../roman/.data/build21/r0000101001001001001_0001_wfi11_f158_cal.asdf,wfi11,eval,1000,18,0.005527527,1
gwcs,../roman/.data/build21/r0000101001001001001_0001_wfi11_f158_cal.asdf,wfi11,eval,1000,19,0.005224108,1
gwcs,../roman/.data/build21/r0000101001001001001_0001_wfi11_f158_cal.asdf,wfi11,eval,10000,0,0.010306251,1
gwcs,../roman/.data/build21/r0000101001001001001_0001_wfi11_f158_cal.asdf,wfi11,eval,10000,1,0.008410916,1
gwcs,../roman/.data/build21/r0000101001001001001_0001_wfi11_f158_cal.asdf,wfi11,eval,10000,2,0.008734276,1
gwcs,../roman/.data/build21/r0000101001001001001_0001_wfi11_f158_cal.asdf,wfi11,eval,10000,3,0.009114975,1
gwcs,../roman/.data/build21/r0000101001001001001_0001_wfi11_f158_cal.asdf,wfi11,eval,10000,4,0.009700249,1
gwcs,../roman/.data/build21/r0000101001001001001_0001_wfi11_f158_cal.asdf,wfi11,eval,10000,5,0.008702425,1
gwcs,../roman/.data/build21/r0000101001001001001_0001_wfi11_f158_cal.asdf,wfi11,eval,10000,6,0.008490214,1
gwcs,../roman/.data/build21/r0000101001001001001_0001_wfi11_f158_cal.asdf,wfi11,eval,10000,7,0.008844638,1
gwcs,../roman/.data/build21/r0000101001001001001_0001_wfi11_f158_cal.asdf,wfi11,eval,10000,8,0.008860958,1
gwcs,../roman/.data/build21/r0000101001001001001_0001_wfi11_f158_cal.asdf,wfi11,eval,10000,9,0.008590315,1
gwcs,../roman/.data/build21/r0000101001001001001_0001_wfi11_f158_cal.asdf,wfi11,eval,100000,0,0.038338934,1
gwcs,../roman/.data/build21/r0000101001001001001_0001_wfi11_f158_cal.asdf,wfi11,eval,100000,1,0.038813525,1
gwcs,../roman/.data/build21/r0000101001001001001_0001_wfi11_f158_cal.asdf,wfi11,eval,100000,2,0.037837052,1
gwcs,../roman/.data/build21/r0000101001001001001_0001_wfi11_f158_cal.asdf,wfi11,eval,100000,3,0.037754428,1
gwcs,../roman/.data/build21/r0000101001001001001_0001_wfi11_f158_cal.asdf,wfi11,eval,100000,4,0.037758179,1
gwcs,../roman/.data/build21/r0000101001001001001_0001_wfi11_f158_cal.asdf,wfi11,eval,1000000,0,0.388835435,1
gwcs,../roman/.data/build21/r0000101001001001001_0001_wfi11_f158_cal.asdf,wfi11,eval,1000000,1,0.397796350,1
gwcs,../roman/.data/build21/r0000101001001001001_0001_wfi11_f158_cal.asdf,wfi11,eval,1000000,2,0.394011949,1
gwcs,../roman/.data/build21/r0000101001001001001_0001_wfi11_f158_cal.asdf,wfi11,eval,10000000,0,3.916377714,1
gwcs,../roman/.data/build21/r0000101001001001001_0001_wfi11_f158_cal.asdf,wfi11,eval,10000000,1,3.937942617,1
gwcs,../roman/.data/build21/r0000101001001001001_0001_wfi11_f158_cal.asdf,wfi11,eval,16711744,0,6.591748209,1
gwcs,../roman/.data/build21/r0000101001001001001_0001_wfi11_f158_cal.asdf,wfi11,eval,16711744,1,6.627631609,1
gwcs,../roman/.data/build21/r0000101001001001001_0001_wfi12_f158_cal.asdf,wfi12,parse_cold,0,0,0.879055669,1
gwcs,../roman/.data/build21/r0000101001001001001_0001_wfi12_f158_cal.asdf,wfi12,parse_hot,0,0,0.545960191,1
gwcs,../roman/.data/build21/r0000101001001001001_0001_wfi12_f158_cal.asdf,wfi12,eval,1,0,0.005385179,1
gwcs,../roman/.data/build21/r0000101001001001001_0001_wfi12_f158_cal.asdf,wfi12,eval,1,1,0.005436192,1
gwcs,../roman/.data/build21/r0000101001001001001_0001_wfi12_f158_cal.asdf,wfi12,eval,1,2,0.004800411,1
gwcs,../roman/.data/build21/r0000101001001001001_0001_wfi12_f158_cal.asdf,wfi12,eval,1,3,0.004930256,1
gwcs,../roman/.data/build21/r0000101001001001001_0001_wfi12_f158_cal.asdf,wfi12,eval,1,4,0.004871099,1
gwcs,../roman/.data/build21/r0000101001001001001_0001_wfi12_f158_cal.asdf,wfi12,eval,1,5,0.005420511,1
gwcs,../roman/.data/build21/r0000101001001001001_0001_wfi12_f158_cal.asdf,wfi12,eval,1,6,0.005235337,1
gwcs,../roman/.data/build21/r0000101001001001001_0001_wfi12_f158_cal.asdf,wfi12,eval,1,7,0.004986525,1
gwcs,../roman/.data/build21/r0000101001001001001_0001_wfi12_f158_cal.asdf,wfi12,eval,1,8,0.005079829,1
gwcs,../roman/.data/build21/r0000101001001001001_0001_wfi12_f158_cal.asdf,wfi12,eval,1,9,0.005386154,1
gwcs,../roman/.data/build21/r0000101001001001001_0001_wfi12_f158_cal.asdf,wfi12,eval,1,10,0.006405488,1
gwcs,../roman/.data/build21/r0000101001001001001_0001_wfi12_f158_cal.asdf,wfi12,eval,1,11,0.005156282,1
gwcs,../roman/.data/build21/r0000101001001001001_0001_wfi12_f158_cal.asdf,wfi12,eval,1,12,0.004647187,1
gwcs,../roman/.data/build21/r0000101001001001001_0001_wfi12_f158_cal.asdf,wfi12,eval,1,13,0.004637907,1
gwcs,../roman/.data/build21/r0000101001001001001_0001_wfi12_f158_cal.asdf,wfi12,eval,1,14,0.005005045,1
gwcs,../roman/.data/build21/r0000101001001001001_0001_wfi12_f158_cal.asdf,wfi12,eval,1,15,0.004648620,1
gwcs,../roman/.data/build21/r0000101001001001001_0001_wfi12_f158_cal.asdf,wfi12,eval,1,16,0.004635854,1
gwcs,../roman/.data/build21/r0000101001001001001_0001_wfi12_f158_cal.asdf,wfi12,eval,1,17,0.004838563,1
gwcs,../roman/.data/build21/r0000101001001001001_0001_wfi12_f158_cal.asdf,wfi12,eval,1,18,0.005155321,1
gwcs,../roman/.data/build21/r0000101001001001001_0001_wfi12_f158_cal.asdf,wfi12,eval,1,19,0.004628856,1
gwcs,../roman/.data/build21/r0000101001001001001_0001_wfi12_f158_cal.asdf,wfi12,eval,1,20,0.004814348,1
gwcs,../roman/.data/build21/r0000101001001001001_0001_wfi12_f158_cal.asdf,wfi12,eval,1,21,0.005189762,1
gwcs,../roman/.data/build21/r0000101001001001001_0001_wfi12_f158_cal.asdf,wfi12,eval,1,22,0.004796657,1
gwcs,../roman/.data/build21/r0000101001001001001_0001_wfi12_f158_cal.asdf,wfi12,eval,1,23,0.004636795,1
gwcs,../roman/.data/build21/r0000101001001001001_0001_wfi12_f158_cal.asdf,wfi12,eval,1,24,0.005354760,1
gwcs,../roman/.data/build21/r0000101001001001001_0001_wfi12_f158_cal.asdf,wfi12,eval,1,25,0.005394090,1
gwcs,../roman/.data/build21/r0000101001001001001_0001_wfi12_f158_cal.asdf,wfi12,eval,1,26,0.004898313,1
gwcs,../roman/.data/build21/r0000101001001001001_0001_wfi12_f158_cal.asdf,wfi12,eval,1,27,0.004768193,1
gwcs,../roman/.data/build21/r0000101001001001001_0001_wfi12_f158_cal.asdf,wfi12,eval,1,28,0.005243625,1
gwcs,../roman/.data/build21/r0000101001001001001_0001_wfi12_f158_cal.asdf,wfi12,eval,1,29,0.004643399,1
gwcs,../roman/.data/build21/r0000101001001001001_0001_wfi12_f158_cal.asdf,wfi12,eval,1,30,0.004643248,1
gwcs,../roman/.data/build21/r0000101001001001001_0001_wfi12_f158_cal.asdf,wfi12,eval,1,31,0.005286367,1
gwcs,../roman/.data/build21/r0000101001001001001_0001_wfi12_f158_cal.asdf,wfi12,eval,1,32,0.004728015,1
gwcs,../roman/.data/build21/r0000101001001001001_0001_wfi12_f158_cal.asdf,wfi12,eval,1,33,0.004650724,1
gwcs,../roman/.data/build21/r0000101001001001001_0001_wfi12_f158_cal.asdf,wfi12,eval,1,34,0.004895602,1
gwcs,../roman/.data/build21/r0000101001001001001_0001_wfi12_f158_cal.asdf,wfi12,eval,1,35,0.005056347,1
gwcs,../roman/.data/build21/r0000101001001001001_0001_wfi12_f158_cal.asdf,wfi12,eval,1,36,0.004619597,1
gwcs,../roman/.data/build21/r0000101001001001001_0001_wfi12_f158_cal.asdf,wfi12,eval,1,37,0.004625574,1
gwcs,../roman/.data/build21/r0000101001001001001_0001_wfi12_f158_cal.asdf,wfi12,eval,1,38,0.005267006,1
gwcs,../roman/.data/build21/r0000101001001001001_0001_wfi12_f158_cal.asdf,wfi12,eval,1,39,0.004748104,1
gwcs,../roman/.data/build21/r0000101001001001001_0001_wfi12_f158_cal.asdf,wfi12,eval,1,40,0.004635840,1
gwcs,../roman/.data/build21/r0000101001001001001_0001_wfi12_f158_cal.asdf,wfi12,eval,1,41,0.004983122,1
gwcs,../roman/.data/build21/r0000101001001001001_0001_wfi12_f158_cal.asdf,wfi12,eval,1,42,0.005174800,1
gwcs,../roman/.data/build21/r0000101001001001001_0001_wfi12_f158_cal.asdf,wfi12,eval,1,43,0.004685206,1
gwcs,../roman/.data/build21/r0000101001001001001_0001_wfi12_f158_cal.asdf,wfi12,eval,1,44,0.005235555,1
gwcs,../roman/.data/build21/r0000101001001001001_0001_wfi12_f158_cal.asdf,wfi12,eval,1,45,0.005472028,1
gwcs,../roman/.data/build21/r0000101001001001001_0001_wfi12_f158_cal.asdf,wfi12,eval,1,46,0.004872856,1
gwcs,../roman/.data/build21/r0000101001001001001_0001_wfi12_f158_cal.asdf,wfi12,eval,1,47,0.004703029,1
gwcs,../roman/.data/build21/r0000101001001001001_0001_wfi12_f158_cal.asdf,wfi12,eval,1,48,0.005113569,1
gwcs,../roman/.data/build21/r0000101001001001001_0001_wfi12_f158_cal.asdf,wfi12,eval,1,49,0.004873818,1
gwcs,../roman/.data/build21/r0000101001001001001_0001_wfi12_f158_cal.asdf,wfi12,eval,1,50,0.004716869,1
gwcs,../roman/.data/build21/r0000101001001001001_0001_wfi12_f158_cal.asdf,wfi12,eval,1,51,0.004754764,1
gwcs,../roman/.data/build21/r0000101001001001001_0001_wfi12_f158_cal.asdf,wfi12,eval,1,52,0.005356554,1
gwcs,../roman/.data/build21/r0000101001001001001_0001_wfi12_f158_cal.asdf,wfi12,eval,1,53,0.004781682,1
gwcs,../roman/.data/build21/r0000101001001001001_0001_wfi12_f158_cal.asdf,wfi12,eval,1,54,0.004767609,1
gwcs,../roman/.data/build21/r0000101001001001001_0001_wfi12_f158_cal.asdf,wfi12,eval,1,55,0.005004331,1
gwcs,../roman/.data/build21/r0000101001001001001_0001_wfi12_f158_cal.asdf,wfi12,eval,1,56,0.004675907,1
gwcs,../roman/.data/build21/r0000101001001001001_0001_wfi12_f158_cal.asdf,wfi12,eval,1,57,0.004660493,1
gwcs,../roman/.data/build21/r0000101001001001001_0001_wfi12_f158_cal.asdf,wfi12,eval,1,58,0.005008279,1
gwcs,../roman/.data/build21/r0000101001001001001_0001_wfi12_f158_cal.asdf,wfi12,eval,1,59,0.004919146,1
gwcs,../roman/.data/build21/r0000101001001001001_0001_wfi12_f158_cal.asdf,wfi12,eval,1,60,0.004709656,1
gwcs,../roman/.data/build21/r0000101001001001001_0001_wfi12_f158_cal.asdf,wfi12,eval,1,61,0.004817226,1
gwcs,../roman/.data/build21/r0000101001001001001_0001_wfi12_f158_cal.asdf,wfi12,eval,1,62,0.005027522,1
gwcs,../roman/.data/build21/r0000101001001001001_0001_wfi12_f158_cal.asdf,wfi12,eval,1,63,0.004684385,1
gwcs,../roman/.data/build21/r0000101001001001001_0001_wfi12_f158_cal.asdf,wfi12,eval,1,64,0.004671731,1
gwcs,../roman/.data/build21/r0000101001001001001_0001_wfi12_f158_cal.asdf,wfi12,eval,1,65,0.005068787,1
gwcs,../roman/.data/build21/r0000101001001001001_0001_wfi12_f158_cal.asdf,wfi12,eval,1,66,0.004787440,1
gwcs,../roman/.data/build21/r0000101001001001001_0001_wfi12_f158_cal.asdf,wfi12,eval,1,67,0.004740338,1
gwcs,../roman/.data/build21/r0000101001001001001_0001_wfi12_f158_cal.asdf,wfi12,eval,1,68,0.004720998,1
gwcs,../roman/.data/build21/r0000101001001001001_0001_wfi12_f158_cal.asdf,wfi12,eval,1,69,0.005008615,1
gwcs,../roman/.data/build21/r0000101001001001001_0001_wfi12_f158_cal.asdf,wfi12,eval,1,70,0.004699059,1
gwcs,../roman/.data/build21/r0000101001001001001_0001_wfi12_f158_cal.asdf,wfi12,eval,1,71,0.004660264,1
gwcs,../roman/.data/build21/r0000101001001001001_0001_wfi12_f158_cal.asdf,wfi12,eval,1,72,0.005104339,1
gwcs,../roman/.data/build21/r0000101001001001001_0001_wfi12_f158_cal.asdf,wfi12,eval,1,73,0.004763809,1
gwcs,../roman/.data/build21/r0000101001001001001_0001_wfi12_f158_cal.asdf,wfi12,eval,1,74,0.004687610,1
gwcs,../roman/.data/build21/r0000101001001001001_0001_wfi12_f158_cal.asdf,wfi12,eval,1,75,0.004778831,1
gwcs,../roman/.data/build21/r0000101001001001001_0001_wfi12_f158_cal.asdf,wfi12,eval,1,76,0.005014721,1
gwcs,../roman/.data/build21/r0000101001001001001_0001_wfi12_f158_cal.asdf,wfi12,eval,1,77,0.004699946,1
gwcs,../roman/.data/build21/r0000101001001001001_0001_wfi12_f158_cal.asdf,wfi12,eval,1,78,0.004744391,1
gwcs,../roman/.data/build21/r0000101001001001001_0001_wfi12_f158_cal.asdf,wfi12,eval,1,79,0.005156782,1
gwcs,../roman/.data/build21/r0000101001001001001_0001_wfi12_f158_cal.asdf,wfi12,eval,1,80,0.004893631,1
gwcs,../roman/.data/build21/r0000101001001001001_0001_wfi12_f158_cal.asdf,wfi12,eval,1,81,0.004661818,1
gwcs,../roman/.data/build21/r0000101001001001001_0001_wfi12_f158_cal.asdf,wfi12,eval,1,82,0.004903443,1
gwcs,../roman/.data/build21/r0000101001001001001_0001_wfi12_f158_cal.asdf,wfi12,eval,1,83,0.005342660,1
gwcs,../roman/.data/build21/r0000101001001001001_0001_wfi12_f158_cal.asdf,wfi12,eval,1,84,0.004716960,1
gwcs,../roman/.data/build21/r0000101001001001001_0001_wfi12_f158_cal.asdf,wfi12,eval,1,85,0.004862190,1
gwcs,../roman/.data/build21/r0000101001001001001_0001_wfi12_f158_cal.asdf,wfi12,eval,1,86,0.005215884,1
gwcs,../roman/.data/build21/r0000101001001001001_0001_wfi12_f158_cal.asdf,wfi12,eval,1,87,0.006159332,1
gwcs,../roman/.data/build21/r0000101001001001001_0001_wfi12_f158_cal.asdf,wfi12,eval,1,88,0.005026801,1
gwcs,../roman/.data/build21/r0000101001001001001_0001_wfi12_f158_cal.asdf,wfi12,eval,1,89,0.005049904,1
gwcs,../roman/.data/build21/r0000101001001001001_0001_wfi12_f158_cal.asdf,wfi12,eval,1,90,0.004704728,1
gwcs,../roman/.data/build21/r0000101001001001001_0001_wfi12_f158_cal.asdf,wfi12,eval,1,91,0.004659971,1
gwcs,../roman/.data/build21/r0000101001001001001_0001_wfi12_f158_cal.asdf,wfi12,eval,1,92,0.005021338,1
gwcs,../roman/.data/build21/r0000101001001001001_0001_wfi12_f158_cal.asdf,wfi12,eval,1,93,0.004883895,1
gwcs,../roman/.data/build21/r0000101001001001001_0001_wfi12_f158_cal.asdf,wfi12,eval,1,94,0.004766687,1
gwcs,../roman/.data/build21/r0000101001001001001_0001_wfi12_f158_cal.asdf,wfi12,eval,1,95,0.004760620,1
gwcs,../roman/.data/build21/r0000101001001001001_0001_wfi12_f158_cal.asdf,wfi12,eval,1,96,0.005160662,1
gwcs,../roman/.data/build21/r0000101001001001001_0001_wfi12_f158_cal.asdf,wfi12,eval,1,97,0.004704903,1
gwcs,../roman/.data/build21/r0000101001001001001_0001_wfi12_f158_cal.asdf,wfi12,eval,1,98,0.004651695,1
gwcs,../roman/.data/build21/r0000101001001001001_0001_wfi12_f158_cal.asdf,wfi12,eval,1,99,0.005128553,1
gwcs,../roman/.data/build21/r0000101001001001001_0001_wfi12_f158_cal.asdf,wfi12,eval,10,0,0.005334880,1
gwcs,../roman/.data/build21/r0000101001001001001_0001_wfi12_f158_cal.asdf,wfi12,eval,10,1,0.005281240,1
gwcs,../roman/.data/build21/r0000101001001001001_0001_wfi12_f158_cal.asdf,wfi12,eval,10,2,0.005220715,1
gwcs,../roman/.data/build21/r0000101001001001001_0001_wfi12_f158_cal.asdf,wfi12,eval,10,3,0.004862252,1
gwcs,../roman/.data/build21/r0000101001001001001_0001_wfi12_f158_cal.asdf,wfi12,eval,10,4,0.004870465,1
gwcs,../roman/.data/build21/r0000101001001001001_0001_wfi12_f158_cal.asdf,wfi12,eval,10,5,0.004860604,1
gwcs,../roman/.data/build21/r0000101001001001001_0001_wfi12_f158_cal.asdf,wfi12,eval,10,6,0.005165904,1
gwcs,../roman/.data/build21/r0000101001001001001_0001_wfi12_f158_cal.asdf,wfi12,eval,10,7,0.005029233,1
gwcs,../roman/.data/build21/r0000101001001001001_0001_wfi12_f158_cal.asdf,wfi12,eval,10,8,0.004768277,1
gwcs,../roman/.data/build21/r0000101001001001001_0001_wfi12_f158_cal.asdf,wfi12,eval,10,9,0.005437833,1
gwcs,../roman/.data/build21/r0000101001001001001_0001_wfi12_f158_cal.asdf,wfi12,eval,10,10,0.004817409,1
gwcs,../roman/.data/build21/r0000101001001001001_0001_wfi12_f158_cal.asdf,wfi12,eval,10,11,0.004829160,1
gwcs,../roman/.data/build21/r0000101001001001001_0001_wfi12_f158_cal.asdf,wfi12,eval,10,12,0.005209062,1
gwcs,../roman/.data/build21/r0000101001001001001_0001_wfi12_f158_cal.asdf,wfi12,eval,10,13,0.004919089,1
gwcs,../roman/.data/build21/r0000101001001001001_0001_wfi12_f158_cal.asdf,wfi12,eval,10,14,0.004828545,1
gwcs,../roman/.data/build21/r0000101001001001001_0001_wfi12_f158_cal.asdf,wfi12,eval,10,15,0.004876676,1
gwcs,../roman/.data/build21/r0000101001001001001_0001_wfi12_f158_cal.asdf,wfi12,eval,10,16,0.005057038,1
gwcs,../roman/.data/build21/r0000101001001001001_0001_wfi12_f158_cal.asdf,wfi12,eval,10,17,0.004885135,1
gwcs,../roman/.data/build21/r0000101001001001001_0001_wfi12_f158_cal.asdf,wfi12,eval,10,18,0.004848723,1
gwcs,../roman/.data/build21/r0000101001001001001_0001_wfi12_f158_cal.asdf,wfi12,eval,10,19,0.005208039,1
gwcs,../roman/.data/build21/r0000101001001001001_0001_wfi12_f158_cal.asdf,wfi12,eval,10,20,0.004855645,1
gwcs,../roman/.data/build21/r0000101001001001001_0001_wfi12_f158_cal.asdf,wfi12,eval,10,21,0.004869475,1
gwcs,../roman/.data/build21/r0000101001001001001_0001_wfi12_f158_cal.asdf,wfi12,eval,10,22,0.005022352,1
gwcs,../roman/.data/build21/r0000101001001001001_0001_wfi12_f158_cal.asdf,wfi12,eval,10,23,0.005228363,1
gwcs,../roman/.data/build21/r0000101001001001001_0001_wfi12_f158_cal.asdf,wfi12,eval,10,24,0.004874287,1
gwcs,../roman/.data/build21/r0000101001001001001_0001_wfi12_f158_cal.asdf,wfi12,eval,10,25,0.005053634,1
gwcs,../roman/.data/build21/r0000101001001001001_0001_wfi12_f158_cal.asdf,wfi12,eval,10,26,0.005201527,1
gwcs,../roman/.data/build21/r0000101001001001001_0001_wfi12_f158_cal.asdf,wfi12,eval,10,27,0.005513332,1
gwcs,../roman/.data/build21/r0000101001001001001_0001_wfi12_f158_cal.asdf,wfi12,eval,10,28,0.005171616,1
gwcs,../roman/.data/build21/r0000101001001001001_0001_wfi12_f158_cal.asdf,wfi12,eval,10,29,0.007238041,1
gwcs,../roman/.data/build21/r0000101001001001001_0001_wfi12_f158_cal.asdf,wfi12,eval,10,30,0.007384481,1
gwcs,../roman/.data/build21/r0000101001001001001_0001_wfi12_f158_cal.asdf,wfi12,eval,10,31,0.005272634,1
gwcs,../roman/.data/build21/r0000101001001001001_0001_wfi12_f158_cal.asdf,wfi12,eval,10,32,0.004927413,1
gwcs,../roman/.data/build21/r0000101001001001001_0001_wfi12_f158_cal.asdf,wfi12,eval,10,33,0.004863405,1
gwcs,../roman/.data/build21/r0000101001001001001_0001_wfi12_f158_cal.asdf,wfi12,eval,10,34,0.005100452,1
gwcs,../roman/.data/build21/r0000101001001001001_0001_wfi12_f158_cal.asdf,wfi12,eval,10,35,0.005088508,1
gwcs,../roman/.data/build21/r0000101001001001001_0001_wfi12_f158_cal.asdf,wfi12,eval,10,36,0.004815641,1
gwcs,../roman/.data/build21/r0000101001001001001_0001_wfi12_f158_cal.asdf,wfi12,eval,10,37,0.004864409,1
gwcs,../roman/.data/build21/r0000101001001001001_0001_wfi12_f158_cal.asdf,wfi12,eval,10,38,0.005065302,1
gwcs,../roman/.data/build21/r0000101001001001001_0001_wfi12_f158_cal.asdf,wfi12,eval,10,39,0.004846452,1
gwcs,../roman/.data/build21/r0000101001001001001_0001_wfi12_f158_cal.asdf,wfi12,eval,10,40,0.004780750,1
gwcs,../roman/.data/build21/r0000101001001001001_0001_wfi12_f158_cal.asdf,wfi12,eval,10,41,0.005078179,1
gwcs,../roman/.data/build21/r0000101001001001001_0001_wfi12_f158_cal.asdf,wfi12,eval,10,42,0.004930423,1
gwcs,../roman/.data/build21/r0000101001001001001_0001_wfi12_f158_cal.asdf,wfi12,eval,10,43,0.004769959,1
gwcs,../roman/.data/build21/r0000101001001001001_0001_wfi12_f158_cal.asdf,wfi12,eval,10,44,0.005003101,1
gwcs,../roman/.data/build21/r0000101001001001001_0001_wfi12_f158_cal.asdf,wfi12,eval,10,45,0.005443713,1
gwcs,../roman/.data/build21/r0000101001001001001_0001_wfi12_f158_cal.asdf,wfi12,eval,10,46,0.005029460,1
gwcs,../roman/.data/build21/r0000101001001001001_0001_wfi12_f158_cal.asdf,wfi12,eval,10,47,0.005040058,1
gwcs,../roman/.data/build21/r0000101001001001001_0001_wfi12_f158_cal.asdf,wfi12,eval,10,48,0.006141585,1
gwcs,../roman/.data/build21/r0000101001001001001_0001_wfi12_f158_cal.asdf,wfi12,eval,10,49,0.005185178,1
gwcs,../roman/.data/build21/r0000101001001001001_0001_wfi12_f158_cal.asdf,wfi12,eval,10,50,0.004781899,1
gwcs,../roman/.data/build21/r0000101001001001001_0001_wfi12_f158_cal.asdf,wfi12,eval,10,51,0.005379112,1
gwcs,../roman/.data/build21/r0000101001001001001_0001_wfi12_f158_cal.asdf,wfi12,eval,10,52,0.004823510,1
gwcs,../roman/.data/build21/r0000101001001001001_0001_wfi12_f158_cal.asdf,wfi12,eval,10,53,0.004778962,1
gwcs,../roman/.data/build21/r0000101001001001001_0001_wfi12_f158_cal.asdf,wfi12,eval,10,54,0.005190678,1
gwcs,../roman/.data/build21/r0000101001001001001_0001_wfi12_f158_cal.asdf,wfi12,eval,10,55,0.004947875,1
gwcs,../roman/.data/build21/r0000101001001001001_0001_wfi12_f158_cal.asdf,wfi12,eval,10,56,0.007156933,1
gwcs,../roman/.data/build21/r0000101001001001001_0001_wfi12_f158_cal.asdf,wfi12,eval,10,57,0.005261611,1
gwcs,../roman/.data/build21/r0000101001001001001_0001_wfi12_f158_cal.asdf,wfi12,eval,10,58,0.004902300,1
gwcs,../roman/.data/build21/r0000101001001001001_0001_wfi12_f158_cal.asdf,wfi12,eval,10,59,0.004761856,1
gwcs,../roman/.data/build21/r0000101001001001001_0001_wfi12_f158_cal.asdf,wfi12,eval,10,60,0.005153219,1
gwcs,../roman/.data/build21/r0000101001001001001_0001_wfi12_f158_cal.asdf,wfi12,eval,10,61,0.005219335,1
gwcs,../roman/.data/build21/r0000101001001001001_0001_wfi12_f158_cal.asdf,wfi12,eval,10,62,0.004816748,1
gwcs,../roman/.data/build21/r0000101001001001001_0001_wfi12_f158_cal.asdf,wfi12,eval,10,63,0.004935350,1
gwcs,../roman/.data/build21/r0000101001001001001_0001_wfi12_f158_cal.asdf,wfi12,eval,10,64,0.005443365,1
gwcs,../roman/.data/build21/r0000101001001001001_0001_wfi12_f158_cal.asdf,wfi12,eval,10,65,0.005487337,1
gwcs,../roman/.data/build21/r0000101001001001001_0001_wfi12_f158_cal.asdf,wfi12,eval,10,66,0.004845256,1
gwcs,../roman/.data/build21/r0000101001001001001_0001_wfi12_f158_cal.asdf,wfi12,eval,10,67,0.005318478,1
gwcs,../roman/.data/build21/r0000101001001001001_0001_wfi12_f158_cal.asdf,wfi12,eval,10,68,0.004827042,1
gwcs,../roman/.data/build21/r0000101001001001001_0001_wfi12_f158_cal.asdf,wfi12,eval,10,69,0.004775825,1
gwcs,../roman/.data/build21/r0000101001001001001_0001_wfi12_f158_cal.asdf,wfi12,eval,10,70,0.005041282,1
gwcs,../roman/.data/build21/r0000101001001001001_0001_wfi12_f158_cal.asdf,wfi12,eval,10,71,0.005055708,1
gwcs,../roman/.data/build21/r0000101001001001001_0001_wfi12_f158_cal.asdf,wfi12,eval,10,72,0.004813299,1
gwcs,../roman/.data/build21/r0000101001001001001_0001_wfi12_f158_cal.asdf,wfi12,eval,10,73,0.004871004,1
gwcs,../roman/.data/build21/r0000101001001001001_0001_wfi12_f158_cal.asdf,wfi12,eval,10,74,0.005414260,1
gwcs,../roman/.data/build21/r0000101001001001001_0001_wfi12_f158_cal.asdf,wfi12,eval,10,75,0.004829239,1
gwcs,../roman/.data/build21/r0000101001001001001_0001_wfi12_f158_cal.asdf,wfi12,eval,10,76,0.004798059,1
gwcs,../roman/.data/build21/r0000101001001001001_0001_wfi12_f158_cal.asdf,wfi12,eval,10,77,0.005239429,1
gwcs,../roman/.data/build21/r0000101001001001001_0001_wfi12_f158_cal.asdf,wfi12,eval,10,78,0.004894834,1
gwcs,../roman/.data/build21/r0000101001001001001_0001_wfi12_f158_cal.asdf,wfi12,eval,10,79,0.004837995,1
gwcs,../roman/.data/build21/r0000101001001001001_0001_wfi12_f158_cal.asdf,wfi12,eval,10,80,0.004950668,1
gwcs,../roman/.data/build21/r0000101001001001001_0001_wfi12_f158_cal.asdf,wfi12,eval,10,81,0.005277741,1
gwcs,../roman/.data/build21/r0000101001001001001_0001_wfi12_f158_cal.asdf,wfi12,eval,10,82,0.004816459,1
gwcs,../roman/.data/build21/r0000101001001001001_0001_wfi12_f158_cal.asdf,wfi12,eval,10,83,0.004990058,1
gwcs,../roman/.data/build21/r0000101001001001001_0001_wfi12_f158_cal.asdf,wfi12,eval,10,84,0.005442349,1
gwcs,../roman/.data/build21/r0000101001001001001_0001_wfi12_f158_cal.asdf,wfi12,eval,10,85,0.004913787,1
gwcs,../roman/.data/build21/r0000101001001001001_0001_wfi12_f158_cal.asdf,wfi12,eval,10,86,0.004802397,1
gwcs,../roman/.data/build21/r0000101001001001001_0001_wfi12_f158_cal.asdf,wfi12,eval,10,87,0.005473641,1
gwcs,../roman/.data/build21/r0000101001001001001_0001_wfi12_f158_cal.asdf,wfi12,eval,10,88,0.004854205,1
gwcs,../roman/.data/build21/r0000101001001001001_0001_wfi12_f158_cal.asdf,wfi12,eval,10,89,0.004780145,1
gwcs,../roman/.data/build21/r0000101001001001001_0001_wfi12_f158_cal.asdf,wfi12,eval,10,90,0.005137542,1
gwcs,../roman/.data/build21/r0000101001001001001_0001_wfi12_f158_cal.asdf,wfi12,eval,10,91,0.004862948,1
gwcs,../roman/.data/build21/r0000101001001001001_0001_wfi12_f158_cal.asdf,wfi12,eval,10,92,0.004895702,1
gwcs,../roman/.data/build21/r0000101001001001001_0001_wfi12_f158_cal.asdf,wfi12,eval,10,93,0.004904284,1
gwcs,../roman/.data/build21/r0000101001001001001_0001_wfi12_f158_cal.asdf,wfi12,eval,10,94,0.005418582,1
gwcs,../roman/.data/build21/r0000101001001001001_0001_wfi12_f158_cal.asdf,wfi12,eval,10,95,0.007825693,1
gwcs,../roman/.data/build21/r0000101001001001001_0001_wfi12_f158_cal.asdf,wfi12,eval,10,96,0.005248695,1
gwcs,../roman/.data/build21/r0000101001001001001_0001_wfi12_f158_cal.asdf,wfi12,eval,10,97,0.004923031,1
gwcs,../roman/.data/build21/r0000101001001001001_0001_wfi12_f158_cal.asdf,wfi12,eval,10,98,0.004807869,1
gwcs,../roman/.data/build21/r0000101001001001001_0001_wfi12_f158_cal.asdf,wfi12,eval,10,99,0.004864036,1
gwcs,../roman/.data/build21/r0000101001001001001_0001_wfi12_f158_cal.asdf,wfi12,eval,100,0,0.006198781,1
gwcs,../roman/.data/build21/r0000101001001001001_0001_wfi12_f158_cal.asdf,wfi12,eval,100,1,0.005196295,1
gwcs,../roman/.data/build21/r0000101001001001001_0001_wfi12_f158_cal.asdf,wfi12,eval,100,2,0.004991719,1
gwcs,../roman/.data/build21/r0000101001001001001_0001_wfi12_f158_cal.asdf,wfi12,eval,100,3,0.005383852,1
gwcs,../roman/.data/build21/r0000101001001001001_0001_wfi12_f158_cal.asdf,wfi12,eval,100,4,0.005101943,1
gwcs,../roman/.data/build21/r0000101001001001001_0001_wfi12_f158_cal.asdf,wfi12,eval,100,5,0.005140183,1
gwcs,../roman/.data/build21/r0000101001001001001_0001_wfi12_f158_cal.asdf,wfi12,eval,100,6,0.005569098,1
gwcs,../roman/.data/build21/r0000101001001001001_0001_wfi12_f158_cal.asdf,wfi12,eval,100,7,0.006385604,1
gwcs,../roman/.data/build21/r0000101001001001001_0001_wfi12_f158_cal.asdf,wfi12,eval,100,8,0.007840492,1
gwcs,../roman/.data/build21/r0000101001001001001_0001_wfi12_f158_cal.asdf,wfi12,eval,100,9,0.004931397,1
gwcs,../roman/.data/build21/r0000101001001001001_0001_wfi12_f158_cal.asdf,wfi12,eval,100,10,0.004871815,1
gwcs,../roman/.data/build21/r0000101001001001001_0001_wfi12_f158_cal.asdf,wfi12,eval,100,11,0.005111709,1
gwcs,../roman/.data/build21/r0000101001001001001_0001_wfi12_f158_cal.asdf,wfi12,eval,100,12,0.004963836,1
gwcs,../roman/.data/build21/r0000101001001001001_0001_wfi12_f158_cal.asdf,wfi12,eval,100,13,0.004867564,1
gwcs,../roman/.data/build21/r0000101001001001001_0001_wfi12_f158_cal.asdf,wfi12,eval,100,14,0.005085146,1
gwcs,../roman/.data/build21/r0000101001001001001_0001_wfi12_f158_cal.asdf,wfi12,eval,100,15,0.005089090,1
gwcs,../roman/.data/build21/r0000101001001001001_0001_wfi12_f158_cal.asdf,wfi12,eval,100,16,0.004895919,1
gwcs,../roman/.data/build21/r0000101001001001001_0001_wfi12_f158_cal.asdf,wfi12,eval,100,17,0.004840456,1
gwcs,../roman/.data/build21/r0000101001001001001_0001_wfi12_f158_cal.asdf,wfi12,eval,100,18,0.005015418,1
gwcs,../roman/.data/build21/r0000101001001001001_0001_wfi12_f158_cal.asdf,wfi12,eval,100,19,0.005143861,1
gwcs,../roman/.data/build21/r0000101001001001001_0001_wfi12_f158_cal.asdf,wfi12,eval,100,20,0.004868467,1
gwcs,../roman/.data/build21/r0000101001001001001_0001_wfi12_f158_cal.asdf,wfi12,eval,100,21,0.005221721,1
gwcs,../roman/.data/build21/r0000101001001001001_0001_wfi12_f158_cal.asdf,wfi12,eval,100,22,0.006753244,1
gwcs,../roman/.data/build21/r0000101001001001001_0001_wfi12_f158_cal.asdf,wfi12,eval,100,23,0.005633482,1
gwcs,../roman/.data/build21/r0000101001001001001_0001_wfi12_f158_cal.asdf,wfi12,eval,100,24,0.005004434,1
gwcs,../roman/.data/build21/r0000101001001001001_0001_wfi12_f158_cal.asdf,wfi12,eval,100,25,0.005419293,1
gwcs,../roman/.data/build21/r0000101001001001001_0001_wfi12_f158_cal.asdf,wfi12,eval,100,26,0.004944651,1
gwcs,../roman/.data/build21/r0000101001001001001_0001_wfi12_f158_cal.asdf,wfi12,eval,100,27,0.005680832,1
gwcs,../roman/.data/build21/r0000101001001001001_0001_wfi12_f158_cal.asdf,wfi12,eval,100,28,0.005749117,1
gwcs,../roman/.data/build21/r0000101001001001001_0001_wfi12_f158_cal.asdf,wfi12,eval,100,29,0.004874828,1
gwcs,../roman/.data/build21/r0000101001001001001_0001_wfi12_f158_cal.asdf,wfi12,eval,100,30,0.005818696,1
gwcs,../roman/.data/build21/r0000101001001001001_0001_wfi12_f158_cal.asdf,wfi12,eval,100,31,0.005176961,1
gwcs,../roman/.data/build21/r0000101001001001001_0001_wfi12_f158_cal.asdf,wfi12,eval,100,32,0.004854343,1
gwcs,../roman/.data/build21/r0000101001001001001_0001_wfi12_f158_cal.asdf,wfi12,eval,100,33,0.004914917,1
gwcs,../roman/.data/build21/r0000101001001001001_0001_wfi12_f158_cal.asdf,wfi12,eval,100,34,0.005461731,1
gwcs,../roman/.data/build21/r0000101001001001001_0001_wfi12_f158_cal.asdf,wfi12,eval,100,35,0.004828091,1
gwcs,../roman/.data/build21/r0000101001001001001_0001_wfi12_f158_cal.asdf,wfi12,eval,100,36,0.004787796,1
gwcs,../roman/.data/build21/r0000101001001001001_0001_wfi12_f158_cal.asdf,wfi12,eval,100,37,0.005234187,1
gwcs,../roman/.data/build21/r0000101001001001001_0001_wfi12_f158_cal.asdf,wfi12,eval,100,38,0.004866051,1
gwcs,../roman/.data/build21/r0000101001001001001_0001_wfi12_f158_cal.asdf,wfi12,eval,100,39,0.004796499,1
gwcs,../roman/.data/build21/r0000101001001001001_0001_wfi12_f158_cal.asdf,wfi12,eval,100,40,0.005142007,1
gwcs,../roman/.data/build21/r0000101001001001001_0001_wfi12_f158_cal.asdf,wfi12,eval,100,41,0.005093914,1
gwcs,../roman/.data/build21/r0000101001001001001_0001_wfi12_f158_cal.asdf,wfi12,eval,100,42,0.004924437,1
gwcs,../roman/.data/build21/r0000101001001001001_0001_wfi12_f158_cal.asdf,wfi12,eval,100,43,0.004847050,1
gwcs,../roman/.data/build21/r0000101001001001001_0001_wfi12_f158_cal.asdf,wfi12,eval,100,44,0.005181666,1
gwcs,../roman/.data/build21/r0000101001001001001_0001_wfi12_f158_cal.asdf,wfi12,eval,100,45,0.004866202,1
gwcs,../roman/.data/build21/r0000101001001001001_0001_wfi12_f158_cal.asdf,wfi12,eval,100,46,0.004821804,1
gwcs,../roman/.data/build21/r0000101001001001001_0001_wfi12_f158_cal.asdf,wfi12,eval,100,47,0.005132982,1
gwcs,../roman/.data/build21/r0000101001001001001_0001_wfi12_f158_cal.asdf,wfi12,eval,100,48,0.005837406,1
gwcs,../roman/.data/build21/r0000101001001001001_0001_wfi12_f158_cal.asdf,wfi12,eval,100,49,0.004851229,1
gwcs,../roman/.data/build21/r0000101001001001001_0001_wfi12_f158_cal.asdf,wfi12,eval,1000,0,0.006124650,1
gwcs,../roman/.data/build21/r0000101001001001001_0001_wfi12_f158_cal.asdf,wfi12,eval,1000,1,0.005754265,1
gwcs,../roman/.data/build21/r0000101001001001001_0001_wfi12_f158_cal.asdf,wfi12,eval,1000,2,0.005191039,1
gwcs,../roman/.data/build21/r0000101001001001001_0001_wfi12_f158_cal.asdf,wfi12,eval,1000,3,0.005537267,1
gwcs,../roman/.data/build21/r0000101001001001001_0001_wfi12_f158_cal.asdf,wfi12,eval,1000,4,0.005287237,1
gwcs,../roman/.data/build21/r0000101001001001001_0001_wfi12_f158_cal.asdf,wfi12,eval,1000,5,0.005359412,1
gwcs,../roman/.data/build21/r0000101001001001001_0001_wfi12_f158_cal.asdf,wfi12,eval,1000,6,0.005671780,1
gwcs,../roman/.data/build21/r0000101001001001001_0001_wfi12_f158_cal.asdf,wfi12,eval,1000,7,0.005255591,1
gwcs,../roman/.data/build21/r0000101001001001001_0001_wfi12_f158_cal.asdf,wfi12,eval,1000,8,0.005172878,1
gwcs,../roman/.data/build21/r0000101001001001001_0001_wfi12_f158_cal.asdf,wfi12,eval,1000,9,0.005891179,1
gwcs,../roman/.data/build21/r0000101001001001001_0001_wfi12_f158_cal.asdf,wfi12,eval,1000,10,0.005282089,1
gwcs,../roman/.data/build21/r0000101001001001001_0001_wfi12_f158_cal.asdf,wfi12,eval,1000,11,0.005235175,1
gwcs,../roman/.data/build21/r0000101001001001001_0001_wfi12_f158_cal.asdf,wfi12,eval,1000,12,0.005561007,1
gwcs,../roman/.data/build21/r0000101001001001001_0001_wfi12_f158_cal.asdf,wfi12,eval,1000,13,0.005280510,1
gwcs,../roman/.data/build21/r0000101001001001001_0001_wfi12_f158_cal.asdf,wfi12,eval,1000,14,0.005156524,1
gwcs,../roman/.data/build21/r0000101001001001001_0001_wfi12_f158_cal.asdf,wfi12,eval,1000,15,0.005306471,1
gwcs,../roman/.data/build21/r0000101001001001001_0001_wfi12_f158_cal.asdf,wfi12,eval,1000,16,0.005582344,1
gwcs,../roman/.data/build21/r0000101001001001001_0001_wfi12_f158_cal.asdf,wfi12,eval,1000,17,0.005269849,1
gwcs,../roman/.data/build21/r0000101001001001001_0001_wfi12_f158_cal.asdf,wfi12,eval,1000,18,0.005408422,1
gwcs,../roman/.data/build21/r0000101001001001001_0001_wfi12_f158_cal.asdf,wfi12,eval,1000,19,0.005571129,1
gwcs,../roman/.data/build21/r0000101001001001001_0001_wfi12_f158_cal.asdf,wfi12,eval,10000,0,0.009265471,1
gwcs,../roman/.data/build21/r0000101001001001001_0001_wfi12_f158_cal.asdf,wfi12,eval,10000,1,0.008771863,1
gwcs,../roman/.data/build21/r0000101001001001001_0001_wfi12_f158_cal.asdf,wfi12,eval,10000,2,0.008521971,1
gwcs,../roman/.data/build21/r0000101001001001001_0001_wfi12_f158_cal.asdf,wfi12,eval,10000,3,0.008676921,1
gwcs,../roman/.data/build21/r0000101001001001001_0001_wfi12_f158_cal.asdf,wfi12,eval,10000,4,0.008574871,1
gwcs,../roman/.data/build21/r0000101001001001001_0001_wfi12_f158_cal.asdf,wfi12,eval,10000,5,0.009228652,1
gwcs,../roman/.data/build21/r0000101001001001001_0001_wfi12_f158_cal.asdf,wfi12,eval,10000,6,0.009481832,1
gwcs,../roman/.data/build21/r0000101001001001001_0001_wfi12_f158_cal.asdf,wfi12,eval,10000,7,0.008948158,1
gwcs,../roman/.data/build21/r0000101001001001001_0001_wfi12_f158_cal.asdf,wfi12,eval,10000,8,0.009018455,1
gwcs,../roman/.data/build21/r0000101001001001001_0001_wfi12_f158_cal.asdf,wfi12,eval,10000,9,0.009126839,1
gwcs,../roman/.data/build21/r0000101001001001001_0001_wfi12_f158_cal.asdf,wfi12,eval,100000,0,0.040133433,1
gwcs,../roman/.data/build21/r0000101001001001001_0001_wfi12_f158_cal.asdf,wfi12,eval,100000,1,0.039337606,1
gwcs,../roman/.data/build21/r0000101001001001001_0001_wfi12_f158_cal.asdf,wfi12,eval,100000,2,0.038612866,1
gwcs,../roman/.data/build21/r0000101001001001001_0001_wfi12_f158_cal.asdf,wfi12,eval,100000,3,0.038073105,1
gwcs,../roman/.data/build21/r0000101001001001001_0001_wfi12_f158_cal.asdf,wfi12,eval,100000,4,0.041114799,1
gwcs,../roman/.data/build21/r0000101001001001001_0001_wfi12_f158_cal.asdf,wfi12,eval,1000000,0,0.392896263,1
gwcs,../roman/.data/build21/r0000101001001001001_0001_wfi12_f158_cal.asdf,wfi12,eval,1000000,1,0.387321832,1
gwcs,../roman/.data/build21/r0000101001001001001_0001_wfi12_f158_cal.asdf,wfi12,eval,1000000,2,0.400902544,1
gwcs,../roman/.data/build21/r0000101001001001001_0001_wfi12_f158_cal.asdf,wfi12,eval,10000000,0,3.934101038,1
gwcs,../roman/.data/build21/r0000101001001001001_0001_wfi12_f158_cal.asdf,wfi12,eval,10000000,1,3.946466175,1
gwcs,../roman/.data/build21/r0000101001001001001_0001_wfi12_f158_cal.asdf,wfi12,eval,16711744,0,6.577433228,1
gwcs,../roman/.data/build21/r0000101001001001001_0001_wfi12_f158_cal.asdf,wfi12,eval,16711744,1,6.576486517,1
gwcs,../roman/.data/build21/r0000101001001001001_0001_wfi13_f158_cal.asdf,wfi13,parse_cold,0,0,0.873026303,1
gwcs,../roman/.data/build21/r0000101001001001001_0001_wfi13_f158_cal.asdf,wfi13,parse_hot,0,0,0.558268771,1
gwcs,../roman/.data/build21/r0000101001001001001_0001_wfi13_f158_cal.asdf,wfi13,eval,1,0,0.005090015,1
gwcs,../roman/.data/build21/r0000101001001001001_0001_wfi13_f158_cal.asdf,wfi13,eval,1,1,0.004770448,1
gwcs,../roman/.data/build21/r0000101001001001001_0001_wfi13_f158_cal.asdf,wfi13,eval,1,2,0.004961239,1
gwcs,../roman/.data/build21/r0000101001001001001_0001_wfi13_f158_cal.asdf,wfi13,eval,1,3,0.004846694,1
gwcs,../roman/.data/build21/r0000101001001001001_0001_wfi13_f158_cal.asdf,wfi13,eval,1,4,0.004691387,1
gwcs,../roman/.data/build21/r0000101001001001001_0001_wfi13_f158_cal.asdf,wfi13,eval,1,5,0.005426782,1
gwcs,../roman/.data/build21/r0000101001001001001_0001_wfi13_f158_cal.asdf,wfi13,eval,1,6,0.005321093,1
gwcs,../roman/.data/build21/r0000101001001001001_0001_wfi13_f158_cal.asdf,wfi13,eval,1,7,0.004985204,1
gwcs,../roman/.data/build21/r0000101001001001001_0001_wfi13_f158_cal.asdf,wfi13,eval,1,8,0.004821424,1
gwcs,../roman/.data/build21/r0000101001001001001_0001_wfi13_f158_cal.asdf,wfi13,eval,1,9,0.005056566,1
gwcs,../roman/.data/build21/r0000101001001001001_0001_wfi13_f158_cal.asdf,wfi13,eval,1,10,0.004656379,1
gwcs,../roman/.data/build21/r0000101001001001001_0001_wfi13_f158_cal.asdf,wfi13,eval,1,11,0.004638443,1
gwcs,../roman/.data/build21/r0000101001001001001_0001_wfi13_f158_cal.asdf,wfi13,eval,1,12,0.005110477,1
gwcs,../roman/.data/build21/r0000101001001001001_0001_wfi13_f158_cal.asdf,wfi13,eval,1,13,0.004890697,1
gwcs,../roman/.data/build21/r0000101001001001001_0001_wfi13_f158_cal.asdf,wfi13,eval,1,14,0.005068624,1
gwcs,../roman/.data/build21/r0000101001001001001_0001_wfi13_f158_cal.asdf,wfi13,eval,1,15,0.004916092,1
gwcs,../roman/.data/build21/r0000101001001001001_0001_wfi13_f158_cal.asdf,wfi13,eval,1,16,0.004790592,1
gwcs,../roman/.data/build21/r0000101001001001001_0001_wfi13_f158_cal.asdf,wfi13,eval,1,17,0.004768468,1
gwcs,../roman/.data/build21/r0000101001001001001_0001_wfi13_f158_cal.asdf,wfi13,eval,1,18,0.004704301,1
gwcs,../roman/.data/build21/r0000101001001001001_0001_wfi13_f158_cal.asdf,wfi13,eval,1,19,0.005015329,1
gwcs,../roman/.data/build21/r0000101001001001001_0001_wfi13_f158_cal.asdf,wfi13,eval,1,20,0.004785922,1
gwcs,../roman/.data/build21/r0000101001001001001_0001_wfi13_f158_cal.asdf,wfi13,eval,1,21,0.004825700,1
gwcs,../roman/.data/build21/r0000101001001001001_0001_wfi13_f158_cal.asdf,wfi13,eval,1,22,0.004898001,1
gwcs,../roman/.data/build21/r0000101001001001001_0001_wfi13_f158_cal.asdf,wfi13,eval,1,23,0.005370153,1
gwcs,../roman/.data/build21/r0000101001001001001_0001_wfi13_f158_cal.asdf,wfi13,eval,1,24,0.004796130,1
gwcs,../roman/.data/build21/r0000101001001001001_0001_wfi13_f158_cal.asdf,wfi13,eval,1,25,0.005057674,1
gwcs,../roman/.data/build21/r0000101001001001001_0001_wfi13_f158_cal.asdf,wfi13,eval,1,26,0.005342254,1
gwcs,../roman/.data/build21/r0000101001001001001_0001_wfi13_f158_cal.asdf,wfi13,eval,1,27,0.005022610,1
gwcs,../roman/.data/build21/r0000101001001001001_0001_wfi13_f158_cal.asdf,wfi13,eval,1,28,0.004775918,1
gwcs,../roman/.data/build21/r0000101001001001001_0001_wfi13_f158_cal.asdf,wfi13,eval,1,29,0.005338462,1
gwcs,../roman/.data/build21/r0000101001001001001_0001_wfi13_f158_cal.asdf,wfi13,eval,1,30,0.004705676,1
gwcs,../roman/.data/build21/r0000101001001001001_0001_wfi13_f158_cal.asdf,wfi13,eval,1,31,0.004644977,1
gwcs,../roman/.data/build21/r0000101001001001001_0001_wfi13_f158_cal.asdf,wfi13,eval,1,32,0.004727888,1
gwcs,../roman/.data/build21/r0000101001001001001_0001_wfi13_f158_cal.asdf,wfi13,eval,1,33,0.005440957,1
gwcs,../roman/.data/build21/r0000101001001001001_0001_wfi13_f158_cal.asdf,wfi13,eval,1,34,0.004795697,1
gwcs,../roman/.data/build21/r0000101001001001001_0001_wfi13_f158_cal.asdf,wfi13,eval,1,35,0.005110391,1
gwcs,../roman/.data/build21/r0000101001001001001_0001_wfi13_f158_cal.asdf,wfi13,eval,1,36,0.005235839,1
gwcs,../roman/.data/build21/r0000101001001001001_0001_wfi13_f158_cal.asdf,wfi13,eval,1,37,0.004936612,1
gwcs,../roman/.data/build21/r0000101001001001001_0001_wfi13_f158_cal.asdf,wfi13,eval,1,38,0.004908194,1
gwcs,../roman/.data/build21/r0000101001001001001_0001_wfi13_f158_cal.asdf,wfi13,eval,1,39,0.005015961,1
gwcs,../roman/.data/build21/r0000101001001001001_0001_wfi13_f158_cal.asdf,wfi13,eval,1,40,0.004742597,1
gwcs,../roman/.data/build21/r0000101001001001001_0001_wfi13_f158_cal.asdf,wfi13,eval,1,41,0.004624737,1
gwcs,../roman/.data/build21/r0000101001001001001_0001_wfi13_f158_cal.asdf,wfi13,eval,1,42,0.004646116,1
gwcs,../roman/.data/build21/r0000101001001001001_0001_wfi13_f158_cal.asdf,wfi13,eval,1,43,0.005104889,1
gwcs,../roman/.data/build21/r0000101001001001001_0001_wfi13_f158_cal.asdf,wfi13,eval,1,44,0.004705948,1
gwcs,../roman/.data/build21/r0000101001001001001_0001_wfi13_f158_cal.asdf,wfi13,eval,1,45,0.004657435,1
gwcs,../roman/.data/build21/r0000101001001001001_0001_wfi13_f158_cal.asdf,wfi13,eval,1,46,0.005101791,1
gwcs,../roman/.data/build21/r0000101001001001001_0001_wfi13_f158_cal.asdf,wfi13,eval,1,47,0.004788059,1
gwcs,../roman/.data/build21/r0000101001001001001_0001_wfi13_f158_cal.asdf,wfi13,eval,1,48,0.004661392,1
gwcs,../roman/.data/build21/r0000101001001001001_0001_wfi13_f158_cal.asdf,wfi13,eval,1,49,0.004641342,1
gwcs,../roman/.data/build21/r0000101001001001001_0001_wfi13_f158_cal.asdf,wfi13,eval,1,50,0.005036149,1
gwcs,../roman/.data/build21/r0000101001001001001_0001_wfi13_f158_cal.asdf,wfi13,eval,1,51,0.004663040,1
gwcs,../roman/.data/build21/r0000101001001001001_0001_wfi13_f158_cal.asdf,wfi13,eval,1,52,0.005124301,1
gwcs,../roman/.data/build21/r0000101001001001001_0001_wfi13_f158_cal.asdf,wfi13,eval,1,53,0.006180033,1
gwcs,../roman/.data/build21/r0000101001001001001_0001_wfi13_f158_cal.asdf,wfi13,eval,1,54,0.004769944,1
gwcs,../roman/.data/build21/r0000101001001001001_0001_wfi13_f158_cal.asdf,wfi13,eval,1,55,0.004887600,1
gwcs,../roman/.data/build21/r0000101001001001001_0001_wfi13_f158_cal.asdf,wfi13,eval,1,56,0.005066308,1
gwcs,../roman/.data/build21/r0000101001001001001_0001_wfi13_f158_cal.asdf,wfi13,eval,1,57,0.004738594,1
gwcs,../roman/.data/build21/r0000101001001001001_0001_wfi13_f158_cal.asdf,wfi13,eval,1,58,0.004647002,1
gwcs,../roman/.data/build21/r0000101001001001001_0001_wfi13_f158_cal.asdf,wfi13,eval,1,59,0.004629890,1
gwcs,../roman/.data/build21/r0000101001001001001_0001_wfi13_f158_cal.asdf,wfi13,eval,1,60,0.004840414,1
gwcs,../roman/.data/build21/r0000101001001001001_0001_wfi13_f158_cal.asdf,wfi13,eval,1,61,0.004690730,1
gwcs,../roman/.data/build21/r0000101001001001001_0001_wfi13_f158_cal.asdf,wfi13,eval,1,62,0.004657521,1
gwcs,../roman/.data/build21/r0000101001001001001_0001_wfi13_f158_cal.asdf,wfi13,eval,1,63,0.004821716,1
gwcs,../roman/.data/build21/r0000101001001001001_0001_wfi13_f158_cal.asdf,wfi13,eval,1,64,0.004739260,1
gwcs,../roman/.data/build21/r0000101001001001001_0001_wfi13_f158_cal.asdf,wfi13,eval,1,65,0.005424953,1
gwcs,../roman/.data/build21/r0000101001001001001_0001_wfi13_f158_cal.asdf,wfi13,eval,1,66,0.004790009,1
gwcs,../roman/.data/build21/r0000101001001001001_0001_wfi13_f158_cal.asdf,wfi13,eval,1,67,0.005458644,1
gwcs,../roman/.data/build21/r0000101001001001001_0001_wfi13_f158_cal.asdf,wfi13,eval,1,68,0.004890071,1
gwcs,../roman/.data/build21/r0000101001001001001_0001_wfi13_f158_cal.asdf,wfi13,eval,1,69,0.004724429,1
gwcs,../roman/.data/build21/r0000101001001001001_0001_wfi13_f158_cal.asdf,wfi13,eval,1,70,0.004871135,1
gwcs,../roman/.data/build21/r0000101001001001001_0001_wfi13_f158_cal.asdf,wfi13,eval,1,71,0.004882752,1
gwcs,../roman/.data/build21/r0000101001001001001_0001_wfi13_f158_cal.asdf,wfi13,eval,1,72,0.004689566,1
gwcs,../roman/.data/build21/r0000101001001001001_0001_wfi13_f158_cal.asdf,wfi13,eval,1,73,0.004809401,1
gwcs,../roman/.data/build21/r0000101001001001001_0001_wfi13_f158_cal.asdf,wfi13,eval,1,74,0.004788755,1
gwcs,../roman/.data/build21/r0000101001001001001_0001_wfi13_f158_cal.asdf,wfi13,eval,1,75,0.007054850,1
gwcs,../roman/.data/build21/r0000101001001001001_0001_wfi13_f158_cal.asdf,wfi13,eval,1,76,0.004866686,1
gwcs,../roman/.data/build21/r0000101001001001001_0001_wfi13_f158_cal.asdf,wfi13,eval,1,77,0.004828628,1
gwcs,../roman/.data/build21/r0000101001001001001_0001_wfi13_f158_cal.asdf,wfi13,eval,1,78,0.004678143,1
gwcs,../roman/.data/build21/r0000101001001001001_0001_wfi13_f158_cal.asdf,wfi13,eval,1,79,0.004663668,1
gwcs,../roman/.data/build21/r0000101001001001001_0001_wfi13_f158_cal.asdf,wfi13,eval,1,80,0.004847979,1
gwcs,../roman/.data/build21/r0000101001001001001_0001_wfi13_f158_cal.asdf,wfi13,eval,1,81,0.004686934,1
gwcs,../roman/.data/build21/r0000101001001001001_0001_wfi13_f158_cal.asdf,wfi13,eval,1,82,0.005087013,1
gwcs,../roman/.data/build21/r0000101001001001001_0001_wfi13_f158_cal.asdf,wfi13,eval,1,83,0.004931788,1
gwcs,../roman/.data/build21/r0000101001001001001_0001_wfi13_f158_cal.asdf,wfi13,eval,1,84,0.004733058,1
gwcs,../roman/.data/build21/r0000101001001001001_0001_wfi13_f158_cal.asdf,wfi13,eval,1,85,0.004619171,1
gwcs,../roman/.data/build21/r0000101001001001001_0001_wfi13_f158_cal.asdf,wfi13,eval,1,86,0.004783697,1
gwcs,../roman/.data/build21/r0000101001001001001_0001_wfi13_f158_cal.asdf,wfi13,eval,1,87,0.004827014,1
gwcs,../roman/.data/build21/r0000101001001001001_0001_wfi13_f158_cal.asdf,wfi13,eval,1,88,0.004673106,1
gwcs,../roman/.data/build21/r0000101001001001001_0001_wfi13_f158_cal.asdf,wfi13,eval,1,89,0.004616491,1
gwcs,../roman/.data/build21/r0000101001001001001_0001_wfi13_f158_cal.asdf,wfi13,eval,1,90,0.004796401,1
gwcs,../roman/.data/build21/r0000101001001001001_0001_wfi13_f158_cal.asdf,wfi13,eval,1,91,0.004830710,1
gwcs,../roman/.data/build21/r0000101001001001001_0001_wfi13_f158_cal.asdf,wfi13,eval,1,92,0.004746334,1
gwcs,../roman/.data/build21/r0000101001001001001_0001_wfi13_f158_cal.asdf,wfi13,eval,1,93,0.004675015,1
gwcs,../roman/.data/build21/r0000101001001001001_0001_wfi13_f158_cal.asdf,wfi13,eval,1,94,0.004852505,1
gwcs,../roman/.data/build21/r0000101001001001001_0001_wfi13_f158_cal.asdf,wfi13,eval,1,95,0.004735772,1
gwcs,../roman/.data/build21/r0000101001001001001_0001_wfi13_f158_cal.asdf,wfi13,eval,1,96,0.004770978,1
gwcs,../roman/.data/build21/r0000101001001001001_0001_wfi13_f158_cal.asdf,wfi13,eval,1,97,0.004964628,1
gwcs,../roman/.data/build21/r0000101001001001001_0001_wfi13_f158_cal.asdf,wfi13,eval,1,98,0.004740252,1
gwcs,../roman/.data/build21/r0000101001001001001_0001_wfi13_f158_cal.asdf,wfi13,eval,1,99,0.004721585,1
gwcs,../roman/.data/build21/r0000101001001001001_0001_wfi13_f158_cal.asdf,wfi13,eval,10,0,0.005553463,1
gwcs,../roman/.data/build21/r0000101001001001001_0001_wfi13_f158_cal.asdf,wfi13,eval,10,1,0.005304416,1
gwcs,../roman/.data/build21/r0000101001001001001_0001_wfi13_f158_cal.asdf,wfi13,eval,10,2,0.004989632,1
gwcs,../roman/.data/build21/r0000101001001001001_0001_wfi13_f158_cal.asdf,wfi13,eval,10,3,0.005146132,1
gwcs,../roman/.data/build21/r0000101001001001001_0001_wfi13_f158_cal.asdf,wfi13,eval,10,4,0.005486982,1
gwcs,../roman/.data/build21/r0000101001001001001_0001_wfi13_f158_cal.asdf,wfi13,eval,10,5,0.005003293,1
gwcs,../roman/.data/build21/r0000101001001001001_0001_wfi13_f158_cal.asdf,wfi13,eval,10,6,0.005048108,1
gwcs,../roman/.data/build21/r0000101001001001001_0001_wfi13_f158_cal.asdf,wfi13,eval,10,7,0.005462091,1
gwcs,../roman/.data/build21/r0000101001001001001_0001_wfi13_f158_cal.asdf,wfi13,eval,10,8,0.005034820,1
gwcs,../roman/.data/build21/r0000101001001001001_0001_wfi13_f158_cal.asdf,wfi13,eval,10,9,0.005032525,1
gwcs,../roman/.data/build21/r0000101001001001001_0001_wfi13_f158_cal.asdf,wfi13,eval,10,10,0.006335329,1
gwcs,../roman/.data/build21/r0000101001001001001_0001_wfi13_f158_cal.asdf,wfi13,eval,10,11,0.005045424,1
gwcs,../roman/.data/build21/r0000101001001001001_0001_wfi13_f158_cal.asdf,wfi13,eval,10,12,0.004972829,1
gwcs,../roman/.data/build21/r0000101001001001001_0001_wfi13_f158_cal.asdf,wfi13,eval,10,13,0.005280012,1
gwcs,../roman/.data/build21/r0000101001001001001_0001_wfi13_f158_cal.asdf,wfi13,eval,10,14,0.004974305,1
gwcs,../roman/.data/build21/r0000101001001001001_0001_wfi13_f158_cal.asdf,wfi13,eval,10,15,0.005371463,1
gwcs,../roman/.data/build21/r0000101001001001001_0001_wfi13_f158_cal.asdf,wfi13,eval,10,16,0.005100967,1
gwcs,../roman/.data/build21/r0000101001001001001_0001_wfi13_f158_cal.asdf,wfi13,eval,10,17,0.005249687,1
gwcs,../roman/.data/build21/r0000101001001001001_0001_wfi13_f158_cal.asdf,wfi13,eval,10,18,0.004864642,1
gwcs,../roman/.data/build21/r0000101001001001001_0001_wfi13_f158_cal.asdf,wfi13,eval,10,19,0.005115562,1
gwcs,../roman/.data/build21/r0000101001001001001_0001_wfi13_f158_cal.asdf,wfi13,eval,10,20,0.004939960,1
gwcs,../roman/.data/build21/r0000101001001001001_0001_wfi13_f158_cal.asdf,wfi13,eval,10,21,0.005210574,1
gwcs,../roman/.data/build21/r0000101001001001001_0001_wfi13_f158_cal.asdf,wfi13,eval,10,22,0.004907630,1
gwcs,../roman/.data/build21/r0000101001001001001_0001_wfi13_f158_cal.asdf,wfi13,eval,10,23,0.005133370,1
gwcs,../roman/.data/build21/r0000101001001001001_0001_wfi13_f158_cal.asdf,wfi13,eval,10,24,0.004944756,1
gwcs,../roman/.data/build21/r0000101001001001001_0001_wfi13_f158_cal.asdf,wfi13,eval,10,25,0.005062816,1
gwcs,../roman/.data/build21/r0000101001001001001_0001_wfi13_f158_cal.asdf,wfi13,eval,10,26,0.005064265,1
gwcs,../roman/.data/build21/r0000101001001001001_0001_wfi13_f158_cal.asdf,wfi13,eval,10,27,0.004951720,1
gwcs,../roman/.data/build21/r0000101001001001001_0001_wfi13_f158_cal.asdf,wfi13,eval,10,28,0.004765867,1
gwcs,../roman/.data/build21/r0000101001001001001_0001_wfi13_f158_cal.asdf,wfi13,eval,10,29,0.005009688,1
gwcs,../roman/.data/build21/r0000101001001001001_0001_wfi13_f158_cal.asdf,wfi13,eval,10,30,0.005232210,1
gwcs,../roman/.data/build21/r0000101001001001001_0001_wfi13_f158_cal.asdf,wfi13,eval,10,31,0.004971651,1
gwcs,../roman/.data/build21/r0000101001001001001_0001_wfi13_f158_cal.asdf,wfi13,eval,10,32,0.005114029,1
gwcs,../roman/.data/build21/r0000101001001001001_0001_wfi13_f158_cal.asdf,wfi13,eval,10,33,0.005252381,1
gwcs,../roman/.data/build21/r0000101001001001001_0001_wfi13_f158_cal.asdf,wfi13,eval,10,34,0.005282742,1
gwcs,../roman/.data/build21/r0000101001001001001_0001_wfi13_f158_cal.asdf,wfi13,eval,10,35,0.005066104,1
gwcs,../roman/.data/build21/r0000101001001001001_0001_wfi13_f158_cal.asdf,wfi13,eval,10,36,0.005276100,1
gwcs,../roman/.data/build21/r0000101001001001001_0001_wfi13_f158_cal.asdf,wfi13,eval,10,37,0.005083712,1
gwcs,../roman/.data/build21/r0000101001001001001_0001_wfi13_f158_cal.asdf,wfi13,eval,10,38,0.005139568,1
gwcs,../roman/.data/build21/r0000101001001001001_0001_wfi13_f158_cal.asdf,wfi13,eval,10,39,0.004987404,1
gwcs,../roman/.data/build21/r0000101001001001001_0001_wfi13_f158_cal.asdf,wfi13,eval,10,40,0.005423237,1
gwcs,../roman/.data/build21/r0000101001001001001_0001_wfi13_f158_cal.asdf,wfi13,eval,10,41,0.004912687,1
gwcs,../roman/.data/build21/r0000101001001001001_0001_wfi13_f158_cal.asdf,wfi13,eval,10,42,0.005153082,1
gwcs,../roman/.data/build21/r0000101001001001001_0001_wfi13_f158_cal.asdf,wfi13,eval,10,43,0.005211283,1
gwcs,../roman/.data/build21/r0000101001001001001_0001_wfi13_f158_cal.asdf,wfi13,eval,10,44,0.005303627,1
gwcs,../roman/.data/build21/r0000101001001001001_0001_wfi13_f158_cal.asdf,wfi13,eval,10,45,0.004981397,1
gwcs,../roman/.data/build21/r0000101001001001001_0001_wfi13_f158_cal.asdf,wfi13,eval,10,46,0.005418477,1
gwcs,../roman/.data/build21/r0000101001001001001_0001_wfi13_f158_cal.asdf,wfi13,eval,10,47,0.005006047,1
gwcs,../roman/.data/build21/r0000101001001001001_0001_wfi13_f158_cal.asdf,wfi13,eval,10,48,0.005520330,1
gwcs,../roman/.data/build21/r0000101001001001001_0001_wfi13_f158_cal.asdf,wfi13,eval,10,49,0.005072290,1
gwcs,../roman/.data/build21/r0000101001001001001_0001_wfi13_f158_cal.asdf,wfi13,eval,10,50,0.005184327,1
gwcs,../roman/.data/build21/r0000101001001001001_0001_wfi13_f158_cal.asdf,wfi13,eval,10,51,0.004897729,1
gwcs,../roman/.data/build21/r0000101001001001001_0001_wfi13_f158_cal.asdf,wfi13,eval,10,52,0.005286706,1
gwcs,../roman/.data/build21/r0000101001001001001_0001_wfi13_f158_cal.asdf,wfi13,eval,10,53,0.005047702,1
gwcs,../roman/.data/build21/r0000101001001001001_0001_wfi13_f158_cal.asdf,wfi13,eval,10,54,0.005159284,1
gwcs,../roman/.data/build21/r0000101001001001001_0001_wfi13_f158_cal.asdf,wfi13,eval,10,55,0.004948201,1
gwcs,../roman/.data/build21/r0000101001001001001_0001_wfi13_f158_cal.asdf,wfi13,eval,10,56,0.005328361,1
gwcs,../roman/.data/build21/r0000101001001001001_0001_wfi13_f158_cal.asdf,wfi13,eval,10,57,0.004989308,1
gwcs,../roman/.data/build21/r0000101001001001001_0001_wfi13_f158_cal.asdf,wfi13,eval,10,58,0.005050843,1
gwcs,../roman/.data/build21/r0000101001001001001_0001_wfi13_f158_cal.asdf,wfi13,eval,10,59,0.005149526,1
gwcs,../roman/.data/build21/r0000101001001001001_0001_wfi13_f158_cal.asdf,wfi13,eval,10,60,0.005050179,1
gwcs,../roman/.data/build21/r0000101001001001001_0001_wfi13_f158_cal.asdf,wfi13,eval,10,61,0.004999254,1
gwcs,../roman/.data/build21/r0000101001001001001_0001_wfi13_f158_cal.asdf,wfi13,eval,10,62,0.005187921,1
gwcs,../roman/.data/build21/r0000101001001001001_0001_wfi13_f158_cal.asdf,wfi13,eval,10,63,0.005221824,1
gwcs,../roman/.data/build21/r0000101001001001001_0001_wfi13_f158_cal.asdf,wfi13,eval,10,64,0.005017408,1
gwcs,../roman/.data/build21/r0000101001001001001_0001_wfi13_f158_cal.asdf,wfi13,eval,10,65,0.005177937,1
gwcs,../roman/.data/build21/r0000101001001001001_0001_wfi13_f158_cal.asdf,wfi13,eval,10,66,0.005109610,1
gwcs,../roman/.data/build21/r0000101001001001001_0001_wfi13_f158_cal.asdf,wfi13,eval,10,67,0.005240510,1
gwcs,../roman/.data/build21/r0000101001001001001_0001_wfi13_f158_cal.asdf,wfi13,eval,10,68,0.004950709,1
gwcs,../roman/.data/build21/r0000101001001001001_0001_wfi13_f158_cal.asdf,wfi13,eval,10,69,0.005399941,1
gwcs,../roman/.data/build21/r0000101001001001001_0001_wfi13_f158_cal.asdf,wfi13,eval,10,70,0.004976182,1
gwcs,../roman/.data/build21/r0000101001001001001_0001_wfi13_f158_cal.asdf,wfi13,eval,10,71,0.005236140,1
gwcs,../roman/.data/build21/r0000101001001001001_0001_wfi13_f158_cal.asdf,wfi13,eval,10,72,0.005101277,1
gwcs,../roman/.data/build21/r0000101001001001001_0001_wfi13_f158_cal.asdf,wfi13,eval,10,73,0.005213430,1
gwcs,../roman/.data/build21/r0000101001001001001_0001_wfi13_f158_cal.asdf,wfi13,eval,10,74,0.006432487,1
gwcs,../roman/.data/build21/r0000101001001001001_0001_wfi13_f158_cal.asdf,wfi13,eval,10,75,0.005039219,1
gwcs,../roman/.data/build21/r0000101001001001001_0001_wfi13_f158_cal.asdf,wfi13,eval,10,76,0.004802689,1
gwcs,../roman/.data/build21/r0000101001001001001_0001_wfi13_f158_cal.asdf,wfi13,eval,10,77,0.004763944,1
gwcs,../roman/.data/build21/r0000101001001001001_0001_wfi13_f158_cal.asdf,wfi13,eval,10,78,0.004901201,1
gwcs,../roman/.data/build21/r0000101001001001001_0001_wfi13_f158_cal.asdf,wfi13,eval,10,79,0.004853762,1
gwcs,../roman/.data/build21/r0000101001001001001_0001_wfi13_f158_cal.asdf,wfi13,eval,10,80,0.004806790,1
gwcs,../roman/.data/build21/r0000101001001001001_0001_wfi13_f158_cal.asdf,wfi13,eval,10,81,0.004789599,1
gwcs,../roman/.data/build21/r0000101001001001001_0001_wfi13_f158_cal.asdf,wfi13,eval,10,82,0.005118342,1
gwcs,../roman/.data/build21/r0000101001001001001_0001_wfi13_f158_cal.asdf,wfi13,eval,10,83,0.005183862,1
gwcs,../roman/.data/build21/r0000101001001001001_0001_wfi13_f158_cal.asdf,wfi13,eval,10,84,0.005759117,1
gwcs,../roman/.data/build21/r0000101001001001001_0001_wfi13_f158_cal.asdf,wfi13,eval,10,85,0.006116014,1
gwcs,../roman/.data/build21/r0000101001001001001_0001_wfi13_f158_cal.asdf,wfi13,eval,10,86,0.005272553,1
gwcs,../roman/.data/build21/r0000101001001001001_0001_wfi13_f158_cal.asdf,wfi13,eval,10,87,0.005130947,1
gwcs,../roman/.data/build21/r0000101001001001001_0001_wfi13_f158_cal.asdf,wfi13,eval,10,88,0.005200909,1
gwcs,../roman/.data/build21/r0000101001001001001_0001_wfi13_f158_cal.asdf,wfi13,eval,10,89,0.004832567,1
gwcs,../roman/.data/build21/r0000101001001001001_0001_wfi13_f158_cal.asdf,wfi13,eval,10,90,0.005109387,1
gwcs,../roman/.data/build21/r0000101001001001001_0001_wfi13_f158_cal.asdf,wfi13,eval,10,91,0.005707203,1
gwcs,../roman/.data/build21/r0000101001001001001_0001_wfi13_f158_cal.asdf,wfi13,eval,10,92,0.004892239,1
gwcs,../roman/.data/build21/r0000101001001001001_0001_wfi13_f158_cal.asdf,wfi13,eval,10,93,0.004870970,1
gwcs,../roman/.data/build21/r0000101001001001001_0001_wfi13_f158_cal.asdf,wfi13,eval,10,94,0.005026515,1
gwcs,../roman/.data/build21/r0000101001001001001_0001_wfi13_f158_cal.asdf,wfi13,eval,10,95,0.004953482,1
gwcs,../roman/.data/build21/r0000101001001001001_0001_wfi13_f158_cal.asdf,wfi13,eval,10,96,0.004779120,1
gwcs,../roman/.data/build21/r0000101001001001001_0001_wfi13_f158_cal.asdf,wfi13,eval,10,97,0.004842585,1
gwcs,../roman/.data/build21/r0000101001001001001_0001_wfi13_f158_cal.asdf,wfi13,eval,10,98,0.005142060,1
gwcs,../roman/.data/build21/r0000101001001001001_0001_wfi13_f158_cal.asdf,wfi13,eval,10,99,0.004867878,1
gwcs,../roman/.data/build21/r0000101001001001001_0001_wfi13_f158_cal.asdf,wfi13,eval,100,0,0.006206722,1
gwcs,../roman/.data/build21/r0000101001001001001_0001_wfi13_f158_cal.asdf,wfi13,eval,100,1,0.005634201,1
gwcs,../roman/.data/build21/r0000101001001001001_0001_wfi13_f158_cal.asdf,wfi13,eval,100,2,0.004916570,1
gwcs,../roman/.data/build21/r0000101001001001001_0001_wfi13_f158_cal.asdf,wfi13,eval,100,3,0.005358534,1
gwcs,../roman/.data/build21/r0000101001001001001_0001_wfi13_f158_cal.asdf,wfi13,eval,100,4,0.005136936,1
gwcs,../roman/.data/build21/r0000101001001001001_0001_wfi13_f158_cal.asdf,wfi13,eval,100,5,0.005228785,1
gwcs,../roman/.data/build21/r0000101001001001001_0001_wfi13_f158_cal.asdf,wfi13,eval,100,6,0.005042831,1
gwcs,../roman/.data/build21/r0000101001001001001_0001_wfi13_f158_cal.asdf,wfi13,eval,100,7,0.004994261,1
gwcs,../roman/.data/build21/r0000101001001001001_0001_wfi13_f158_cal.asdf,wfi13,eval,100,8,0.004845638,1
gwcs,../roman/.data/build21/r0000101001001001001_0001_wfi13_f158_cal.asdf,wfi13,eval,100,9,0.005077143,1
gwcs,../roman/.data/build21/r0000101001001001001_0001_wfi13_f158_cal.asdf,wfi13,eval,100,10,0.005165552,1
gwcs,../roman/.data/build21/r0000101001001001001_0001_wfi13_f158_cal.asdf,wfi13,eval,100,11,0.004894915,1
gwcs,../roman/.data/build21/r0000101001001001001_0001_wfi13_f158_cal.asdf,wfi13,eval,100,12,0.004811752,1
gwcs,../roman/.data/build21/r0000101001001001001_0001_wfi13_f158_cal.asdf,wfi13,eval,100,13,0.005342968,1
gwcs,../roman/.data/build21/r0000101001001001001_0001_wfi13_f158_cal.asdf,wfi13,eval,100,14,0.004835953,1
gwcs,../roman/.data/build21/r0000101001001001001_0001_wfi13_f158_cal.asdf,wfi13,eval,100,15,0.010050368,1
gwcs,../roman/.data/build21/r0000101001001001001_0001_wfi13_f158_cal.asdf,wfi13,eval,100,16,0.005168325,1
gwcs,../roman/.data/build21/r0000101001001001001_0001_wfi13_f158_cal.asdf,wfi13,eval,100,17,0.005097308,1
gwcs,../roman/.data/build21/r0000101001001001001_0001_wfi13_f158_cal.asdf,wfi13,eval,100,18,0.004981363,1
gwcs,../roman/.data/build21/r0000101001001001001_0001_wfi13_f158_cal.asdf,wfi13,eval,100,19,0.005056423,1
gwcs,../roman/.data/build21/r0000101001001001001_0001_wfi13_f158_cal.asdf,wfi13,eval,100,20,0.004853952,1
gwcs,../roman/.data/build21/r0000101001001001001_0001_wfi13_f158_cal.asdf,wfi13,eval,100,21,0.004846373,1
gwcs,../roman/.data/build21/r0000101001001001001_0001_wfi13_f158_cal.asdf,wfi13,eval,100,22,0.005311878,1
gwcs,../roman/.data/build21/r0000101001001001001_0001_wfi13_f158_cal.asdf,wfi13,eval,100,23,0.005102970,1
gwcs,../roman/.data/build21/r0000101001001001001_0001_wfi13_f158_cal.asdf,wfi13,eval,100,24,0.005167720,1
gwcs,../roman/.data/build21/r0000101001001001001_0001_wfi13_f158_cal.asdf,wfi13,eval,100,25,0.005852218,1
gwcs,../roman/.data/build21/r0000101001001001001_0001_wfi13_f158_cal.asdf,wfi13,eval,100,26,0.005814002,1
gwcs,../roman/.data/build21/r0000101001001001001_0001_wfi13_f158_cal.asdf,wfi13,eval,100,27,0.005511412,1
gwcs,../roman/.data/build21/r0000101001001001001_0001_wfi13_f158_cal.asdf,wfi13,eval,100,28,0.006639426,1
gwcs,../roman/.data/build21/r0000101001001001001_0001_wfi13_f158_cal.asdf,wfi13,eval,100,29,0.005274022,1
gwcs,../roman/.data/build21/r0000101001001001001_0001_wfi13_f158_cal.asdf,wfi13,eval,100,30,0.005090068,1
gwcs,../roman/.data/build21/r0000101001001001001_0001_wfi13_f158_cal.asdf,wfi13,eval,100,31,0.005816095,1
gwcs,../roman/.data/build21/r0000101001001001001_0001_wfi13_f158_cal.asdf,wfi13,eval,100,32,0.005139044,1
gwcs,../roman/.data/build21/r0000101001001001001_0001_wfi13_f158_cal.asdf,wfi13,eval,100,33,0.005042225,1
gwcs,../roman/.data/build21/r0000101001001001001_0001_wfi13_f158_cal.asdf,wfi13,eval,100,34,0.005578718,1
gwcs,../roman/.data/build21/r0000101001001001001_0001_wfi13_f158_cal.asdf,wfi13,eval,100,35,0.004933336,1
gwcs,../roman/.data/build21/r0000101001001001001_0001_wfi13_f158_cal.asdf,wfi13,eval,100,36,0.005039014,1
gwcs,../roman/.data/build21/r0000101001001001001_0001_wfi13_f158_cal.asdf,wfi13,eval,100,37,0.005478585,1
gwcs,../roman/.data/build21/r0000101001001001001_0001_wfi13_f158_cal.asdf,wfi13,eval,100,38,0.005546289,1
gwcs,../roman/.data/build21/r0000101001001001001_0001_wfi13_f158_cal.asdf,wfi13,eval,100,39,0.004886580,1
gwcs,../roman/.data/build21/r0000101001001001001_0001_wfi13_f158_cal.asdf,wfi13,eval,100,40,0.005226278,1
gwcs,../roman/.data/build21/r0000101001001001001_0001_wfi13_f158_cal.asdf,wfi13,eval,100,41,0.005221777,1
gwcs,../roman/.data/build21/r0000101001001001001_0001_wfi13_f158_cal.asdf,wfi13,eval,100,42,0.004903577,1
gwcs,../roman/.data/build21/r0000101001001001001_0001_wfi13_f158_cal.asdf,wfi13,eval,100,43,0.004991021,1
gwcs,../roman/.data/build21/r0000101001001001001_0001_wfi13_f158_cal.asdf,wfi13,eval,100,44,0.005233346,1
gwcs,../roman/.data/build21/r0000101001001001001_0001_wfi13_f158_cal.asdf,wfi13,eval,100,45,0.004882901,1
gwcs,../roman/.data/build21/r0000101001001001001_0001_wfi13_f158_cal.asdf,wfi13,eval,100,46,0.004863753,1
gwcs,../roman/.data/build21/r0000101001001001001_0001_wfi13_f158_cal.asdf,wfi13,eval,100,47,0.005392355,1
gwcs,../roman/.data/build21/r0000101001001001001_0001_wfi13_f158_cal.asdf,wfi13,eval,100,48,0.005645372,1
gwcs,../roman/.data/build21/r0000101001001001001_0001_wfi13_f158_cal.asdf,wfi13,eval,100,49,0.004961547,1
gwcs,../roman/.data/build21/r0000101001001001001_0001_wfi13_f158_cal.asdf,wfi13,eval,1000,0,0.006564843,1
gwcs,../roman/.data/build21/r0000101001001001001_0001_wfi13_f158_cal.asdf,wfi13,eval,1000,1,0.005790210,1
gwcs,../roman/.data/build21/r0000101001001001001_0001_wfi13_f158_cal.asdf,wfi13,eval,1000,2,0.005647019,1
gwcs,../roman/.data/build21/r0000101001001001001_0001_wfi13_f158_cal.asdf,wfi13,eval,1000,3,0.006142417,1
gwcs,../roman/.data/build21/r0000101001001001001_0001_wfi13_f158_cal.asdf,wfi13,eval,1000,4,0.005504475,1
gwcs,../roman/.data/build21/r0000101001001001001_0001_wfi13_f158_cal.asdf,wfi13,eval,1000,5,0.006169004,1
gwcs,../roman/.data/build21/r0000101001001001001_0001_wfi13_f158_cal.asdf,wfi13,eval,1000,6,0.005429428,1
gwcs,../roman/.data/build21/r0000101001001001001_0001_wfi13_f158_cal.asdf,wfi13,eval,1000,7,0.005747742,1
gwcs,../roman/.data/build21/r0000101001001001001_0001_wfi13_f158_cal.asdf,wfi13,eval,1000,8,0.006392833,1
gwcs,../roman/.data/build21/r0000101001001001001_0001_wfi13_f158_cal.asdf,wfi13,eval,1000,9,0.008296289,1
gwcs,../roman/.data/build21/r0000101001001001001_0001_wfi13_f158_cal.asdf,wfi13,eval,1000,10,0.006012115,1
gwcs,../roman/.data/build21/r0000101001001001001_0001_wfi13_f158_cal.asdf,wfi13,eval,1000,11,0.005597346,1
gwcs,../roman/.data/build21/r0000101001001001001_0001_wfi13_f158_cal.asdf,wfi13,eval,1000,12,0.005624302,1
gwcs,../roman/.data/build21/r0000101001001001001_0001_wfi13_f158_cal.asdf,wfi13,eval,1000,13,0.005359074,1
gwcs,../roman/.data/build21/r0000101001001001001_0001_wfi13_f158_cal.asdf,wfi13,eval,1000,14,0.005663062,1
gwcs,../roman/.data/build21/r0000101001001001001_0001_wfi13_f158_cal.asdf,wfi13,eval,1000,15,0.005392293,1
gwcs,../roman/.data/build21/r0000101001001001001_0001_wfi13_f158_cal.asdf,wfi13,eval,1000,16,0.005955485,1
gwcs,../roman/.data/build21/r0000101001001001001_0001_wfi13_f158_cal.asdf,wfi13,eval,1000,17,0.005621936,1
gwcs,../roman/.data/build21/r0000101001001001001_0001_wfi13_f158_cal.asdf,wfi13,eval,1000,18,0.005605563,1
gwcs,../roman/.data/build21/r0000101001001001001_0001_wfi13_f158_cal.asdf,wfi13,eval,1000,19,0.005254791,1
gwcs,../roman/.data/build21/r0000101001001001001_0001_wfi13_f158_cal.asdf,wfi13,eval,10000,0,0.008803454,1
gwcs,../roman/.data/build21/r0000101001001001001_0001_wfi13_f158_cal.asdf,wfi13,eval,10000,1,0.009223915,1
gwcs,../roman/.data/build21/r0000101001001001001_0001_wfi13_f158_cal.asdf,wfi13,eval,10000,2,0.009225923,1
gwcs,../roman/.data/build21/r0000101001001001001_0001_wfi13_f158_cal.asdf,wfi13,eval,10000,3,0.008545888,1
gwcs,../roman/.data/build21/r0000101001001001001_0001_wfi13_f158_cal.asdf,wfi13,eval,10000,4,0.009011820,1
gwcs,../roman/.data/build21/r0000101001001001001_0001_wfi13_f158_cal.asdf,wfi13,eval,10000,5,0.008678298,1
gwcs,../roman/.data/build21/r0000101001001001001_0001_wfi13_f158_cal.asdf,wfi13,eval,10000,6,0.008750232,1
gwcs,../roman/.data/build21/r0000101001001001001_0001_wfi13_f158_cal.asdf,wfi13,eval,10000,7,0.008797158,1
gwcs,../roman/.data/build21/r0000101001001001001_0001_wfi13_f158_cal.asdf,wfi13,eval,10000,8,0.008826429,1
gwcs,../roman/.data/build21/r0000101001001001001_0001_wfi13_f158_cal.asdf,wfi13,eval,10000,9,0.008806484,1
gwcs,../roman/.data/build21/r0000101001001001001_0001_wfi13_f158_cal.asdf,wfi13,eval,100000,0,0.039522643,1
gwcs,../roman/.data/build21/r0000101001001001001_0001_wfi13_f158_cal.asdf,wfi13,eval,100000,1,0.039604614,1
gwcs,../roman/.data/build21/r0000101001001001001_0001_wfi13_f158_cal.asdf,wfi13,eval,100000,2,0.038471867,1
gwcs,../roman/.data/build21/r0000101001001001001_0001_wfi13_f158_cal.asdf,wfi13,eval,100000,3,0.037972117,1
gwcs,../roman/.data/build21/r0000101001001001001_0001_wfi13_f158_cal.asdf,wfi13,eval,100000,4,0.038319775,1
gwcs,../roman/.data/build21/r0000101001001001001_0001_wfi13_f158_cal.asdf,wfi13,eval,1000000,0,0.392345282,1
gwcs,../roman/.data/build21/r0000101001001001001_0001_wfi13_f158_cal.asdf,wfi13,eval,1000000,1,0.392878697,1
gwcs,../roman/.data/build21/r0000101001001001001_0001_wfi13_f158_cal.asdf,wfi13,eval,1000000,2,0.393309253,1
gwcs,../roman/.data/build21/r0000101001001001001_0001_wfi13_f158_cal.asdf,wfi13,eval,10000000,0,3.967185259,1
gwcs,../roman/.data/build21/r0000101001001001001_0001_wfi13_f158_cal.asdf,wfi13,eval,10000000,1,3.951320042,1
gwcs,../roman/.data/build21/r0000101001001001001_0001_wfi13_f158_cal.asdf,wfi13,eval,16711744,0,6.590659565,1
gwcs,../roman/.data/build21/r0000101001001001001_0001_wfi13_f158_cal.asdf,wfi13,eval,16711744,1,6.569344535,1
gwcs,../roman/.data/build21/r0000101001001001001_0001_wfi14_f158_cal.asdf,wfi14,parse_cold,0,0,0.831479739,1
gwcs,../roman/.data/build21/r0000101001001001001_0001_wfi14_f158_cal.asdf,wfi14,parse_hot,0,0,0.539073582,1
gwcs,../roman/.data/build21/r0000101001001001001_0001_wfi14_f158_cal.asdf,wfi14,eval,1,0,0.005316145,1
gwcs,../roman/.data/build21/r0000101001001001001_0001_wfi14_f158_cal.asdf,wfi14,eval,1,1,0.005437801,1
gwcs,../roman/.data/build21/r0000101001001001001_0001_wfi14_f158_cal.asdf,wfi14,eval,1,2,0.005818990,1
gwcs,../roman/.data/build21/r0000101001001001001_0001_wfi14_f158_cal.asdf,wfi14,eval,1,3,0.004741668,1
gwcs,../roman/.data/build21/r0000101001001001001_0001_wfi14_f158_cal.asdf,wfi14,eval,1,4,0.004723664,1
gwcs,../roman/.data/build21/r0000101001001001001_0001_wfi14_f158_cal.asdf,wfi14,eval,1,5,0.004919204,1
gwcs,../roman/.data/build21/r0000101001001001001_0001_wfi14_f158_cal.asdf,wfi14,eval,1,6,0.004936147,1
gwcs,../roman/.data/build21/r0000101001001001001_0001_wfi14_f158_cal.asdf,wfi14,eval,1,7,0.005037960,1
gwcs,../roman/.data/build21/r0000101001001001001_0001_wfi14_f158_cal.asdf,wfi14,eval,1,8,0.004826551,1
gwcs,../roman/.data/build21/r0000101001001001001_0001_wfi14_f158_cal.asdf,wfi14,eval,1,9,0.005275235,1
gwcs,../roman/.data/build21/r0000101001001001001_0001_wfi14_f158_cal.asdf,wfi14,eval,1,10,0.004836921,1
gwcs,../roman/.data/build21/r0000101001001001001_0001_wfi14_f158_cal.asdf,wfi14,eval,1,11,0.004954182,1
gwcs,../roman/.data/build21/r0000101001001001001_0001_wfi14_f158_cal.asdf,wfi14,eval,1,12,0.004832344,1
gwcs,../roman/.data/build21/r0000101001001001001_0001_wfi14_f158_cal.asdf,wfi14,eval,1,13,0.005187715,1
gwcs,../roman/.data/build21/r0000101001001001001_0001_wfi14_f158_cal.asdf,wfi14,eval,1,14,0.005062137,1
gwcs,../roman/.data/build21/r0000101001001001001_0001_wfi14_f158_cal.asdf,wfi14,eval,1,15,0.004846404,1
gwcs,../roman/.data/build21/r0000101001001001001_0001_wfi14_f158_cal.asdf,wfi14,eval,1,16,0.005056454,1
gwcs,../roman/.data/build21/r0000101001001001001_0001_wfi14_f158_cal.asdf,wfi14,eval,1,17,0.004852106,1
gwcs,../roman/.data/build21/r0000101001001001001_0001_wfi14_f158_cal.asdf,wfi14,eval,1,18,0.005004645,1
gwcs,../roman/.data/build21/r0000101001001001001_0001_wfi14_f158_cal.asdf,wfi14,eval,1,19,0.004949244,1
gwcs,../roman/.data/build21/r0000101001001001001_0001_wfi14_f158_cal.asdf,wfi14,eval,1,20,0.005119013,1
gwcs,../roman/.data/build21/r0000101001001001001_0001_wfi14_f158_cal.asdf,wfi14,eval,1,21,0.004790624,1
gwcs,../roman/.data/build21/r0000101001001001001_0001_wfi14_f158_cal.asdf,wfi14,eval,1,22,0.005123613,1
gwcs,../roman/.data/build21/r0000101001001001001_0001_wfi14_f158_cal.asdf,wfi14,eval,1,23,0.004970379,1
gwcs,../roman/.data/build21/r0000101001001001001_0001_wfi14_f158_cal.asdf,wfi14,eval,1,24,0.005084406,1
gwcs,../roman/.data/build21/r0000101001001001001_0001_wfi14_f158_cal.asdf,wfi14,eval,1,25,0.004842778,1
gwcs,../roman/.data/build21/r0000101001001001001_0001_wfi14_f158_cal.asdf,wfi14,eval,1,26,0.005061313,1
gwcs,../roman/.data/build21/r0000101001001001001_0001_wfi14_f158_cal.asdf,wfi14,eval,1,27,0.004946318,1
gwcs,../roman/.data/build21/r0000101001001001001_0001_wfi14_f158_cal.asdf,wfi14,eval,1,28,0.004822279,1
gwcs,../roman/.data/build21/r0000101001001001001_0001_wfi14_f158_cal.asdf,wfi14,eval,1,29,0.004962362,1
gwcs,../roman/.data/build21/r0000101001001001001_0001_wfi14_f158_cal.asdf,wfi14,eval,1,30,0.005090574,1
gwcs,../roman/.data/build21/r0000101001001001001_0001_wfi14_f158_cal.asdf,wfi14,eval,1,31,0.004941028,1
gwcs,../roman/.data/build21/r0000101001001001001_0001_wfi14_f158_cal.asdf,wfi14,eval,1,32,0.004908166,1
gwcs,../roman/.data/build21/r0000101001001001001_0001_wfi14_f158_cal.asdf,wfi14,eval,1,33,0.005168041,1
gwcs,../roman/.data/build21/r0000101001001001001_0001_wfi14_f158_cal.asdf,wfi14,eval,1,34,0.004758256,1
gwcs,../roman/.data/build21/r0000101001001001001_0001_wfi14_f158_cal.asdf,wfi14,eval,1,35,0.005013210,1
gwcs,../roman/.data/build21/r0000101001001001001_0001_wfi14_f158_cal.asdf,wfi14,eval,1,36,0.005003360,1
gwcs,../roman/.data/build21/r0000101001001001001_0001_wfi14_f158_cal.asdf,wfi14,eval,1,37,0.005015195,1
gwcs,../roman/.data/build21/r0000101001001001001_0001_wfi14_f158_cal.asdf,wfi14,eval,1,38,0.004770471,1
gwcs,../roman/.data/build21/r0000101001001001001_0001_wfi14_f158_cal.asdf,wfi14,eval,1,39,0.005238244,1
gwcs,../roman/.data/build21/r0000101001001001001_0001_wfi14_f158_cal.asdf,wfi14,eval,1,40,0.005045933,1
gwcs,../roman/.data/build21/r0000101001001001001_0001_wfi14_f158_cal.asdf,wfi14,eval,1,41,0.005267404,1
gwcs,../roman/.data/build21/r0000101001001001001_0001_wfi14_f158_cal.asdf,wfi14,eval,1,42,0.005212809,1
gwcs,../roman/.data/build21/r0000101001001001001_0001_wfi14_f158_cal.asdf,wfi14,eval,1,43,0.005531122,1
gwcs,../roman/.data/build21/r0000101001001001001_0001_wfi14_f158_cal.asdf,wfi14,eval,1,44,0.005993725,1
gwcs,../roman/.data/build21/r0000101001001001001_0001_wfi14_f158_cal.asdf,wfi14,eval,1,45,0.005217860,1
gwcs,../roman/.data/build21/r0000101001001001001_0001_wfi14_f158_cal.asdf,wfi14,eval,1,46,0.004983597,1
gwcs,../roman/.data/build21/r0000101001001001001_0001_wfi14_f158_cal.asdf,wfi14,eval,1,47,0.005015921,1
gwcs,../roman/.data/build21/r0000101001001001001_0001_wfi14_f158_cal.asdf,wfi14,eval,1,48,0.005284157,1
gwcs,../roman/.data/build21/r0000101001001001001_0001_wfi14_f158_cal.asdf,wfi14,eval,1,49,0.004933351,1
gwcs,../roman/.data/build21/r0000101001001001001_0001_wfi14_f158_cal.asdf,wfi14,eval,1,50,0.004749866,1
gwcs,../roman/.data/build21/r0000101001001001001_0001_wfi14_f158_cal.asdf,wfi14,eval,1,51,0.004692758,1
gwcs,../roman/.data/build21/r0000101001001001001_0001_wfi14_f158_cal.asdf,wfi14,eval,1,52,0.004788259,1
gwcs,../roman/.data/build21/r0000101001001001001_0001_wfi14_f158_cal.asdf,wfi14,eval,1,53,0.004786277,1
gwcs,../roman/.data/build21/r0000101001001001001_0001_wfi14_f158_cal.asdf,wfi14,eval,1,54,0.004683998,1
gwcs,../roman/.data/build21/r0000101001001001001_0001_wfi14_f158_cal.asdf,wfi14,eval,1,55,0.004748887,1
gwcs,../roman/.data/build21/r0000101001001001001_0001_wfi14_f158_cal.asdf,wfi14,eval,1,56,0.004772779,1
gwcs,../roman/.data/build21/r0000101001001001001_0001_wfi14_f158_cal.asdf,wfi14,eval,1,57,0.004671538,1
gwcs,../roman/.data/build21/r0000101001001001001_0001_wfi14_f158_cal.asdf,wfi14,eval,1,58,0.004751364,1
gwcs,../roman/.data/build21/r0000101001001001001_0001_wfi14_f158_cal.asdf,wfi14,eval,1,59,0.005068542,1
gwcs,../roman/.data/build21/r0000101001001001001_0001_wfi14_f158_cal.asdf,wfi14,eval,1,60,0.004976095,1
gwcs,../roman/.data/build21/r0000101001001001001_0001_wfi14_f158_cal.asdf,wfi14,eval,1,61,0.004818228,1
gwcs,../roman/.data/build21/r0000101001001001001_0001_wfi14_f158_cal.asdf,wfi14,eval,1,62,0.005687885,1
gwcs,../roman/.data/build21/r0000101001001001001_0001_wfi14_f158_cal.asdf,wfi14,eval,1,63,0.004951853,1
gwcs,../roman/.data/build21/r0000101001001001001_0001_wfi14_f158_cal.asdf,wfi14,eval,1,64,0.004847434,1
gwcs,../roman/.data/build21/r0000101001001001001_0001_wfi14_f158_cal.asdf,wfi14,eval,1,65,0.005005101,1
gwcs,../roman/.data/build21/r0000101001001001001_0001_wfi14_f158_cal.asdf,wfi14,eval,1,66,0.004787841,1
gwcs,../roman/.data/build21/r0000101001001001001_0001_wfi14_f158_cal.asdf,wfi14,eval,1,67,0.004809299,1
gwcs,../roman/.data/build21/r0000101001001001001_0001_wfi14_f158_cal.asdf,wfi14,eval,1,68,0.004770632,1
gwcs,../roman/.data/build21/r0000101001001001001_0001_wfi14_f158_cal.asdf,wfi14,eval,1,69,0.004901837,1
gwcs,../roman/.data/build21/r0000101001001001001_0001_wfi14_f158_cal.asdf,wfi14,eval,1,70,0.004843793,1
gwcs,../roman/.data/build21/r0000101001001001001_0001_wfi14_f158_cal.asdf,wfi14,eval,1,71,0.004713805,1
gwcs,../roman/.data/build21/r0000101001001001001_0001_wfi14_f158_cal.asdf,wfi14,eval,1,72,0.004744186,1
gwcs,../roman/.data/build21/r0000101001001001001_0001_wfi14_f158_cal.asdf,wfi14,eval,1,73,0.004790743,1
gwcs,../roman/.data/build21/r0000101001001001001_0001_wfi14_f158_cal.asdf,wfi14,eval,1,74,0.004735203,1
gwcs,../roman/.data/build21/r0000101001001001001_0001_wfi14_f158_cal.asdf,wfi14,eval,1,75,0.004722101,1
gwcs,../roman/.data/build21/r0000101001001001001_0001_wfi14_f158_cal.asdf,wfi14,eval,1,76,0.004803969,1
gwcs,../roman/.data/build21/r0000101001001001001_0001_wfi14_f158_cal.asdf,wfi14,eval,1,77,0.004739288,1
gwcs,../roman/.data/build21/r0000101001001001001_0001_wfi14_f158_cal.asdf,wfi14,eval,1,78,0.004703357,1
gwcs,../roman/.data/build21/r0000101001001001001_0001_wfi14_f158_cal.asdf,wfi14,eval,1,79,0.004794157,1
gwcs,../roman/.data/build21/r0000101001001001001_0001_wfi14_f158_cal.asdf,wfi14,eval,1,80,0.004846879,1
gwcs,../roman/.data/build21/r0000101001001001001_0001_wfi14_f158_cal.asdf,wfi14,eval,1,81,0.004677442,1
gwcs,../roman/.data/build21/r0000101001001001001_0001_wfi14_f158_cal.asdf,wfi14,eval,1,82,0.004681922,1
gwcs,../roman/.data/build21/r0000101001001001001_0001_wfi14_f158_cal.asdf,wfi14,eval,1,83,0.004791980,1
gwcs,../roman/.data/build21/r0000101001001001001_0001_wfi14_f158_cal.asdf,wfi14,eval,1,84,0.004762129,1
gwcs,../roman/.data/build21/r0000101001001001001_0001_wfi14_f158_cal.asdf,wfi14,eval,1,85,0.004769399,1
gwcs,../roman/.data/build21/r0000101001001001001_0001_wfi14_f158_cal.asdf,wfi14,eval,1,86,0.004745205,1
gwcs,../roman/.data/build21/r0000101001001001001_0001_wfi14_f158_cal.asdf,wfi14,eval,1,87,0.004771379,1
gwcs,../roman/.data/build21/r0000101001001001001_0001_wfi14_f158_cal.asdf,wfi14,eval,1,88,0.004708903,1
gwcs,../roman/.data/build21/r0000101001001001001_0001_wfi14_f158_cal.asdf,wfi14,eval,1,89,0.004716908,1
gwcs,../roman/.data/build21/r0000101001001001001_0001_wfi14_f158_cal.asdf,wfi14,eval,1,90,0.004766203,1
gwcs,../roman/.data/build21/r0000101001001001001_0001_wfi14_f158_cal.asdf,wfi14,eval,1,91,0.004779766,1
gwcs,../roman/.data/build21/r0000101001001001001_0001_wfi14_f158_cal.asdf,wfi14,eval,1,92,0.004886609,1
gwcs,../roman/.data/build21/r0000101001001001001_0001_wfi14_f158_cal.asdf,wfi14,eval,1,93,0.004745493,1
gwcs,../roman/.data/build21/r0000101001001001001_0001_wfi14_f158_cal.asdf,wfi14,eval,1,94,0.004756222,1
gwcs,../roman/.data/build21/r0000101001001001001_0001_wfi14_f158_cal.asdf,wfi14,eval,1,95,0.004745598,1
gwcs,../roman/.data/build21/r0000101001001001001_0001_wfi14_f158_cal.asdf,wfi14,eval,1,96,0.004851728,1
gwcs,../roman/.data/build21/r0000101001001001001_0001_wfi14_f158_cal.asdf,wfi14,eval,1,97,0.004733376,1
gwcs,../roman/.data/build21/r0000101001001001001_0001_wfi14_f158_cal.asdf,wfi14,eval,1,98,0.004717075,1
gwcs,../roman/.data/build21/r0000101001001001001_0001_wfi14_f158_cal.asdf,wfi14,eval,1,99,0.004738335,1
gwcs,../roman/.data/build21/r0000101001001001001_0001_wfi14_f158_cal.asdf,wfi14,eval,10,0,0.005421480,1
gwcs,../roman/.data/build21/r0000101001001001001_0001_wfi14_f158_cal.asdf,wfi14,eval,10,1,0.005248679,1
gwcs,../roman/.data/build21/r0000101001001001001_0001_wfi14_f158_cal.asdf,wfi14,eval,10,2,0.004849077,1
gwcs,../roman/.data/build21/r0000101001001001001_0001_wfi14_f158_cal.asdf,wfi14,eval,10,3,0.004806686,1
gwcs,../roman/.data/build21/r0000101001001001001_0001_wfi14_f158_cal.asdf,wfi14,eval,10,4,0.005208450,1
gwcs,../roman/.data/build21/r0000101001001001001_0001_wfi14_f158_cal.asdf,wfi14,eval,10,5,0.004911674,1
gwcs,../roman/.data/build21/r0000101001001001001_0001_wfi14_f158_cal.asdf,wfi14,eval,10,6,0.004805159,1
gwcs,../roman/.data/build21/r0000101001001001001_0001_wfi14_f158_cal.asdf,wfi14,eval,10,7,0.004991061,1
gwcs,../roman/.data/build21/r0000101001001001001_0001_wfi14_f158_cal.asdf,wfi14,eval,10,8,0.004831159,1
gwcs,../roman/.data/build21/r0000101001001001001_0001_wfi14_f158_cal.asdf,wfi14,eval,10,9,0.005122223,1
gwcs,../roman/.data/build21/r0000101001001001001_0001_wfi14_f158_cal.asdf,wfi14,eval,10,10,0.006412835,1
gwcs,../roman/.data/build21/r0000101001001001001_0001_wfi14_f158_cal.asdf,wfi14,eval,10,11,0.005580189,1
gwcs,../roman/.data/build21/r0000101001001001001_0001_wfi14_f158_cal.asdf,wfi14,eval,10,12,0.004817617,1
gwcs,../roman/.data/build21/r0000101001001001001_0001_wfi14_f158_cal.asdf,wfi14,eval,10,13,0.005000026,1
gwcs,../roman/.data/build21/r0000101001001001001_0001_wfi14_f158_cal.asdf,wfi14,eval,10,14,0.004980592,1
gwcs,../roman/.data/build21/r0000101001001001001_0001_wfi14_f158_cal.asdf,wfi14,eval,10,15,0.004914451,1
gwcs,../roman/.data/build21/r0000101001001001001_0001_wfi14_f158_cal.asdf,wfi14,eval,10,16,0.004829296,1
gwcs,../roman/.data/build21/r0000101001001001001_0001_wfi14_f158_cal.asdf,wfi14,eval,10,17,0.004954752,1
gwcs,../roman/.data/build21/r0000101001001001001_0001_wfi14_f158_cal.asdf,wfi14,eval,10,18,0.004854292,1
gwcs,../roman/.data/build21/r0000101001001001001_0001_wfi14_f158_cal.asdf,wfi14,eval,10,19,0.004800105,1
gwcs,../roman/.data/build21/r0000101001001001001_0001_wfi14_f158_cal.asdf,wfi14,eval,10,20,0.004888608,1
gwcs,../roman/.data/build21/r0000101001001001001_0001_wfi14_f158_cal.asdf,wfi14,eval,10,21,0.004998618,1
gwcs,../roman/.data/build21/r0000101001001001001_0001_wfi14_f158_cal.asdf,wfi14,eval,10,22,0.004834481,1
gwcs,../roman/.data/build21/r0000101001001001001_0001_wfi14_f158_cal.asdf,wfi14,eval,10,23,0.004847422,1
gwcs,../roman/.data/build21/r0000101001001001001_0001_wfi14_f158_cal.asdf,wfi14,eval,10,24,0.005064682,1
gwcs,../roman/.data/build21/r0000101001001001001_0001_wfi14_f158_cal.asdf,wfi14,eval,10,25,0.004960299,1
gwcs,../roman/.data/build21/r0000101001001001001_0001_wfi14_f158_cal.asdf,wfi14,eval,10,26,0.004851489,1
gwcs,../roman/.data/build21/r0000101001001001001_0001_wfi14_f158_cal.asdf,wfi14,eval,10,27,0.004988311,1
gwcs,../roman/.data/build21/r0000101001001001001_0001_wfi14_f158_cal.asdf,wfi14,eval,10,28,0.004866659,1
gwcs,../roman/.data/build21/r0000101001001001001_0001_wfi14_f158_cal.asdf,wfi14,eval,10,29,0.004810001,1
gwcs,../roman/.data/build21/r0000101001001001001_0001_wfi14_f158_cal.asdf,wfi14,eval,10,30,0.005179180,1
gwcs,../roman/.data/build21/r0000101001001001001_0001_wfi14_f158_cal.asdf,wfi14,eval,10,31,0.004972835,1
gwcs,../roman/.data/build21/r0000101001001001001_0001_wfi14_f158_cal.asdf,wfi14,eval,10,32,0.004902700,1
gwcs,../roman/.data/build21/r0000101001001001001_0001_wfi14_f158_cal.asdf,wfi14,eval,10,33,0.004828510,1
gwcs,../roman/.data/build21/r0000101001001001001_0001_wfi14_f158_cal.asdf,wfi14,eval,10,34,0.004989450,1
gwcs,../roman/.data/build21/r0000101001001001001_0001_wfi14_f158_cal.asdf,wfi14,eval,10,35,0.004885839,1
gwcs,../roman/.data/build21/r0000101001001001001_0001_wfi14_f158_cal.asdf,wfi14,eval,10,36,0.004834712,1
gwcs,../roman/.data/build21/r0000101001001001001_0001_wfi14_f158_cal.asdf,wfi14,eval,10,37,0.004956000,1
gwcs,../roman/.data/build21/r0000101001001001001_0001_wfi14_f158_cal.asdf,wfi14,eval,10,38,0.004885667,1
gwcs,../roman/.data/build21/r0000101001001001001_0001_wfi14_f158_cal.asdf,wfi14,eval,10,39,0.005271211,1
gwcs,../roman/.data/build21/r0000101001001001001_0001_wfi14_f158_cal.asdf,wfi14,eval,10,40,0.004975128,1
gwcs,../roman/.data/build21/r0000101001001001001_0001_wfi14_f158_cal.asdf,wfi14,eval,10,41,0.005039889,1
gwcs,../roman/.data/build21/r0000101001001001001_0001_wfi14_f158_cal.asdf,wfi14,eval,10,42,0.004817653,1
gwcs,../roman/.data/build21/r0000101001001001001_0001_wfi14_f158_cal.asdf,wfi14,eval,10,43,0.004823666,1
gwcs,../roman/.data/build21/r0000101001001001001_0001_wfi14_f158_cal.asdf,wfi14,eval,10,44,0.005071213,1
gwcs,../roman/.data/build21/r0000101001001001001_0001_wfi14_f158_cal.asdf,wfi14,eval,10,45,0.005090714,1
gwcs,../roman/.data/build21/r0000101001001001001_0001_wfi14_f158_cal.asdf,wfi14,eval,10,46,0.004802296,1
gwcs,../roman/.data/build21/r0000101001001001001_0001_wfi14_f158_cal.asdf,wfi14,eval,10,47,0.004954445,1
gwcs,../roman/.data/build21/r0000101001001001001_0001_wfi14_f158_cal.asdf,wfi14,eval,10,48,0.004950349,1
gwcs,../roman/.data/build21/r0000101001001001001_0001_wfi14_f158_cal.asdf,wfi14,eval,10,49,0.004880542,1
gwcs,../roman/.data/build21/r0000101001001001001_0001_wfi14_f158_cal.asdf,wfi14,eval,10,50,0.005052718,1
gwcs,../roman/.data/build21/r0000101001001001001_0001_wfi14_f158_cal.asdf,wfi14,eval,10,51,0.005024257,1
gwcs,../roman/.data/build21/r0000101001001001001_0001_wfi14_f158_cal.asdf,wfi14,eval,10,52,0.004844300,1
gwcs,../roman/.data/build21/r0000101001001001001_0001_wfi14_f158_cal.asdf,wfi14,eval,10,53,0.004835113,1
gwcs,../roman/.data/build21/r0000101001001001001_0001_wfi14_f158_cal.asdf,wfi14,eval,10,54,0.004967132,1
gwcs,../roman/.data/build21/r0000101001001001001_0001_wfi14_f158_cal.asdf,wfi14,eval,10,55,0.004828673,1
gwcs,../roman/.data/build21/r0000101001001001001_0001_wfi14_f158_cal.asdf,wfi14,eval,10,56,0.004861047,1
gwcs,../roman/.data/build21/r0000101001001001001_0001_wfi14_f158_cal.asdf,wfi14,eval,10,57,0.004909440,1
gwcs,../roman/.data/build21/r0000101001001001001_0001_wfi14_f158_cal.asdf,wfi14,eval,10,58,0.004873666,1
gwcs,../roman/.data/build21/r0000101001001001001_0001_wfi14_f158_cal.asdf,wfi14,eval,10,59,0.004800887,1
gwcs,../roman/.data/build21/r0000101001001001001_0001_wfi14_f158_cal.asdf,wfi14,eval,10,60,0.004784180,1
gwcs,../roman/.data/build21/r0000101001001001001_0001_wfi14_f158_cal.asdf,wfi14,eval,10,61,0.005105159,1
gwcs,../roman/.data/build21/r0000101001001001001_0001_wfi14_f158_cal.asdf,wfi14,eval,10,62,0.004793212,1
gwcs,../roman/.data/build21/r0000101001001001001_0001_wfi14_f158_cal.asdf,wfi14,eval,10,63,0.004791591,1
gwcs,../roman/.data/build21/r0000101001001001001_0001_wfi14_f158_cal.asdf,wfi14,eval,10,64,0.005011232,1
gwcs,../roman/.data/build21/r0000101001001001001_0001_wfi14_f158_cal.asdf,wfi14,eval,10,65,0.004861180,1
gwcs,../roman/.data/build21/r0000101001001001001_0001_wfi14_f158_cal.asdf,wfi14,eval,10,66,0.004913245,1
gwcs,../roman/.data/build21/r0000101001001001001_0001_wfi14_f158_cal.asdf,wfi14,eval,10,67,0.005386431,1
gwcs,../roman/.data/build21/r0000101001001001001_0001_wfi14_f158_cal.asdf,wfi14,eval,10,68,0.004933069,1
gwcs,../roman/.data/build21/r0000101001001001001_0001_wfi14_f158_cal.asdf,wfi14,eval,10,69,0.004793870,1
gwcs,../roman/.data/build21/r0000101001001001001_0001_wfi14_f158_cal.asdf,wfi14,eval,10,70,0.004782569,1
gwcs,../roman/.data/build21/r0000101001001001001_0001_wfi14_f158_cal.asdf,wfi14,eval,10,71,0.005038715,1
gwcs,../roman/.data/build21/r0000101001001001001_0001_wfi14_f158_cal.asdf,wfi14,eval,10,72,0.004877574,1
gwcs,../roman/.data/build21/r0000101001001001001_0001_wfi14_f158_cal.asdf,wfi14,eval,10,73,0.004834612,1
gwcs,../roman/.data/build21/r0000101001001001001_0001_wfi14_f158_cal.asdf,wfi14,eval,10,74,0.004955559,1
gwcs,../roman/.data/build21/r0000101001001001001_0001_wfi14_f158_cal.asdf,wfi14,eval,10,75,0.005009055,1
gwcs,../roman/.data/build21/r0000101001001001001_0001_wfi14_f158_cal.asdf,wfi14,eval,10,76,0.004817460,1
gwcs,../roman/.data/build21/r0000101001001001001_0001_wfi14_f158_cal.asdf,wfi14,eval,10,77,0.004821679,1
gwcs,../roman/.data/build21/r0000101001001001001_0001_wfi14_f158_cal.asdf,wfi14,eval,10,78,0.005151808,1
gwcs,../roman/.data/build21/r0000101001001001001_0001_wfi14_f158_cal.asdf,wfi14,eval,10,79,0.004835757,1
gwcs,../roman/.data/build21/r0000101001001001001_0001_wfi14_f158_cal.asdf,wfi14,eval,10,80,0.004825616,1
gwcs,../roman/.data/build21/r0000101001001001001_0001_wfi14_f158_cal.asdf,wfi14,eval,10,81,0.005011045,1
gwcs,../roman/.data/build21/r0000101001001001001_0001_wfi14_f158_cal.asdf,wfi14,eval,10,82,0.008245032,1
gwcs,../roman/.data/build21/r0000101001001001001_0001_wfi14_f158_cal.asdf,wfi14,eval,10,83,0.004821310,1
gwcs,../roman/.data/build21/r0000101001001001001_0001_wfi14_f158_cal.asdf,wfi14,eval,10,84,0.005039153,1
gwcs,../roman/.data/build21/r0000101001001001001_0001_wfi14_f158_cal.asdf,wfi14,eval,10,85,0.004920559,1
gwcs,../roman/.data/build21/r0000101001001001001_0001_wfi14_f158_cal.asdf,wfi14,eval,10,86,0.004794875,1
gwcs,../roman/.data/build21/r0000101001001001001_0001_wfi14_f158_cal.asdf,wfi14,eval,10,87,0.005084256,1
gwcs,../roman/.data/build21/r0000101001001001001_0001_wfi14_f158_cal.asdf,wfi14,eval,10,88,0.006677978,1
gwcs,../roman/.data/build21/r0000101001001001001_0001_wfi14_f158_cal.asdf,wfi14,eval,10,89,0.006673182,1
gwcs,../roman/.data/build21/r0000101001001001001_0001_wfi14_f158_cal.asdf,wfi14,eval,10,90,0.005434158,1
gwcs,../roman/.data/build21/r0000101001001001001_0001_wfi14_f158_cal.asdf,wfi14,eval,10,91,0.004878975,1
gwcs,../roman/.data/build21/r0000101001001001001_0001_wfi14_f158_cal.asdf,wfi14,eval,10,92,0.004818643,1
gwcs,../roman/.data/build21/r0000101001001001001_0001_wfi14_f158_cal.asdf,wfi14,eval,10,93,0.004958973,1
gwcs,../roman/.data/build21/r0000101001001001001_0001_wfi14_f158_cal.asdf,wfi14,eval,10,94,0.004836728,1
gwcs,../roman/.data/build21/r0000101001001001001_0001_wfi14_f158_cal.asdf,wfi14,eval,10,95,0.004789328,1
gwcs,../roman/.data/build21/r0000101001001001001_0001_wfi14_f158_cal.asdf,wfi14,eval,10,96,0.004926999,1
gwcs,../roman/.data/build21/r0000101001001001001_0001_wfi14_f158_cal.asdf,wfi14,eval,10,97,0.004944282,1
gwcs,../roman/.data/build21/r0000101001001001001_0001_wfi14_f158_cal.asdf,wfi14,eval,10,98,0.004802361,1
gwcs,../roman/.data/build21/r0000101001001001001_0001_wfi14_f158_cal.asdf,wfi14,eval,10,99,0.004852346,1
gwcs,../roman/.data/build21/r0000101001001001001_0001_wfi14_f158_cal.asdf,wfi14,eval,100,0,0.005561943,1
gwcs,../roman/.data/build21/r0000101001001001001_0001_wfi14_f158_cal.asdf,wfi14,eval,100,1,0.005359794,1
gwcs,../roman/.data/build21/r0000101001001001001_0001_wfi14_f158_cal.asdf,wfi14,eval,100,2,0.006694292,1
gwcs,../roman/.data/build21/r0000101001001001001_0001_wfi14_f158_cal.asdf,wfi14,eval,100,3,0.005317246,1
gwcs,../roman/.data/build21/r0000101001001001001_0001_wfi14_f158_cal.asdf,wfi14,eval,100,4,0.004920264,1
gwcs,../roman/.data/build21/r0000101001001001001_0001_wfi14_f158_cal.asdf,wfi14,eval,100,5,0.004841994,1
gwcs,../roman/.data/build21/r0000101001001001001_0001_wfi14_f158_cal.asdf,wfi14,eval,100,6,0.004986602,1
gwcs,../roman/.data/build21/r0000101001001001001_0001_wfi14_f158_cal.asdf,wfi14,eval,100,7,0.004874755,1
gwcs,../roman/.data/build21/r0000101001001001001_0001_wfi14_f158_cal.asdf,wfi14,eval,100,8,0.004823077,1
gwcs,../roman/.data/build21/r0000101001001001001_0001_wfi14_f158_cal.asdf,wfi14,eval,100,9,0.005044728,1
gwcs,../roman/.data/build21/r0000101001001001001_0001_wfi14_f158_cal.asdf,wfi14,eval,100,10,0.005064095,1
gwcs,../roman/.data/build21/r0000101001001001001_0001_wfi14_f158_cal.asdf,wfi14,eval,100,11,0.004912362,1
gwcs,../roman/.data/build21/r0000101001001001001_0001_wfi14_f158_cal.asdf,wfi14,eval,100,12,0.004844111,1
gwcs,../roman/.data/build21/r0000101001001001001_0001_wfi14_f158_cal.asdf,wfi14,eval,100,13,0.005026964,1
gwcs,../roman/.data/build21/r0000101001001001001_0001_wfi14_f158_cal.asdf,wfi14,eval,100,14,0.005017026,1
gwcs,../roman/.data/build21/r0000101001001001001_0001_wfi14_f158_cal.asdf,wfi14,eval,100,15,0.004866009,1
gwcs,../roman/.data/build21/r0000101001001001001_0001_wfi14_f158_cal.asdf,wfi14,eval,100,16,0.004996698,1
gwcs,../roman/.data/build21/r0000101001001001001_0001_wfi14_f158_cal.asdf,wfi14,eval,100,17,0.004908048,1
gwcs,../roman/.data/build21/r0000101001001001001_0001_wfi14_f158_cal.asdf,wfi14,eval,100,18,0.004846306,1
gwcs,../roman/.data/build21/r0000101001001001001_0001_wfi14_f158_cal.asdf,wfi14,eval,100,19,0.004850917,1
gwcs,../roman/.data/build21/r0000101001001001001_0001_wfi14_f158_cal.asdf,wfi14,eval,100,20,0.005473770,1
gwcs,../roman/.data/build21/r0000101001001001001_0001_wfi14_f158_cal.asdf,wfi14,eval,100,21,0.004854993,1
gwcs,../roman/.data/build21/r0000101001001001001_0001_wfi14_f158_cal.asdf,wfi14,eval,100,22,0.004825600,1
gwcs,../roman/.data/build21/r0000101001001001001_0001_wfi14_f158_cal.asdf,wfi14,eval,100,23,0.004982705,1
gwcs,../roman/.data/build21/r0000101001001001001_0001_wfi14_f158_cal.asdf,wfi14,eval,100,24,0.004961018,1
gwcs,../roman/.data/build21/r0000101001001001001_0001_wfi14_f158_cal.asdf,wfi14,eval,100,25,0.004916792,1
gwcs,../roman/.data/build21/r0000101001001001001_0001_wfi14_f158_cal.asdf,wfi14,eval,100,26,0.004969269,1
gwcs,../roman/.data/build21/r0000101001001001001_0001_wfi14_f158_cal.asdf,wfi14,eval,100,27,0.004888049,1
gwcs,../roman/.data/build21/r0000101001001001001_0001_wfi14_f158_cal.asdf,wfi14,eval,100,28,0.004886718,1
gwcs,../roman/.data/build21/r0000101001001001001_0001_wfi14_f158_cal.asdf,wfi14,eval,100,29,0.004923001,1
gwcs,../roman/.data/build21/r0000101001001001001_0001_wfi14_f158_cal.asdf,wfi14,eval,100,30,0.005295308,1
gwcs,../roman/.data/build21/r0000101001001001001_0001_wfi14_f158_cal.asdf,wfi14,eval,100,31,0.004898669,1
gwcs,../roman/.data/build21/r0000101001001001001_0001_wfi14_f158_cal.asdf,wfi14,eval,100,32,0.004839953,1
gwcs,../roman/.data/build21/r0000101001001001001_0001_wfi14_f158_cal.asdf,wfi14,eval,100,33,0.004999922,1
gwcs,../roman/.data/build21/r0000101001001001001_0001_wfi14_f158_cal.asdf,wfi14,eval,100,34,0.004866775,1
gwcs,../roman/.data/build21/r0000101001001001001_0001_wfi14_f158_cal.asdf,wfi14,eval,100,35,0.004901892,1
gwcs,../roman/.data/build21/r0000101001001001001_0001_wfi14_f158_cal.asdf,wfi14,eval,100,36,0.005072768,1
gwcs,../roman/.data/build21/r0000101001001001001_0001_wfi14_f158_cal.asdf,wfi14,eval,100,37,0.004906740,1
gwcs,../roman/.data/build21/r0000101001001001001_0001_wfi14_f158_cal.asdf,wfi14,eval,100,38,0.004849850,1
gwcs,../roman/.data/build21/r0000101001001001001_0001_wfi14_f158_cal.asdf,wfi14,eval,100,39,0.004843259,1
gwcs,../roman/.data/build21/r0000101001001001001_0001_wfi14_f158_cal.asdf,wfi14,eval,100,40,0.005393644,1
gwcs,../roman/.data/build21/r0000101001001001001_0001_wfi14_f158_cal.asdf,wfi14,eval,100,41,0.004937606,1
gwcs,../roman/.data/build21/r0000101001001001001_0001_wfi14_f158_cal.asdf,wfi14,eval,100,42,0.005228588,1
gwcs,../roman/.data/build21/r0000101001001001001_0001_wfi14_f158_cal.asdf,wfi14,eval,100,43,0.005477760,1
gwcs,../roman/.data/build21/r0000101001001001001_0001_wfi14_f158_cal.asdf,wfi14,eval,100,44,0.006413536,1
gwcs,../roman/.data/build21/r0000101001001001001_0001_wfi14_f158_cal.asdf,wfi14,eval,100,45,0.005637800,1
gwcs,../roman/.data/build21/r0000101001001001001_0001_wfi14_f158_cal.asdf,wfi14,eval,100,46,0.005086065,1
gwcs,../roman/.data/build21/r0000101001001001001_0001_wfi14_f158_cal.asdf,wfi14,eval,100,47,0.004976649,1
gwcs,../roman/.data/build21/r0000101001001001001_0001_wfi14_f158_cal.asdf,wfi14,eval,100,48,0.005163818,1
gwcs,../roman/.data/build21/r0000101001001001001_0001_wfi14_f158_cal.asdf,wfi14,eval,100,49,0.005253376,1
gwcs,../roman/.data/build21/r0000101001001001001_0001_wfi14_f158_cal.asdf,wfi14,eval,1000,0,0.006438183,1
gwcs,../roman/.data/build21/r0000101001001001001_0001_wfi14_f158_cal.asdf,wfi14,eval,1000,1,0.005601031,1
gwcs,../roman/.data/build21/r0000101001001001001_0001_wfi14_f158_cal.asdf,wfi14,eval,1000,2,0.005918512,1
gwcs,../roman/.data/build21/r0000101001001001001_0001_wfi14_f158_cal.asdf,wfi14,eval,1000,3,0.005583732,1
gwcs,../roman/.data/build21/r0000101001001001001_0001_wfi14_f158_cal.asdf,wfi14,eval,1000,4,0.005494086,1
gwcs,../roman/.data/build21/r0000101001001001001_0001_wfi14_f158_cal.asdf,wfi14,eval,1000,5,0.006264173,1
gwcs,../roman/.data/build21/r0000101001001001001_0001_wfi14_f158_cal.asdf,wfi14,eval,1000,6,0.005604903,1
gwcs,../roman/.data/build21/r0000101001001001001_0001_wfi14_f158_cal.asdf,wfi14,eval,1000,7,0.005576386,1
gwcs,../roman/.data/build21/r0000101001001001001_0001_wfi14_f158_cal.asdf,wfi14,eval,1000,8,0.005953239,1
gwcs,../roman/.data/build21/r0000101001001001001_0001_wfi14_f158_cal.asdf,wfi14,eval,1000,9,0.006188379,1
gwcs,../roman/.data/build21/r0000101001001001001_0001_wfi14_f158_cal.asdf,wfi14,eval,1000,10,0.006522764,1
gwcs,../roman/.data/build21/r0000101001001001001_0001_wfi14_f158_cal.asdf,wfi14,eval,1000,11,0.005842986,1
gwcs,../roman/.data/build21/r0000101001001001001_0001_wfi14_f158_cal.asdf,wfi14,eval,1000,12,0.005540072,1
gwcs,../roman/.data/build21/r0000101001001001001_0001_wfi14_f158_cal.asdf,wfi14,eval,1000,13,0.005515120,1
gwcs,../roman/.data/build21/r0000101001001001001_0001_wfi14_f158_cal.asdf,wfi14,eval,1000,14,0.005763543,1
gwcs,../roman/.data/build21/r0000101001001001001_0001_wfi14_f158_cal.asdf,wfi14,eval,1000,15,0.005477456,1
gwcs,../roman/.data/build21/r0000101001001001001_0001_wfi14_f158_cal.asdf,wfi14,eval,1000,16,0.005989566,1
gwcs,../roman/.data/build21/r0000101001001001001_0001_wfi14_f158_cal.asdf,wfi14,eval,1000,17,0.005587790,1
gwcs,../roman/.data/build21/r0000101001001001001_0001_wfi14_f158_cal.asdf,wfi14,eval,1000,18,0.005639586,1
gwcs,../roman/.data/build21/r0000101001001001001_0001_wfi14_f158_cal.asdf,wfi14,eval,1000,19,0.005566434,1
gwcs,../roman/.data/build21/r0000101001001001001_0001_wfi14_f158_cal.asdf,wfi14,eval,10000,0,0.009818180,1
gwcs,../roman/.data/build21/r0000101001001001001_0001_wfi14_f158_cal.asdf,wfi14,eval,10000,1,0.009721532,1
gwcs,../roman/.data/build21/r0000101001001001001_0001_wfi14_f158_cal.asdf,wfi14,eval,10000,2,0.008877397,1
gwcs,../roman/.data/build21/r0000101001001001001_0001_wfi14_f158_cal.asdf,wfi14,eval,10000,3,0.009075594,1
gwcs,../roman/.data/build21/r0000101001001001001_0001_wfi14_f158_cal.asdf,wfi14,eval,10000,4,0.008423143,1
gwcs,../roman/.data/build21/r0000101001001001001_0001_wfi14_f158_cal.asdf,wfi14,eval,10000,5,0.008953101,1
gwcs,../roman/.data/build21/r0000101001001001001_0001_wfi14_f158_cal.asdf,wfi14,eval,10000,6,0.008482073,1
gwcs,../roman/.data/build21/r0000101001001001001_0001_wfi14_f158_cal.asdf,wfi14,eval,10000,7,0.009200456,1
gwcs,../roman/.data/build21/r0000101001001001001_0001_wfi14_f158_cal.asdf,wfi14,eval,10000,8,0.009124200,1
gwcs,../roman/.data/build21/r0000101001001001001_0001_wfi14_f158_cal.asdf,wfi14,eval,10000,9,0.009374683,1
gwcs,../roman/.data/build21/r0000101001001001001_0001_wfi14_f158_cal.asdf,wfi14,eval,100000,0,0.040495411,1
gwcs,../roman/.data/build21/r0000101001001001001_0001_wfi14_f158_cal.asdf,wfi14,eval,100000,1,0.038100417,1
gwcs,../roman/.data/build21/r0000101001001001001_0001_wfi14_f158_cal.asdf,wfi14,eval,100000,2,0.039242820,1
gwcs,../roman/.data/build21/r0000101001001001001_0001_wfi14_f158_cal.asdf,wfi14,eval,100000,3,0.039458111,1
gwcs,../roman/.data/build21/r0000101001001001001_0001_wfi14_f158_cal.asdf,wfi14,eval,100000,4,0.038883765,1
gwcs,../roman/.data/build21/r0000101001001001001_0001_wfi14_f158_cal.asdf,wfi14,eval,1000000,0,0.396757129,1
gwcs,../roman/.data/build21/r0000101001001001001_0001_wfi14_f158_cal.asdf,wfi14,eval,1000000,1,0.388449800,1
gwcs,../roman/.data/build21/r0000101001001001001_0001_wfi14_f158_cal.asdf,wfi14,eval,1000000,2,0.383080957,1
gwcs,../roman/.data/build21/r0000101001001001001_0001_wfi14_f158_cal.asdf,wfi14,eval,10000000,0,3.994880811,1
gwcs,../roman/.data/build21/r0000101001001001001_0001_wfi14_f158_cal.asdf,wfi14,eval,10000000,1,3.988525108,1
gwcs,../roman/.data/build21/r0000101001001001001_0001_wfi14_f158_cal.asdf,wfi14,eval,16711744,0,6.625704786,1
gwcs,../roman/.data/build21/r0000101001001001001_0001_wfi14_f158_cal.asdf,wfi14,eval,16711744,1,6.522681648,1
gwcs,../roman/.data/build21/r0000101001001001001_0001_wfi15_f158_cal.asdf,wfi15,parse_cold,0,0,0.786610811,1
gwcs,../roman/.data/build21/r0000101001001001001_0001_wfi15_f158_cal.asdf,wfi15,parse_hot,0,0,0.595869615,1
gwcs,../roman/.data/build21/r0000101001001001001_0001_wfi15_f158_cal.asdf,wfi15,eval,1,0,0.003622020,1
gwcs,../roman/.data/build21/r0000101001001001001_0001_wfi15_f158_cal.asdf,wfi15,eval,1,1,0.003386849,1
gwcs,../roman/.data/build21/r0000101001001001001_0001_wfi15_f158_cal.asdf,wfi15,eval,1,2,0.003481578,1
gwcs,../roman/.data/build21/r0000101001001001001_0001_wfi15_f158_cal.asdf,wfi15,eval,1,3,0.003266991,1
gwcs,../roman/.data/build21/r0000101001001001001_0001_wfi15_f158_cal.asdf,wfi15,eval,1,4,0.003286164,1
gwcs,../roman/.data/build21/r0000101001001001001_0001_wfi15_f158_cal.asdf,wfi15,eval,1,5,0.003202616,1
gwcs,../roman/.data/build21/r0000101001001001001_0001_wfi15_f158_cal.asdf,wfi15,eval,1,6,0.003187180,1
gwcs,../roman/.data/build21/r0000101001001001001_0001_wfi15_f158_cal.asdf,wfi15,eval,1,7,0.003203050,1
gwcs,../roman/.data/build21/r0000101001001001001_0001_wfi15_f158_cal.asdf,wfi15,eval,1,8,0.003255765,1
gwcs,../roman/.data/build21/r0000101001001001001_0001_wfi15_f158_cal.asdf,wfi15,eval,1,9,0.003181077,1
gwcs,../roman/.data/build21/r0000101001001001001_0001_wfi15_f158_cal.asdf,wfi15,eval,1,10,0.003346006,1
gwcs,../roman/.data/build21/r0000101001001001001_0001_wfi15_f158_cal.asdf,wfi15,eval,1,11,0.003313833,1
gwcs,../roman/.data/build21/r0000101001001001001_0001_wfi15_f158_cal.asdf,wfi15,eval,1,12,0.003250373,1
gwcs,../roman/.data/build21/r0000101001001001001_0001_wfi15_f158_cal.asdf,wfi15,eval,1,13,0.003292584,1
gwcs,../roman/.data/build21/r0000101001001001001_0001_wfi15_f158_cal.asdf,wfi15,eval,1,14,0.003219105,1
gwcs,../roman/.data/build21/r0000101001001001001_0001_wfi15_f158_cal.asdf,wfi15,eval,1,15,0.003144066,1
gwcs,../roman/.data/build21/r0000101001001001001_0001_wfi15_f158_cal.asdf,wfi15,eval,1,16,0.003138873,1
gwcs,../roman/.data/build21/r0000101001001001001_0001_wfi15_f158_cal.asdf,wfi15,eval,1,17,0.003138718,1
gwcs,../roman/.data/build21/r0000101001001001001_0001_wfi15_f158_cal.asdf,wfi15,eval,1,18,0.003326433,1
gwcs,../roman/.data/build21/r0000101001001001001_0001_wfi15_f158_cal.asdf,wfi15,eval,1,19,0.003192860,1
gwcs,../roman/.data/build21/r0000101001001001001_0001_wfi15_f158_cal.asdf,wfi15,eval,1,20,0.003138919,1
gwcs,../roman/.data/build21/r0000101001001001001_0001_wfi15_f158_cal.asdf,wfi15,eval,1,21,0.003128439,1
gwcs,../roman/.data/build21/r0000101001001001001_0001_wfi15_f158_cal.asdf,wfi15,eval,1,22,0.003227766,1
gwcs,../roman/.data/build21/r0000101001001001001_0001_wfi15_f158_cal.asdf,wfi15,eval,1,23,0.003169839,1
gwcs,../roman/.data/build21/r0000101001001001001_0001_wfi15_f158_cal.asdf,wfi15,eval,1,24,0.003144571,1
gwcs,../roman/.data/build21/r0000101001001001001_0001_wfi15_f158_cal.asdf,wfi15,eval,1,25,0.003118153,1
gwcs,../roman/.data/build21/r0000101001001001001_0001_wfi15_f158_cal.asdf,wfi15,eval,1,26,0.003509587,1
gwcs,../roman/.data/build21/r0000101001001001001_0001_wfi15_f158_cal.asdf,wfi15,eval,1,27,0.003360820,1
gwcs,../roman/.data/build21/r0000101001001001001_0001_wfi15_f158_cal.asdf,wfi15,eval,1,28,0.003228446,1
gwcs,../roman/.data/build21/r0000101001001001001_0001_wfi15_f158_cal.asdf,wfi15,eval,1,29,0.003264133,1
gwcs,../roman/.data/build21/r0000101001001001001_0001_wfi15_f158_cal.asdf,wfi15,eval,1,30,0.003155124,1
gwcs,../roman/.data/build21/r0000101001001001001_0001_wfi15_f158_cal.asdf,wfi15,eval,1,31,0.003155465,1
gwcs,../roman/.data/build21/r0000101001001001001_0001_wfi15_f158_cal.asdf,wfi15,eval,1,32,0.003511365,1
gwcs,../roman/.data/build21/r0000101001001001001_0001_wfi15_f158_cal.asdf,wfi15,eval,1,33,0.003235826,1
gwcs,../roman/.data/build21/r0000101001001001001_0001_wfi15_f158_cal.asdf,wfi15,eval,1,34,0.003188523,1
gwcs,../roman/.data/build21/r0000101001001001001_0001_wfi15_f158_cal.asdf,wfi15,eval,1,35,0.003167617,1
gwcs,../roman/.data/build21/r0000101001001001001_0001_wfi15_f158_cal.asdf,wfi15,eval,1,36,0.003131469,1
gwcs,../roman/.data/build21/r0000101001001001001_0001_wfi15_f158_cal.asdf,wfi15,eval,1,37,0.003462601,1
gwcs,../roman/.data/build21/r0000101001001001001_0001_wfi15_f158_cal.asdf,wfi15,eval,1,38,0.003236401,1
gwcs,../roman/.data/build21/r0000101001001001001_0001_wfi15_f158_cal.asdf,wfi15,eval,1,39,0.003167612,1
gwcs,../roman/.data/build21/r0000101001001001001_0001_wfi15_f158_cal.asdf,wfi15,eval,1,40,0.003156012,1
gwcs,../roman/.data/build21/r0000101001001001001_0001_wfi15_f158_cal.asdf,wfi15,eval,1,41,0.003134020,1
gwcs,../roman/.data/build21/r0000101001001001001_0001_wfi15_f158_cal.asdf,wfi15,eval,1,42,0.003181088,1
gwcs,../roman/.data/build21/r0000101001001001001_0001_wfi15_f158_cal.asdf,wfi15,eval,1,43,0.003378241,1
gwcs,../roman/.data/build21/r0000101001001001001_0001_wfi15_f158_cal.asdf,wfi15,eval,1,44,0.003203653,1
gwcs,../roman/.data/build21/r0000101001001001001_0001_wfi15_f158_cal.asdf,wfi15,eval,1,45,0.003138967,1
gwcs,../roman/.data/build21/r0000101001001001001_0001_wfi15_f158_cal.asdf,wfi15,eval,1,46,0.003114518,1
gwcs,../roman/.data/build21/r0000101001001001001_0001_wfi15_f158_cal.asdf,wfi15,eval,1,47,0.003129399,1
gwcs,../roman/.data/build21/r0000101001001001001_0001_wfi15_f158_cal.asdf,wfi15,eval,1,48,0.003562845,1
gwcs,../roman/.data/build21/r0000101001001001001_0001_wfi15_f158_cal.asdf,wfi15,eval,1,49,0.003205748,1
gwcs,../roman/.data/build21/r0000101001001001001_0001_wfi15_f158_cal.asdf,wfi15,eval,1,50,0.003229490,1
gwcs,../roman/.data/build21/r0000101001001001001_0001_wfi15_f158_cal.asdf,wfi15,eval,1,51,0.003223743,1
gwcs,../roman/.data/build21/r0000101001001001001_0001_wfi15_f158_cal.asdf,wfi15,eval,1,52,0.003156375,1
gwcs,../roman/.data/build21/r0000101001001001001_0001_wfi15_f158_cal.asdf,wfi15,eval,1,53,0.003399017,1
gwcs,../roman/.data/build21/r0000101001001001001_0001_wfi15_f158_cal.asdf,wfi15,eval,1,54,0.003198201,1
gwcs,../roman/.data/build21/r0000101001001001001_0001_wfi15_f158_cal.asdf,wfi15,eval,1,55,0.003165189,1
gwcs,../roman/.data/build21/r0000101001001001001_0001_wfi15_f158_cal.asdf,wfi15,eval,1,56,0.003124729,1
gwcs,../roman/.data/build21/r0000101001001001001_0001_wfi15_f158_cal.asdf,wfi15,eval,1,57,0.003125976,1
gwcs,../roman/.data/build21/r0000101001001001001_0001_wfi15_f158_cal.asdf,wfi15,eval,1,58,0.003375712,1
gwcs,../roman/.data/build21/r0000101001001001001_0001_wfi15_f158_cal.asdf,wfi15,eval,1,59,0.003262824,1
gwcs,../roman/.data/build21/r0000101001001001001_0001_wfi15_f158_cal.asdf,wfi15,eval,1,60,0.003142262,1
gwcs,../roman/.data/build21/r0000101001001001001_0001_wfi15_f158_cal.asdf,wfi15,eval,1,61,0.003144669,1
gwcs,../roman/.data/build21/r0000101001001001001_0001_wfi15_f158_cal.asdf,wfi15,eval,1,62,0.003122726,1
gwcs,../roman/.data/build21/r0000101001001001001_0001_wfi15_f158_cal.asdf,wfi15,eval,1,63,0.003394473,1
gwcs,../roman/.data/build21/r0000101001001001001_0001_wfi15_f158_cal.asdf,wfi15,eval,1,64,0.003237874,1
gwcs,../roman/.data/build21/r0000101001001001001_0001_wfi15_f158_cal.asdf,wfi15,eval,1,65,0.003155834,1
gwcs,../roman/.data/build21/r0000101001001001001_0001_wfi15_f158_cal.asdf,wfi15,eval,1,66,0.003246499,1
gwcs,../roman/.data/build21/r0000101001001001001_0001_wfi15_f158_cal.asdf,wfi15,eval,1,67,0.003132461,1
gwcs,../roman/.data/build21/r0000101001001001001_0001_wfi15_f158_cal.asdf,wfi15,eval,1,68,0.003423859,1
gwcs,../roman/.data/build21/r0000101001001001001_0001_wfi15_f158_cal.asdf,wfi15,eval,1,69,0.003225266,1
gwcs,../roman/.data/build21/r0000101001001001001_0001_wfi15_f158_cal.asdf,wfi15,eval,1,70,0.003185248,1
gwcs,../roman/.data/build21/r0000101001001001001_0001_wfi15_f158_cal.asdf,wfi15,eval,1,71,0.003134915,1
gwcs,../roman/.data/build21/r0000101001001001001_0001_wfi15_f158_cal.asdf,wfi15,eval,1,72,0.003138167,1
gwcs,../roman/.data/build21/r0000101001001001001_0001_wfi15_f158_cal.asdf,wfi15,eval,1,73,0.003247142,1
gwcs,../roman/.data/build21/r0000101001001001001_0001_wfi15_f158_cal.asdf,wfi15,eval,1,74,0.003339415,1
gwcs,../roman/.data/build21/r0000101001001001001_0001_wfi15_f158_cal.asdf,wfi15,eval,1,75,0.003251368,1
gwcs,../roman/.data/build21/r0000101001001001001_0001_wfi15_f158_cal.asdf,wfi15,eval,1,76,0.003143288,1
gwcs,../roman/.data/build21/r0000101001001001001_0001_wfi15_f158_cal.asdf,wfi15,eval,1,77,0.003128891,1
gwcs,../roman/.data/build21/r0000101001001001001_0001_wfi15_f158_cal.asdf,wfi15,eval,1,78,0.003152833,1
gwcs,../roman/.data/build21/r0000101001001001001_0001_wfi15_f158_cal.asdf,wfi15,eval,1,79,0.003548941,1
gwcs,../roman/.data/build21/r0000101001001001001_0001_wfi15_f158_cal.asdf,wfi15,eval,1,80,0.003193686,1
gwcs,../roman/.data/build21/r0000101001001001001_0001_wfi15_f158_cal.asdf,wfi15,eval,1,81,0.003250999,1
gwcs,../roman/.data/build21/r0000101001001001001_0001_wfi15_f158_cal.asdf,wfi15,eval,1,82,0.003345532,1
gwcs,../roman/.data/build21/r0000101001001001001_0001_wfi15_f158_cal.asdf,wfi15,eval,1,83,0.004610401,1
gwcs,../roman/.data/build21/r0000101001001001001_0001_wfi15_f158_cal.asdf,wfi15,eval,1,84,0.003255484,1
gwcs,../roman/.data/build21/r0000101001001001001_0001_wfi15_f158_cal.asdf,wfi15,eval,1,85,0.003611274,1
gwcs,../roman/.data/build21/r0000101001001001001_0001_wfi15_f158_cal.asdf,wfi15,eval,1,86,0.003172935,1
gwcs,../roman/.data/build21/r0000101001001001001_0001_wfi15_f158_cal.asdf,wfi15,eval,1,87,0.003191411,1
gwcs,../roman/.data/build21/r0000101001001001001_0001_wfi15_f158_cal.asdf,wfi15,eval,1,88,0.003435973,1
gwcs,../roman/.data/build21/r0000101001001001001_0001_wfi15_f158_cal.asdf,wfi15,eval,1,89,0.003390216,1
gwcs,../roman/.data/build21/r0000101001001001001_0001_wfi15_f158_cal.asdf,wfi15,eval,1,90,0.003313637,1
gwcs,../roman/.data/build21/r0000101001001001001_0001_wfi15_f158_cal.asdf,wfi15,eval,1,91,0.003356146,1
gwcs,../roman/.data/build21/r0000101001001001001_0001_wfi15_f158_cal.asdf,wfi15,eval,1,92,0.003296234,1
gwcs,../roman/.data/build21/r0000101001001001001_0001_wfi15_f158_cal.asdf,wfi15,eval,1,93,0.003621932,1
gwcs,../roman/.data/build21/r0000101001001001001_0001_wfi15_f158_cal.asdf,wfi15,eval,1,94,0.003348216,1
gwcs,../roman/.data/build21/r0000101001001001001_0001_wfi15_f158_cal.asdf,wfi15,eval,1,95,0.003395701,1
gwcs,../roman/.data/build21/r0000101001001001001_0001_wfi15_f158_cal.asdf,wfi15,eval,1,96,0.003420481,1
gwcs,../roman/.data/build21/r0000101001001001001_0001_wfi15_f158_cal.asdf,wfi15,eval,1,97,0.003260764,1
gwcs,../roman/.data/build21/r0000101001001001001_0001_wfi15_f158_cal.asdf,wfi15,eval,1,98,0.003453046,1
gwcs,../roman/.data/build21/r0000101001001001001_0001_wfi15_f158_cal.asdf,wfi15,eval,1,99,0.003429410,1
gwcs,../roman/.data/build21/r0000101001001001001_0001_wfi15_f158_cal.asdf,wfi15,eval,10,0,0.003618360,1
gwcs,../roman/.data/build21/r0000101001001001001_0001_wfi15_f158_cal.asdf,wfi15,eval,10,1,0.003502248,1
gwcs,../roman/.data/build21/r0000101001001001001_0001_wfi15_f158_cal.asdf,wfi15,eval,10,2,0.003604595,1
gwcs,../roman/.data/build21/r0000101001001001001_0001_wfi15_f158_cal.asdf,wfi15,eval,10,3,0.003683209,1
gwcs,../roman/.data/build21/r0000101001001001001_0001_wfi15_f158_cal.asdf,wfi15,eval,10,4,0.003504232,1
gwcs,../roman/.data/build21/r0000101001001001001_0001_wfi15_f158_cal.asdf,wfi15,eval,10,5,0.003304956,1
gwcs,../roman/.data/build21/r0000101001001001001_0001_wfi15_f158_cal.asdf,wfi15,eval,10,6,0.003419297,1
gwcs,../roman/.data/build21/r0000101001001001001_0001_wfi15_f158_cal.asdf,wfi15,eval,10,7,0.003379391,1
gwcs,../roman/.data/build21/r0000101001001001001_0001_wfi15_f158_cal.asdf,wfi15,eval,10,8,0.003768429,1
gwcs,../roman/.data/build21/r0000101001001001001_0001_wfi15_f158_cal.asdf,wfi15,eval,10,9,0.003500906,1
gwcs,../roman/.data/build21/r0000101001001001001_0001_wfi15_f158_cal.asdf,wfi15,eval,10,10,0.003469238,1
gwcs,../roman/.data/build21/r0000101001001001001_0001_wfi15_f158_cal.asdf,wfi15,eval,10,11,0.003325660,1
gwcs,../roman/.data/build21/r0000101001001001001_0001_wfi15_f158_cal.asdf,wfi15,eval,10,12,0.003429901,1
gwcs,../roman/.data/build21/r0000101001001001001_0001_wfi15_f158_cal.asdf,wfi15,eval,10,13,0.003778900,1
gwcs,../roman/.data/build21/r0000101001001001001_0001_wfi15_f158_cal.asdf,wfi15,eval,10,14,0.003392867,1
gwcs,../roman/.data/build21/r0000101001001001001_0001_wfi15_f158_cal.asdf,wfi15,eval,10,15,0.003330806,1
gwcs,../roman/.data/build21/r0000101001001001001_0001_wfi15_f158_cal.asdf,wfi15,eval,10,16,0.003502131,1
gwcs,../roman/.data/build21/r0000101001001001001_0001_wfi15_f158_cal.asdf,wfi15,eval,10,17,0.003785797,1
gwcs,../roman/.data/build21/r0000101001001001001_0001_wfi15_f158_cal.asdf,wfi15,eval,10,18,0.003640601,1
gwcs,../roman/.data/build21/r0000101001001001001_0001_wfi15_f158_cal.asdf,wfi15,eval,10,19,0.003542217,1
gwcs,../roman/.data/build21/r0000101001001001001_0001_wfi15_f158_cal.asdf,wfi15,eval,10,20,0.003316260,1
gwcs,../roman/.data/build21/r0000101001001001001_0001_wfi15_f158_cal.asdf,wfi15,eval,10,21,0.003387962,1
gwcs,../roman/.data/build21/r0000101001001001001_0001_wfi15_f158_cal.asdf,wfi15,eval,10,22,0.004012655,1
gwcs,../roman/.data/build21/r0000101001001001001_0001_wfi15_f158_cal.asdf,wfi15,eval,10,23,0.003473044,1
gwcs,../roman/.data/build21/r0000101001001001001_0001_wfi15_f158_cal.asdf,wfi15,eval,10,24,0.003309291,1
gwcs,../roman/.data/build21/r0000101001001001001_0001_wfi15_f158_cal.asdf,wfi15,eval,10,25,0.003388463,1
gwcs,../roman/.data/build21/r0000101001001001001_0001_wfi15_f158_cal.asdf,wfi15,eval,10,26,0.003333682,1
gwcs,../roman/.data/build21/r0000101001001001001_0001_wfi15_f158_cal.asdf,wfi15,eval,10,27,0.003410611,1
gwcs,../roman/.data/build21/r0000101001001001001_0001_wfi15_f158_cal.asdf,wfi15,eval,10,28,0.003277121,1
gwcs,../roman/.data/build21/r0000101001001001001_0001_wfi15_f158_cal.asdf,wfi15,eval,10,29,0.003235393,1
gwcs,../roman/.data/build21/r0000101001001001001_0001_wfi15_f158_cal.asdf,wfi15,eval,10,30,0.003228450,1
gwcs,../roman/.data/build21/r0000101001001001001_0001_wfi15_f158_cal.asdf,wfi15,eval,10,31,0.003323822,1
gwcs,../roman/.data/build21/r0000101001001001001_0001_wfi15_f158_cal.asdf,wfi15,eval,10,32,0.003562087,1
gwcs,../roman/.data/build21/r0000101001001001001_0001_wfi15_f158_cal.asdf,wfi15,eval,10,33,0.004970839,1
gwcs,../roman/.data/build21/r0000101001001001001_0001_wfi15_f158_cal.asdf,wfi15,eval,10,34,0.004780270,1
gwcs,../roman/.data/build21/r0000101001001001001_0001_wfi15_f158_cal.asdf,wfi15,eval,10,35,0.003220567,1
gwcs,../roman/.data/build21/r0000101001001001001_0001_wfi15_f158_cal.asdf,wfi15,eval,10,36,0.003461390,1
gwcs,../roman/.data/build21/r0000101001001001001_0001_wfi15_f158_cal.asdf,wfi15,eval,10,37,0.003288612,1
gwcs,../roman/.data/build21/r0000101001001001001_0001_wfi15_f158_cal.asdf,wfi15,eval,10,38,0.003791240,1
gwcs,../roman/.data/build21/r0000101001001001001_0001_wfi15_f158_cal.asdf,wfi15,eval,10,39,0.003725807,1
gwcs,../roman/.data/build21/r0000101001001001001_0001_wfi15_f158_cal.asdf,wfi15,eval,10,40,0.004949627,1
gwcs,../roman/.data/build21/r0000101001001001001_0001_wfi15_f158_cal.asdf,wfi15,eval,10,41,0.004286232,1
gwcs,../roman/.data/build21/r0000101001001001001_0001_wfi15_f158_cal.asdf,wfi15,eval,10,42,0.003350536,1
gwcs,../roman/.data/build21/r0000101001001001001_0001_wfi15_f158_cal.asdf,wfi15,eval,10,43,0.003281190,1
gwcs,../roman/.data/build21/r0000101001001001001_0001_wfi15_f158_cal.asdf,wfi15,eval,10,44,0.003271603,1
gwcs,../roman/.data/build21/r0000101001001001001_0001_wfi15_f158_cal.asdf,wfi15,eval,10,45,0.003511533,1
gwcs,../roman/.data/build21/r0000101001001001001_0001_wfi15_f158_cal.asdf,wfi15,eval,10,46,0.003400690,1
gwcs,../roman/.data/build21/r0000101001001001001_0001_wfi15_f158_cal.asdf,wfi15,eval,10,47,0.003330933,1
gwcs,../roman/.data/build21/r0000101001001001001_0001_wfi15_f158_cal.asdf,wfi15,eval,10,48,0.003299340,1
gwcs,../roman/.data/build21/r0000101001001001001_0001_wfi15_f158_cal.asdf,wfi15,eval,10,49,0.003774409,1
gwcs,../roman/.data/build21/r0000101001001001001_0001_wfi15_f158_cal.asdf,wfi15,eval,10,50,0.003748037,1
gwcs,../roman/.data/build21/r0000101001001001001_0001_wfi15_f158_cal.asdf,wfi15,eval,10,51,0.003313321,1
gwcs,../roman/.data/build21/r0000101001001001001_0001_wfi15_f158_cal.asdf,wfi15,eval,10,52,0.003353740,1
gwcs,../roman/.data/build21/r0000101001001001001_0001_wfi15_f158_cal.asdf,wfi15,eval,10,53,0.003244158,1
gwcs,../roman/.data/build21/r0000101001001001001_0001_wfi15_f158_cal.asdf,wfi15,eval,10,54,0.003235765,1
gwcs,../roman/.data/build21/r0000101001001001001_0001_wfi15_f158_cal.asdf,wfi15,eval,10,55,0.003582639,1
gwcs,../roman/.data/build21/r0000101001001001001_0001_wfi15_f158_cal.asdf,wfi15,eval,10,56,0.003386325,1
gwcs,../roman/.data/build21/r0000101001001001001_0001_wfi15_f158_cal.asdf,wfi15,eval,10,57,0.003386726,1
gwcs,../roman/.data/build21/r0000101001001001001_0001_wfi15_f158_cal.asdf,wfi15,eval,10,58,0.003242075,1
gwcs,../roman/.data/build21/r0000101001001001001_0001_wfi15_f158_cal.asdf,wfi15,eval,10,59,0.003346363,1
gwcs,../roman/.data/build21/r0000101001001001001_0001_wfi15_f158_cal.asdf,wfi15,eval,10,60,0.003447844,1
gwcs,../roman/.data/build21/r0000101001001001001_0001_wfi15_f158_cal.asdf,wfi15,eval,10,61,0.003290540,1
gwcs,../roman/.data/build21/r0000101001001001001_0001_wfi15_f158_cal.asdf,wfi15,eval,10,62,0.003295611,1
gwcs,../roman/.data/build21/r0000101001001001001_0001_wfi15_f158_cal.asdf,wfi15,eval,10,63,0.003239636,1
gwcs,../roman/.data/build21/r0000101001001001001_0001_wfi15_f158_cal.asdf,wfi15,eval,10,64,0.003411305,1
gwcs,../roman/.data/build21/r0000101001001001001_0001_wfi15_f158_cal.asdf,wfi15,eval,10,65,0.003500477,1
gwcs,../roman/.data/build21/r0000101001001001001_0001_wfi15_f158_cal.asdf,wfi15,eval,10,66,0.003288185,1
gwcs,../roman/.data/build21/r0000101001001001001_0001_wfi15_f158_cal.asdf,wfi15,eval,10,67,0.004276976,1
gwcs,../roman/.data/build21/r0000101001001001001_0001_wfi15_f158_cal.asdf,wfi15,eval,10,68,0.003618961,1
gwcs,../roman/.data/build21/r0000101001001001001_0001_wfi15_f158_cal.asdf,wfi15,eval,10,69,0.003623256,1
gwcs,../roman/.data/build21/r0000101001001001001_0001_wfi15_f158_cal.asdf,wfi15,eval,10,70,0.003335526,1
gwcs,../roman/.data/build21/r0000101001001001001_0001_wfi15_f158_cal.asdf,wfi15,eval,10,71,0.003324547,1
gwcs,../roman/.data/build21/r0000101001001001001_0001_wfi15_f158_cal.asdf,wfi15,eval,10,72,0.003255715,1
gwcs,../roman/.data/build21/r0000101001001001001_0001_wfi15_f158_cal.asdf,wfi15,eval,10,73,0.003286881,1
gwcs,../roman/.data/build21/r0000101001001001001_0001_wfi15_f158_cal.asdf,wfi15,eval,10,74,0.003582994,1
gwcs,../roman/.data/build21/r0000101001001001001_0001_wfi15_f158_cal.asdf,wfi15,eval,10,75,0.003295745,1
gwcs,../roman/.data/build21/r0000101001001001001_0001_wfi15_f158_cal.asdf,wfi15,eval,10,76,0.003303076,1
gwcs,../roman/.data/build21/r0000101001001001001_0001_wfi15_f158_cal.asdf,wfi15,eval,10,77,0.003237152,1
gwcs,../roman/.data/build21/r0000101001001001001_0001_wfi15_f158_cal.asdf,wfi15,eval,10,78,0.003547600,1
gwcs,../roman/.data/build21/r0000101001001001001_0001_wfi15_f158_cal.asdf,wfi15,eval,10,79,0.003519484,1
gwcs,../roman/.data/build21/r0000101001001001001_0001_wfi15_f158_cal.asdf,wfi15,eval,10,80,0.003340765,1
gwcs,../roman/.data/build21/r0000101001001001001_0001_wfi15_f158_cal.asdf,wfi15,eval,10,81,0.003379253,1
gwcs,../roman/.data/build21/r0000101001001001001_0001_wfi15_f158_cal.asdf,wfi15,eval,10,82,0.003251391,1
gwcs,../roman/.data/build21/r0000101001001001001_0001_wfi15_f158_cal.asdf,wfi15,eval,10,83,0.003242093,1
gwcs,../roman/.data/build21/r0000101001001001001_0001_wfi15_f158_cal.asdf,wfi15,eval,10,84,0.003490270,1
gwcs,../roman/.data/build21/r0000101001001001001_0001_wfi15_f158_cal.asdf,wfi15,eval,10,85,0.003293097,1
gwcs,../roman/.data/build21/r0000101001001001001_0001_wfi15_f158_cal.asdf,wfi15,eval,10,86,0.003298088,1
gwcs,../roman/.data/build21/r0000101001001001001_0001_wfi15_f158_cal.asdf,wfi15,eval,10,87,0.003254243,1
gwcs,../roman/.data/build21/r0000101001001001001_0001_wfi15_f158_cal.asdf,wfi15,eval,10,88,0.003313843,1
gwcs,../roman/.data/build21/r0000101001001001001_0001_wfi15_f158_cal.asdf,wfi15,eval,10,89,0.003631213,1
gwcs,../roman/.data/build21/r0000101001001001001_0001_wfi15_f158_cal.asdf,wfi15,eval,10,90,0.003304947,1
gwcs,../roman/.data/build21/r0000101001001001001_0001_wfi15_f158_cal.asdf,wfi15,eval,10,91,0.003297484,1
gwcs,../roman/.data/build21/r0000101001001001001_0001_wfi15_f158_cal.asdf,wfi15,eval,10,92,0.003325284,1
gwcs,../roman/.data/build21/r0000101001001001001_0001_wfi15_f158_cal.asdf,wfi15,eval,10,93,0.003254903,1
gwcs,../roman/.data/build21/r0000101001001001001_0001_wfi15_f158_cal.asdf,wfi15,eval,10,94,0.003641811,1
gwcs,../roman/.data/build21/r0000101001001001001_0001_wfi15_f158_cal.asdf,wfi15,eval,10,95,0.003300316,1
gwcs,../roman/.data/build21/r0000101001001001001_0001_wfi15_f158_cal.asdf,wfi15,eval,10,96,0.003423112,1
gwcs,../roman/.data/build21/r0000101001001001001_0001_wfi15_f158_cal.asdf,wfi15,eval,10,97,0.003409021,1
gwcs,../roman/.data/build21/r0000101001001001001_0001_wfi15_f158_cal.asdf,wfi15,eval,10,98,0.003285877,1
gwcs,../roman/.data/build21/r0000101001001001001_0001_wfi15_f158_cal.asdf,wfi15,eval,10,99,0.003633508,1
gwcs,../roman/.data/build21/r0000101001001001001_0001_wfi15_f158_cal.asdf,wfi15,eval,100,0,0.003463881,1
gwcs,../roman/.data/build21/r0000101001001001001_0001_wfi15_f158_cal.asdf,wfi15,eval,100,1,0.003402423,1
gwcs,../roman/.data/build21/r0000101001001001001_0001_wfi15_f158_cal.asdf,wfi15,eval,100,2,0.003351207,1
gwcs,../roman/.data/build21/r0000101001001001001_0001_wfi15_f158_cal.asdf,wfi15,eval,100,3,0.003526969,1
gwcs,../roman/.data/build21/r0000101001001001001_0001_wfi15_f158_cal.asdf,wfi15,eval,100,4,0.003398575,1
gwcs,../roman/.data/build21/r0000101001001001001_0001_wfi15_f158_cal.asdf,wfi15,eval,100,5,0.003373676,1
gwcs,../roman/.data/build21/r0000101001001001001_0001_wfi15_f158_cal.asdf,wfi15,eval,100,6,0.003265282,1
gwcs,../roman/.data/build21/r0000101001001001001_0001_wfi15_f158_cal.asdf,wfi15,eval,100,7,0.003268410,1
gwcs,../roman/.data/build21/r0000101001001001001_0001_wfi15_f158_cal.asdf,wfi15,eval,100,8,0.003667107,1
gwcs,../roman/.data/build21/r0000101001001001001_0001_wfi15_f158_cal.asdf,wfi15,eval,100,9,0.003369399,1
gwcs,../roman/.data/build21/r0000101001001001001_0001_wfi15_f158_cal.asdf,wfi15,eval,100,10,0.003387631,1
gwcs,../roman/.data/build21/r0000101001001001001_0001_wfi15_f158_cal.asdf,wfi15,eval,100,11,0.003264488,1
gwcs,../roman/.data/build21/r0000101001001001001_0001_wfi15_f158_cal.asdf,wfi15,eval,100,12,0.003252604,1
gwcs,../roman/.data/build21/r0000101001001001001_0001_wfi15_f158_cal.asdf,wfi15,eval,100,13,0.003641860,1
gwcs,../roman/.data/build21/r0000101001001001001_0001_wfi15_f158_cal.asdf,wfi15,eval,100,14,0.003466692,1
gwcs,../roman/.data/build21/r0000101001001001001_0001_wfi15_f158_cal.asdf,wfi15,eval,100,15,0.003350794,1
gwcs,../roman/.data/build21/r0000101001001001001_0001_wfi15_f158_cal.asdf,wfi15,eval,100,16,0.003531229,1
gwcs,../roman/.data/build21/r0000101001001001001_0001_wfi15_f158_cal.asdf,wfi15,eval,100,17,0.003280788,1
gwcs,../roman/.data/build21/r0000101001001001001_0001_wfi15_f158_cal.asdf,wfi15,eval,100,18,0.003545409,1
gwcs,../roman/.data/build21/r0000101001001001001_0001_wfi15_f158_cal.asdf,wfi15,eval,100,19,0.003433519,1
gwcs,../roman/.data/build21/r0000101001001001001_0001_wfi15_f158_cal.asdf,wfi15,eval,100,20,0.003392360,1
gwcs,../roman/.data/build21/r0000101001001001001_0001_wfi15_f158_cal.asdf,wfi15,eval,100,21,0.003267568,1
gwcs,../roman/.data/build21/r0000101001001001001_0001_wfi15_f158_cal.asdf,wfi15,eval,100,22,0.003252473,1
gwcs,../roman/.data/build21/r0000101001001001001_0001_wfi15_f158_cal.asdf,wfi15,eval,100,23,0.003484828,1
gwcs,../roman/.data/build21/r0000101001001001001_0001_wfi15_f158_cal.asdf,wfi15,eval,100,24,0.003369977,1
gwcs,../roman/.data/build21/r0000101001001001001_0001_wfi15_f158_cal.asdf,wfi15,eval,100,25,0.003459898,1
gwcs,../roman/.data/build21/r0000101001001001001_0001_wfi15_f158_cal.asdf,wfi15,eval,100,26,0.003268821,1
gwcs,../roman/.data/build21/r0000101001001001001_0001_wfi15_f158_cal.asdf,wfi15,eval,100,27,0.003261749,1
gwcs,../roman/.data/build21/r0000101001001001001_0001_wfi15_f158_cal.asdf,wfi15,eval,100,28,0.003515371,1
gwcs,../roman/.data/build21/r0000101001001001001_0001_wfi15_f158_cal.asdf,wfi15,eval,100,29,0.003372237,1
gwcs,../roman/.data/build21/r0000101001001001001_0001_wfi15_f158_cal.asdf,wfi15,eval,100,30,0.003324514,1
gwcs,../roman/.data/build21/r0000101001001001001_0001_wfi15_f158_cal.asdf,wfi15,eval,100,31,0.003259003,1
gwcs,../roman/.data/build21/r0000101001001001001_0001_wfi15_f158_cal.asdf,wfi15,eval,100,32,0.003272926,1
gwcs,../roman/.data/build21/r0000101001001001001_0001_wfi15_f158_cal.asdf,wfi15,eval,100,33,0.003521978,1
gwcs,../roman/.data/build21/r0000101001001001001_0001_wfi15_f158_cal.asdf,wfi15,eval,100,34,0.003368500,1
gwcs,../roman/.data/build21/r0000101001001001001_0001_wfi15_f158_cal.asdf,wfi15,eval,100,35,0.003313828,1
gwcs,../roman/.data/build21/r0000101001001001001_0001_wfi15_f158_cal.asdf,wfi15,eval,100,36,0.003690309,1
gwcs,../roman/.data/build21/r0000101001001001001_0001_wfi15_f158_cal.asdf,wfi15,eval,100,37,0.003362975,1
gwcs,../roman/.data/build21/r0000101001001001001_0001_wfi15_f158_cal.asdf,wfi15,eval,100,38,0.003782530,1
gwcs,../roman/.data/build21/r0000101001001001001_0001_wfi15_f158_cal.asdf,wfi15,eval,100,39,0.003755161,1
gwcs,../roman/.data/build21/r0000101001001001001_0001_wfi15_f158_cal.asdf,wfi15,eval,100,40,0.003424407,1
gwcs,../roman/.data/build21/r0000101001001001001_0001_wfi15_f158_cal.asdf,wfi15,eval,100,41,0.003362008,1
gwcs,../roman/.data/build21/r0000101001001001001_0001_wfi15_f158_cal.asdf,wfi15,eval,100,42,0.003595127,1
gwcs,../roman/.data/build21/r0000101001001001001_0001_wfi15_f158_cal.asdf,wfi15,eval,100,43,0.003697369,1
gwcs,../roman/.data/build21/r0000101001001001001_0001_wfi15_f158_cal.asdf,wfi15,eval,100,44,0.003483460,1
gwcs,../roman/.data/build21/r0000101001001001001_0001_wfi15_f158_cal.asdf,wfi15,eval,100,45,0.003580935,1
gwcs,../roman/.data/build21/r0000101001001001001_0001_wfi15_f158_cal.asdf,wfi15,eval,100,46,0.003332243,1
gwcs,../roman/.data/build21/r0000101001001001001_0001_wfi15_f158_cal.asdf,wfi15,eval,100,47,0.003615119,1
gwcs,../roman/.data/build21/r0000101001001001001_0001_wfi15_f158_cal.asdf,wfi15,eval,100,48,0.003642236,1
gwcs,../roman/.data/build21/r0000101001001001001_0001_wfi15_f158_cal.asdf,wfi15,eval,100,49,0.003466167,1
gwcs,../roman/.data/build21/r0000101001001001001_0001_wfi15_f158_cal.asdf,wfi15,eval,1000,0,0.004055194,1
gwcs,../roman/.data/build21/r0000101001001001001_0001_wfi15_f158_cal.asdf,wfi15,eval,1000,1,0.003754903,1
gwcs,../roman/.data/build21/r0000101001001001001_0001_wfi15_f158_cal.asdf,wfi15,eval,1000,2,0.004044543,1
gwcs,../roman/.data/build21/r0000101001001001001_0001_wfi15_f158_cal.asdf,wfi15,eval,1000,3,0.004023621,1
gwcs,../roman/.data/build21/r0000101001001001001_0001_wfi15_f158_cal.asdf,wfi15,eval,1000,4,0.003557173,1
gwcs,../roman/.data/build21/r0000101001001001001_0001_wfi15_f158_cal.asdf,wfi15,eval,1000,5,0.003703977,1
gwcs,../roman/.data/build21/r0000101001001001001_0001_wfi15_f158_cal.asdf,wfi15,eval,1000,6,0.004027255,1
gwcs,../roman/.data/build21/r0000101001001001001_0001_wfi15_f158_cal.asdf,wfi15,eval,1000,7,0.003947377,1
gwcs,../roman/.data/build21/r0000101001001001001_0001_wfi15_f158_cal.asdf,wfi15,eval,1000,8,0.003623337,1
gwcs,../roman/.data/build21/r0000101001001001001_0001_wfi15_f158_cal.asdf,wfi15,eval,1000,9,0.003498274,1
gwcs,../roman/.data/build21/r0000101001001001001_0001_wfi15_f158_cal.asdf,wfi15,eval,1000,10,0.003513829,1
gwcs,../roman/.data/build21/r0000101001001001001_0001_wfi15_f158_cal.asdf,wfi15,eval,1000,11,0.003753860,1
gwcs,../roman/.data/build21/r0000101001001001001_0001_wfi15_f158_cal.asdf,wfi15,eval,1000,12,0.003593407,1
gwcs,../roman/.data/build21/r0000101001001001001_0001_wfi15_f158_cal.asdf,wfi15,eval,1000,13,0.003558187,1
gwcs,../roman/.data/build21/r0000101001001001001_0001_wfi15_f158_cal.asdf,wfi15,eval,1000,14,0.003488359,1
gwcs,../roman/.data/build21/r0000101001001001001_0001_wfi15_f158_cal.asdf,wfi15,eval,1000,15,0.003683999,1
gwcs,../roman/.data/build21/r0000101001001001001_0001_wfi15_f158_cal.asdf,wfi15,eval,1000,16,0.003638325,1
gwcs,../roman/.data/build21/r0000101001001001001_0001_wfi15_f158_cal.asdf,wfi15,eval,1000,17,0.003676414,1
gwcs,../roman/.data/build21/r0000101001001001001_0001_wfi15_f158_cal.asdf,wfi15,eval,1000,18,0.003503092,1
gwcs,../roman/.data/build21/r0000101001001001001_0001_wfi15_f158_cal.asdf,wfi15,eval,1000,19,0.003515370,1
gwcs,../roman/.data/build21/r0000101001001001001_0001_wfi15_f158_cal.asdf,wfi15,eval,10000,0,0.006534244,1
gwcs,../roman/.data/build21/r0000101001001001001_0001_wfi15_f158_cal.asdf,wfi15,eval,10000,1,0.005968767,1
gwcs,../roman/.data/build21/r0000101001001001001_0001_wfi15_f158_cal.asdf,wfi15,eval,10000,2,0.006067542,1
gwcs,../roman/.data/build21/r0000101001001001001_0001_wfi15_f158_cal.asdf,wfi15,eval,10000,3,0.006465057,1
gwcs,../roman/.data/build21/r0000101001001001001_0001_wfi15_f158_cal.asdf,wfi15,eval,10000,4,0.005918130,1
gwcs,../roman/.data/build21/r0000101001001001001_0001_wfi15_f158_cal.asdf,wfi15,eval,10000,5,0.006112482,1
gwcs,../roman/.data/build21/r0000101001001001001_0001_wfi15_f158_cal.asdf,wfi15,eval,10000,6,0.006070086,1
gwcs,../roman/.data/build21/r0000101001001001001_0001_wfi15_f158_cal.asdf,wfi15,eval,10000,7,0.005921205,1
gwcs,../roman/.data/build21/r0000101001001001001_0001_wfi15_f158_cal.asdf,wfi15,eval,10000,8,0.005867377,1
gwcs,../roman/.data/build21/r0000101001001001001_0001_wfi15_f158_cal.asdf,wfi15,eval,10000,9,0.005911953,1
gwcs,../roman/.data/build21/r0000101001001001001_0001_wfi15_f158_cal.asdf,wfi15,eval,100000,0,0.025501709,1
gwcs,../roman/.data/build21/r0000101001001001001_0001_wfi15_f158_cal.asdf,wfi15,eval,100000,1,0.024630897,1
gwcs,../roman/.data/build21/r0000101001001001001_0001_wfi15_f158_cal.asdf,wfi15,eval,100000,2,0.024922063,1
gwcs,../roman/.data/build21/r0000101001001001001_0001_wfi15_f158_cal.asdf,wfi15,eval,100000,3,0.025002507,1
gwcs,../roman/.data/build21/r0000101001001001001_0001_wfi15_f158_cal.asdf,wfi15,eval,100000,4,0.024809587,1
gwcs,../roman/.data/build21/r0000101001001001001_0001_wfi15_f158_cal.asdf,wfi15,eval,1000000,0,0.259126648,1
gwcs,../roman/.data/build21/r0000101001001001001_0001_wfi15_f158_cal.asdf,wfi15,eval,1000000,1,0.269734809,1
gwcs,../roman/.data/build21/r0000101001001001001_0001_wfi15_f158_cal.asdf,wfi15,eval,1000000,2,0.269975151,1
gwcs,../roman/.data/build21/r0000101001001001001_0001_wfi15_f158_cal.asdf,wfi15,eval,10000000,0,2.653130673,1
gwcs,../roman/.data/build21/r0000101001001001001_0001_wfi15_f158_cal.asdf,wfi15,eval,10000000,1,2.662729484,1
gwcs,../roman/.data/build21/r0000101001001001001_0001_wfi15_f158_cal.asdf,wfi15,eval,16711744,0,4.481863936,1
gwcs,../roman/.data/build21/r0000101001001001001_0001_wfi15_f158_cal.asdf,wfi15,eval,16711744,1,4.442484815,1
gwcs,../roman/.data/build21/r0000101001001001001_0001_wfi16_f158_cal.asdf,wfi16,parse_cold,0,0,0.774831971,1
gwcs,../roman/.data/build21/r0000101001001001001_0001_wfi16_f158_cal.asdf,wfi16,parse_hot,0,0,0.535054343,1
gwcs,../roman/.data/build21/r0000101001001001001_0001_wfi16_f158_cal.asdf,wfi16,eval,1,0,0.005233294,1
gwcs,../roman/.data/build21/r0000101001001001001_0001_wfi16_f158_cal.asdf,wfi16,eval,1,1,0.005308740,1
gwcs,../roman/.data/build21/r0000101001001001001_0001_wfi16_f158_cal.asdf,wfi16,eval,1,2,0.005086411,1
gwcs,../roman/.data/build21/r0000101001001001001_0001_wfi16_f158_cal.asdf,wfi16,eval,1,3,0.004895586,1
gwcs,../roman/.data/build21/r0000101001001001001_0001_wfi16_f158_cal.asdf,wfi16,eval,1,4,0.005306874,1
gwcs,../roman/.data/build21/r0000101001001001001_0001_wfi16_f158_cal.asdf,wfi16,eval,1,5,0.005118171,1
gwcs,../roman/.data/build21/r0000101001001001001_0001_wfi16_f158_cal.asdf,wfi16,eval,1,6,0.005059075,1
gwcs,../roman/.data/build21/r0000101001001001001_0001_wfi16_f158_cal.asdf,wfi16,eval,1,7,0.005049979,1
gwcs,../roman/.data/build21/r0000101001001001001_0001_wfi16_f158_cal.asdf,wfi16,eval,1,8,0.005118490,1
gwcs,../roman/.data/build21/r0000101001001001001_0001_wfi16_f158_cal.asdf,wfi16,eval,1,9,0.005006582,1
gwcs,../roman/.data/build21/r0000101001001001001_0001_wfi16_f158_cal.asdf,wfi16,eval,1,10,0.004984961,1
gwcs,../roman/.data/build21/r0000101001001001001_0001_wfi16_f158_cal.asdf,wfi16,eval,1,11,0.005066638,1
gwcs,../roman/.data/build21/r0000101001001001001_0001_wfi16_f158_cal.asdf,wfi16,eval,1,12,0.005453336,1
gwcs,../roman/.data/build21/r0000101001001001001_0001_wfi16_f158_cal.asdf,wfi16,eval,1,13,0.004888687,1
gwcs,../roman/.data/build21/r0000101001001001001_0001_wfi16_f158_cal.asdf,wfi16,eval,1,14,0.005005992,1
gwcs,../roman/.data/build21/r0000101001001001001_0001_wfi16_f158_cal.asdf,wfi16,eval,1,15,0.004957443,1
gwcs,../roman/.data/build21/r0000101001001001001_0001_wfi16_f158_cal.asdf,wfi16,eval,1,16,0.005084899,1
gwcs,../roman/.data/build21/r0000101001001001001_0001_wfi16_f158_cal.asdf,wfi16,eval,1,17,0.004789743,1
gwcs,../roman/.data/build21/r0000101001001001001_0001_wfi16_f158_cal.asdf,wfi16,eval,1,18,0.005859484,1
gwcs,../roman/.data/build21/r0000101001001001001_0001_wfi16_f158_cal.asdf,wfi16,eval,1,19,0.006221520,1
gwcs,../roman/.data/build21/r0000101001001001001_0001_wfi16_f158_cal.asdf,wfi16,eval,1,20,0.007255728,1
gwcs,../roman/.data/build21/r0000101001001001001_0001_wfi16_f158_cal.asdf,wfi16,eval,1,21,0.004833812,1
gwcs,../roman/.data/build21/r0000101001001001001_0001_wfi16_f158_cal.asdf,wfi16,eval,1,22,0.004653480,1
gwcs,../roman/.data/build21/r0000101001001001001_0001_wfi16_f158_cal.asdf,wfi16,eval,1,23,0.004685681,1
gwcs,../roman/.data/build21/r0000101001001001001_0001_wfi16_f158_cal.asdf,wfi16,eval,1,24,0.004795104,1
gwcs,../roman/.data/build21/r0000101001001001001_0001_wfi16_f158_cal.asdf,wfi16,eval,1,25,0.004762257,1
gwcs,../roman/.data/build21/r0000101001001001001_0001_wfi16_f158_cal.asdf,wfi16,eval,1,26,0.004661196,1
gwcs,../roman/.data/build21/r0000101001001001001_0001_wfi16_f158_cal.asdf,wfi16,eval,1,27,0.004761567,1
gwcs,../roman/.data/build21/r0000101001001001001_0001_wfi16_f158_cal.asdf,wfi16,eval,1,28,0.004705974,1
gwcs,../roman/.data/build21/r0000101001001001001_0001_wfi16_f158_cal.asdf,wfi16,eval,1,29,0.004655891,1
gwcs,../roman/.data/build21/r0000101001001001001_0001_wfi16_f158_cal.asdf,wfi16,eval,1,30,0.004671032,1
gwcs,../roman/.data/build21/r0000101001001001001_0001_wfi16_f158_cal.asdf,wfi16,eval,1,31,0.004821032,1
gwcs,../roman/.data/build21/r0000101001001001001_0001_wfi16_f158_cal.asdf,wfi16,eval,1,32,0.004801363,1
gwcs,../roman/.data/build21/r0000101001001001001_0001_wfi16_f158_cal.asdf,wfi16,eval,1,33,0.004683367,1
gwcs,../roman/.data/build21/r0000101001001001001_0001_wfi16_f158_cal.asdf,wfi16,eval,1,34,0.004760572,1
gwcs,../roman/.data/build21/r0000101001001001001_0001_wfi16_f158_cal.asdf,wfi16,eval,1,35,0.004730767,1
gwcs,../roman/.data/build21/r0000101001001001001_0001_wfi16_f158_cal.asdf,wfi16,eval,1,36,0.004636934,1
gwcs,../roman/.data/build21/r0000101001001001001_0001_wfi16_f158_cal.asdf,wfi16,eval,1,37,0.004635829,1
gwcs,../roman/.data/build21/r0000101001001001001_0001_wfi16_f158_cal.asdf,wfi16,eval,1,38,0.004956867,1
gwcs,../roman/.data/build21/r0000101001001001001_0001_wfi16_f158_cal.asdf,wfi16,eval,1,39,0.004718577,1
gwcs,../roman/.data/build21/r0000101001001001001_0001_wfi16_f158_cal.asdf,wfi16,eval,1,40,0.004823209,1
gwcs,../roman/.data/build21/r0000101001001001001_0001_wfi16_f158_cal.asdf,wfi16,eval,1,41,0.004776040,1
gwcs,../roman/.data/build21/r0000101001001001001_0001_wfi16_f158_cal.asdf,wfi16,eval,1,42,0.004754501,1
gwcs,../roman/.data/build21/r0000101001001001001_0001_wfi16_f158_cal.asdf,wfi16,eval,1,43,0.004693281,1
gwcs,../roman/.data/build21/r0000101001001001001_0001_wfi16_f158_cal.asdf,wfi16,eval,1,44,0.004647047,1
gwcs,../roman/.data/build21/r0000101001001001001_0001_wfi16_f158_cal.asdf,wfi16,eval,1,45,0.004793311,1
gwcs,../roman/.data/build21/r0000101001001001001_0001_wfi16_f158_cal.asdf,wfi16,eval,1,46,0.004685730,1
gwcs,../roman/.data/build21/r0000101001001001001_0001_wfi16_f158_cal.asdf,wfi16,eval,1,47,0.004990770,1
gwcs,../roman/.data/build21/r0000101001001001001_0001_wfi16_f158_cal.asdf,wfi16,eval,1,48,0.004883544,1
gwcs,../roman/.data/build21/r0000101001001001001_0001_wfi16_f158_cal.asdf,wfi16,eval,1,49,0.004705265,1
gwcs,../roman/.data/build21/r0000101001001001001_0001_wfi16_f158_cal.asdf,wfi16,eval,1,50,0.004650019,1
gwcs,../roman/.data/build21/r0000101001001001001_0001_wfi16_f158_cal.asdf,wfi16,eval,1,51,0.004676521,1
gwcs,../roman/.data/build21/r0000101001001001001_0001_wfi16_f158_cal.asdf,wfi16,eval,1,52,0.004810055,1
gwcs,../roman/.data/build21/r0000101001001001001_0001_wfi16_f158_cal.asdf,wfi16,eval,1,53,0.004715549,1
gwcs,../roman/.data/build21/r0000101001001001001_0001_wfi16_f158_cal.asdf,wfi16,eval,1,54,0.004698610,1
gwcs,../roman/.data/build21/r0000101001001001001_0001_wfi16_f158_cal.asdf,wfi16,eval,1,55,0.004737989,1
gwcs,../roman/.data/build21/r0000101001001001001_0001_wfi16_f158_cal.asdf,wfi16,eval,1,56,0.004708630,1
gwcs,../roman/.data/build21/r0000101001001001001_0001_wfi16_f158_cal.asdf,wfi16,eval,1,57,0.004666272,1
gwcs,../roman/.data/build21/r0000101001001001001_0001_wfi16_f158_cal.asdf,wfi16,eval,1,58,0.004635297,1
gwcs,../roman/.data/build21/r0000101001001001001_0001_wfi16_f158_cal.asdf,wfi16,eval,1,59,0.004923959,1
gwcs,../roman/.data/build21/r0000101001001001001_0001_wfi16_f158_cal.asdf,wfi16,eval,1,60,0.004939736,1
gwcs,../roman/.data/build21/r0000101001001001001_0001_wfi16_f158_cal.asdf,wfi16,eval,1,61,0.004699750,1
gwcs,../roman/.data/build21/r0000101001001001001_0001_wfi16_f158_cal.asdf,wfi16,eval,1,62,0.004792627,1
gwcs,../roman/.data/build21/r0000101001001001001_0001_wfi16_f158_cal.asdf,wfi16,eval,1,63,0.004786701,1
gwcs,../roman/.data/build21/r0000101001001001001_0001_wfi16_f158_cal.asdf,wfi16,eval,1,64,0.004707349,1
gwcs,../roman/.data/build21/r0000101001001001001_0001_wfi16_f158_cal.asdf,wfi16,eval,1,65,0.004648902,1
gwcs,../roman/.data/build21/r0000101001001001001_0001_wfi16_f158_cal.asdf,wfi16,eval,1,66,0.004819930,1
gwcs,../roman/.data/build21/r0000101001001001001_0001_wfi16_f158_cal.asdf,wfi16,eval,1,67,0.004862814,1
gwcs,../roman/.data/build21/r0000101001001001001_0001_wfi16_f158_cal.asdf,wfi16,eval,1,68,0.004664836,1
gwcs,../roman/.data/build21/r0000101001001001001_0001_wfi16_f158_cal.asdf,wfi16,eval,1,69,0.004729090,1
gwcs,../roman/.data/build21/r0000101001001001001_0001_wfi16_f158_cal.asdf,wfi16,eval,1,70,0.004867172,1
gwcs,../roman/.data/build21/r0000101001001001001_0001_wfi16_f158_cal.asdf,wfi16,eval,1,71,0.004675827,1
gwcs,../roman/.data/build21/r0000101001001001001_0001_wfi16_f158_cal.asdf,wfi16,eval,1,72,0.004710982,1
gwcs,../roman/.data/build21/r0000101001001001001_0001_wfi16_f158_cal.asdf,wfi16,eval,1,73,0.004858121,1
gwcs,../roman/.data/build21/r0000101001001001001_0001_wfi16_f158_cal.asdf,wfi16,eval,1,74,0.004755621,1
gwcs,../roman/.data/build21/r0000101001001001001_0001_wfi16_f158_cal.asdf,wfi16,eval,1,75,0.004677464,1
gwcs,../roman/.data/build21/r0000101001001001001_0001_wfi16_f158_cal.asdf,wfi16,eval,1,76,0.004747178,1
gwcs,../roman/.data/build21/r0000101001001001001_0001_wfi16_f158_cal.asdf,wfi16,eval,1,77,0.004693702,1
gwcs,../roman/.data/build21/r0000101001001001001_0001_wfi16_f158_cal.asdf,wfi16,eval,1,78,0.004647166,1
gwcs,../roman/.data/build21/r0000101001001001001_0001_wfi16_f158_cal.asdf,wfi16,eval,1,79,0.004714008,1
gwcs,../roman/.data/build21/r0000101001001001001_0001_wfi16_f158_cal.asdf,wfi16,eval,1,80,0.004783305,1
gwcs,../roman/.data/build21/r0000101001001001001_0001_wfi16_f158_cal.asdf,wfi16,eval,1,81,0.004662419,1
gwcs,../roman/.data/build21/r0000101001001001001_0001_wfi16_f158_cal.asdf,wfi16,eval,1,82,0.004624444,1
gwcs,../roman/.data/build21/r0000101001001001001_0001_wfi16_f158_cal.asdf,wfi16,eval,1,83,0.004888563,1
gwcs,../roman/.data/build21/r0000101001001001001_0001_wfi16_f158_cal.asdf,wfi16,eval,1,84,0.004990700,1
gwcs,../roman/.data/build21/r0000101001001001001_0001_wfi16_f158_cal.asdf,wfi16,eval,1,85,0.004757181,1
gwcs,../roman/.data/build21/r0000101001001001001_0001_wfi16_f158_cal.asdf,wfi16,eval,1,86,0.005038069,1
gwcs,../roman/.data/build21/r0000101001001001001_0001_wfi16_f158_cal.asdf,wfi16,eval,1,87,0.006020582,1
gwcs,../roman/.data/build21/r0000101001001001001_0001_wfi16_f158_cal.asdf,wfi16,eval,1,88,0.004949515,1
gwcs,../roman/.data/build21/r0000101001001001001_0001_wfi16_f158_cal.asdf,wfi16,eval,1,89,0.004971392,1
gwcs,../roman/.data/build21/r0000101001001001001_0001_wfi16_f158_cal.asdf,wfi16,eval,1,90,0.004991217,1
gwcs,../roman/.data/build21/r0000101001001001001_0001_wfi16_f158_cal.asdf,wfi16,eval,1,91,0.005063197,1
gwcs,../roman/.data/build21/r0000101001001001001_0001_wfi16_f158_cal.asdf,wfi16,eval,1,92,0.004834293,1
gwcs,../roman/.data/build21/r0000101001001001001_0001_wfi16_f158_cal.asdf,wfi16,eval,1,93,0.005131001,1
gwcs,../roman/.data/build21/r0000101001001001001_0001_wfi16_f158_cal.asdf,wfi16,eval,1,94,0.004920672,1
gwcs,../roman/.data/build21/r0000101001001001001_0001_wfi16_f158_cal.asdf,wfi16,eval,1,95,0.005096562,1
gwcs,../roman/.data/build21/r0000101001001001001_0001_wfi16_f158_cal.asdf,wfi16,eval,1,96,0.004917766,1
gwcs,../roman/.data/build21/r0000101001001001001_0001_wfi16_f158_cal.asdf,wfi16,eval,1,97,0.005115047,1
gwcs,../roman/.data/build21/r0000101001001001001_0001_wfi16_f158_cal.asdf,wfi16,eval,1,98,0.004821327,1
gwcs,../roman/.data/build21/r0000101001001001001_0001_wfi16_f158_cal.asdf,wfi16,eval,1,99,0.004965989,1
gwcs,../roman/.data/build21/r0000101001001001001_0001_wfi16_f158_cal.asdf,wfi16,eval,10,0,0.005317178,1
gwcs,../roman/.data/build21/r0000101001001001001_0001_wfi16_f158_cal.asdf,wfi16,eval,10,1,0.005421597,1
gwcs,../roman/.data/build21/r0000101001001001001_0001_wfi16_f158_cal.asdf,wfi16,eval,10,2,0.005022384,1
gwcs,../roman/.data/build21/r0000101001001001001_0001_wfi16_f158_cal.asdf,wfi16,eval,10,3,0.005436996,1
gwcs,../roman/.data/build21/r0000101001001001001_0001_wfi16_f158_cal.asdf,wfi16,eval,10,4,0.005047405,1
gwcs,../roman/.data/build21/r0000101001001001001_0001_wfi16_f158_cal.asdf,wfi16,eval,10,5,0.005119009,1
gwcs,../roman/.data/build21/r0000101001001001001_0001_wfi16_f158_cal.asdf,wfi16,eval,10,6,0.005133212,1
gwcs,../roman/.data/build21/r0000101001001001001_0001_wfi16_f158_cal.asdf,wfi16,eval,10,7,0.005260260,1
gwcs,../roman/.data/build21/r0000101001001001001_0001_wfi16_f158_cal.asdf,wfi16,eval,10,8,0.004957210,1
gwcs,../roman/.data/build21/r0000101001001001001_0001_wfi16_f158_cal.asdf,wfi16,eval,10,9,0.005306166,1
gwcs,../roman/.data/build21/r0000101001001001001_0001_wfi16_f158_cal.asdf,wfi16,eval,10,10,0.005158662,1
gwcs,../roman/.data/build21/r0000101001001001001_0001_wfi16_f158_cal.asdf,wfi16,eval,10,11,0.005086408,1
gwcs,../roman/.data/build21/r0000101001001001001_0001_wfi16_f158_cal.asdf,wfi16,eval,10,12,0.005043148,1
gwcs,../roman/.data/build21/r0000101001001001001_0001_wfi16_f158_cal.asdf,wfi16,eval,10,13,0.005145846,1
gwcs,../roman/.data/build21/r0000101001001001001_0001_wfi16_f158_cal.asdf,wfi16,eval,10,14,0.005052120,1
gwcs,../roman/.data/build21/r0000101001001001001_0001_wfi16_f158_cal.asdf,wfi16,eval,10,15,0.005038847,1
gwcs,../roman/.data/build21/r0000101001001001001_0001_wfi16_f158_cal.asdf,wfi16,eval,10,16,0.005217721,1
gwcs,../roman/.data/build21/r0000101001001001001_0001_wfi16_f158_cal.asdf,wfi16,eval,10,17,0.005027878,1
gwcs,../roman/.data/build21/r0000101001001001001_0001_wfi16_f158_cal.asdf,wfi16,eval,10,18,0.005156546,1
gwcs,../roman/.data/build21/r0000101001001001001_0001_wfi16_f158_cal.asdf,wfi16,eval,10,19,0.004981913,1
gwcs,../roman/.data/build21/r0000101001001001001_0001_wfi16_f158_cal.asdf,wfi16,eval,10,20,0.005270135,1
gwcs,../roman/.data/build21/r0000101001001001001_0001_wfi16_f158_cal.asdf,wfi16,eval,10,21,0.004992155,1
gwcs,../roman/.data/build21/r0000101001001001001_0001_wfi16_f158_cal.asdf,wfi16,eval,10,22,0.005214959,1
gwcs,../roman/.data/build21/r0000101001001001001_0001_wfi16_f158_cal.asdf,wfi16,eval,10,23,0.005051861,1
gwcs,../roman/.data/build21/r0000101001001001001_0001_wfi16_f158_cal.asdf,wfi16,eval,10,24,0.006541457,1
gwcs,../roman/.data/build21/r0000101001001001001_0001_wfi16_f158_cal.asdf,wfi16,eval,10,25,0.006094735,1
gwcs,../roman/.data/build21/r0000101001001001001_0001_wfi16_f158_cal.asdf,wfi16,eval,10,26,0.005372860,1
gwcs,../roman/.data/build21/r0000101001001001001_0001_wfi16_f158_cal.asdf,wfi16,eval,10,27,0.005031175,1
gwcs,../roman/.data/build21/r0000101001001001001_0001_wfi16_f158_cal.asdf,wfi16,eval,10,28,0.005521432,1
gwcs,../roman/.data/build21/r0000101001001001001_0001_wfi16_f158_cal.asdf,wfi16,eval,10,29,0.005289483,1
gwcs,../roman/.data/build21/r0000101001001001001_0001_wfi16_f158_cal.asdf,wfi16,eval,10,30,0.005156132,1
gwcs,../roman/.data/build21/r0000101001001001001_0001_wfi16_f158_cal.asdf,wfi16,eval,10,31,0.005253004,1
gwcs,../roman/.data/build21/r0000101001001001001_0001_wfi16_f158_cal.asdf,wfi16,eval,10,32,0.005247691,1
gwcs,../roman/.data/build21/r0000101001001001001_0001_wfi16_f158_cal.asdf,wfi16,eval,10,33,0.004874440,1
gwcs,../roman/.data/build21/r0000101001001001001_0001_wfi16_f158_cal.asdf,wfi16,eval,10,34,0.004924857,1
gwcs,../roman/.data/build21/r0000101001001001001_0001_wfi16_f158_cal.asdf,wfi16,eval,10,35,0.005170099,1
gwcs,../roman/.data/build21/r0000101001001001001_0001_wfi16_f158_cal.asdf,wfi16,eval,10,36,0.004841629,1
gwcs,../roman/.data/build21/r0000101001001001001_0001_wfi16_f158_cal.asdf,wfi16,eval,10,37,0.004837154,1
gwcs,../roman/.data/build21/r0000101001001001001_0001_wfi16_f158_cal.asdf,wfi16,eval,10,38,0.005083913,1
gwcs,../roman/.data/build21/r0000101001001001001_0001_wfi16_f158_cal.asdf,wfi16,eval,10,39,0.004922833,1
gwcs,../roman/.data/build21/r0000101001001001001_0001_wfi16_f158_cal.asdf,wfi16,eval,10,40,0.004818715,1
gwcs,../roman/.data/build21/r0000101001001001001_0001_wfi16_f158_cal.asdf,wfi16,eval,10,41,0.004928810,1
gwcs,../roman/.data/build21/r0000101001001001001_0001_wfi16_f158_cal.asdf,wfi16,eval,10,42,0.005110137,1
gwcs,../roman/.data/build21/r0000101001001001001_0001_wfi16_f158_cal.asdf,wfi16,eval,10,43,0.005708478,1
gwcs,../roman/.data/build21/r0000101001001001001_0001_wfi16_f158_cal.asdf,wfi16,eval,10,44,0.005030320,1
gwcs,../roman/.data/build21/r0000101001001001001_0001_wfi16_f158_cal.asdf,wfi16,eval,10,45,0.005216514,1
gwcs,../roman/.data/build21/r0000101001001001001_0001_wfi16_f158_cal.asdf,wfi16,eval,10,46,0.004904801,1
gwcs,../roman/.data/build21/r0000101001001001001_0001_wfi16_f158_cal.asdf,wfi16,eval,10,47,0.004966305,1
gwcs,../roman/.data/build21/r0000101001001001001_0001_wfi16_f158_cal.asdf,wfi16,eval,10,48,0.005142684,1
gwcs,../roman/.data/build21/r0000101001001001001_0001_wfi16_f158_cal.asdf,wfi16,eval,10,49,0.004897078,1
gwcs,../roman/.data/build21/r0000101001001001001_0001_wfi16_f158_cal.asdf,wfi16,eval,10,50,0.004830690,1
gwcs,../roman/.data/build21/r0000101001001001001_0001_wfi16_f158_cal.asdf,wfi16,eval,10,51,0.005117462,1
gwcs,../roman/.data/build21/r0000101001001001001_0001_wfi16_f158_cal.asdf,wfi16,eval,10,52,0.005022843,1
gwcs,../roman/.data/build21/r0000101001001001001_0001_wfi16_f158_cal.asdf,wfi16,eval,10,53,0.005220088,1
gwcs,../roman/.data/build21/r0000101001001001001_0001_wfi16_f158_cal.asdf,wfi16,eval,10,54,0.004950125,1
gwcs,../roman/.data/build21/r0000101001001001001_0001_wfi16_f158_cal.asdf,wfi16,eval,10,55,0.005275531,1
gwcs,../roman/.data/build21/r0000101001001001001_0001_wfi16_f158_cal.asdf,wfi16,eval,10,56,0.004998230,1
gwcs,../roman/.data/build21/r0000101001001001001_0001_wfi16_f158_cal.asdf,wfi16,eval,10,57,0.005219770,1
gwcs,../roman/.data/build21/r0000101001001001001_0001_wfi16_f158_cal.asdf,wfi16,eval,10,58,0.005102648,1
gwcs,../roman/.data/build21/r0000101001001001001_0001_wfi16_f158_cal.asdf,wfi16,eval,10,59,0.005294026,1
gwcs,../roman/.data/build21/r0000101001001001001_0001_wfi16_f158_cal.asdf,wfi16,eval,10,60,0.004980695,1
gwcs,../roman/.data/build21/r0000101001001001001_0001_wfi16_f158_cal.asdf,wfi16,eval,10,61,0.005302224,1
gwcs,../roman/.data/build21/r0000101001001001001_0001_wfi16_f158_cal.asdf,wfi16,eval,10,62,0.004927268,1
gwcs,../roman/.data/build21/r0000101001001001001_0001_wfi16_f158_cal.asdf,wfi16,eval,10,63,0.004951497,1
gwcs,../roman/.data/build21/r0000101001001001001_0001_wfi16_f158_cal.asdf,wfi16,eval,10,64,0.005350702,1
gwcs,../roman/.data/build21/r0000101001001001001_0001_wfi16_f158_cal.asdf,wfi16,eval,10,65,0.005034312,1
gwcs,../roman/.data/build21/r0000101001001001001_0001_wfi16_f158_cal.asdf,wfi16,eval,10,66,0.004808697,1
gwcs,../roman/.data/build21/r0000101001001001001_0001_wfi16_f158_cal.asdf,wfi16,eval,10,67,0.004789660,1
gwcs,../roman/.data/build21/r0000101001001001001_0001_wfi16_f158_cal.asdf,wfi16,eval,10,68,0.005050380,1
gwcs,../roman/.data/build21/r0000101001001001001_0001_wfi16_f158_cal.asdf,wfi16,eval,10,69,0.004818449,1
gwcs,../roman/.data/build21/r0000101001001001001_0001_wfi16_f158_cal.asdf,wfi16,eval,10,70,0.004799290,1
gwcs,../roman/.data/build21/r0000101001001001001_0001_wfi16_f158_cal.asdf,wfi16,eval,10,71,0.005150952,1
gwcs,../roman/.data/build21/r0000101001001001001_0001_wfi16_f158_cal.asdf,wfi16,eval,10,72,0.004928133,1
gwcs,../roman/.data/build21/r0000101001001001001_0001_wfi16_f158_cal.asdf,wfi16,eval,10,73,0.004795362,1
gwcs,../roman/.data/build21/r0000101001001001001_0001_wfi16_f158_cal.asdf,wfi16,eval,10,74,0.005016782,1
gwcs,../roman/.data/build21/r0000101001001001001_0001_wfi16_f158_cal.asdf,wfi16,eval,10,75,0.006667883,1
gwcs,../roman/.data/build21/r0000101001001001001_0001_wfi16_f158_cal.asdf,wfi16,eval,10,76,0.005347957,1
gwcs,../roman/.data/build21/r0000101001001001001_0001_wfi16_f158_cal.asdf,wfi16,eval,10,77,0.005047726,1
gwcs,../roman/.data/build21/r0000101001001001001_0001_wfi16_f158_cal.asdf,wfi16,eval,10,78,0.005138784,1
gwcs,../roman/.data/build21/r0000101001001001001_0001_wfi16_f158_cal.asdf,wfi16,eval,10,79,0.004925857,1
gwcs,../roman/.data/build21/r0000101001001001001_0001_wfi16_f158_cal.asdf,wfi16,eval,10,80,0.005267158,1
gwcs,../roman/.data/build21/r0000101001001001001_0001_wfi16_f158_cal.asdf,wfi16,eval,10,81,0.005631772,1
gwcs,../roman/.data/build21/r0000101001001001001_0001_wfi16_f158_cal.asdf,wfi16,eval,10,82,0.005204744,1
gwcs,../roman/.data/build21/r0000101001001001001_0001_wfi16_f158_cal.asdf,wfi16,eval,10,83,0.005024293,1
gwcs,../roman/.data/build21/r0000101001001001001_0001_wfi16_f158_cal.asdf,wfi16,eval,10,84,0.005745910,1
gwcs,../roman/.data/build21/r0000101001001001001_0001_wfi16_f158_cal.asdf,wfi16,eval,10,85,0.005159600,1
gwcs,../roman/.data/build21/r0000101001001001001_0001_wfi16_f158_cal.asdf,wfi16,eval,10,86,0.005184196,1
gwcs,../roman/.data/build21/r0000101001001001001_0001_wfi16_f158_cal.asdf,wfi16,eval,10,87,0.005378465,1
gwcs,../roman/.data/build21/r0000101001001001001_0001_wfi16_f158_cal.asdf,wfi16,eval,10,88,0.005249438,1
gwcs,../roman/.data/build21/r0000101001001001001_0001_wfi16_f158_cal.asdf,wfi16,eval,10,89,0.005725122,1
gwcs,../roman/.data/build21/r0000101001001001001_0001_wfi16_f158_cal.asdf,wfi16,eval,10,90,0.006002128,1
gwcs,../roman/.data/build21/r0000101001001001001_0001_wfi16_f158_cal.asdf,wfi16,eval,10,91,0.005074337,1
gwcs,../roman/.data/build21/r0000101001001001001_0001_wfi16_f158_cal.asdf,wfi16,eval,10,92,0.005223858,1
gwcs,../roman/.data/build21/r0000101001001001001_0001_wfi16_f158_cal.asdf,wfi16,eval,10,93,0.005527003,1
gwcs,../roman/.data/build21/r0000101001001001001_0001_wfi16_f158_cal.asdf,wfi16,eval,10,94,0.005232445,1
gwcs,../roman/.data/build21/r0000101001001001001_0001_wfi16_f158_cal.asdf,wfi16,eval,10,95,0.004980382,1
gwcs,../roman/.data/build21/r0000101001001001001_0001_wfi16_f158_cal.asdf,wfi16,eval,10,96,0.005575531,1
gwcs,../roman/.data/build21/r0000101001001001001_0001_wfi16_f158_cal.asdf,wfi16,eval,10,97,0.005095084,1
gwcs,../roman/.data/build21/r0000101001001001001_0001_wfi16_f158_cal.asdf,wfi16,eval,10,98,0.005241551,1
gwcs,../roman/.data/build21/r0000101001001001001_0001_wfi16_f158_cal.asdf,wfi16,eval,10,99,0.005375600,1
gwcs,../roman/.data/build21/r0000101001001001001_0001_wfi16_f158_cal.asdf,wfi16,eval,100,0,0.006727235,1
gwcs,../roman/.data/build21/r0000101001001001001_0001_wfi16_f158_cal.asdf,wfi16,eval,100,1,0.005118686,1
gwcs,../roman/.data/build21/r0000101001001001001_0001_wfi16_f158_cal.asdf,wfi16,eval,100,2,0.005301646,1
gwcs,../roman/.data/build21/r0000101001001001001_0001_wfi16_f158_cal.asdf,wfi16,eval,100,3,0.005010416,1
gwcs,../roman/.data/build21/r0000101001001001001_0001_wfi16_f158_cal.asdf,wfi16,eval,100,4,0.004875944,1
gwcs,../roman/.data/build21/r0000101001001001001_0001_wfi16_f158_cal.asdf,wfi16,eval,100,5,0.005082302,1
gwcs,../roman/.data/build21/r0000101001001001001_0001_wfi16_f158_cal.asdf,wfi16,eval,100,6,0.005546587,1
gwcs,../roman/.data/build21/r0000101001001001001_0001_wfi16_f158_cal.asdf,wfi16,eval,100,7,0.005127457,1
gwcs,../roman/.data/build21/r0000101001001001001_0001_wfi16_f158_cal.asdf,wfi16,eval,100,8,0.005195096,1
gwcs,../roman/.data/build21/r0000101001001001001_0001_wfi16_f158_cal.asdf,wfi16,eval,100,9,0.005352501,1
gwcs,../roman/.data/build21/r0000101001001001001_0001_wfi16_f158_cal.asdf,wfi16,eval,100,10,0.004954213,1
gwcs,../roman/.data/build21/r0000101001001001001_0001_wfi16_f158_cal.asdf,wfi16,eval,100,11,0.004936213,1
gwcs,../roman/.data/build21/r0000101001001001001_0001_wfi16_f158_cal.asdf,wfi16,eval,100,12,0.008195641,1
gwcs,../roman/.data/build21/r0000101001001001001_0001_wfi16_f158_cal.asdf,wfi16,eval,100,13,0.005345551,1
gwcs,../roman/.data/build21/r0000101001001001001_0001_wfi16_f158_cal.asdf,wfi16,eval,100,14,0.005015048,1
gwcs,../roman/.data/build21/r0000101001001001001_0001_wfi16_f158_cal.asdf,wfi16,eval,100,15,0.005594324,1
gwcs,../roman/.data/build21/r0000101001001001001_0001_wfi16_f158_cal.asdf,wfi16,eval,100,16,0.006115275,1
gwcs,../roman/.data/build21/r0000101001001001001_0001_wfi16_f158_cal.asdf,wfi16,eval,100,17,0.005311638,1
gwcs,../roman/.data/build21/r0000101001001001001_0001_wfi16_f158_cal.asdf,wfi16,eval,100,18,0.005571120,1
gwcs,../roman/.data/build21/r0000101001001001001_0001_wfi16_f158_cal.asdf,wfi16,eval,100,19,0.004909767,1
gwcs,../roman/.data/build21/r0000101001001001001_0001_wfi16_f158_cal.asdf,wfi16,eval,100,20,0.005021401,1
gwcs,../roman/.data/build21/r0000101001001001001_0001_wfi16_f158_cal.asdf,wfi16,eval,100,21,0.005521254,1
gwcs,../roman/.data/build21/r0000101001001001001_0001_wfi16_f158_cal.asdf,wfi16,eval,100,22,0.005519980,1
gwcs,../roman/.data/build21/r0000101001001001001_0001_wfi16_f158_cal.asdf,wfi16,eval,100,23,0.005619326,1
gwcs,../roman/.data/build21/r0000101001001001001_0001_wfi16_f158_cal.asdf,wfi16,eval,100,24,0.006039293,1
gwcs,../roman/.data/build21/r0000101001001001001_0001_wfi16_f158_cal.asdf,wfi16,eval,100,25,0.005356221,1
gwcs,../roman/.data/build21/r0000101001001001001_0001_wfi16_f158_cal.asdf,wfi16,eval,100,26,0.005042341,1
gwcs,../roman/.data/build21/r0000101001001001001_0001_wfi16_f158_cal.asdf,wfi16,eval,100,27,0.005521295,1
gwcs,../roman/.data/build21/r0000101001001001001_0001_wfi16_f158_cal.asdf,wfi16,eval,100,28,0.005410092,1
gwcs,../roman/.data/build21/r0000101001001001001_0001_wfi16_f158_cal.asdf,wfi16,eval,100,29,0.005328880,1
gwcs,../roman/.data/build21/r0000101001001001001_0001_wfi16_f158_cal.asdf,wfi16,eval,100,30,0.005174818,1
gwcs,../roman/.data/build21/r0000101001001001001_0001_wfi16_f158_cal.asdf,wfi16,eval,100,31,0.004905947,1
gwcs,../roman/.data/build21/r0000101001001001001_0001_wfi16_f158_cal.asdf,wfi16,eval,100,32,0.004871363,1
gwcs,../roman/.data/build21/r0000101001001001001_0001_wfi16_f158_cal.asdf,wfi16,eval,100,33,0.005226684,1
gwcs,../roman/.data/build21/r0000101001001001001_0001_wfi16_f158_cal.asdf,wfi16,eval,100,34,0.005131595,1
gwcs,../roman/.data/build21/r0000101001001001001_0001_wfi16_f158_cal.asdf,wfi16,eval,100,35,0.005285940,1
gwcs,../roman/.data/build21/r0000101001001001001_0001_wfi16_f158_cal.asdf,wfi16,eval,100,36,0.005046439,1
gwcs,../roman/.data/build21/r0000101001001001001_0001_wfi16_f158_cal.asdf,wfi16,eval,100,37,0.005386504,1
gwcs,../roman/.data/build21/r0000101001001001001_0001_wfi16_f158_cal.asdf,wfi16,eval,100,38,0.005021079,1
gwcs,../roman/.data/build21/r0000101001001001001_0001_wfi16_f158_cal.asdf,wfi16,eval,100,39,0.005044328,1
gwcs,../roman/.data/build21/r0000101001001001001_0001_wfi16_f158_cal.asdf,wfi16,eval,100,40,0.005107909,1
gwcs,../roman/.data/build21/r0000101001001001001_0001_wfi16_f158_cal.asdf,wfi16,eval,100,41,0.005175009,1
gwcs,../roman/.data/build21/r0000101001001001001_0001_wfi16_f158_cal.asdf,wfi16,eval,100,42,0.005533751,1
gwcs,../roman/.data/build21/r0000101001001001001_0001_wfi16_f158_cal.asdf,wfi16,eval,100,43,0.005285227,1
gwcs,../roman/.data/build21/r0000101001001001001_0001_wfi16_f158_cal.asdf,wfi16,eval,100,44,0.005196079,1
gwcs,../roman/.data/build21/r0000101001001001001_0001_wfi16_f158_cal.asdf,wfi16,eval,100,45,0.005032443,1
gwcs,../roman/.data/build21/r0000101001001001001_0001_wfi16_f158_cal.asdf,wfi16,eval,100,46,0.005027764,1
gwcs,../roman/.data/build21/r0000101001001001001_0001_wfi16_f158_cal.asdf,wfi16,eval,100,47,0.005253862,1
gwcs,../roman/.data/build21/r0000101001001001001_0001_wfi16_f158_cal.asdf,wfi16,eval,100,48,0.005019296,1
gwcs,../roman/.data/build21/r0000101001001001001_0001_wfi16_f158_cal.asdf,wfi16,eval,100,49,0.005110750,1
gwcs,../roman/.data/build21/r0000101001001001001_0001_wfi16_f158_cal.asdf,wfi16,eval,1000,0,0.006929112,1
gwcs,../roman/.data/build21/r0000101001001001001_0001_wfi16_f158_cal.asdf,wfi16,eval,1000,1,0.005439499,1
gwcs,../roman/.data/build21/r0000101001001001001_0001_wfi16_f158_cal.asdf,wfi16,eval,1000,2,0.005370014,1
gwcs,../roman/.data/build21/r0000101001001001001_0001_wfi16_f158_cal.asdf,wfi16,eval,1000,3,0.005574216,1
gwcs,../roman/.data/build21/r0000101001001001001_0001_wfi16_f158_cal.asdf,wfi16,eval,1000,4,0.005222267,1
gwcs,../roman/.data/build21/r0000101001001001001_0001_wfi16_f158_cal.asdf,wfi16,eval,1000,5,0.005178855,1
gwcs,../roman/.data/build21/r0000101001001001001_0001_wfi16_f158_cal.asdf,wfi16,eval,1000,6,0.005644395,1
gwcs,../roman/.data/build21/r0000101001001001001_0001_wfi16_f158_cal.asdf,wfi16,eval,1000,7,0.005198738,1
gwcs,../roman/.data/build21/r0000101001001001001_0001_wfi16_f158_cal.asdf,wfi16,eval,1000,8,0.005440320,1
gwcs,../roman/.data/build21/r0000101001001001001_0001_wfi16_f158_cal.asdf,wfi16,eval,1000,9,0.005408691,1
gwcs,../roman/.data/build21/r0000101001001001001_0001_wfi16_f158_cal.asdf,wfi16,eval,1000,10,0.005247775,1
gwcs,../roman/.data/build21/r0000101001001001001_0001_wfi16_f158_cal.asdf,wfi16,eval,1000,11,0.005362308,1
gwcs,../roman/.data/build21/r0000101001001001001_0001_wfi16_f158_cal.asdf,wfi16,eval,1000,12,0.005535002,1
gwcs,../roman/.data/build21/r0000101001001001001_0001_wfi16_f158_cal.asdf,wfi16,eval,1000,13,0.005195095,1
gwcs,../roman/.data/build21/r0000101001001001001_0001_wfi16_f158_cal.asdf,wfi16,eval,1000,14,0.005232335,1
gwcs,../roman/.data/build21/r0000101001001001001_0001_wfi16_f158_cal.asdf,wfi16,eval,1000,15,0.005459502,1
gwcs,../roman/.data/build21/r0000101001001001001_0001_wfi16_f158_cal.asdf,wfi16,eval,1000,16,0.005287316,1
gwcs,../roman/.data/build21/r0000101001001001001_0001_wfi16_f158_cal.asdf,wfi16,eval,1000,17,0.005229886,1
gwcs,../roman/.data/build21/r0000101001001001001_0001_wfi16_f158_cal.asdf,wfi16,eval,1000,18,0.005307972,1
gwcs,../roman/.data/build21/r0000101001001001001_0001_wfi16_f158_cal.asdf,wfi16,eval,1000,19,0.005342136,1
gwcs,../roman/.data/build21/r0000101001001001001_0001_wfi16_f158_cal.asdf,wfi16,eval,10000,0,0.010229662,1
gwcs,../roman/.data/build21/r0000101001001001001_0001_wfi16_f158_cal.asdf,wfi16,eval,10000,1,0.008530886,1
gwcs,../roman/.data/build21/r0000101001001001001_0001_wfi16_f158_cal.asdf,wfi16,eval,10000,2,0.008664364,1
gwcs,../roman/.data/build21/r0000101001001001001_0001_wfi16_f158_cal.asdf,wfi16,eval,10000,3,0.008536507,1
gwcs,../roman/.data/build21/r0000101001001001001_0001_wfi16_f158_cal.asdf,wfi16,eval,10000,4,0.011837762,1
gwcs,../roman/.data/build21/r0000101001001001001_0001_wfi16_f158_cal.asdf,wfi16,eval,10000,5,0.008531171,1
gwcs,../roman/.data/build21/r0000101001001001001_0001_wfi16_f158_cal.asdf,wfi16,eval,10000,6,0.008903354,1
gwcs,../roman/.data/build21/r0000101001001001001_0001_wfi16_f158_cal.asdf,wfi16,eval,10000,7,0.008747106,1
gwcs,../roman/.data/build21/r0000101001001001001_0001_wfi16_f158_cal.asdf,wfi16,eval,10000,8,0.008466570,1
gwcs,../roman/.data/build21/r0000101001001001001_0001_wfi16_f158_cal.asdf,wfi16,eval,10000,9,0.008701294,1
gwcs,../roman/.data/build21/r0000101001001001001_0001_wfi16_f158_cal.asdf,wfi16,eval,100000,0,0.038986491,1
gwcs,../roman/.data/build21/r0000101001001001001_0001_wfi16_f158_cal.asdf,wfi16,eval,100000,1,0.038368035,1
gwcs,../roman/.data/build21/r0000101001001001001_0001_wfi16_f158_cal.asdf,wfi16,eval,100000,2,0.038018559,1
gwcs,../roman/.data/build21/r0000101001001001001_0001_wfi16_f158_cal.asdf,wfi16,eval,100000,3,0.039791081,1
gwcs,../roman/.data/build21/r0000101001001001001_0001_wfi16_f158_cal.asdf,wfi16,eval,100000,4,0.040688944,1
gwcs,../roman/.data/build21/r0000101001001001001_0001_wfi16_f158_cal.asdf,wfi16,eval,1000000,0,0.397118365,1
gwcs,../roman/.data/build21/r0000101001001001001_0001_wfi16_f158_cal.asdf,wfi16,eval,1000000,1,0.387805920,1
gwcs,../roman/.data/build21/r0000101001001001001_0001_wfi16_f158_cal.asdf,wfi16,eval,1000000,2,0.392925310,1
gwcs,../roman/.data/build21/r0000101001001001001_0001_wfi16_f158_cal.asdf,wfi16,eval,10000000,0,3.930752364,1
gwcs,../roman/.data/build21/r0000101001001001001_0001_wfi16_f158_cal.asdf,wfi16,eval,10000000,1,3.918853730,1
gwcs,../roman/.data/build21/r0000101001001001001_0001_wfi16_f158_cal.asdf,wfi16,eval,16711744,0,6.518843922,1
gwcs,../roman/.data/build21/r0000101001001001001_0001_wfi16_f158_cal.asdf,wfi16,eval,16711744,1,6.586372969,1
gwcs,../roman/.data/build21/r0000101001001001001_0001_wfi17_f158_cal.asdf,wfi17,parse_cold,0,0,0.775813008,1
gwcs,../roman/.data/build21/r0000101001001001001_0001_wfi17_f158_cal.asdf,wfi17,parse_hot,0,0,0.583208317,1
gwcs,../roman/.data/build21/r0000101001001001001_0001_wfi17_f158_cal.asdf,wfi17,eval,1,0,0.006933915,1
gwcs,../roman/.data/build21/r0000101001001001001_0001_wfi17_f158_cal.asdf,wfi17,eval,1,1,0.005214696,1
gwcs,../roman/.data/build21/r0000101001001001001_0001_wfi17_f158_cal.asdf,wfi17,eval,1,2,0.004921780,1
gwcs,../roman/.data/build21/r0000101001001001001_0001_wfi17_f158_cal.asdf,wfi17,eval,1,3,0.005434949,1
gwcs,../roman/.data/build21/r0000101001001001001_0001_wfi17_f158_cal.asdf,wfi17,eval,1,4,0.004870600,1
gwcs,../roman/.data/build21/r0000101001001001001_0001_wfi17_f158_cal.asdf,wfi17,eval,1,5,0.004980321,1
gwcs,../roman/.data/build21/r0000101001001001001_0001_wfi17_f158_cal.asdf,wfi17,eval,1,6,0.005136235,1
gwcs,../roman/.data/build21/r0000101001001001001_0001_wfi17_f158_cal.asdf,wfi17,eval,1,7,0.006162440,1
gwcs,../roman/.data/build21/r0000101001001001001_0001_wfi17_f158_cal.asdf,wfi17,eval,1,8,0.005390206,1
gwcs,../roman/.data/build21/r0000101001001001001_0001_wfi17_f158_cal.asdf,wfi17,eval,1,9,0.004939827,1
gwcs,../roman/.data/build21/r0000101001001001001_0001_wfi17_f158_cal.asdf,wfi17,eval,1,10,0.004723551,1
gwcs,../roman/.data/build21/r0000101001001001001_0001_wfi17_f158_cal.asdf,wfi17,eval,1,11,0.004666171,1
gwcs,../roman/.data/build21/r0000101001001001001_0001_wfi17_f158_cal.asdf,wfi17,eval,1,12,0.005094033,1
gwcs,../roman/.data/build21/r0000101001001001001_0001_wfi17_f158_cal.asdf,wfi17,eval,1,13,0.004887559,1
gwcs,../roman/.data/build21/r0000101001001001001_0001_wfi17_f158_cal.asdf,wfi17,eval,1,14,0.004706289,1
gwcs,../roman/.data/build21/r0000101001001001001_0001_wfi17_f158_cal.asdf,wfi17,eval,1,15,0.004667869,1
gwcs,../roman/.data/build21/r0000101001001001001_0001_wfi17_f158_cal.asdf,wfi17,eval,1,16,0.005002269,1
gwcs,../roman/.data/build21/r0000101001001001001_0001_wfi17_f158_cal.asdf,wfi17,eval,1,17,0.004949047,1
gwcs,../roman/.data/build21/r0000101001001001001_0001_wfi17_f158_cal.asdf,wfi17,eval,1,18,0.005037320,1
gwcs,../roman/.data/build21/r0000101001001001001_0001_wfi17_f158_cal.asdf,wfi17,eval,1,19,0.004783271,1
gwcs,../roman/.data/build21/r0000101001001001001_0001_wfi17_f158_cal.asdf,wfi17,eval,1,20,0.005181124,1
gwcs,../roman/.data/build21/r0000101001001001001_0001_wfi17_f158_cal.asdf,wfi17,eval,1,21,0.004940206,1
gwcs,../roman/.data/build21/r0000101001001001001_0001_wfi17_f158_cal.asdf,wfi17,eval,1,22,0.004822834,1
gwcs,../roman/.data/build21/r0000101001001001001_0001_wfi17_f158_cal.asdf,wfi17,eval,1,23,0.005199295,1
gwcs,../roman/.data/build21/r0000101001001001001_0001_wfi17_f158_cal.asdf,wfi17,eval,1,24,0.004978807,1
gwcs,../roman/.data/build21/r0000101001001001001_0001_wfi17_f158_cal.asdf,wfi17,eval,1,25,0.004809924,1
gwcs,../roman/.data/build21/r0000101001001001001_0001_wfi17_f158_cal.asdf,wfi17,eval,1,26,0.004965575,1
gwcs,../roman/.data/build21/r0000101001001001001_0001_wfi17_f158_cal.asdf,wfi17,eval,1,27,0.004946941,1
gwcs,../roman/.data/build21/r0000101001001001001_0001_wfi17_f158_cal.asdf,wfi17,eval,1,28,0.004988121,1
gwcs,../roman/.data/build21/r0000101001001001001_0001_wfi17_f158_cal.asdf,wfi17,eval,1,29,0.004847285,1
gwcs,../roman/.data/build21/r0000101001001001001_0001_wfi17_f158_cal.asdf,wfi17,eval,1,30,0.005004895,1
gwcs,../roman/.data/build21/r0000101001001001001_0001_wfi17_f158_cal.asdf,wfi17,eval,1,31,0.005110651,1
gwcs,../roman/.data/build21/r0000101001001001001_0001_wfi17_f158_cal.asdf,wfi17,eval,1,32,0.004800111,1
gwcs,../roman/.data/build21/r0000101001001001001_0001_wfi17_f158_cal.asdf,wfi17,eval,1,33,0.005196337,1
gwcs,../roman/.data/build21/r0000101001001001001_0001_wfi17_f158_cal.asdf,wfi17,eval,1,34,0.005256130,1
gwcs,../roman/.data/build21/r0000101001001001001_0001_wfi17_f158_cal.asdf,wfi17,eval,1,35,0.004866286,1
gwcs,../roman/.data/build21/r0000101001001001001_0001_wfi17_f158_cal.asdf,wfi17,eval,1,36,0.004937558,1
gwcs,../roman/.data/build21/r0000101001001001001_0001_wfi17_f158_cal.asdf,wfi17,eval,1,37,0.005147010,1
gwcs,../roman/.data/build21/r0000101001001001001_0001_wfi17_f158_cal.asdf,wfi17,eval,1,38,0.004838447,1
gwcs,../roman/.data/build21/r0000101001001001001_0001_wfi17_f158_cal.asdf,wfi17,eval,1,39,0.004909480,1
gwcs,../roman/.data/build21/r0000101001001001001_0001_wfi17_f158_cal.asdf,wfi17,eval,1,40,0.005237267,1
gwcs,../roman/.data/build21/r0000101001001001001_0001_wfi17_f158_cal.asdf,wfi17,eval,1,41,0.004897378,1
gwcs,../roman/.data/build21/r0000101001001001001_0001_wfi17_f158_cal.asdf,wfi17,eval,1,42,0.004651828,1
gwcs,../roman/.data/build21/r0000101001001001001_0001_wfi17_f158_cal.asdf,wfi17,eval,1,43,0.004806194,1
gwcs,../roman/.data/build21/r0000101001001001001_0001_wfi17_f158_cal.asdf,wfi17,eval,1,44,0.004724479,1
gwcs,../roman/.data/build21/r0000101001001001001_0001_wfi17_f158_cal.asdf,wfi17,eval,1,45,0.004679656,1
gwcs,../roman/.data/build21/r0000101001001001001_0001_wfi17_f158_cal.asdf,wfi17,eval,1,46,0.004627592,1
gwcs,../roman/.data/build21/r0000101001001001001_0001_wfi17_f158_cal.asdf,wfi17,eval,1,47,0.004853628,1
gwcs,../roman/.data/build21/r0000101001001001001_0001_wfi17_f158_cal.asdf,wfi17,eval,1,48,0.004717538,1
gwcs,../roman/.data/build21/r0000101001001001001_0001_wfi17_f158_cal.asdf,wfi17,eval,1,49,0.004637352,1
gwcs,../roman/.data/build21/r0000101001001001001_0001_wfi17_f158_cal.asdf,wfi17,eval,1,50,0.004795762,1
gwcs,../roman/.data/build21/r0000101001001001001_0001_wfi17_f158_cal.asdf,wfi17,eval,1,51,0.004711304,1
gwcs,../roman/.data/build21/r0000101001001001001_0001_wfi17_f158_cal.asdf,wfi17,eval,1,52,0.004663738,1
gwcs,../roman/.data/build21/r0000101001001001001_0001_wfi17_f158_cal.asdf,wfi17,eval,1,53,0.004709586,1
gwcs,../roman/.data/build21/r0000101001001001001_0001_wfi17_f158_cal.asdf,wfi17,eval,1,54,0.004867204,1
gwcs,../roman/.data/build21/r0000101001001001001_0001_wfi17_f158_cal.asdf,wfi17,eval,1,55,0.004688766,1
gwcs,../roman/.data/build21/r0000101001001001001_0001_wfi17_f158_cal.asdf,wfi17,eval,1,56,0.004672806,1
gwcs,../roman/.data/build21/r0000101001001001001_0001_wfi17_f158_cal.asdf,wfi17,eval,1,57,0.004802163,1
gwcs,../roman/.data/build21/r0000101001001001001_0001_wfi17_f158_cal.asdf,wfi17,eval,1,58,0.004846801,1
gwcs,../roman/.data/build21/r0000101001001001001_0001_wfi17_f158_cal.asdf,wfi17,eval,1,59,0.004888540,1
gwcs,../roman/.data/build21/r0000101001001001001_0001_wfi17_f158_cal.asdf,wfi17,eval,1,60,0.005015639,1
gwcs,../roman/.data/build21/r0000101001001001001_0001_wfi17_f158_cal.asdf,wfi17,eval,1,61,0.005187718,1
gwcs,../roman/.data/build21/r0000101001001001001_0001_wfi17_f158_cal.asdf,wfi17,eval,1,62,0.004831613,1
gwcs,../roman/.data/build21/r0000101001001001001_0001_wfi17_f158_cal.asdf,wfi17,eval,1,63,0.004897906,1
gwcs,../roman/.data/build21/r0000101001001001001_0001_wfi17_f158_cal.asdf,wfi17,eval,1,64,0.005090863,1
gwcs,../roman/.data/build21/r0000101001001001001_0001_wfi17_f158_cal.asdf,wfi17,eval,1,65,0.004866455,1
gwcs,../roman/.data/build21/r0000101001001001001_0001_wfi17_f158_cal.asdf,wfi17,eval,1,66,0.004912779,1
gwcs,../roman/.data/build21/r0000101001001001001_0001_wfi17_f158_cal.asdf,wfi17,eval,1,67,0.005119825,1
gwcs,../roman/.data/build21/r0000101001001001001_0001_wfi17_f158_cal.asdf,wfi17,eval,1,68,0.005094361,1
gwcs,../roman/.data/build21/r0000101001001001001_0001_wfi17_f158_cal.asdf,wfi17,eval,1,69,0.004890519,1
gwcs,../roman/.data/build21/r0000101001001001001_0001_wfi17_f158_cal.asdf,wfi17,eval,1,70,0.005167785,1
gwcs,../roman/.data/build21/r0000101001001001001_0001_wfi17_f158_cal.asdf,wfi17,eval,1,71,0.005024432,1
gwcs,../roman/.data/build21/r0000101001001001001_0001_wfi17_f158_cal.asdf,wfi17,eval,1,72,0.005007180,1
gwcs,../roman/.data/build21/r0000101001001001001_0001_wfi17_f158_cal.asdf,wfi17,eval,1,73,0.004889161,1
gwcs,../roman/.data/build21/r0000101001001001001_0001_wfi17_f158_cal.asdf,wfi17,eval,1,74,0.004968260,1
gwcs,../roman/.data/build21/r0000101001001001001_0001_wfi17_f158_cal.asdf,wfi17,eval,1,75,0.005462130,1
gwcs,../roman/.data/build21/r0000101001001001001_0001_wfi17_f158_cal.asdf,wfi17,eval,1,76,0.005033204,1
gwcs,../roman/.data/build21/r0000101001001001001_0001_wfi17_f158_cal.asdf,wfi17,eval,1,77,0.004914843,1
gwcs,../roman/.data/build21/r0000101001001001001_0001_wfi17_f158_cal.asdf,wfi17,eval,1,78,0.004965005,1
gwcs,../roman/.data/build21/r0000101001001001001_0001_wfi17_f158_cal.asdf,wfi17,eval,1,79,0.004967608,1
gwcs,../roman/.data/build21/r0000101001001001001_0001_wfi17_f158_cal.asdf,wfi17,eval,1,80,0.004909956,1
gwcs,../roman/.data/build21/r0000101001001001001_0001_wfi17_f158_cal.asdf,wfi17,eval,1,81,0.005097731,1
gwcs,../roman/.data/build21/r0000101001001001001_0001_wfi17_f158_cal.asdf,wfi17,eval,1,82,0.004877253,1
gwcs,../roman/.data/build21/r0000101001001001001_0001_wfi17_f158_cal.asdf,wfi17,eval,1,83,0.004956183,1
gwcs,../roman/.data/build21/r0000101001001001001_0001_wfi17_f158_cal.asdf,wfi17,eval,1,84,0.005190098,1
gwcs,../roman/.data/build21/r0000101001001001001_0001_wfi17_f158_cal.asdf,wfi17,eval,1,85,0.005023093,1
gwcs,../roman/.data/build21/r0000101001001001001_0001_wfi17_f158_cal.asdf,wfi17,eval,1,86,0.004951603,1
gwcs,../roman/.data/build21/r0000101001001001001_0001_wfi17_f158_cal.asdf,wfi17,eval,1,87,0.005078129,1
gwcs,../roman/.data/build21/r0000101001001001001_0001_wfi17_f158_cal.asdf,wfi17,eval,1,88,0.004899339,1
gwcs,../roman/.data/build21/r0000101001001001001_0001_wfi17_f158_cal.asdf,wfi17,eval,1,89,0.005187191,1
gwcs,../roman/.data/build21/r0000101001001001001_0001_wfi17_f158_cal.asdf,wfi17,eval,1,90,0.005028091,1
gwcs,../roman/.data/build21/r0000101001001001001_0001_wfi17_f158_cal.asdf,wfi17,eval,1,91,0.005178700,1
gwcs,../roman/.data/build21/r0000101001001001001_0001_wfi17_f158_cal.asdf,wfi17,eval,1,92,0.005038407,1
gwcs,../roman/.data/build21/r0000101001001001001_0001_wfi17_f158_cal.asdf,wfi17,eval,1,93,0.004847222,1
gwcs,../roman/.data/build21/r0000101001001001001_0001_wfi17_f158_cal.asdf,wfi17,eval,1,94,0.005073573,1
gwcs,../roman/.data/build21/r0000101001001001001_0001_wfi17_f158_cal.asdf,wfi17,eval,1,95,0.005134423,1
gwcs,../roman/.data/build21/r0000101001001001001_0001_wfi17_f158_cal.asdf,wfi17,eval,1,96,0.004851148,1
gwcs,../roman/.data/build21/r0000101001001001001_0001_wfi17_f158_cal.asdf,wfi17,eval,1,97,0.005131993,1
gwcs,../roman/.data/build21/r0000101001001001001_0001_wfi17_f158_cal.asdf,wfi17,eval,1,98,0.005021050,1
gwcs,../roman/.data/build21/r0000101001001001001_0001_wfi17_f158_cal.asdf,wfi17,eval,1,99,0.004948565,1
gwcs,../roman/.data/build21/r0000101001001001001_0001_wfi17_f158_cal.asdf,wfi17,eval,10,0,0.006434645,1
gwcs,../roman/.data/build21/r0000101001001001001_0001_wfi17_f158_cal.asdf,wfi17,eval,10,1,0.005172994,1
gwcs,../roman/.data/build21/r0000101001001001001_0001_wfi17_f158_cal.asdf,wfi17,eval,10,2,0.004919772,1
gwcs,../roman/.data/build21/r0000101001001001001_0001_wfi17_f158_cal.asdf,wfi17,eval,10,3,0.005432077,1
gwcs,../roman/.data/build21/r0000101001001001001_0001_wfi17_f158_cal.asdf,wfi17,eval,10,4,0.004949163,1
gwcs,../roman/.data/build21/r0000101001001001001_0001_wfi17_f158_cal.asdf,wfi17,eval,10,5,0.004817224,1
gwcs,../roman/.data/build21/r0000101001001001001_0001_wfi17_f158_cal.asdf,wfi17,eval,10,6,0.004804576,1
gwcs,../roman/.data/build21/r0000101001001001001_0001_wfi17_f158_cal.asdf,wfi17,eval,10,7,0.005034594,1
gwcs,../roman/.data/build21/r0000101001001001001_0001_wfi17_f158_cal.asdf,wfi17,eval,10,8,0.004812264,1
gwcs,../roman/.data/build21/r0000101001001001001_0001_wfi17_f158_cal.asdf,wfi17,eval,10,9,0.004844268,1
gwcs,../roman/.data/build21/r0000101001001001001_0001_wfi17_f158_cal.asdf,wfi17,eval,10,10,0.004980196,1
gwcs,../roman/.data/build21/r0000101001001001001_0001_wfi17_f158_cal.asdf,wfi17,eval,10,11,0.004859857,1
gwcs,../roman/.data/build21/r0000101001001001001_0001_wfi17_f158_cal.asdf,wfi17,eval,10,12,0.004835024,1
gwcs,../roman/.data/build21/r0000101001001001001_0001_wfi17_f158_cal.asdf,wfi17,eval,10,13,0.004919814,1
gwcs,../roman/.data/build21/r0000101001001001001_0001_wfi17_f158_cal.asdf,wfi17,eval,10,14,0.004902156,1
gwcs,../roman/.data/build21/r0000101001001001001_0001_wfi17_f158_cal.asdf,wfi17,eval,10,15,0.004841774,1
gwcs,../roman/.data/build21/r0000101001001001001_0001_wfi17_f158_cal.asdf,wfi17,eval,10,16,0.004786692,1
gwcs,../roman/.data/build21/r0000101001001001001_0001_wfi17_f158_cal.asdf,wfi17,eval,10,17,0.004928370,1
gwcs,../roman/.data/build21/r0000101001001001001_0001_wfi17_f158_cal.asdf,wfi17,eval,10,18,0.004880987,1
gwcs,../roman/.data/build21/r0000101001001001001_0001_wfi17_f158_cal.asdf,wfi17,eval,10,19,0.004781229,1
gwcs,../roman/.data/build21/r0000101001001001001_0001_wfi17_f158_cal.asdf,wfi17,eval,10,20,0.004822401,1
gwcs,../roman/.data/build21/r0000101001001001001_0001_wfi17_f158_cal.asdf,wfi17,eval,10,21,0.004965323,1
gwcs,../roman/.data/build21/r0000101001001001001_0001_wfi17_f158_cal.asdf,wfi17,eval,10,22,0.004849013,1
gwcs,../roman/.data/build21/r0000101001001001001_0001_wfi17_f158_cal.asdf,wfi17,eval,10,23,0.004816645,1
gwcs,../roman/.data/build21/r0000101001001001001_0001_wfi17_f158_cal.asdf,wfi17,eval,10,24,0.005019873,1
gwcs,../roman/.data/build21/r0000101001001001001_0001_wfi17_f158_cal.asdf,wfi17,eval,10,25,0.004877659,1
gwcs,../roman/.data/build21/r0000101001001001001_0001_wfi17_f158_cal.asdf,wfi17,eval,10,26,0.004809806,1
gwcs,../roman/.data/build21/r0000101001001001001_0001_wfi17_f158_cal.asdf,wfi17,eval,10,27,0.004877862,1
gwcs,../roman/.data/build21/r0000101001001001001_0001_wfi17_f158_cal.asdf,wfi17,eval,10,28,0.004931929,1
gwcs,../roman/.data/build21/r0000101001001001001_0001_wfi17_f158_cal.asdf,wfi17,eval,10,29,0.004790138,1
gwcs,../roman/.data/build21/r0000101001001001001_0001_wfi17_f158_cal.asdf,wfi17,eval,10,30,0.004823809,1
gwcs,../roman/.data/build21/r0000101001001001001_0001_wfi17_f158_cal.asdf,wfi17,eval,10,31,0.005182283,1
gwcs,../roman/.data/build21/r0000101001001001001_0001_wfi17_f158_cal.asdf,wfi17,eval,10,32,0.005125624,1
gwcs,../roman/.data/build21/r0000101001001001001_0001_wfi17_f158_cal.asdf,wfi17,eval,10,33,0.004831112,1
gwcs,../roman/.data/build21/r0000101001001001001_0001_wfi17_f158_cal.asdf,wfi17,eval,10,34,0.005028922,1
gwcs,../roman/.data/build21/r0000101001001001001_0001_wfi17_f158_cal.asdf,wfi17,eval,10,35,0.004919510,1
gwcs,../roman/.data/build21/r0000101001001001001_0001_wfi17_f158_cal.asdf,wfi17,eval,10,36,0.004802738,1
gwcs,../roman/.data/build21/r0000101001001001001_0001_wfi17_f158_cal.asdf,wfi17,eval,10,37,0.004859684,1
gwcs,../roman/.data/build21/r0000101001001001001_0001_wfi17_f158_cal.asdf,wfi17,eval,10,38,0.004983268,1
gwcs,../roman/.data/build21/r0000101001001001001_0001_wfi17_f158_cal.asdf,wfi17,eval,10,39,0.004794323,1
gwcs,../roman/.data/build21/r0000101001001001001_0001_wfi17_f158_cal.asdf,wfi17,eval,10,40,0.004928872,1
gwcs,../roman/.data/build21/r0000101001001001001_0001_wfi17_f158_cal.asdf,wfi17,eval,10,41,0.005101087,1
gwcs,../roman/.data/build21/r0000101001001001001_0001_wfi17_f158_cal.asdf,wfi17,eval,10,42,0.004830631,1
gwcs,../roman/.data/build21/r0000101001001001001_0001_wfi17_f158_cal.asdf,wfi17,eval,10,43,0.004808486,1
gwcs,../roman/.data/build21/r0000101001001001001_0001_wfi17_f158_cal.asdf,wfi17,eval,10,44,0.004910638,1
gwcs,../roman/.data/build21/r0000101001001001001_0001_wfi17_f158_cal.asdf,wfi17,eval,10,45,0.004872570,1
gwcs,../roman/.data/build21/r0000101001001001001_0001_wfi17_f158_cal.asdf,wfi17,eval,10,46,0.004808865,1
gwcs,../roman/.data/build21/r0000101001001001001_0001_wfi17_f158_cal.asdf,wfi17,eval,10,47,0.004781060,1
gwcs,../roman/.data/build21/r0000101001001001001_0001_wfi17_f158_cal.asdf,wfi17,eval,10,48,0.005004314,1
gwcs,../roman/.data/build21/r0000101001001001001_0001_wfi17_f158_cal.asdf,wfi17,eval,10,49,0.004799477,1
gwcs,../roman/.data/build21/r0000101001001001001_0001_wfi17_f158_cal.asdf,wfi17,eval,10,50,0.004814887,1
gwcs,../roman/.data/build21/r0000101001001001001_0001_wfi17_f158_cal.asdf,wfi17,eval,10,51,0.004938771,1
gwcs,../roman/.data/build21/r0000101001001001001_0001_wfi17_f158_cal.asdf,wfi17,eval,10,52,0.004846132,1
gwcs,../roman/.data/build21/r0000101001001001001_0001_wfi17_f158_cal.asdf,wfi17,eval,10,53,0.004827959,1
gwcs,../roman/.data/build21/r0000101001001001001_0001_wfi17_f158_cal.asdf,wfi17,eval,10,54,0.005056035,1
gwcs,../roman/.data/build21/r0000101001001001001_0001_wfi17_f158_cal.asdf,wfi17,eval,10,55,0.004995433,1
gwcs,../roman/.data/build21/r0000101001001001001_0001_wfi17_f158_cal.asdf,wfi17,eval,10,56,0.004850077,1
gwcs,../roman/.data/build21/r0000101001001001001_0001_wfi17_f158_cal.asdf,wfi17,eval,10,57,0.004799169,1
gwcs,../roman/.data/build21/r0000101001001001001_0001_wfi17_f158_cal.asdf,wfi17,eval,10,58,0.007331970,1
gwcs,../roman/.data/build21/r0000101001001001001_0001_wfi17_f158_cal.asdf,wfi17,eval,10,59,0.004860284,1
gwcs,../roman/.data/build21/r0000101001001001001_0001_wfi17_f158_cal.asdf,wfi17,eval,10,60,0.004803444,1
gwcs,../roman/.data/build21/r0000101001001001001_0001_wfi17_f158_cal.asdf,wfi17,eval,10,61,0.004997322,1
gwcs,../roman/.data/build21/r0000101001001001001_0001_wfi17_f158_cal.asdf,wfi17,eval,10,62,0.004880908,1
gwcs,../roman/.data/build21/r0000101001001001001_0001_wfi17_f158_cal.asdf,wfi17,eval,10,63,0.004842125,1
gwcs,../roman/.data/build21/r0000101001001001001_0001_wfi17_f158_cal.asdf,wfi17,eval,10,64,0.004934550,1
gwcs,../roman/.data/build21/r0000101001001001001_0001_wfi17_f158_cal.asdf,wfi17,eval,10,65,0.004872791,1
gwcs,../roman/.data/build21/r0000101001001001001_0001_wfi17_f158_cal.asdf,wfi17,eval,10,66,0.004795153,1
gwcs,../roman/.data/build21/r0000101001001001001_0001_wfi17_f158_cal.asdf,wfi17,eval,10,67,0.004816323,1
gwcs,../roman/.data/build21/r0000101001001001001_0001_wfi17_f158_cal.asdf,wfi17,eval,10,68,0.004998847,1
gwcs,../roman/.data/build21/r0000101001001001001_0001_wfi17_f158_cal.asdf,wfi17,eval,10,69,0.004818537,1
gwcs,../roman/.data/build21/r0000101001001001001_0001_wfi17_f158_cal.asdf,wfi17,eval,10,70,0.006047813,1
gwcs,../roman/.data/build21/r0000101001001001001_0001_wfi17_f158_cal.asdf,wfi17,eval,10,71,0.005616468,1
gwcs,../roman/.data/build21/r0000101001001001001_0001_wfi17_f158_cal.asdf,wfi17,eval,10,72,0.004811421,1
gwcs,../roman/.data/build21/r0000101001001001001_0001_wfi17_f158_cal.asdf,wfi17,eval,10,73,0.004806864,1
gwcs,../roman/.data/build21/r0000101001001001001_0001_wfi17_f158_cal.asdf,wfi17,eval,10,74,0.004961122,1
gwcs,../roman/.data/build21/r0000101001001001001_0001_wfi17_f158_cal.asdf,wfi17,eval,10,75,0.004870791,1
gwcs,../roman/.data/build21/r0000101001001001001_0001_wfi17_f158_cal.asdf,wfi17,eval,10,76,0.004791920,1
gwcs,../roman/.data/build21/r0000101001001001001_0001_wfi17_f158_cal.asdf,wfi17,eval,10,77,0.004830218,1
gwcs,../roman/.data/build21/r0000101001001001001_0001_wfi17_f158_cal.asdf,wfi17,eval,10,78,0.005114725,1
gwcs,../roman/.data/build21/r0000101001001001001_0001_wfi17_f158_cal.asdf,wfi17,eval,10,79,0.004814853,1
gwcs,../roman/.data/build21/r0000101001001001001_0001_wfi17_f158_cal.asdf,wfi17,eval,10,80,0.004829026,1
gwcs,../roman/.data/build21/r0000101001001001001_0001_wfi17_f158_cal.asdf,wfi17,eval,10,81,0.004955281,1
gwcs,../roman/.data/build21/r0000101001001001001_0001_wfi17_f158_cal.asdf,wfi17,eval,10,82,0.004846740,1
gwcs,../roman/.data/build21/r0000101001001001001_0001_wfi17_f158_cal.asdf,wfi17,eval,10,83,0.004873721,1
gwcs,../roman/.data/build21/r0000101001001001001_0001_wfi17_f158_cal.asdf,wfi17,eval,10,84,0.004945563,1
gwcs,../roman/.data/build21/r0000101001001001001_0001_wfi17_f158_cal.asdf,wfi17,eval,10,85,0.004937747,1
gwcs,../roman/.data/build21/r0000101001001001001_0001_wfi17_f158_cal.asdf,wfi17,eval,10,86,0.004809842,1
gwcs,../roman/.data/build21/r0000101001001001001_0001_wfi17_f158_cal.asdf,wfi17,eval,10,87,0.004807279,1
gwcs,../roman/.data/build21/r0000101001001001001_0001_wfi17_f158_cal.asdf,wfi17,eval,10,88,0.005027181,1
gwcs,../roman/.data/build21/r0000101001001001001_0001_wfi17_f158_cal.asdf,wfi17,eval,10,89,0.004836833,1
gwcs,../roman/.data/build21/r0000101001001001001_0001_wfi17_f158_cal.asdf,wfi17,eval,10,90,0.004804579,1
gwcs,../roman/.data/build21/r0000101001001001001_0001_wfi17_f158_cal.asdf,wfi17,eval,10,91,0.004927459,1
gwcs,../roman/.data/build21/r0000101001001001001_0001_wfi17_f158_cal.asdf,wfi17,eval,10,92,0.004865203,1
gwcs,../roman/.data/build21/r0000101001001001001_0001_wfi17_f158_cal.asdf,wfi17,eval,10,93,0.004817167,1
gwcs,../roman/.data/build21/r0000101001001001001_0001_wfi17_f158_cal.asdf,wfi17,eval,10,94,0.004772050,1
gwcs,../roman/.data/build21/r0000101001001001001_0001_wfi17_f158_cal.asdf,wfi17,eval,10,95,0.004962836,1
gwcs,../roman/.data/build21/r0000101001001001001_0001_wfi17_f158_cal.asdf,wfi17,eval,10,96,0.004818576,1
gwcs,../roman/.data/build21/r0000101001001001001_0001_wfi17_f158_cal.asdf,wfi17,eval,10,97,0.004791595,1
gwcs,../roman/.data/build21/r0000101001001001001_0001_wfi17_f158_cal.asdf,wfi17,eval,10,98,0.004937883,1
gwcs,../roman/.data/build21/r0000101001001001001_0001_wfi17_f158_cal.asdf,wfi17,eval,10,99,0.004826152,1
gwcs,../roman/.data/build21/r0000101001001001001_0001_wfi17_f158_cal.asdf,wfi17,eval,100,0,0.006211570,1
gwcs,../roman/.data/build21/r0000101001001001001_0001_wfi17_f158_cal.asdf,wfi17,eval,100,1,0.005308830,1
gwcs,../roman/.data/build21/r0000101001001001001_0001_wfi17_f158_cal.asdf,wfi17,eval,100,2,0.004926430,1
gwcs,../roman/.data/build21/r0000101001001001001_0001_wfi17_f158_cal.asdf,wfi17,eval,100,3,0.004825010,1
gwcs,../roman/.data/build21/r0000101001001001001_0001_wfi17_f158_cal.asdf,wfi17,eval,100,4,0.005017722,1
gwcs,../roman/.data/build21/r0000101001001001001_0001_wfi17_f158_cal.asdf,wfi17,eval,100,5,0.004944422,1
gwcs,../roman/.data/build21/r0000101001001001001_0001_wfi17_f158_cal.asdf,wfi17,eval,100,6,0.004835503,1
gwcs,../roman/.data/build21/r0000101001001001001_0001_wfi17_f158_cal.asdf,wfi17,eval,100,7,0.004969801,1
gwcs,../roman/.data/build21/r0000101001001001001_0001_wfi17_f158_cal.asdf,wfi17,eval,100,8,0.005897879,1
gwcs,../roman/.data/build21/r0000101001001001001_0001_wfi17_f158_cal.asdf,wfi17,eval,100,9,0.005464779,1
gwcs,../roman/.data/build21/r0000101001001001001_0001_wfi17_f158_cal.asdf,wfi17,eval,100,10,0.005082914,1
gwcs,../roman/.data/build21/r0000101001001001001_0001_wfi17_f158_cal.asdf,wfi17,eval,100,11,0.004984871,1
gwcs,../roman/.data/build21/r0000101001001001001_0001_wfi17_f158_cal.asdf,wfi17,eval,100,12,0.004846069,1
gwcs,../roman/.data/build21/r0000101001001001001_0001_wfi17_f158_cal.asdf,wfi17,eval,100,13,0.005056647,1
gwcs,../roman/.data/build21/r0000101001001001001_0001_wfi17_f158_cal.asdf,wfi17,eval,100,14,0.004991465,1
gwcs,../roman/.data/build21/r0000101001001001001_0001_wfi17_f158_cal.asdf,wfi17,eval,100,15,0.004850186,1
gwcs,../roman/.data/build21/r0000101001001001001_0001_wfi17_f158_cal.asdf,wfi17,eval,100,16,0.004922587,1
gwcs,../roman/.data/build21/r0000101001001001001_0001_wfi17_f158_cal.asdf,wfi17,eval,100,17,0.005017044,1
gwcs,../roman/.data/build21/r0000101001001001001_0001_wfi17_f158_cal.asdf,wfi17,eval,100,18,0.004905246,1
gwcs,../roman/.data/build21/r0000101001001001001_0001_wfi17_f158_cal.asdf,wfi17,eval,100,19,0.004835228,1
gwcs,../roman/.data/build21/r0000101001001001001_0001_wfi17_f158_cal.asdf,wfi17,eval,100,20,0.004968308,1
gwcs,../roman/.data/build21/r0000101001001001001_0001_wfi17_f158_cal.asdf,wfi17,eval,100,21,0.004903295,1
gwcs,../roman/.data/build21/r0000101001001001001_0001_wfi17_f158_cal.asdf,wfi17,eval,100,22,0.004864092,1
gwcs,../roman/.data/build21/r0000101001001001001_0001_wfi17_f158_cal.asdf,wfi17,eval,100,23,0.004934136,1
gwcs,../roman/.data/build21/r0000101001001001001_0001_wfi17_f158_cal.asdf,wfi17,eval,100,24,0.004984667,1
gwcs,../roman/.data/build21/r0000101001001001001_0001_wfi17_f158_cal.asdf,wfi17,eval,100,25,0.004883860,1
gwcs,../roman/.data/build21/r0000101001001001001_0001_wfi17_f158_cal.asdf,wfi17,eval,100,26,0.004858000,1
gwcs,../roman/.data/build21/r0000101001001001001_0001_wfi17_f158_cal.asdf,wfi17,eval,100,27,0.005052540,1
gwcs,../roman/.data/build21/r0000101001001001001_0001_wfi17_f158_cal.asdf,wfi17,eval,100,28,0.004881350,1
gwcs,../roman/.data/build21/r0000101001001001001_0001_wfi17_f158_cal.asdf,wfi17,eval,100,29,0.004962147,1
gwcs,../roman/.data/build21/r0000101001001001001_0001_wfi17_f158_cal.asdf,wfi17,eval,100,30,0.005022507,1
gwcs,../roman/.data/build21/r0000101001001001001_0001_wfi17_f158_cal.asdf,wfi17,eval,100,31,0.005075951,1
gwcs,../roman/.data/build21/r0000101001001001001_0001_wfi17_f158_cal.asdf,wfi17,eval,100,32,0.004847622,1
gwcs,../roman/.data/build21/r0000101001001001001_0001_wfi17_f158_cal.asdf,wfi17,eval,100,33,0.004924825,1
gwcs,../roman/.data/build21/r0000101001001001001_0001_wfi17_f158_cal.asdf,wfi17,eval,100,34,0.004958394,1
gwcs,../roman/.data/build21/r0000101001001001001_0001_wfi17_f158_cal.asdf,wfi17,eval,100,35,0.004866792,1
gwcs,../roman/.data/build21/r0000101001001001001_0001_wfi17_f158_cal.asdf,wfi17,eval,100,36,0.004856976,1
gwcs,../roman/.data/build21/r0000101001001001001_0001_wfi17_f158_cal.asdf,wfi17,eval,100,37,0.005038370,1
gwcs,../roman/.data/build21/r0000101001001001001_0001_wfi17_f158_cal.asdf,wfi17,eval,100,38,0.004867520,1
gwcs,../roman/.data/build21/r0000101001001001001_0001_wfi17_f158_cal.asdf,wfi17,eval,100,39,0.004842854,1
gwcs,../roman/.data/build21/r0000101001001001001_0001_wfi17_f158_cal.asdf,wfi17,eval,100,40,0.004928743,1
gwcs,../roman/.data/build21/r0000101001001001001_0001_wfi17_f158_cal.asdf,wfi17,eval,100,41,0.004935516,1
gwcs,../roman/.data/build21/r0000101001001001001_0001_wfi17_f158_cal.asdf,wfi17,eval,100,42,0.004991070,1
gwcs,../roman/.data/build21/r0000101001001001001_0001_wfi17_f158_cal.asdf,wfi17,eval,100,43,0.004991020,1
gwcs,../roman/.data/build21/r0000101001001001001_0001_wfi17_f158_cal.asdf,wfi17,eval,100,44,0.005049465,1
gwcs,../roman/.data/build21/r0000101001001001001_0001_wfi17_f158_cal.asdf,wfi17,eval,100,45,0.004890830,1
gwcs,../roman/.data/build21/r0000101001001001001_0001_wfi17_f158_cal.asdf,wfi17,eval,100,46,0.004866114,1
gwcs,../roman/.data/build21/r0000101001001001001_0001_wfi17_f158_cal.asdf,wfi17,eval,100,47,0.005065211,1
gwcs,../roman/.data/build21/r0000101001001001001_0001_wfi17_f158_cal.asdf,wfi17,eval,100,48,0.004900631,1
gwcs,../roman/.data/build21/r0000101001001001001_0001_wfi17_f158_cal.asdf,wfi17,eval,100,49,0.004906015,1
gwcs,../roman/.data/build21/r0000101001001001001_0001_wfi17_f158_cal.asdf,wfi17,eval,1000,0,0.006830295,1
gwcs,../roman/.data/build21/r0000101001001001001_0001_wfi17_f158_cal.asdf,wfi17,eval,1000,1,0.005435950,1
gwcs,../roman/.data/build21/r0000101001001001001_0001_wfi17_f158_cal.asdf,wfi17,eval,1000,2,0.005316298,1
gwcs,../roman/.data/build21/r0000101001001001001_0001_wfi17_f158_cal.asdf,wfi17,eval,1000,3,0.005561910,1
gwcs,../roman/.data/build21/r0000101001001001001_0001_wfi17_f158_cal.asdf,wfi17,eval,1000,4,0.005356203,1
gwcs,../roman/.data/build21/r0000101001001001001_0001_wfi17_f158_cal.asdf,wfi17,eval,1000,5,0.005300231,1
gwcs,../roman/.data/build21/r0000101001001001001_0001_wfi17_f158_cal.asdf,wfi17,eval,1000,6,0.005412433,1
gwcs,../roman/.data/build21/r0000101001001001001_0001_wfi17_f158_cal.asdf,wfi17,eval,1000,7,0.005291272,1
gwcs,../roman/.data/build21/r0000101001001001001_0001_wfi17_f158_cal.asdf,wfi17,eval,1000,8,0.005264555,1
gwcs,../roman/.data/build21/r0000101001001001001_0001_wfi17_f158_cal.asdf,wfi17,eval,1000,9,0.005422241,1
gwcs,../roman/.data/build21/r0000101001001001001_0001_wfi17_f158_cal.asdf,wfi17,eval,1000,10,0.005349587,1
gwcs,../roman/.data/build21/r0000101001001001001_0001_wfi17_f158_cal.asdf,wfi17,eval,1000,11,0.005297966,1
gwcs,../roman/.data/build21/r0000101001001001001_0001_wfi17_f158_cal.asdf,wfi17,eval,1000,12,0.005275930,1
gwcs,../roman/.data/build21/r0000101001001001001_0001_wfi17_f158_cal.asdf,wfi17,eval,1000,13,0.005463031,1
gwcs,../roman/.data/build21/r0000101001001001001_0001_wfi17_f158_cal.asdf,wfi17,eval,1000,14,0.005246400,1
gwcs,../roman/.data/build21/r0000101001001001001_0001_wfi17_f158_cal.asdf,wfi17,eval,1000,15,0.005227688,1
gwcs,../roman/.data/build21/r0000101001001001001_0001_wfi17_f158_cal.asdf,wfi17,eval,1000,16,0.005598132,1
gwcs,../roman/.data/build21/r0000101001001001001_0001_wfi17_f158_cal.asdf,wfi17,eval,1000,17,0.005317739,1
gwcs,../roman/.data/build21/r0000101001001001001_0001_wfi17_f158_cal.asdf,wfi17,eval,1000,18,0.005366380,1
gwcs,../roman/.data/build21/r0000101001001001001_0001_wfi17_f158_cal.asdf,wfi17,eval,1000,19,0.005464016,1
gwcs,../roman/.data/build21/r0000101001001001001_0001_wfi17_f158_cal.asdf,wfi17,eval,10000,0,0.010000028,1
gwcs,../roman/.data/build21/r0000101001001001001_0001_wfi17_f158_cal.asdf,wfi17,eval,10000,1,0.008795748,1
gwcs,../roman/.data/build21/r0000101001001001001_0001_wfi17_f158_cal.asdf,wfi17,eval,10000,2,0.009312697,1
gwcs,../roman/.data/build21/r0000101001001001001_0001_wfi17_f158_cal.asdf,wfi17,eval,10000,3,0.008570743,1
gwcs,../roman/.data/build21/r0000101001001001001_0001_wfi17_f158_cal.asdf,wfi17,eval,10000,4,0.008597227,1
gwcs,../roman/.data/build21/r0000101001001001001_0001_wfi17_f158_cal.asdf,wfi17,eval,10000,5,0.008889613,1
gwcs,../roman/.data/build21/r0000101001001001001_0001_wfi17_f158_cal.asdf,wfi17,eval,10000,6,0.008442702,1
gwcs,../roman/.data/build21/r0000101001001001001_0001_wfi17_f158_cal.asdf,wfi17,eval,10000,7,0.008743191,1
gwcs,../roman/.data/build21/r0000101001001001001_0001_wfi17_f158_cal.asdf,wfi17,eval,10000,8,0.008720028,1
gwcs,../roman/.data/build21/r0000101001001001001_0001_wfi17_f158_cal.asdf,wfi17,eval,10000,9,0.008694997,1
gwcs,../roman/.data/build21/r0000101001001001001_0001_wfi17_f158_cal.asdf,wfi17,eval,100000,0,0.039432123,1
gwcs,../roman/.data/build21/r0000101001001001001_0001_wfi17_f158_cal.asdf,wfi17,eval,100000,1,0.039918349,1
gwcs,../roman/.data/build21/r0000101001001001001_0001_wfi17_f158_cal.asdf,wfi17,eval,100000,2,0.038811528,1
gwcs,../roman/.data/build21/r0000101001001001001_0001_wfi17_f158_cal.asdf,wfi17,eval,100000,3,0.039345546,1
gwcs,../roman/.data/build21/r0000101001001001001_0001_wfi17_f158_cal.asdf,wfi17,eval,100000,4,0.039462008,1
gwcs,../roman/.data/build21/r0000101001001001001_0001_wfi17_f158_cal.asdf,wfi17,eval,1000000,0,0.401234809,1
gwcs,../roman/.data/build21/r0000101001001001001_0001_wfi17_f158_cal.asdf,wfi17,eval,1000000,1,0.391436011,1
gwcs,../roman/.data/build21/r0000101001001001001_0001_wfi17_f158_cal.asdf,wfi17,eval,1000000,2,0.393583914,1
gwcs,../roman/.data/build21/r0000101001001001001_0001_wfi17_f158_cal.asdf,wfi17,eval,10000000,0,4.113057590,1
gwcs,../roman/.data/build21/r0000101001001001001_0001_wfi17_f158_cal.asdf,wfi17,eval,10000000,1,3.950737865,1
gwcs,../roman/.data/build21/r0000101001001001001_0001_wfi17_f158_cal.asdf,wfi17,eval,16711744,0,6.617818734,1
gwcs,../roman/.data/build21/r0000101001001001001_0001_wfi17_f158_cal.asdf,wfi17,eval,16711744,1,6.606271259,1
gwcs,../roman/.data/build21/r0000101001001001001_0001_wfi18_f158_cal.asdf,wfi18,parse_cold,0,0,0.759287457,1
gwcs,../roman/.data/build21/r0000101001001001001_0001_wfi18_f158_cal.asdf,wfi18,parse_hot,0,0,0.541148892,1
gwcs,../roman/.data/build21/r0000101001001001001_0001_wfi18_f158_cal.asdf,wfi18,eval,1,0,0.005203106,1
gwcs,../roman/.data/build21/r0000101001001001001_0001_wfi18_f158_cal.asdf,wfi18,eval,1,1,0.005312945,1
gwcs,../roman/.data/build21/r0000101001001001001_0001_wfi18_f158_cal.asdf,wfi18,eval,1,2,0.004756051,1
gwcs,../roman/.data/build21/r0000101001001001001_0001_wfi18_f158_cal.asdf,wfi18,eval,1,3,0.004842793,1
gwcs,../roman/.data/build21/r0000101001001001001_0001_wfi18_f158_cal.asdf,wfi18,eval,1,4,0.006502111,1
gwcs,../roman/.data/build21/r0000101001001001001_0001_wfi18_f158_cal.asdf,wfi18,eval,1,5,0.006403971,1
gwcs,../roman/.data/build21/r0000101001001001001_0001_wfi18_f158_cal.asdf,wfi18,eval,1,6,0.004672591,1
gwcs,../roman/.data/build21/r0000101001001001001_0001_wfi18_f158_cal.asdf,wfi18,eval,1,7,0.004802641,1
gwcs,../roman/.data/build21/r0000101001001001001_0001_wfi18_f158_cal.asdf,wfi18,eval,1,8,0.004718885,1
gwcs,../roman/.data/build21/r0000101001001001001_0001_wfi18_f158_cal.asdf,wfi18,eval,1,9,0.004744296,1
gwcs,../roman/.data/build21/r0000101001001001001_0001_wfi18_f158_cal.asdf,wfi18,eval,1,10,0.004661218,1
gwcs,../roman/.data/build21/r0000101001001001001_0001_wfi18_f158_cal.asdf,wfi18,eval,1,11,0.004784762,1
gwcs,../roman/.data/build21/r0000101001001001001_0001_wfi18_f158_cal.asdf,wfi18,eval,1,12,0.004712666,1
gwcs,../roman/.data/build21/r0000101001001001001_0001_wfi18_f158_cal.asdf,wfi18,eval,1,13,0.004669628,1
gwcs,../roman/.data/build21/r0000101001001001001_0001_wfi18_f158_cal.asdf,wfi18,eval,1,14,0.005872206,1
gwcs,../roman/.data/build21/r0000101001001001001_0001_wfi18_f158_cal.asdf,wfi18,eval,1,15,0.004762234,1
gwcs,../roman/.data/build21/r0000101001001001001_0001_wfi18_f158_cal.asdf,wfi18,eval,1,16,0.004736356,1
gwcs,../roman/.data/build21/r0000101001001001001_0001_wfi18_f158_cal.asdf,wfi18,eval,1,17,0.004938709,1
gwcs,../roman/.data/build21/r0000101001001001001_0001_wfi18_f158_cal.asdf,wfi18,eval,1,18,0.004770914,1
gwcs,../roman/.data/build21/r0000101001001001001_0001_wfi18_f158_cal.asdf,wfi18,eval,1,19,0.004715599,1
gwcs,../roman/.data/build21/r0000101001001001001_0001_wfi18_f158_cal.asdf,wfi18,eval,1,20,0.004865474,1
gwcs,../roman/.data/build21/r0000101001001001001_0001_wfi18_f158_cal.asdf,wfi18,eval,1,21,0.005106528,1
gwcs,../roman/.data/build21/r0000101001001001001_0001_wfi18_f158_cal.asdf,wfi18,eval,1,22,0.004742366,1
gwcs,../roman/.data/build21/r0000101001001001001_0001_wfi18_f158_cal.asdf,wfi18,eval,1,23,0.004731715,1
gwcs,../roman/.data/build21/r0000101001001001001_0001_wfi18_f158_cal.asdf,wfi18,eval,1,24,0.004957057,1
gwcs,../roman/.data/build21/r0000101001001001001_0001_wfi18_f158_cal.asdf,wfi18,eval,1,25,0.004770287,1
gwcs,../roman/.data/build21/r0000101001001001001_0001_wfi18_f158_cal.asdf,wfi18,eval,1,26,0.004661459,1
gwcs,../roman/.data/build21/r0000101001001001001_0001_wfi18_f158_cal.asdf,wfi18,eval,1,27,0.005020242,1
gwcs,../roman/.data/build21/r0000101001001001001_0001_wfi18_f158_cal.asdf,wfi18,eval,1,28,0.004899854,1
gwcs,../roman/.data/build21/r0000101001001001001_0001_wfi18_f158_cal.asdf,wfi18,eval,1,29,0.004691296,1
gwcs,../roman/.data/build21/r0000101001001001001_0001_wfi18_f158_cal.asdf,wfi18,eval,1,30,0.004707098,1
gwcs,../roman/.data/build21/r0000101001001001001_0001_wfi18_f158_cal.asdf,wfi18,eval,1,31,0.004845000,1
gwcs,../roman/.data/build21/r0000101001001001001_0001_wfi18_f158_cal.asdf,wfi18,eval,1,32,0.004746615,1
gwcs,../roman/.data/build21/r0000101001001001001_0001_wfi18_f158_cal.asdf,wfi18,eval,1,33,0.004946148,1
gwcs,../roman/.data/build21/r0000101001001001001_0001_wfi18_f158_cal.asdf,wfi18,eval,1,34,0.004746744,1
gwcs,../roman/.data/build21/r0000101001001001001_0001_wfi18_f158_cal.asdf,wfi18,eval,1,35,0.004810887,1
gwcs,../roman/.data/build21/r0000101001001001001_0001_wfi18_f158_cal.asdf,wfi18,eval,1,36,0.004739441,1
gwcs,../roman/.data/build21/r0000101001001001001_0001_wfi18_f158_cal.asdf,wfi18,eval,1,37,0.004672951,1
gwcs,../roman/.data/build21/r0000101001001001001_0001_wfi18_f158_cal.asdf,wfi18,eval,1,38,0.004772398,1
gwcs,../roman/.data/build21/r0000101001001001001_0001_wfi18_f158_cal.asdf,wfi18,eval,1,39,0.004710807,1
gwcs,../roman/.data/build21/r0000101001001001001_0001_wfi18_f158_cal.asdf,wfi18,eval,1,40,0.004625859,1
gwcs,../roman/.data/build21/r0000101001001001001_0001_wfi18_f158_cal.asdf,wfi18,eval,1,41,0.005140700,1
gwcs,../roman/.data/build21/r0000101001001001001_0001_wfi18_f158_cal.asdf,wfi18,eval,1,42,0.005149408,1
gwcs,../roman/.data/build21/r0000101001001001001_0001_wfi18_f158_cal.asdf,wfi18,eval,1,43,0.005776687,1
gwcs,../roman/.data/build21/r0000101001001001001_0001_wfi18_f158_cal.asdf,wfi18,eval,1,44,0.004975219,1
gwcs,../roman/.data/build21/r0000101001001001001_0001_wfi18_f158_cal.asdf,wfi18,eval,1,45,0.007775469,1
gwcs,../roman/.data/build21/r0000101001001001001_0001_wfi18_f158_cal.asdf,wfi18,eval,1,46,0.004857126,1
gwcs,../roman/.data/build21/r0000101001001001001_0001_wfi18_f158_cal.asdf,wfi18,eval,1,47,0.005350179,1
gwcs,../roman/.data/build21/r0000101001001001001_0001_wfi18_f158_cal.asdf,wfi18,eval,1,48,0.005306155,1
gwcs,../roman/.data/build21/r0000101001001001001_0001_wfi18_f158_cal.asdf,wfi18,eval,1,49,0.004845678,1
gwcs,../roman/.data/build21/r0000101001001001001_0001_wfi18_f158_cal.asdf,wfi18,eval,1,50,0.008004320,1
gwcs,../roman/.data/build21/r0000101001001001001_0001_wfi18_f158_cal.asdf,wfi18,eval,1,51,0.004906470,1
gwcs,../roman/.data/build21/r0000101001001001001_0001_wfi18_f158_cal.asdf,wfi18,eval,1,52,0.004760876,1
gwcs,../roman/.data/build21/r0000101001001001001_0001_wfi18_f158_cal.asdf,wfi18,eval,1,53,0.004914349,1
gwcs,../roman/.data/build21/r0000101001001001001_0001_wfi18_f158_cal.asdf,wfi18,eval,1,54,0.004883772,1
gwcs,../roman/.data/build21/r0000101001001001001_0001_wfi18_f158_cal.asdf,wfi18,eval,1,55,0.004801571,1
gwcs,../roman/.data/build21/r0000101001001001001_0001_wfi18_f158_cal.asdf,wfi18,eval,1,56,0.004727999,1
gwcs,../roman/.data/build21/r0000101001001001001_0001_wfi18_f158_cal.asdf,wfi18,eval,1,57,0.004831938,1
gwcs,../roman/.data/build21/r0000101001001001001_0001_wfi18_f158_cal.asdf,wfi18,eval,1,58,0.004786798,1
gwcs,../roman/.data/build21/r0000101001001001001_0001_wfi18_f158_cal.asdf,wfi18,eval,1,59,0.004817004,1
gwcs,../roman/.data/build21/r0000101001001001001_0001_wfi18_f158_cal.asdf,wfi18,eval,1,60,0.004797459,1
gwcs,../roman/.data/build21/r0000101001001001001_0001_wfi18_f158_cal.asdf,wfi18,eval,1,61,0.004887898,1
gwcs,../roman/.data/build21/r0000101001001001001_0001_wfi18_f158_cal.asdf,wfi18,eval,1,62,0.004765403,1
gwcs,../roman/.data/build21/r0000101001001001001_0001_wfi18_f158_cal.asdf,wfi18,eval,1,63,0.004728885,1
gwcs,../roman/.data/build21/r0000101001001001001_0001_wfi18_f158_cal.asdf,wfi18,eval,1,64,0.004917417,1
gwcs,../roman/.data/build21/r0000101001001001001_0001_wfi18_f158_cal.asdf,wfi18,eval,1,65,0.004780768,1
gwcs,../roman/.data/build21/r0000101001001001001_0001_wfi18_f158_cal.asdf,wfi18,eval,1,66,0.004758012,1
gwcs,../roman/.data/build21/r0000101001001001001_0001_wfi18_f158_cal.asdf,wfi18,eval,1,67,0.004807927,1
gwcs,../roman/.data/build21/r0000101001001001001_0001_wfi18_f158_cal.asdf,wfi18,eval,1,68,0.004856735,1
gwcs,../roman/.data/build21/r0000101001001001001_0001_wfi18_f158_cal.asdf,wfi18,eval,1,69,0.004808839,1
gwcs,../roman/.data/build21/r0000101001001001001_0001_wfi18_f158_cal.asdf,wfi18,eval,1,70,0.004778695,1
gwcs,../roman/.data/build21/r0000101001001001001_0001_wfi18_f158_cal.asdf,wfi18,eval,1,71,0.005481902,1
gwcs,../roman/.data/build21/r0000101001001001001_0001_wfi18_f158_cal.asdf,wfi18,eval,1,72,0.006050886,1
gwcs,../roman/.data/build21/r0000101001001001001_0001_wfi18_f158_cal.asdf,wfi18,eval,1,73,0.008663108,1
gwcs,../roman/.data/build21/r0000101001001001001_0001_wfi18_f158_cal.asdf,wfi18,eval,1,74,0.004817644,1
gwcs,../roman/.data/build21/r0000101001001001001_0001_wfi18_f158_cal.asdf,wfi18,eval,1,75,0.004814772,1
gwcs,../roman/.data/build21/r0000101001001001001_0001_wfi18_f158_cal.asdf,wfi18,eval,1,76,0.004669741,1
gwcs,../roman/.data/build21/r0000101001001001001_0001_wfi18_f158_cal.asdf,wfi18,eval,1,77,0.005068762,1
gwcs,../roman/.data/build21/r0000101001001001001_0001_wfi18_f158_cal.asdf,wfi18,eval,1,78,0.004735068,1
gwcs,../roman/.data/build21/r0000101001001001001_0001_wfi18_f158_cal.asdf,wfi18,eval,1,79,0.004783970,1
gwcs,../roman/.data/build21/r0000101001001001001_0001_wfi18_f158_cal.asdf,wfi18,eval,1,80,0.005035675,1
gwcs,../roman/.data/build21/r0000101001001001001_0001_wfi18_f158_cal.asdf,wfi18,eval,1,81,0.004862558,1
gwcs,../roman/.data/build21/r0000101001001001001_0001_wfi18_f158_cal.asdf,wfi18,eval,1,82,0.004734111,1
gwcs,../roman/.data/build21/r0000101001001001001_0001_wfi18_f158_cal.asdf,wfi18,eval,1,83,0.005280654,1
gwcs,../roman/.data/build21/r0000101001001001001_0001_wfi18_f158_cal.asdf,wfi18,eval,1,84,0.005188712,1
gwcs,../roman/.data/build21/r0000101001001001001_0001_wfi18_f158_cal.asdf,wfi18,eval,1,85,0.005224135,1
gwcs,../roman/.data/build21/r0000101001001001001_0001_wfi18_f158_cal.asdf,wfi18,eval,1,86,0.005433697,1
gwcs,../roman/.data/build21/r0000101001001001001_0001_wfi18_f158_cal.asdf,wfi18,eval,1,87,0.005371276,1
gwcs,../roman/.data/build21/r0000101001001001001_0001_wfi18_f158_cal.asdf,wfi18,eval,1,88,0.005066308,1
gwcs,../roman/.data/build21/r0000101001001001001_0001_wfi18_f158_cal.asdf,wfi18,eval,1,89,0.004752254,1
gwcs,../roman/.data/build21/r0000101001001001001_0001_wfi18_f158_cal.asdf,wfi18,eval,1,90,0.005371196,1
gwcs,../roman/.data/build21/r0000101001001001001_0001_wfi18_f158_cal.asdf,wfi18,eval,1,91,0.004850213,1
gwcs,../roman/.data/build21/r0000101001001001001_0001_wfi18_f158_cal.asdf,wfi18,eval,1,92,0.004695349,1
gwcs,../roman/.data/build21/r0000101001001001001_0001_wfi18_f158_cal.asdf,wfi18,eval,1,93,0.005316195,1
gwcs,../roman/.data/build21/r0000101001001001001_0001_wfi18_f158_cal.asdf,wfi18,eval,1,94,0.004725703,1
gwcs,../roman/.data/build21/r0000101001001001001_0001_wfi18_f158_cal.asdf,wfi18,eval,1,95,0.004741037,1
gwcs,../roman/.data/build21/r0000101001001001001_0001_wfi18_f158_cal.asdf,wfi18,eval,1,96,0.004924783,1
gwcs,../roman/.data/build21/r0000101001001001001_0001_wfi18_f158_cal.asdf,wfi18,eval,1,97,0.005094706,1
gwcs,../roman/.data/build21/r0000101001001001001_0001_wfi18_f158_cal.asdf,wfi18,eval,1,98,0.004830211,1
gwcs,../roman/.data/build21/r0000101001001001001_0001_wfi18_f158_cal.asdf,wfi18,eval,1,99,0.004654917,1
gwcs,../roman/.data/build21/r0000101001001001001_0001_wfi18_f158_cal.asdf,wfi18,eval,10,0,0.005951065,1
gwcs,../roman/.data/build21/r0000101001001001001_0001_wfi18_f158_cal.asdf,wfi18,eval,10,1,0.005384173,1
gwcs,../roman/.data/build21/r0000101001001001001_0001_wfi18_f158_cal.asdf,wfi18,eval,10,2,0.004826455,1
gwcs,../roman/.data/build21/r0000101001001001001_0001_wfi18_f158_cal.asdf,wfi18,eval,10,3,0.005431336,1
gwcs,../roman/.data/build21/r0000101001001001001_0001_wfi18_f158_cal.asdf,wfi18,eval,10,4,0.004905228,1
gwcs,../roman/.data/build21/r0000101001001001001_0001_wfi18_f158_cal.asdf,wfi18,eval,10,5,0.005007227,1
gwcs,../roman/.data/build21/r0000101001001001001_0001_wfi18_f158_cal.asdf,wfi18,eval,10,6,0.005360362,1
gwcs,../roman/.data/build21/r0000101001001001001_0001_wfi18_f158_cal.asdf,wfi18,eval,10,7,0.005868150,1
gwcs,../roman/.data/build21/r0000101001001001001_0001_wfi18_f158_cal.asdf,wfi18,eval,10,8,0.005017811,1
gwcs,../roman/.data/build21/r0000101001001001001_0001_wfi18_f158_cal.asdf,wfi18,eval,10,9,0.005615130,1
gwcs,../roman/.data/build21/r0000101001001001001_0001_wfi18_f158_cal.asdf,wfi18,eval,10,10,0.005015856,1
gwcs,../roman/.data/build21/r0000101001001001001_0001_wfi18_f158_cal.asdf,wfi18,eval,10,11,0.004877361,1
gwcs,../roman/.data/build21/r0000101001001001001_0001_wfi18_f158_cal.asdf,wfi18,eval,10,12,0.004829181,1
gwcs,../roman/.data/build21/r0000101001001001001_0001_wfi18_f158_cal.asdf,wfi18,eval,10,13,0.005393469,1
gwcs,../roman/.data/build21/r0000101001001001001_0001_wfi18_f158_cal.asdf,wfi18,eval,10,14,0.004971869,1
gwcs,../roman/.data/build21/r0000101001001001001_0001_wfi18_f158_cal.asdf,wfi18,eval,10,15,0.004836779,1
gwcs,../roman/.data/build21/r0000101001001001001_0001_wfi18_f158_cal.asdf,wfi18,eval,10,16,0.005243610,1
gwcs,../roman/.data/build21/r0000101001001001001_0001_wfi18_f158_cal.asdf,wfi18,eval,10,17,0.005004855,1
gwcs,../roman/.data/build21/r0000101001001001001_0001_wfi18_f158_cal.asdf,wfi18,eval,10,18,0.004883320,1
gwcs,../roman/.data/build21/r0000101001001001001_0001_wfi18_f158_cal.asdf,wfi18,eval,10,19,0.005179600,1
gwcs,../roman/.data/build21/r0000101001001001001_0001_wfi18_f158_cal.asdf,wfi18,eval,10,20,0.006661521,1
gwcs,../roman/.data/build21/r0000101001001001001_0001_wfi18_f158_cal.asdf,wfi18,eval,10,21,0.005458899,1
gwcs,../roman/.data/build21/r0000101001001001001_0001_wfi18_f158_cal.asdf,wfi18,eval,10,22,0.005235380,1
gwcs,../roman/.data/build21/r0000101001001001001_0001_wfi18_f158_cal.asdf,wfi18,eval,10,23,0.004878094,1
gwcs,../roman/.data/build21/r0000101001001001001_0001_wfi18_f158_cal.asdf,wfi18,eval,10,24,0.004964887,1
gwcs,../roman/.data/build21/r0000101001001001001_0001_wfi18_f158_cal.asdf,wfi18,eval,10,25,0.004932477,1
gwcs,../roman/.data/build21/r0000101001001001001_0001_wfi18_f158_cal.asdf,wfi18,eval,10,26,0.005184025,1
gwcs,../roman/.data/build21/r0000101001001001001_0001_wfi18_f158_cal.asdf,wfi18,eval,10,27,0.004858299,1
gwcs,../roman/.data/build21/r0000101001001001001_0001_wfi18_f158_cal.asdf,wfi18,eval,10,28,0.004807339,1
gwcs,../roman/.data/build21/r0000101001001001001_0001_wfi18_f158_cal.asdf,wfi18,eval,10,29,0.005610473,1
gwcs,../roman/.data/build21/r0000101001001001001_0001_wfi18_f158_cal.asdf,wfi18,eval,10,30,0.005157847,1
gwcs,../roman/.data/build21/r0000101001001001001_0001_wfi18_f158_cal.asdf,wfi18,eval,10,31,0.005026462,1
gwcs,../roman/.data/build21/r0000101001001001001_0001_wfi18_f158_cal.asdf,wfi18,eval,10,32,0.005606910,1
gwcs,../roman/.data/build21/r0000101001001001001_0001_wfi18_f158_cal.asdf,wfi18,eval,10,33,0.005224535,1
gwcs,../roman/.data/build21/r0000101001001001001_0001_wfi18_f158_cal.asdf,wfi18,eval,10,34,0.004990915,1
gwcs,../roman/.data/build21/r0000101001001001001_0001_wfi18_f158_cal.asdf,wfi18,eval,10,35,0.005535524,1
gwcs,../roman/.data/build21/r0000101001001001001_0001_wfi18_f158_cal.asdf,wfi18,eval,10,36,0.004939120,1
gwcs,../roman/.data/build21/r0000101001001001001_0001_wfi18_f158_cal.asdf,wfi18,eval,10,37,0.004996381,1
gwcs,../roman/.data/build21/r0000101001001001001_0001_wfi18_f158_cal.asdf,wfi18,eval,10,38,0.005007069,1
gwcs,../roman/.data/build21/r0000101001001001001_0001_wfi18_f158_cal.asdf,wfi18,eval,10,39,0.005231360,1
gwcs,../roman/.data/build21/r0000101001001001001_0001_wfi18_f158_cal.asdf,wfi18,eval,10,40,0.004937786,1
gwcs,../roman/.data/build21/r0000101001001001001_0001_wfi18_f158_cal.asdf,wfi18,eval,10,41,0.004815964,1
gwcs,../roman/.data/build21/r0000101001001001001_0001_wfi18_f158_cal.asdf,wfi18,eval,10,42,0.005207992,1
gwcs,../roman/.data/build21/r0000101001001001001_0001_wfi18_f158_cal.asdf,wfi18,eval,10,43,0.006509595,1
gwcs,../roman/.data/build21/r0000101001001001001_0001_wfi18_f158_cal.asdf,wfi18,eval,10,44,0.008715251,1
gwcs,../roman/.data/build21/r0000101001001001001_0001_wfi18_f158_cal.asdf,wfi18,eval,10,45,0.004938105,1
gwcs,../roman/.data/build21/r0000101001001001001_0001_wfi18_f158_cal.asdf,wfi18,eval,10,46,0.004816527,1
gwcs,../roman/.data/build21/r0000101001001001001_0001_wfi18_f158_cal.asdf,wfi18,eval,10,47,0.005046381,1
gwcs,../roman/.data/build21/r0000101001001001001_0001_wfi18_f158_cal.asdf,wfi18,eval,10,48,0.004953555,1
gwcs,../roman/.data/build21/r0000101001001001001_0001_wfi18_f158_cal.asdf,wfi18,eval,10,49,0.004958143,1
gwcs,../roman/.data/build21/r0000101001001001001_0001_wfi18_f158_cal.asdf,wfi18,eval,10,50,0.004805975,1
gwcs,../roman/.data/build21/r0000101001001001001_0001_wfi18_f158_cal.asdf,wfi18,eval,10,51,0.005187089,1
gwcs,../roman/.data/build21/r0000101001001001001_0001_wfi18_f158_cal.asdf,wfi18,eval,10,52,0.004941971,1
gwcs,../roman/.data/build21/r0000101001001001001_0001_wfi18_f158_cal.asdf,wfi18,eval,10,53,0.004797930,1
gwcs,../roman/.data/build21/r0000101001001001001_0001_wfi18_f158_cal.asdf,wfi18,eval,10,54,0.005216057,1
gwcs,../roman/.data/build21/r0000101001001001001_0001_wfi18_f158_cal.asdf,wfi18,eval,10,55,0.005163642,1
gwcs,../roman/.data/build21/r0000101001001001001_0001_wfi18_f158_cal.asdf,wfi18,eval,10,56,0.004858327,1
gwcs,../roman/.data/build21/r0000101001001001001_0001_wfi18_f158_cal.asdf,wfi18,eval,10,57,0.005265284,1
gwcs,../roman/.data/build21/r0000101001001001001_0001_wfi18_f158_cal.asdf,wfi18,eval,10,58,0.004928482,1
gwcs,../roman/.data/build21/r0000101001001001001_0001_wfi18_f158_cal.asdf,wfi18,eval,10,59,0.004895170,1
gwcs,../roman/.data/build21/r0000101001001001001_0001_wfi18_f158_cal.asdf,wfi18,eval,10,60,0.004805778,1
gwcs,../roman/.data/build21/r0000101001001001001_0001_wfi18_f158_cal.asdf,wfi18,eval,10,61,0.006597081,1
gwcs,../roman/.data/build21/r0000101001001001001_0001_wfi18_f158_cal.asdf,wfi18,eval,10,62,0.005011919,1
gwcs,../roman/.data/build21/r0000101001001001001_0001_wfi18_f158_cal.asdf,wfi18,eval,10,63,0.004839458,1
gwcs,../roman/.data/build21/r0000101001001001001_0001_wfi18_f158_cal.asdf,wfi18,eval,10,64,0.005310835,1
gwcs,../roman/.data/build21/r0000101001001001001_0001_wfi18_f158_cal.asdf,wfi18,eval,10,65,0.004927729,1
gwcs,../roman/.data/build21/r0000101001001001001_0001_wfi18_f158_cal.asdf,wfi18,eval,10,66,0.004827562,1
gwcs,../roman/.data/build21/r0000101001001001001_0001_wfi18_f158_cal.asdf,wfi18,eval,10,67,0.005117049,1
gwcs,../roman/.data/build21/r0000101001001001001_0001_wfi18_f158_cal.asdf,wfi18,eval,10,68,0.004876957,1
gwcs,../roman/.data/build21/r0000101001001001001_0001_wfi18_f158_cal.asdf,wfi18,eval,10,69,0.005080973,1
gwcs,../roman/.data/build21/r0000101001001001001_0001_wfi18_f158_cal.asdf,wfi18,eval,10,70,0.005196914,1
gwcs,../roman/.data/build21/r0000101001001001001_0001_wfi18_f158_cal.asdf,wfi18,eval,10,71,0.004935461,1
gwcs,../roman/.data/build21/r0000101001001001001_0001_wfi18_f158_cal.asdf,wfi18,eval,10,72,0.004888524,1
gwcs,../roman/.data/build21/r0000101001001001001_0001_wfi18_f158_cal.asdf,wfi18,eval,10,73,0.004802640,1
gwcs,../roman/.data/build21/r0000101001001001001_0001_wfi18_f158_cal.asdf,wfi18,eval,10,74,0.005154347,1
gwcs,../roman/.data/build21/r0000101001001001001_0001_wfi18_f158_cal.asdf,wfi18,eval,10,75,0.004930571,1
gwcs,../roman/.data/build21/r0000101001001001001_0001_wfi18_f158_cal.asdf,wfi18,eval,10,76,0.004828300,1
gwcs,../roman/.data/build21/r0000101001001001001_0001_wfi18_f158_cal.asdf,wfi18,eval,10,77,0.005137941,1
gwcs,../roman/.data/build21/r0000101001001001001_0001_wfi18_f158_cal.asdf,wfi18,eval,10,78,0.005258734,1
gwcs,../roman/.data/build21/r0000101001001001001_0001_wfi18_f158_cal.asdf,wfi18,eval,10,79,0.004820569,1
gwcs,../roman/.data/build21/r0000101001001001001_0001_wfi18_f158_cal.asdf,wfi18,eval,10,80,0.005086961,1
gwcs,../roman/.data/build21/r0000101001001001001_0001_wfi18_f158_cal.asdf,wfi18,eval,10,81,0.004879122,1
gwcs,../roman/.data/build21/r0000101001001001001_0001_wfi18_f158_cal.asdf,wfi18,eval,10,82,0.004884692,1
gwcs,../roman/.data/build21/r0000101001001001001_0001_wfi18_f158_cal.asdf,wfi18,eval,10,83,0.005006159,1
gwcs,../roman/.data/build21/r0000101001001001001_0001_wfi18_f158_cal.asdf,wfi18,eval,10,84,0.005235714,1
gwcs,../roman/.data/build21/r0000101001001001001_0001_wfi18_f158_cal.asdf,wfi18,eval,10,85,0.004877683,1
gwcs,../roman/.data/build21/r0000101001001001001_0001_wfi18_f158_cal.asdf,wfi18,eval,10,86,0.004799287,1
gwcs,../roman/.data/build21/r0000101001001001001_0001_wfi18_f158_cal.asdf,wfi18,eval,10,87,0.005134237,1
gwcs,../roman/.data/build21/r0000101001001001001_0001_wfi18_f158_cal.asdf,wfi18,eval,10,88,0.004940118,1
gwcs,../roman/.data/build21/r0000101001001001001_0001_wfi18_f158_cal.asdf,wfi18,eval,10,89,0.004851377,1
gwcs,../roman/.data/build21/r0000101001001001001_0001_wfi18_f158_cal.asdf,wfi18,eval,10,90,0.005005796,1
gwcs,../roman/.data/build21/r0000101001001001001_0001_wfi18_f158_cal.asdf,wfi18,eval,10,91,0.004965336,1
gwcs,../roman/.data/build21/r0000101001001001001_0001_wfi18_f158_cal.asdf,wfi18,eval,10,92,0.004893886,1
gwcs,../roman/.data/build21/r0000101001001001001_0001_wfi18_f158_cal.asdf,wfi18,eval,10,93,0.004806668,1
gwcs,../roman/.data/build21/r0000101001001001001_0001_wfi18_f158_cal.asdf,wfi18,eval,10,94,0.005133411,1
gwcs,../roman/.data/build21/r0000101001001001001_0001_wfi18_f158_cal.asdf,wfi18,eval,10,95,0.004883536,1
gwcs,../roman/.data/build21/r0000101001001001001_0001_wfi18_f158_cal.asdf,wfi18,eval,10,96,0.004804708,1
gwcs,../roman/.data/build21/r0000101001001001001_0001_wfi18_f158_cal.asdf,wfi18,eval,10,97,0.005086103,1
gwcs,../roman/.data/build21/r0000101001001001001_0001_wfi18_f158_cal.asdf,wfi18,eval,10,98,0.004933570,1
gwcs,../roman/.data/build21/r0000101001001001001_0001_wfi18_f158_cal.asdf,wfi18,eval,10,99,0.004998506,1
gwcs,../roman/.data/build21/r0000101001001001001_0001_wfi18_f158_cal.asdf,wfi18,eval,100,0,0.006338117,1
gwcs,../roman/.data/build21/r0000101001001001001_0001_wfi18_f158_cal.asdf,wfi18,eval,100,1,0.005493268,1
gwcs,../roman/.data/build21/r0000101001001001001_0001_wfi18_f158_cal.asdf,wfi18,eval,100,2,0.004886596,1
gwcs,../roman/.data/build21/r0000101001001001001_0001_wfi18_f158_cal.asdf,wfi18,eval,100,3,0.005079621,1
gwcs,../roman/.data/build21/r0000101001001001001_0001_wfi18_f158_cal.asdf,wfi18,eval,100,4,0.004969074,1
gwcs,../roman/.data/build21/r0000101001001001001_0001_wfi18_f158_cal.asdf,wfi18,eval,100,5,0.004983439,1
gwcs,../roman/.data/build21/r0000101001001001001_0001_wfi18_f158_cal.asdf,wfi18,eval,100,6,0.004932819,1
gwcs,../roman/.data/build21/r0000101001001001001_0001_wfi18_f158_cal.asdf,wfi18,eval,100,7,0.005096714,1
gwcs,../roman/.data/build21/r0000101001001001001_0001_wfi18_f158_cal.asdf,wfi18,eval,100,8,0.004980758,1
gwcs,../roman/.data/build21/r0000101001001001001_0001_wfi18_f158_cal.asdf,wfi18,eval,100,9,0.004888872,1
gwcs,../roman/.data/build21/r0000101001001001001_0001_wfi18_f158_cal.asdf,wfi18,eval,100,10,0.005139978,1
gwcs,../roman/.data/build21/r0000101001001001001_0001_wfi18_f158_cal.asdf,wfi18,eval,100,11,0.004900520,1
gwcs,../roman/.data/build21/r0000101001001001001_0001_wfi18_f158_cal.asdf,wfi18,eval,100,12,0.004856640,1
gwcs,../roman/.data/build21/r0000101001001001001_0001_wfi18_f158_cal.asdf,wfi18,eval,100,13,0.004927212,1
gwcs,../roman/.data/build21/r0000101001001001001_0001_wfi18_f158_cal.asdf,wfi18,eval,100,14,0.005119248,1
gwcs,../roman/.data/build21/r0000101001001001001_0001_wfi18_f158_cal.asdf,wfi18,eval,100,15,0.005008367,1
gwcs,../roman/.data/build21/r0000101001001001001_0001_wfi18_f158_cal.asdf,wfi18,eval,100,16,0.004844876,1
gwcs,../roman/.data/build21/r0000101001001001001_0001_wfi18_f158_cal.asdf,wfi18,eval,100,17,0.005208143,1
gwcs,../roman/.data/build21/r0000101001001001001_0001_wfi18_f158_cal.asdf,wfi18,eval,100,18,0.004998715,1
gwcs,../roman/.data/build21/r0000101001001001001_0001_wfi18_f158_cal.asdf,wfi18,eval,100,19,0.004832921,1
gwcs,../roman/.data/build21/r0000101001001001001_0001_wfi18_f158_cal.asdf,wfi18,eval,100,20,0.005093010,1
gwcs,../roman/.data/build21/r0000101001001001001_0001_wfi18_f158_cal.asdf,wfi18,eval,100,21,0.004949553,1
gwcs,../roman/.data/build21/r0000101001001001001_0001_wfi18_f158_cal.asdf,wfi18,eval,100,22,0.004961349,1
gwcs,../roman/.data/build21/r0000101001001001001_0001_wfi18_f158_cal.asdf,wfi18,eval,100,23,0.004947986,1
gwcs,../roman/.data/build21/r0000101001001001001_0001_wfi18_f158_cal.asdf,wfi18,eval,100,24,0.005076021,1
gwcs,../roman/.data/build21/r0000101001001001001_0001_wfi18_f158_cal.asdf,wfi18,eval,100,25,0.004887729,1
gwcs,../roman/.data/build21/r0000101001001001001_0001_wfi18_f158_cal.asdf,wfi18,eval,100,26,0.004824956,1
gwcs,../roman/.data/build21/r0000101001001001001_0001_wfi18_f158_cal.asdf,wfi18,eval,100,27,0.005134815,1
gwcs,../roman/.data/build21/r0000101001001001001_0001_wfi18_f158_cal.asdf,wfi18,eval,100,28,0.004948467,1
gwcs,../roman/.data/build21/r0000101001001001001_0001_wfi18_f158_cal.asdf,wfi18,eval,100,29,0.004815910,1
gwcs,../roman/.data/build21/r0000101001001001001_0001_wfi18_f158_cal.asdf,wfi18,eval,100,30,0.004992046,1
gwcs,../roman/.data/build21/r0000101001001001001_0001_wfi18_f158_cal.asdf,wfi18,eval,100,31,0.005012273,1
gwcs,../roman/.data/build21/r0000101001001001001_0001_wfi18_f158_cal.asdf,wfi18,eval,100,32,0.004915720,1
gwcs,../roman/.data/build21/r0000101001001001001_0001_wfi18_f158_cal.asdf,wfi18,eval,100,33,0.004859693,1
gwcs,../roman/.data/build21/r0000101001001001001_0001_wfi18_f158_cal.asdf,wfi18,eval,100,34,0.005150670,1
gwcs,../roman/.data/build21/r0000101001001001001_0001_wfi18_f158_cal.asdf,wfi18,eval,100,35,0.005015466,1
gwcs,../roman/.data/build21/r0000101001001001001_0001_wfi18_f158_cal.asdf,wfi18,eval,100,36,0.005198160,1
gwcs,../roman/.data/build21/r0000101001001001001_0001_wfi18_f158_cal.asdf,wfi18,eval,100,37,0.006136118,1
gwcs,../roman/.data/build21/r0000101001001001001_0001_wfi18_f158_cal.asdf,wfi18,eval,100,38,0.006059762,1
gwcs,../roman/.data/build21/r0000101001001001001_0001_wfi18_f158_cal.asdf,wfi18,eval,100,39,0.005077791,1
gwcs,../roman/.data/build21/r0000101001001001001_0001_wfi18_f158_cal.asdf,wfi18,eval,100,40,0.007125279,1
gwcs,../roman/.data/build21/r0000101001001001001_0001_wfi18_f158_cal.asdf,wfi18,eval,100,41,0.006106525,1
gwcs,../roman/.data/build21/r0000101001001001001_0001_wfi18_f158_cal.asdf,wfi18,eval,100,42,0.004969856,1
gwcs,../roman/.data/build21/r0000101001001001001_0001_wfi18_f158_cal.asdf,wfi18,eval,100,43,0.005161208,1
gwcs,../roman/.data/build21/r0000101001001001001_0001_wfi18_f158_cal.asdf,wfi18,eval,100,44,0.004976131,1
gwcs,../roman/.data/build21/r0000101001001001001_0001_wfi18_f158_cal.asdf,wfi18,eval,100,45,0.004876199,1
gwcs,../roman/.data/build21/r0000101001001001001_0001_wfi18_f158_cal.asdf,wfi18,eval,100,46,0.005208913,1
gwcs,../roman/.data/build21/r0000101001001001001_0001_wfi18_f158_cal.asdf,wfi18,eval,100,47,0.004881917,1
gwcs,../roman/.data/build21/r0000101001001001001_0001_wfi18_f158_cal.asdf,wfi18,eval,100,48,0.005012451,1
gwcs,../roman/.data/build21/r0000101001001001001_0001_wfi18_f158_cal.asdf,wfi18,eval,100,49,0.005171539,1
gwcs,../roman/.data/build21/r0000101001001001001_0001_wfi18_f158_cal.asdf,wfi18,eval,1000,0,0.005882419,1
gwcs,../roman/.data/build21/r0000101001001001001_0001_wfi18_f158_cal.asdf,wfi18,eval,1000,1,0.005754427,1
gwcs,../roman/.data/build21/r0000101001001001001_0001_wfi18_f158_cal.asdf,wfi18,eval,1000,2,0.005867677,1
gwcs,../roman/.data/build21/r0000101001001001001_0001_wfi18_f158_cal.asdf,wfi18,eval,1000,3,0.005472139,1
gwcs,../roman/.data/build21/r0000101001001001001_0001_wfi18_f158_cal.asdf,wfi18,eval,1000,4,0.005414009,1
gwcs,../roman/.data/build21/r0000101001001001001_0001_wfi18_f158_cal.asdf,wfi18,eval,1000,5,0.005804554,1
gwcs,../roman/.data/build21/r0000101001001001001_0001_wfi18_f158_cal.asdf,wfi18,eval,1000,6,0.005408285,1
gwcs,../roman/.data/build21/r0000101001001001001_0001_wfi18_f158_cal.asdf,wfi18,eval,1000,7,0.005270450,1
gwcs,../roman/.data/build21/r0000101001001001001_0001_wfi18_f158_cal.asdf,wfi18,eval,1000,8,0.005728452,1
gwcs,../roman/.data/build21/r0000101001001001001_0001_wfi18_f158_cal.asdf,wfi18,eval,1000,9,0.005395420,1
gwcs,../roman/.data/build21/r0000101001001001001_0001_wfi18_f158_cal.asdf,wfi18,eval,1000,10,0.005267861,1
gwcs,../roman/.data/build21/r0000101001001001001_0001_wfi18_f158_cal.asdf,wfi18,eval,1000,11,0.005837729,1
gwcs,../roman/.data/build21/r0000101001001001001_0001_wfi18_f158_cal.asdf,wfi18,eval,1000,12,0.005464301,1
gwcs,../roman/.data/build21/r0000101001001001001_0001_wfi18_f158_cal.asdf,wfi18,eval,1000,13,0.005268943,1
gwcs,../roman/.data/build21/r0000101001001001001_0001_wfi18_f158_cal.asdf,wfi18,eval,1000,14,0.005647063,1
gwcs,../roman/.data/build21/r0000101001001001001_0001_wfi18_f158_cal.asdf,wfi18,eval,1000,15,0.005410785,1
gwcs,../roman/.data/build21/r0000101001001001001_0001_wfi18_f158_cal.asdf,wfi18,eval,1000,16,0.005427799,1
gwcs,../roman/.data/build21/r0000101001001001001_0001_wfi18_f158_cal.asdf,wfi18,eval,1000,17,0.005984863,1
gwcs,../roman/.data/build21/r0000101001001001001_0001_wfi18_f158_cal.asdf,wfi18,eval,1000,18,0.005572580,1
gwcs,../roman/.data/build21/r0000101001001001001_0001_wfi18_f158_cal.asdf,wfi18,eval,1000,19,0.005720227,1
gwcs,../roman/.data/build21/r0000101001001001001_0001_wfi18_f158_cal.asdf,wfi18,eval,10000,0,0.009971587,1
gwcs,../roman/.data/build21/r0000101001001001001_0001_wfi18_f158_cal.asdf,wfi18,eval,10000,1,0.008890206,1
gwcs,../roman/.data/build21/r0000101001001001001_0001_wfi18_f158_cal.asdf,wfi18,eval,10000,2,0.009156766,1
gwcs,../roman/.data/build21/r0000101001001001001_0001_wfi18_f158_cal.asdf,wfi18,eval,10000,3,0.009005611,1
gwcs,../roman/.data/build21/r0000101001001001001_0001_wfi18_f158_cal.asdf,wfi18,eval,10000,4,0.009124853,1
gwcs,../roman/.data/build21/r0000101001001001001_0001_wfi18_f158_cal.asdf,wfi18,eval,10000,5,0.009137481,1
gwcs,../roman/.data/build21/r0000101001001001001_0001_wfi18_f158_cal.asdf,wfi18,eval,10000,6,0.008999109,1
gwcs,../roman/.data/build21/r0000101001001001001_0001_wfi18_f158_cal.asdf,wfi18,eval,10000,7,0.009088659,1
gwcs,../roman/.data/build21/r0000101001001001001_0001_wfi18_f158_cal.asdf,wfi18,eval,10000,8,0.008965245,1
gwcs,../roman/.data/build21/r0000101001001001001_0001_wfi18_f158_cal.asdf,wfi18,eval,10000,9,0.009015706,1
gwcs,../roman/.data/build21/r0000101001001001001_0001_wfi18_f158_cal.asdf,wfi18,eval,100000,0,0.041192423,1
gwcs,../roman/.data/build21/r0000101001001001001_0001_wfi18_f158_cal.asdf,wfi18,eval,100000,1,0.039776716,1
gwcs,../roman/.data/build21/r0000101001001001001_0001_wfi18_f158_cal.asdf,wfi18,eval,100000,2,0.038890765,1
gwcs,../roman/.data/build21/r0000101001001001001_0001_wfi18_f158_cal.asdf,wfi18,eval,100000,3,0.040954348,1
gwcs,../roman/.data/build21/r0000101001001001001_0001_wfi18_f158_cal.asdf,wfi18,eval,100000,4,0.038388385,1
gwcs,../roman/.data/build21/r0000101001001001001_0001_wfi18_f158_cal.asdf,wfi18,eval,1000000,0,0.389697366,1
gwcs,../roman/.data/build21/r0000101001001001001_0001_wfi18_f158_cal.asdf,wfi18,eval,1000000,1,0.401148683,1
gwcs,../roman/.data/build21/r0000101001001001001_0001_wfi18_f158_cal.asdf,wfi18,eval,1000000,2,0.410754488,1
gwcs,../roman/.data/build21/r0000101001001001001_0001_wfi18_f158_cal.asdf,wfi18,eval,10000000,0,3.966177720,1
gwcs,../roman/.data/build21/r0000101001001001001_0001_wfi18_f158_cal.asdf,wfi18,eval,10000000,1,3.978259186,1
gwcs,../roman/.data/build21/r0000101001001001001_0001_wfi18_f158_cal.asdf,wfi18,eval,16711744,0,6.568779019,1
gwcs,../roman/.data/build21/r0000101001001001001_0001_wfi18_f158_cal.asdf,wfi18,eval,16711744,1,6.595075033,1
