library,file,detector,phase,n_points,rep,time_s,blas_threads
libasdf_gwcs,../roman/.data/build21/r0000101001001001001_0001_wfi01_f158_cal.asdf,wfi01,parse_cold,0,0,0.018853068,1
libasdf_gwcs,../roman/.data/build21/r0000101001001001001_0001_wfi01_f158_cal.asdf,wfi01,parse_hot,0,0,0.009591633,1
libasdf_gwcs,../roman/.data/build21/r0000101001001001001_0001_wfi01_f158_cal.asdf,wfi01,eval,1,0,0.000093954,1
libasdf_gwcs,../roman/.data/build21/r0000101001001001001_0001_wfi01_f158_cal.asdf,wfi01,eval,1,1,0.000053340,1
libasdf_gwcs,../roman/.data/build21/r0000101001001001001_0001_wfi01_f158_cal.asdf,wfi01,eval,1,2,0.000061226,1
libasdf_gwcs,../roman/.data/build21/r0000101001001001001_0001_wfi01_f158_cal.asdf,wfi01,eval,1,3,0.000051341,1
libasdf_gwcs,../roman/.data/build21/r0000101001001001001_0001_wfi01_f158_cal.asdf,wfi01,eval,1,4,0.000046788,1
libasdf_gwcs,../roman/.data/build21/r0000101001001001001_0001_wfi01_f158_cal.asdf,wfi01,eval,1,5,0.000045995,1
libasdf_gwcs,../roman/.data/build21/r0000101001001001001_0001_wfi01_f158_cal.asdf,wfi01,eval,1,6,0.000046122,1
libasdf_gwcs,../roman/.data/build21/r0000101001001001001_0001_wfi01_f158_cal.asdf,wfi01,eval,1,7,0.000046126,1
libasdf_gwcs,../roman/.data/build21/r0000101001001001001_0001_wfi01_f158_cal.asdf,wfi01,eval,1,8,0.000070125,1
libasdf_gwcs,../roman/.data/build21/r0000101001001001001_0001_wfi01_f158_cal.asdf,wfi01,eval,1,9,0.000063004,1
libasdf_gwcs,../roman/.data/build21/r0000101001001001001_0001_wfi01_f158_cal.asdf,wfi01,eval,1,10,0.000046410,1
libasdf_gwcs,../roman/.data/build21/r0000101001001001001_0001_wfi01_f158_cal.asdf,wfi01,eval,1,11,0.000045914,1
libasdf_gwcs,../roman/.data/build21/r0000101001001001001_0001_wfi01_f158_cal.asdf,wfi01,eval,1,12,0.000045923,1
libasdf_gwcs,../roman/.data/build21/r0000101001001001001_0001_wfi01_f158_cal.asdf,wfi01,eval,1,13,0.000046114,1
libasdf_gwcs,../roman/.data/build21/r0000101001001001001_0001_wfi01_f158_cal.asdf,wfi01,eval,1,14,0.000058921,1
libasdf_gwcs,../roman/.data/build21/r0000101001001001001_0001_wfi01_f158_cal.asdf,wfi01,eval,1,15,0.000064730,1
libasdf_gwcs,../roman/.data/build21/r0000101001001001001_0001_wfi01_f158_cal.asdf,wfi01,eval,1,16,0.000046103,1
libasdf_gwcs,../roman/.data/build21/r0000101001001001001_0001_wfi01_f158_cal.asdf,wfi01,eval,1,17,0.000044920,1
libasdf_gwcs,../roman/.data/build21/r0000101001001001001_0001_wfi01_f158_cal.asdf,wfi01,eval,1,18,0.000044620,1
libasdf_gwcs,../roman/.data/build21/r0000101001001001001_0001_wfi01_f158_cal.asdf,wfi01,eval,1,19,0.000044652,1
libasdf_gwcs,../roman/.data/build21/r0000101001001001001_0001_wfi01_f158_cal.asdf,wfi01,eval,1,20,0.000044511,1
libasdf_gwcs,../roman/.data/build21/r0000101001001001001_0001_wfi01_f158_cal.asdf,wfi01,eval,1,21,0.000044562,1
libasdf_gwcs,../roman/.data/build21/r0000101001001001001_0001_wfi01_f158_cal.asdf,wfi01,eval,1,22,0.000044800,1
libasdf_gwcs,../roman/.data/build21/r0000101001001001001_0001_wfi01_f158_cal.asdf,wfi01,eval,1,23,0.000044674,1
libasdf_gwcs,../roman/.data/build21/r0000101001001001001_0001_wfi01_f158_cal.asdf,wfi01,eval,1,24,0.000044661,1
libasdf_gwcs,../roman/.data/build21/r0000101001001001001_0001_wfi01_f158_cal.asdf,wfi01,eval,1,25,0.000044581,1
libasdf_gwcs,../roman/.data/build21/r0000101001001001001_0001_wfi01_f158_cal.asdf,wfi01,eval,1,26,0.000044682,1
libasdf_gwcs,../roman/.data/build21/r0000101001001001001_0001_wfi01_f158_cal.asdf,wfi01,eval,1,27,0.000044542,1
libasdf_gwcs,../roman/.data/build21/r0000101001001001001_0001_wfi01_f158_cal.asdf,wfi01,eval,1,28,0.000052810,1
libasdf_gwcs,../roman/.data/build21/r0000101001001001001_0001_wfi01_f158_cal.asdf,wfi01,eval,1,29,0.000044996,1
libasdf_gwcs,../roman/.data/build21/r0000101001001001001_0001_wfi01_f158_cal.asdf,wfi01,eval,1,30,0.000044544,1
libasdf_gwcs,../roman/.data/build21/r0000101001001001001_0001_wfi01_f158_cal.asdf,wfi01,eval,1,31,0.000044617,1
libasdf_gwcs,../roman/.data/build21/r0000101001001001001_0001_wfi01_f158_cal.asdf,wfi01,eval,1,32,0.000044598,1
libasdf_gwcs,../roman/.data/build21/r0000101001001001001_0001_wfi01_f158_cal.asdf,wfi01,eval,1,33,0.000044490,1
libasdf_gwcs,../roman/.data/build21/r0000101001001001001_0001_wfi01_f158_cal.asdf,wfi01,eval,1,34,0.000044871,1
libasdf_gwcs,../roman/.data/build21/r0000101001001001001_0001_wfi01_f158_cal.asdf,wfi01,eval,1,35,0.000044618,1
libasdf_gwcs,../roman/.data/build21/r0000101001001001001_0001_wfi01_f158_cal.asdf,wfi01,eval,1,36,0.000044586,1
libasdf_gwcs,../roman/.data/build21/r0000101001001001001_0001_wfi01_f158_cal.asdf,wfi01,eval,1,37,0.000046751,1
libasdf_gwcs,../roman/.data/build21/r0000101001001001001_0001_wfi01_f158_cal.asdf,wfi01,eval,1,38,0.000044850,1
libasdf_gwcs,../roman/.data/build21/r0000101001001001001_0001_wfi01_f158_cal.asdf,wfi01,eval,1,39,0.000044713,1
libasdf_gwcs,../roman/.data/build21/r0000101001001001001_0001_wfi01_f158_cal.asdf,wfi01,eval,1,40,0.000044568,1
libasdf_gwcs,../roman/.data/build21/r0000101001001001001_0001_wfi01_f158_cal.asdf,wfi01,eval,1,41,0.000044725,1
libasdf_gwcs,../roman/.data/build21/r0000101001001001001_0001_wfi01_f158_cal.asdf,wfi01,eval,1,42,0.000044926,1
libasdf_gwcs,../roman/.data/build21/r0000101001001001001_0001_wfi01_f158_cal.asdf,wfi01,eval,1,43,0.000044759,1
libasdf_gwcs,../roman/.data/build21/r0000101001001001001_0001_wfi01_f158_cal.asdf,wfi01,eval,1,44,0.000045244,1
libasdf_gwcs,../roman/.data/build21/r0000101001001001001_0001_wfi01_f158_cal.asdf,wfi01,eval,1,45,0.000044579,1
libasdf_gwcs,../roman/.data/build21/r0000101001001001001_0001_wfi01_f158_cal.asdf,wfi01,eval,1,46,0.000061966,1
libasdf_gwcs,../roman/.data/build21/r0000101001001001001_0001_wfi01_f158_cal.asdf,wfi01,eval,1,47,0.000049279,1
libasdf_gwcs,../roman/.data/build21/r0000101001001001001_0001_wfi01_f158_cal.asdf,wfi01,eval,1,48,0.000049420,1
libasdf_gwcs,../roman/.data/build21/r0000101001001001001_0001_wfi01_f158_cal.asdf,wfi01,eval,1,49,0.000058179,1
libasdf_gwcs,../roman/.data/build21/r0000101001001001001_0001_wfi01_f158_cal.asdf,wfi01,eval,10,0,0.000080574,1
libasdf_gwcs,../roman/.data/build21/r0000101001001001001_0001_wfi01_f158_cal.asdf,wfi01,eval,10,1,0.000055348,1
libasdf_gwcs,../roman/.data/build21/r0000101001001001001_0001_wfi01_f158_cal.asdf,wfi01,eval,10,2,0.000054491,1
libasdf_gwcs,../roman/.data/build21/r0000101001001001001_0001_wfi01_f158_cal.asdf,wfi01,eval,10,3,0.000098252,1
libasdf_gwcs,../roman/.data/build21/r0000101001001001001_0001_wfi01_f158_cal.asdf,wfi01,eval,10,4,0.000107942,1
libasdf_gwcs,../roman/.data/build21/r0000101001001001001_0001_wfi01_f158_cal.asdf,wfi01,eval,10,5,0.000121043,1
libasdf_gwcs,../roman/.data/build21/r0000101001001001001_0001_wfi01_f158_cal.asdf,wfi01,eval,10,6,0.000187202,1
libasdf_gwcs,../roman/.data/build21/r0000101001001001001_0001_wfi01_f158_cal.asdf,wfi01,eval,10,7,0.000126787,1
libasdf_gwcs,../roman/.data/build21/r0000101001001001001_0001_wfi01_f158_cal.asdf,wfi01,eval,10,8,0.000105815,1
libasdf_gwcs,../roman/.data/build21/r0000101001001001001_0001_wfi01_f158_cal.asdf,wfi01,eval,10,9,0.000103782,1
libasdf_gwcs,../roman/.data/build21/r0000101001001001001_0001_wfi01_f158_cal.asdf,wfi01,eval,10,10,0.000074787,1
libasdf_gwcs,../roman/.data/build21/r0000101001001001001_0001_wfi01_f158_cal.asdf,wfi01,eval,10,11,0.000055377,1
libasdf_gwcs,../roman/.data/build21/r0000101001001001001_0001_wfi01_f158_cal.asdf,wfi01,eval,10,12,0.000054889,1
libasdf_gwcs,../roman/.data/build21/r0000101001001001001_0001_wfi01_f158_cal.asdf,wfi01,eval,10,13,0.000054532,1
libasdf_gwcs,../roman/.data/build21/r0000101001001001001_0001_wfi01_f158_cal.asdf,wfi01,eval,10,14,0.000054562,1
libasdf_gwcs,../roman/.data/build21/r0000101001001001001_0001_wfi01_f158_cal.asdf,wfi01,eval,10,15,0.000054386,1
libasdf_gwcs,../roman/.data/build21/r0000101001001001001_0001_wfi01_f158_cal.asdf,wfi01,eval,10,16,0.000054388,1
libasdf_gwcs,../roman/.data/build21/r0000101001001001001_0001_wfi01_f158_cal.asdf,wfi01,eval,10,17,0.000054441,1
libasdf_gwcs,../roman/.data/build21/r0000101001001001001_0001_wfi01_f158_cal.asdf,wfi01,eval,10,18,0.000054346,1
libasdf_gwcs,../roman/.data/build21/r0000101001001001001_0001_wfi01_f158_cal.asdf,wfi01,eval,10,19,0.000054343,1
libasdf_gwcs,../roman/.data/build21/r0000101001001001001_0001_wfi01_f158_cal.asdf,wfi01,eval,10,20,0.000054237,1
libasdf_gwcs,../roman/.data/build21/r0000101001001001001_0001_wfi01_f158_cal.asdf,wfi01,eval,10,21,0.000054279,1
libasdf_gwcs,../roman/.data/build21/r0000101001001001001_0001_wfi01_f158_cal.asdf,wfi01,eval,10,22,0.000054573,1
libasdf_gwcs,../roman/.data/build21/r0000101001001001001_0001_wfi01_f158_cal.asdf,wfi01,eval,10,23,0.000054467,1
libasdf_gwcs,../roman/.data/build21/r0000101001001001001_0001_wfi01_f158_cal.asdf,wfi01,eval,10,24,0.000054361,1
libasdf_gwcs,../roman/.data/build21/r0000101001001001001_0001_wfi01_f158_cal.asdf,wfi01,eval,10,25,0.000067212,1
libasdf_gwcs,../roman/.data/build21/r0000101001001001001_0001_wfi01_f158_cal.asdf,wfi01,eval,10,26,0.000065372,1
libasdf_gwcs,../roman/.data/build21/r0000101001001001001_0001_wfi01_f158_cal.asdf,wfi01,eval,10,27,0.000047961,1
libasdf_gwcs,../roman/.data/build21/r0000101001001001001_0001_wfi01_f158_cal.asdf,wfi01,eval,10,28,0.000048240,1
libasdf_gwcs,../roman/.data/build21/r0000101001001001001_0001_wfi01_f158_cal.asdf,wfi01,eval,10,29,0.000047934,1
libasdf_gwcs,../roman/.data/build21/r0000101001001001001_0001_wfi01_f158_cal.asdf,wfi01,eval,10,30,0.000047928,1
libasdf_gwcs,../roman/.data/build21/r0000101001001001001_0001_wfi01_f158_cal.asdf,wfi01,eval,10,31,0.000048276,1
libasdf_gwcs,../roman/.data/build21/r0000101001001001001_0001_wfi01_f158_cal.asdf,wfi01,eval,10,32,0.000048228,1
libasdf_gwcs,../roman/.data/build21/r0000101001001001001_0001_wfi01_f158_cal.asdf,wfi01,eval,10,33,0.000047795,1
libasdf_gwcs,../roman/.data/build21/r0000101001001001001_0001_wfi01_f158_cal.asdf,wfi01,eval,10,34,0.000070432,1
libasdf_gwcs,../roman/.data/build21/r0000101001001001001_0001_wfi01_f158_cal.asdf,wfi01,eval,10,35,0.000054437,1
libasdf_gwcs,../roman/.data/build21/r0000101001001001001_0001_wfi01_f158_cal.asdf,wfi01,eval,10,36,0.000067715,1
libasdf_gwcs,../roman/.data/build21/r0000101001001001001_0001_wfi01_f158_cal.asdf,wfi01,eval,10,37,0.000056635,1
libasdf_gwcs,../roman/.data/build21/r0000101001001001001_0001_wfi01_f158_cal.asdf,wfi01,eval,10,38,0.000067460,1
libasdf_gwcs,../roman/.data/build21/r0000101001001001001_0001_wfi01_f158_cal.asdf,wfi01,eval,10,39,0.000048121,1
libasdf_gwcs,../roman/.data/build21/r0000101001001001001_0001_wfi01_f158_cal.asdf,wfi01,eval,10,40,0.000048143,1
libasdf_gwcs,../roman/.data/build21/r0000101001001001001_0001_wfi01_f158_cal.asdf,wfi01,eval,10,41,0.000047809,1
libasdf_gwcs,../roman/.data/build21/r0000101001001001001_0001_wfi01_f158_cal.asdf,wfi01,eval,10,42,0.000091841,1
libasdf_gwcs,../roman/.data/build21/r0000101001001001001_0001_wfi01_f158_cal.asdf,wfi01,eval,10,43,0.000070821,1
libasdf_gwcs,../roman/.data/build21/r0000101001001001001_0001_wfi01_f158_cal.asdf,wfi01,eval,10,44,0.000047904,1
libasdf_gwcs,../roman/.data/build21/r0000101001001001001_0001_wfi01_f158_cal.asdf,wfi01,eval,10,45,0.000047878,1
libasdf_gwcs,../roman/.data/build21/r0000101001001001001_0001_wfi01_f158_cal.asdf,wfi01,eval,10,46,0.000047938,1
libasdf_gwcs,../roman/.data/build21/r0000101001001001001_0001_wfi01_f158_cal.asdf,wfi01,eval,10,47,0.000047874,1
libasdf_gwcs,../roman/.data/build21/r0000101001001001001_0001_wfi01_f158_cal.asdf,wfi01,eval,10,48,0.000073643,1
libasdf_gwcs,../roman/.data/build21/r0000101001001001001_0001_wfi01_f158_cal.asdf,wfi01,eval,10,49,0.000054461,1
libasdf_gwcs,../roman/.data/build21/r0000101001001001001_0001_wfi01_f158_cal.asdf,wfi01,eval,100,0,0.000294095,1
libasdf_gwcs,../roman/.data/build21/r0000101001001001001_0001_wfi01_f158_cal.asdf,wfi01,eval,100,1,0.000169346,1
libasdf_gwcs,../roman/.data/build21/r0000101001001001001_0001_wfi01_f158_cal.asdf,wfi01,eval,100,2,0.000161422,1
libasdf_gwcs,../roman/.data/build21/r0000101001001001001_0001_wfi01_f158_cal.asdf,wfi01,eval,100,3,0.000090876,1
libasdf_gwcs,../roman/.data/build21/r0000101001001001001_0001_wfi01_f158_cal.asdf,wfi01,eval,100,4,0.000089823,1
libasdf_gwcs,../roman/.data/build21/r0000101001001001001_0001_wfi01_f158_cal.asdf,wfi01,eval,100,5,0.000089117,1
libasdf_gwcs,../roman/.data/build21/r0000101001001001001_0001_wfi01_f158_cal.asdf,wfi01,eval,100,6,0.000088170,1
libasdf_gwcs,../roman/.data/build21/r0000101001001001001_0001_wfi01_f158_cal.asdf,wfi01,eval,100,7,0.000088176,1
libasdf_gwcs,../roman/.data/build21/r0000101001001001001_0001_wfi01_f158_cal.asdf,wfi01,eval,100,8,0.000087887,1
libasdf_gwcs,../roman/.data/build21/r0000101001001001001_0001_wfi01_f158_cal.asdf,wfi01,eval,100,9,0.000134580,1
libasdf_gwcs,../roman/.data/build21/r0000101001001001001_0001_wfi01_f158_cal.asdf,wfi01,eval,100,10,0.000088258,1
libasdf_gwcs,../roman/.data/build21/r0000101001001001001_0001_wfi01_f158_cal.asdf,wfi01,eval,100,11,0.000088281,1
libasdf_gwcs,../roman/.data/build21/r0000101001001001001_0001_wfi01_f158_cal.asdf,wfi01,eval,100,12,0.000140319,1
libasdf_gwcs,../roman/.data/build21/r0000101001001001001_0001_wfi01_f158_cal.asdf,wfi01,eval,100,13,0.000094162,1
libasdf_gwcs,../roman/.data/build21/r0000101001001001001_0001_wfi01_f158_cal.asdf,wfi01,eval,100,14,0.000094111,1
libasdf_gwcs,../roman/.data/build21/r0000101001001001001_0001_wfi01_f158_cal.asdf,wfi01,eval,100,15,0.000131864,1
libasdf_gwcs,../roman/.data/build21/r0000101001001001001_0001_wfi01_f158_cal.asdf,wfi01,eval,100,16,0.000088369,1
libasdf_gwcs,../roman/.data/build21/r0000101001001001001_0001_wfi01_f158_cal.asdf,wfi01,eval,100,17,0.000088298,1
libasdf_gwcs,../roman/.data/build21/r0000101001001001001_0001_wfi01_f158_cal.asdf,wfi01,eval,100,18,0.000088458,1
libasdf_gwcs,../roman/.data/build21/r0000101001001001001_0001_wfi01_f158_cal.asdf,wfi01,eval,100,19,0.000088792,1
libasdf_gwcs,../roman/.data/build21/r0000101001001001001_0001_wfi01_f158_cal.asdf,wfi01,eval,100,20,0.000088767,1
libasdf_gwcs,../roman/.data/build21/r0000101001001001001_0001_wfi01_f158_cal.asdf,wfi01,eval,100,21,0.000117236,1
libasdf_gwcs,../roman/.data/build21/r0000101001001001001_0001_wfi01_f158_cal.asdf,wfi01,eval,100,22,0.000235746,1
libasdf_gwcs,../roman/.data/build21/r0000101001001001001_0001_wfi01_f158_cal.asdf,wfi01,eval,100,23,0.000193018,1
libasdf_gwcs,../roman/.data/build21/r0000101001001001001_0001_wfi01_f158_cal.asdf,wfi01,eval,100,24,0.000109826,1
libasdf_gwcs,../roman/.data/build21/r0000101001001001001_0001_wfi01_f158_cal.asdf,wfi01,eval,100,25,0.000122781,1
libasdf_gwcs,../roman/.data/build21/r0000101001001001001_0001_wfi01_f158_cal.asdf,wfi01,eval,100,26,0.000116977,1
libasdf_gwcs,../roman/.data/build21/r0000101001001001001_0001_wfi01_f158_cal.asdf,wfi01,eval,100,27,0.000110949,1
libasdf_gwcs,../roman/.data/build21/r0000101001001001001_0001_wfi01_f158_cal.asdf,wfi01,eval,100,28,0.000093803,1
libasdf_gwcs,../roman/.data/build21/r0000101001001001001_0001_wfi01_f158_cal.asdf,wfi01,eval,100,29,0.000178651,1
libasdf_gwcs,../roman/.data/build21/r0000101001001001001_0001_wfi01_f158_cal.asdf,wfi01,eval,1000,0,0.000922304,1
libasdf_gwcs,../roman/.data/build21/r0000101001001001001_0001_wfi01_f158_cal.asdf,wfi01,eval,1000,1,0.000887556,1
libasdf_gwcs,../roman/.data/build21/r0000101001001001001_0001_wfi01_f158_cal.asdf,wfi01,eval,1000,2,0.000676067,1
libasdf_gwcs,../roman/.data/build21/r0000101001001001001_0001_wfi01_f158_cal.asdf,wfi01,eval,1000,3,0.000841536,1
libasdf_gwcs,../roman/.data/build21/r0000101001001001001_0001_wfi01_f158_cal.asdf,wfi01,eval,1000,4,0.000570660,1
libasdf_gwcs,../roman/.data/build21/r0000101001001001001_0001_wfi01_f158_cal.asdf,wfi01,eval,1000,5,0.000463583,1
libasdf_gwcs,../roman/.data/build21/r0000101001001001001_0001_wfi01_f158_cal.asdf,wfi01,eval,1000,6,0.000511220,1
libasdf_gwcs,../roman/.data/build21/r0000101001001001001_0001_wfi01_f158_cal.asdf,wfi01,eval,1000,7,0.000456588,1
libasdf_gwcs,../roman/.data/build21/r0000101001001001001_0001_wfi01_f158_cal.asdf,wfi01,eval,1000,8,0.000490820,1
libasdf_gwcs,../roman/.data/build21/r0000101001001001001_0001_wfi01_f158_cal.asdf,wfi01,eval,1000,9,0.000478283,1
libasdf_gwcs,../roman/.data/build21/r0000101001001001001_0001_wfi01_f158_cal.asdf,wfi01,eval,1000,10,0.000460234,1
libasdf_gwcs,../roman/.data/build21/r0000101001001001001_0001_wfi01_f158_cal.asdf,wfi01,eval,1000,11,0.000505120,1
libasdf_gwcs,../roman/.data/build21/r0000101001001001001_0001_wfi01_f158_cal.asdf,wfi01,eval,1000,12,0.000546723,1
libasdf_gwcs,../roman/.data/build21/r0000101001001001001_0001_wfi01_f158_cal.asdf,wfi01,eval,1000,13,0.000529005,1
libasdf_gwcs,../roman/.data/build21/r0000101001001001001_0001_wfi01_f158_cal.asdf,wfi01,eval,1000,14,0.000513675,1
libasdf_gwcs,../roman/.data/build21/r0000101001001001001_0001_wfi01_f158_cal.asdf,wfi01,eval,10000,0,0.006803288,1
libasdf_gwcs,../roman/.data/build21/r0000101001001001001_0001_wfi01_f158_cal.asdf,wfi01,eval,10000,1,0.005548866,1
libasdf_gwcs,../roman/.data/build21/r0000101001001001001_0001_wfi01_f158_cal.asdf,wfi01,eval,10000,2,0.005215629,1
libasdf_gwcs,../roman/.data/build21/r0000101001001001001_0001_wfi01_f158_cal.asdf,wfi01,eval,10000,3,0.006002584,1
libasdf_gwcs,../roman/.data/build21/r0000101001001001001_0001_wfi01_f158_cal.asdf,wfi01,eval,10000,4,0.005605402,1
libasdf_gwcs,../roman/.data/build21/r0000101001001001001_0001_wfi01_f158_cal.asdf,wfi01,eval,10000,5,0.005316123,1
libasdf_gwcs,../roman/.data/build21/r0000101001001001001_0001_wfi01_f158_cal.asdf,wfi01,eval,10000,6,0.005987844,1
libasdf_gwcs,../roman/.data/build21/r0000101001001001001_0001_wfi01_f158_cal.asdf,wfi01,eval,10000,7,0.005412173,1
libasdf_gwcs,../roman/.data/build21/r0000101001001001001_0001_wfi01_f158_cal.asdf,wfi01,eval,100000,0,0.056397424,1
libasdf_gwcs,../roman/.data/build21/r0000101001001001001_0001_wfi01_f158_cal.asdf,wfi01,eval,100000,1,0.058430282,1
libasdf_gwcs,../roman/.data/build21/r0000101001001001001_0001_wfi01_f158_cal.asdf,wfi01,eval,100000,2,0.053530104,1
libasdf_gwcs,../roman/.data/build21/r0000101001001001001_0001_wfi01_f158_cal.asdf,wfi01,eval,100000,3,0.053649398,1
libasdf_gwcs,../roman/.data/build21/r0000101001001001001_0001_wfi01_f158_cal.asdf,wfi01,eval,100000,4,0.053895647,1
libasdf_gwcs,../roman/.data/build21/r0000101001001001001_0001_wfi01_f158_cal.asdf,wfi01,eval,1000000,0,0.551070695,1
libasdf_gwcs,../roman/.data/build21/r0000101001001001001_0001_wfi01_f158_cal.asdf,wfi01,eval,1000000,1,0.546366922,1
libasdf_gwcs,../roman/.data/build21/r0000101001001001001_0001_wfi01_f158_cal.asdf,wfi01,eval,1000000,2,0.554413628,1
libasdf_gwcs,../roman/.data/build21/r0000101001001001001_0001_wfi01_f158_cal.asdf,wfi01,eval,10000000,0,5.635378518,1
libasdf_gwcs,../roman/.data/build21/r0000101001001001001_0001_wfi01_f158_cal.asdf,wfi01,eval,10000000,1,5.503779182,1
libasdf_gwcs,../roman/.data/build21/r0000101001001001001_0001_wfi01_f158_cal.asdf,wfi01,eval,16711744,0,9.407458400,1
libasdf_gwcs,../roman/.data/build21/r0000101001001001001_0001_wfi01_f158_cal.asdf,wfi01,eval,16711744,1,9.349752992,1
libasdf_gwcs,../roman/.data/build21/r0000101001001001001_0001_wfi02_f158_cal.asdf,wfi02,parse_cold,0,0,0.097412709,1
libasdf_gwcs,../roman/.data/build21/r0000101001001001001_0001_wfi02_f158_cal.asdf,wfi02,parse_hot,0,0,0.012648370,1
libasdf_gwcs,../roman/.data/build21/r0000101001001001001_0001_wfi02_f158_cal.asdf,wfi02,eval,1,0,0.000066090,1
libasdf_gwcs,../roman/.data/build21/r0000101001001001001_0001_wfi02_f158_cal.asdf,wfi02,eval,1,1,0.000055350,1
libasdf_gwcs,../roman/.data/build21/r0000101001001001001_0001_wfi02_f158_cal.asdf,wfi02,eval,1,2,0.000061926,1
libasdf_gwcs,../roman/.data/build21/r0000101001001001001_0001_wfi02_f158_cal.asdf,wfi02,eval,1,3,0.000066432,1
libasdf_gwcs,../roman/.data/build21/r0000101001001001001_0001_wfi02_f158_cal.asdf,wfi02,eval,1,4,0.000051364,1
libasdf_gwcs,../roman/.data/build21/r0000101001001001001_0001_wfi02_f158_cal.asdf,wfi02,eval,1,5,0.000051137,1
libasdf_gwcs,../roman/.data/build21/r0000101001001001001_0001_wfi02_f158_cal.asdf,wfi02,eval,1,6,0.000050548,1
libasdf_gwcs,../roman/.data/build21/r0000101001001001001_0001_wfi02_f158_cal.asdf,wfi02,eval,1,7,0.000050245,1
libasdf_gwcs,../roman/.data/build21/r0000101001001001001_0001_wfi02_f158_cal.asdf,wfi02,eval,1,8,0.000050647,1
libasdf_gwcs,../roman/.data/build21/r0000101001001001001_0001_wfi02_f158_cal.asdf,wfi02,eval,1,9,0.000050372,1
libasdf_gwcs,../roman/.data/build21/r0000101001001001001_0001_wfi02_f158_cal.asdf,wfi02,eval,1,10,0.000050531,1
libasdf_gwcs,../roman/.data/build21/r0000101001001001001_0001_wfi02_f158_cal.asdf,wfi02,eval,1,11,0.000050572,1
libasdf_gwcs,../roman/.data/build21/r0000101001001001001_0001_wfi02_f158_cal.asdf,wfi02,eval,1,12,0.000050587,1
libasdf_gwcs,../roman/.data/build21/r0000101001001001001_0001_wfi02_f158_cal.asdf,wfi02,eval,1,13,0.000062369,1
libasdf_gwcs,../roman/.data/build21/r0000101001001001001_0001_wfi02_f158_cal.asdf,wfi02,eval,1,14,0.000044361,1
libasdf_gwcs,../roman/.data/build21/r0000101001001001001_0001_wfi02_f158_cal.asdf,wfi02,eval,1,15,0.000044295,1
libasdf_gwcs,../roman/.data/build21/r0000101001001001001_0001_wfi02_f158_cal.asdf,wfi02,eval,1,16,0.000044424,1
libasdf_gwcs,../roman/.data/build21/r0000101001001001001_0001_wfi02_f158_cal.asdf,wfi02,eval,1,17,0.000044603,1
libasdf_gwcs,../roman/.data/build21/r0000101001001001001_0001_wfi02_f158_cal.asdf,wfi02,eval,1,18,0.000044286,1
libasdf_gwcs,../roman/.data/build21/r0000101001001001001_0001_wfi02_f158_cal.asdf,wfi02,eval,1,19,0.000044492,1
libasdf_gwcs,../roman/.data/build21/r0000101001001001001_0001_wfi02_f158_cal.asdf,wfi02,eval,1,20,0.000044464,1
libasdf_gwcs,../roman/.data/build21/r0000101001001001001_0001_wfi02_f158_cal.asdf,wfi02,eval,1,21,0.000044448,1
libasdf_gwcs,../roman/.data/build21/r0000101001001001001_0001_wfi02_f158_cal.asdf,wfi02,eval,1,22,0.000044197,1
libasdf_gwcs,../roman/.data/build21/r0000101001001001001_0001_wfi02_f158_cal.asdf,wfi02,eval,1,23,0.000051699,1
libasdf_gwcs,../roman/.data/build21/r0000101001001001001_0001_wfi02_f158_cal.asdf,wfi02,eval,1,24,0.000044863,1
libasdf_gwcs,../roman/.data/build21/r0000101001001001001_0001_wfi02_f158_cal.asdf,wfi02,eval,1,25,0.000044521,1
libasdf_gwcs,../roman/.data/build21/r0000101001001001001_0001_wfi02_f158_cal.asdf,wfi02,eval,1,26,0.000044424,1
libasdf_gwcs,../roman/.data/build21/r0000101001001001001_0001_wfi02_f158_cal.asdf,wfi02,eval,1,27,0.000044553,1
libasdf_gwcs,../roman/.data/build21/r0000101001001001001_0001_wfi02_f158_cal.asdf,wfi02,eval,1,28,0.000044296,1
libasdf_gwcs,../roman/.data/build21/r0000101001001001001_0001_wfi02_f158_cal.asdf,wfi02,eval,1,29,0.000044430,1
libasdf_gwcs,../roman/.data/build21/r0000101001001001001_0001_wfi02_f158_cal.asdf,wfi02,eval,1,30,0.000044411,1
libasdf_gwcs,../roman/.data/build21/r0000101001001001001_0001_wfi02_f158_cal.asdf,wfi02,eval,1,31,0.000044189,1
libasdf_gwcs,../roman/.data/build21/r0000101001001001001_0001_wfi02_f158_cal.asdf,wfi02,eval,1,32,0.000044247,1
libasdf_gwcs,../roman/.data/build21/r0000101001001001001_0001_wfi02_f158_cal.asdf,wfi02,eval,1,33,0.000044459,1
libasdf_gwcs,../roman/.data/build21/r0000101001001001001_0001_wfi02_f158_cal.asdf,wfi02,eval,1,34,0.000044233,1
libasdf_gwcs,../roman/.data/build21/r0000101001001001001_0001_wfi02_f158_cal.asdf,wfi02,eval,1,35,0.000044321,1
libasdf_gwcs,../roman/.data/build21/r0000101001001001001_0001_wfi02_f158_cal.asdf,wfi02,eval,1,36,0.000044418,1
libasdf_gwcs,../roman/.data/build21/r0000101001001001001_0001_wfi02_f158_cal.asdf,wfi02,eval,1,37,0.000046136,1
libasdf_gwcs,../roman/.data/build21/r0000101001001001001_0001_wfi02_f158_cal.asdf,wfi02,eval,1,38,0.000044727,1
libasdf_gwcs,../roman/.data/build21/r0000101001001001001_0001_wfi02_f158_cal.asdf,wfi02,eval,1,39,0.000044676,1
libasdf_gwcs,../roman/.data/build21/r0000101001001001001_0001_wfi02_f158_cal.asdf,wfi02,eval,1,40,0.000044395,1
libasdf_gwcs,../roman/.data/build21/r0000101001001001001_0001_wfi02_f158_cal.asdf,wfi02,eval,1,41,0.000044611,1
libasdf_gwcs,../roman/.data/build21/r0000101001001001001_0001_wfi02_f158_cal.asdf,wfi02,eval,1,42,0.000044578,1
libasdf_gwcs,../roman/.data/build21/r0000101001001001001_0001_wfi02_f158_cal.asdf,wfi02,eval,1,43,0.000044502,1
libasdf_gwcs,../roman/.data/build21/r0000101001001001001_0001_wfi02_f158_cal.asdf,wfi02,eval,1,44,0.000104940,1
libasdf_gwcs,../roman/.data/build21/r0000101001001001001_0001_wfi02_f158_cal.asdf,wfi02,eval,1,45,0.000045382,1
libasdf_gwcs,../roman/.data/build21/r0000101001001001001_0001_wfi02_f158_cal.asdf,wfi02,eval,1,46,0.000044404,1
libasdf_gwcs,../roman/.data/build21/r0000101001001001001_0001_wfi02_f158_cal.asdf,wfi02,eval,1,47,0.000044570,1
libasdf_gwcs,../roman/.data/build21/r0000101001001001001_0001_wfi02_f158_cal.asdf,wfi02,eval,1,48,0.000044728,1
libasdf_gwcs,../roman/.data/build21/r0000101001001001001_0001_wfi02_f158_cal.asdf,wfi02,eval,1,49,0.000044485,1
libasdf_gwcs,../roman/.data/build21/r0000101001001001001_0001_wfi02_f158_cal.asdf,wfi02,eval,10,0,0.000256896,1
libasdf_gwcs,../roman/.data/build21/r0000101001001001001_0001_wfi02_f158_cal.asdf,wfi02,eval,10,1,0.000110544,1
libasdf_gwcs,../roman/.data/build21/r0000101001001001001_0001_wfi02_f158_cal.asdf,wfi02,eval,10,2,0.000118176,1
libasdf_gwcs,../roman/.data/build21/r0000101001001001001_0001_wfi02_f158_cal.asdf,wfi02,eval,10,3,0.000206534,1
libasdf_gwcs,../roman/.data/build21/r0000101001001001001_0001_wfi02_f158_cal.asdf,wfi02,eval,10,4,0.000073056,1
libasdf_gwcs,../roman/.data/build21/r0000101001001001001_0001_wfi02_f158_cal.asdf,wfi02,eval,10,5,0.000049492,1
libasdf_gwcs,../roman/.data/build21/r0000101001001001001_0001_wfi02_f158_cal.asdf,wfi02,eval,10,6,0.000049351,1
libasdf_gwcs,../roman/.data/build21/r0000101001001001001_0001_wfi02_f158_cal.asdf,wfi02,eval,10,7,0.000049094,1
libasdf_gwcs,../roman/.data/build21/r0000101001001001001_0001_wfi02_f158_cal.asdf,wfi02,eval,10,8,0.000049100,1
libasdf_gwcs,../roman/.data/build21/r0000101001001001001_0001_wfi02_f158_cal.asdf,wfi02,eval,10,9,0.000076249,1
libasdf_gwcs,../roman/.data/build21/r0000101001001001001_0001_wfi02_f158_cal.asdf,wfi02,eval,10,10,0.000084323,1
libasdf_gwcs,../roman/.data/build21/r0000101001001001001_0001_wfi02_f158_cal.asdf,wfi02,eval,10,11,0.000085631,1
libasdf_gwcs,../roman/.data/build21/r0000101001001001001_0001_wfi02_f158_cal.asdf,wfi02,eval,10,12,0.000051376,1
libasdf_gwcs,../roman/.data/build21/r0000101001001001001_0001_wfi02_f158_cal.asdf,wfi02,eval,10,13,0.000049448,1
libasdf_gwcs,../roman/.data/build21/r0000101001001001001_0001_wfi02_f158_cal.asdf,wfi02,eval,10,14,0.000049340,1
libasdf_gwcs,../roman/.data/build21/r0000101001001001001_0001_wfi02_f158_cal.asdf,wfi02,eval,10,15,0.000049088,1
libasdf_gwcs,../roman/.data/build21/r0000101001001001001_0001_wfi02_f158_cal.asdf,wfi02,eval,10,16,0.000048975,1
libasdf_gwcs,../roman/.data/build21/r0000101001001001001_0001_wfi02_f158_cal.asdf,wfi02,eval,10,17,0.000049187,1
libasdf_gwcs,../roman/.data/build21/r0000101001001001001_0001_wfi02_f158_cal.asdf,wfi02,eval,10,18,0.000049041,1
libasdf_gwcs,../roman/.data/build21/r0000101001001001001_0001_wfi02_f158_cal.asdf,wfi02,eval,10,19,0.000049072,1
libasdf_gwcs,../roman/.data/build21/r0000101001001001001_0001_wfi02_f158_cal.asdf,wfi02,eval,10,20,0.000049132,1
libasdf_gwcs,../roman/.data/build21/r0000101001001001001_0001_wfi02_f158_cal.asdf,wfi02,eval,10,21,0.000089080,1
libasdf_gwcs,../roman/.data/build21/r0000101001001001001_0001_wfi02_f158_cal.asdf,wfi02,eval,10,22,0.000066895,1
libasdf_gwcs,../roman/.data/build21/r0000101001001001001_0001_wfi02_f158_cal.asdf,wfi02,eval,10,23,0.000049524,1
libasdf_gwcs,../roman/.data/build21/r0000101001001001001_0001_wfi02_f158_cal.asdf,wfi02,eval,10,24,0.000049083,1
libasdf_gwcs,../roman/.data/build21/r0000101001001001001_0001_wfi02_f158_cal.asdf,wfi02,eval,10,25,0.000049080,1
libasdf_gwcs,../roman/.data/build21/r0000101001001001001_0001_wfi02_f158_cal.asdf,wfi02,eval,10,26,0.000049181,1
libasdf_gwcs,../roman/.data/build21/r0000101001001001001_0001_wfi02_f158_cal.asdf,wfi02,eval,10,27,0.000049047,1
libasdf_gwcs,../roman/.data/build21/r0000101001001001001_0001_wfi02_f158_cal.asdf,wfi02,eval,10,28,0.000048995,1
libasdf_gwcs,../roman/.data/build21/r0000101001001001001_0001_wfi02_f158_cal.asdf,wfi02,eval,10,29,0.000048869,1
libasdf_gwcs,../roman/.data/build21/r0000101001001001001_0001_wfi02_f158_cal.asdf,wfi02,eval,10,30,0.000048963,1
libasdf_gwcs,../roman/.data/build21/r0000101001001001001_0001_wfi02_f158_cal.asdf,wfi02,eval,10,31,0.000049107,1
libasdf_gwcs,../roman/.data/build21/r0000101001001001001_0001_wfi02_f158_cal.asdf,wfi02,eval,10,32,0.000049046,1
libasdf_gwcs,../roman/.data/build21/r0000101001001001001_0001_wfi02_f158_cal.asdf,wfi02,eval,10,33,0.000048970,1
libasdf_gwcs,../roman/.data/build21/r0000101001001001001_0001_wfi02_f158_cal.asdf,wfi02,eval,10,34,0.000049122,1
libasdf_gwcs,../roman/.data/build21/r0000101001001001001_0001_wfi02_f158_cal.asdf,wfi02,eval,10,35,0.000048822,1
libasdf_gwcs,../roman/.data/build21/r0000101001001001001_0001_wfi02_f158_cal.asdf,wfi02,eval,10,36,0.000049086,1
libasdf_gwcs,../roman/.data/build21/r0000101001001001001_0001_wfi02_f158_cal.asdf,wfi02,eval,10,37,0.000051034,1
libasdf_gwcs,../roman/.data/build21/r0000101001001001001_0001_wfi02_f158_cal.asdf,wfi02,eval,10,38,0.000049908,1
libasdf_gwcs,../roman/.data/build21/r0000101001001001001_0001_wfi02_f158_cal.asdf,wfi02,eval,10,39,0.000094985,1
libasdf_gwcs,../roman/.data/build21/r0000101001001001001_0001_wfi02_f158_cal.asdf,wfi02,eval,10,40,0.000091485,1
libasdf_gwcs,../roman/.data/build21/r0000101001001001001_0001_wfi02_f158_cal.asdf,wfi02,eval,10,41,0.000108148,1
libasdf_gwcs,../roman/.data/build21/r0000101001001001001_0001_wfi02_f158_cal.asdf,wfi02,eval,10,42,0.000050050,1
libasdf_gwcs,../roman/.data/build21/r0000101001001001001_0001_wfi02_f158_cal.asdf,wfi02,eval,10,43,0.000049138,1
libasdf_gwcs,../roman/.data/build21/r0000101001001001001_0001_wfi02_f158_cal.asdf,wfi02,eval,10,44,0.000049235,1
libasdf_gwcs,../roman/.data/build21/r0000101001001001001_0001_wfi02_f158_cal.asdf,wfi02,eval,10,45,0.000049091,1
libasdf_gwcs,../roman/.data/build21/r0000101001001001001_0001_wfi02_f158_cal.asdf,wfi02,eval,10,46,0.000049377,1
libasdf_gwcs,../roman/.data/build21/r0000101001001001001_0001_wfi02_f158_cal.asdf,wfi02,eval,10,47,0.000049141,1
libasdf_gwcs,../roman/.data/build21/r0000101001001001001_0001_wfi02_f158_cal.asdf,wfi02,eval,10,48,0.000049002,1
libasdf_gwcs,../roman/.data/build21/r0000101001001001001_0001_wfi02_f158_cal.asdf,wfi02,eval,10,49,0.000062846,1
libasdf_gwcs,../roman/.data/build21/r0000101001001001001_0001_wfi02_f158_cal.asdf,wfi02,eval,100,0,0.000392564,1
libasdf_gwcs,../roman/.data/build21/r0000101001001001001_0001_wfi02_f158_cal.asdf,wfi02,eval,100,1,0.000126734,1
libasdf_gwcs,../roman/.data/build21/r0000101001001001001_0001_wfi02_f158_cal.asdf,wfi02,eval,100,2,0.000083450,1
libasdf_gwcs,../roman/.data/build21/r0000101001001001001_0001_wfi02_f158_cal.asdf,wfi02,eval,100,3,0.000082055,1
libasdf_gwcs,../roman/.data/build21/r0000101001001001001_0001_wfi02_f158_cal.asdf,wfi02,eval,100,4,0.000081428,1
libasdf_gwcs,../roman/.data/build21/r0000101001001001001_0001_wfi02_f158_cal.asdf,wfi02,eval,100,5,0.000081053,1
libasdf_gwcs,../roman/.data/build21/r0000101001001001001_0001_wfi02_f158_cal.asdf,wfi02,eval,100,6,0.000081101,1
libasdf_gwcs,../roman/.data/build21/r0000101001001001001_0001_wfi02_f158_cal.asdf,wfi02,eval,100,7,0.000081053,1
libasdf_gwcs,../roman/.data/build21/r0000101001001001001_0001_wfi02_f158_cal.asdf,wfi02,eval,100,8,0.000081347,1
libasdf_gwcs,../roman/.data/build21/r0000101001001001001_0001_wfi02_f158_cal.asdf,wfi02,eval,100,9,0.000080989,1
libasdf_gwcs,../roman/.data/build21/r0000101001001001001_0001_wfi02_f158_cal.asdf,wfi02,eval,100,10,0.000081061,1
libasdf_gwcs,../roman/.data/build21/r0000101001001001001_0001_wfi02_f158_cal.asdf,wfi02,eval,100,11,0.000120410,1
libasdf_gwcs,../roman/.data/build21/r0000101001001001001_0001_wfi02_f158_cal.asdf,wfi02,eval,100,12,0.000121202,1
libasdf_gwcs,../roman/.data/build21/r0000101001001001001_0001_wfi02_f158_cal.asdf,wfi02,eval,100,13,0.000081392,1
libasdf_gwcs,../roman/.data/build21/r0000101001001001001_0001_wfi02_f158_cal.asdf,wfi02,eval,100,14,0.000081172,1
libasdf_gwcs,../roman/.data/build21/r0000101001001001001_0001_wfi02_f158_cal.asdf,wfi02,eval,100,15,0.000081277,1
libasdf_gwcs,../roman/.data/build21/r0000101001001001001_0001_wfi02_f158_cal.asdf,wfi02,eval,100,16,0.000101725,1
libasdf_gwcs,../roman/.data/build21/r0000101001001001001_0001_wfi02_f158_cal.asdf,wfi02,eval,100,17,0.000126861,1
libasdf_gwcs,../roman/.data/build21/r0000101001001001001_0001_wfi02_f158_cal.asdf,wfi02,eval,100,18,0.000083622,1
libasdf_gwcs,../roman/.data/build21/r0000101001001001001_0001_wfi02_f158_cal.asdf,wfi02,eval,100,19,0.000081702,1
libasdf_gwcs,../roman/.data/build21/r0000101001001001001_0001_wfi02_f158_cal.asdf,wfi02,eval,100,20,0.000081351,1
libasdf_gwcs,../roman/.data/build21/r0000101001001001001_0001_wfi02_f158_cal.asdf,wfi02,eval,100,21,0.000080819,1
libasdf_gwcs,../roman/.data/build21/r0000101001001001001_0001_wfi02_f158_cal.asdf,wfi02,eval,100,22,0.000163399,1
libasdf_gwcs,../roman/.data/build21/r0000101001001001001_0001_wfi02_f158_cal.asdf,wfi02,eval,100,23,0.000081366,1
libasdf_gwcs,../roman/.data/build21/r0000101001001001001_0001_wfi02_f158_cal.asdf,wfi02,eval,100,24,0.000081098,1
libasdf_gwcs,../roman/.data/build21/r0000101001001001001_0001_wfi02_f158_cal.asdf,wfi02,eval,100,25,0.000081227,1
libasdf_gwcs,../roman/.data/build21/r0000101001001001001_0001_wfi02_f158_cal.asdf,wfi02,eval,100,26,0.000081045,1
libasdf_gwcs,../roman/.data/build21/r0000101001001001001_0001_wfi02_f158_cal.asdf,wfi02,eval,100,27,0.000115898,1
libasdf_gwcs,../roman/.data/build21/r0000101001001001001_0001_wfi02_f158_cal.asdf,wfi02,eval,100,28,0.000130204,1
libasdf_gwcs,../roman/.data/build21/r0000101001001001001_0001_wfi02_f158_cal.asdf,wfi02,eval,100,29,0.000132592,1
libasdf_gwcs,../roman/.data/build21/r0000101001001001001_0001_wfi02_f158_cal.asdf,wfi02,eval,1000,0,0.000691254,1
libasdf_gwcs,../roman/.data/build21/r0000101001001001001_0001_wfi02_f158_cal.asdf,wfi02,eval,1000,1,0.000485576,1
libasdf_gwcs,../roman/.data/build21/r0000101001001001001_0001_wfi02_f158_cal.asdf,wfi02,eval,1000,2,0.000484629,1
libasdf_gwcs,../roman/.data/build21/r0000101001001001001_0001_wfi02_f158_cal.asdf,wfi02,eval,1000,3,0.000772092,1
libasdf_gwcs,../roman/.data/build21/r0000101001001001001_0001_wfi02_f158_cal.asdf,wfi02,eval,1000,4,0.000651740,1
libasdf_gwcs,../roman/.data/build21/r0000101001001001001_0001_wfi02_f158_cal.asdf,wfi02,eval,1000,5,0.000514205,1
libasdf_gwcs,../roman/.data/build21/r0000101001001001001_0001_wfi02_f158_cal.asdf,wfi02,eval,1000,6,0.000419911,1
libasdf_gwcs,../roman/.data/build21/r0000101001001001001_0001_wfi02_f158_cal.asdf,wfi02,eval,1000,7,0.000493780,1
libasdf_gwcs,../roman/.data/build21/r0000101001001001001_0001_wfi02_f158_cal.asdf,wfi02,eval,1000,8,0.000417779,1
libasdf_gwcs,../roman/.data/build21/r0000101001001001001_0001_wfi02_f158_cal.asdf,wfi02,eval,1000,9,0.000468648,1
libasdf_gwcs,../roman/.data/build21/r0000101001001001001_0001_wfi02_f158_cal.asdf,wfi02,eval,1000,10,0.000417721,1
libasdf_gwcs,../roman/.data/build21/r0000101001001001001_0001_wfi02_f158_cal.asdf,wfi02,eval,1000,11,0.000470695,1
libasdf_gwcs,../roman/.data/build21/r0000101001001001001_0001_wfi02_f158_cal.asdf,wfi02,eval,1000,12,0.000420176,1
libasdf_gwcs,../roman/.data/build21/r0000101001001001001_0001_wfi02_f158_cal.asdf,wfi02,eval,1000,13,0.000554803,1
libasdf_gwcs,../roman/.data/build21/r0000101001001001001_0001_wfi02_f158_cal.asdf,wfi02,eval,1000,14,0.000419300,1
libasdf_gwcs,../roman/.data/build21/r0000101001001001001_0001_wfi02_f158_cal.asdf,wfi02,eval,10000,0,0.005592843,1
libasdf_gwcs,../roman/.data/build21/r0000101001001001001_0001_wfi02_f158_cal.asdf,wfi02,eval,10000,1,0.005811798,1
libasdf_gwcs,../roman/.data/build21/r0000101001001001001_0001_wfi02_f158_cal.asdf,wfi02,eval,10000,2,0.005777664,1
libasdf_gwcs,../roman/.data/build21/r0000101001001001001_0001_wfi02_f158_cal.asdf,wfi02,eval,10000,3,0.006425201,1
libasdf_gwcs,../roman/.data/build21/r0000101001001001001_0001_wfi02_f158_cal.asdf,wfi02,eval,10000,4,0.006138449,1
libasdf_gwcs,../roman/.data/build21/r0000101001001001001_0001_wfi02_f158_cal.asdf,wfi02,eval,10000,5,0.005851975,1
libasdf_gwcs,../roman/.data/build21/r0000101001001001001_0001_wfi02_f158_cal.asdf,wfi02,eval,10000,6,0.005935676,1
libasdf_gwcs,../roman/.data/build21/r0000101001001001001_0001_wfi02_f158_cal.asdf,wfi02,eval,10000,7,0.005890903,1
libasdf_gwcs,../roman/.data/build21/r0000101001001001001_0001_wfi02_f158_cal.asdf,wfi02,eval,100000,0,0.063826887,1
libasdf_gwcs,../roman/.data/build21/r0000101001001001001_0001_wfi02_f158_cal.asdf,wfi02,eval,100000,1,0.062374154,1
libasdf_gwcs,../roman/.data/build21/r0000101001001001001_0001_wfi02_f158_cal.asdf,wfi02,eval,100000,2,0.063124737,1
libasdf_gwcs,../roman/.data/build21/r0000101001001001001_0001_wfi02_f158_cal.asdf,wfi02,eval,100000,3,0.059319172,1
libasdf_gwcs,../roman/.data/build21/r0000101001001001001_0001_wfi02_f158_cal.asdf,wfi02,eval,100000,4,0.061953842,1
libasdf_gwcs,../roman/.data/build21/r0000101001001001001_0001_wfi02_f158_cal.asdf,wfi02,eval,1000000,0,0.610098001,1
libasdf_gwcs,../roman/.data/build21/r0000101001001001001_0001_wfi02_f158_cal.asdf,wfi02,eval,1000000,1,0.605899931,1
libasdf_gwcs,../roman/.data/build21/r0000101001001001001_0001_wfi02_f158_cal.asdf,wfi02,eval,1000000,2,0.606125476,1
libasdf_gwcs,../roman/.data/build21/r0000101001001001001_0001_wfi02_f158_cal.asdf,wfi02,eval,10000000,0,6.157076869,1
libasdf_gwcs,../roman/.data/build21/r0000101001001001001_0001_wfi02_f158_cal.asdf,wfi02,eval,10000000,1,6.204986187,1
libasdf_gwcs,../roman/.data/build21/r0000101001001001001_0001_wfi02_f158_cal.asdf,wfi02,eval,16711744,0,10.378165192,1
libasdf_gwcs,../roman/.data/build21/r0000101001001001001_0001_wfi02_f158_cal.asdf,wfi02,eval,16711744,1,10.462121672,1
libasdf_gwcs,../roman/.data/build21/r0000101001001001001_0001_wfi03_f158_cal.asdf,wfi03,parse_cold,0,0,0.069945816,1
libasdf_gwcs,../roman/.data/build21/r0000101001001001001_0001_wfi03_f158_cal.asdf,wfi03,parse_hot,0,0,0.008973911,1
libasdf_gwcs,../roman/.data/build21/r0000101001001001001_0001_wfi03_f158_cal.asdf,wfi03,eval,1,0,0.000077142,1
libasdf_gwcs,../roman/.data/build21/r0000101001001001001_0001_wfi03_f158_cal.asdf,wfi03,eval,1,1,0.000051349,1
libasdf_gwcs,../roman/.data/build21/r0000101001001001001_0001_wfi03_f158_cal.asdf,wfi03,eval,1,2,0.000065804,1
libasdf_gwcs,../roman/.data/build21/r0000101001001001001_0001_wfi03_f158_cal.asdf,wfi03,eval,1,3,0.000042472,1
libasdf_gwcs,../roman/.data/build21/r0000101001001001001_0001_wfi03_f158_cal.asdf,wfi03,eval,1,4,0.000040888,1
libasdf_gwcs,../roman/.data/build21/r0000101001001001001_0001_wfi03_f158_cal.asdf,wfi03,eval,1,5,0.000040843,1
libasdf_gwcs,../roman/.data/build21/r0000101001001001001_0001_wfi03_f158_cal.asdf,wfi03,eval,1,6,0.000040750,1
libasdf_gwcs,../roman/.data/build21/r0000101001001001001_0001_wfi03_f158_cal.asdf,wfi03,eval,1,7,0.000040876,1
libasdf_gwcs,../roman/.data/build21/r0000101001001001001_0001_wfi03_f158_cal.asdf,wfi03,eval,1,8,0.000092968,1
libasdf_gwcs,../roman/.data/build21/r0000101001001001001_0001_wfi03_f158_cal.asdf,wfi03,eval,1,9,0.000083520,1
libasdf_gwcs,../roman/.data/build21/r0000101001001001001_0001_wfi03_f158_cal.asdf,wfi03,eval,1,10,0.000083449,1
libasdf_gwcs,../roman/.data/build21/r0000101001001001001_0001_wfi03_f158_cal.asdf,wfi03,eval,1,11,0.000083313,1
libasdf_gwcs,../roman/.data/build21/r0000101001001001001_0001_wfi03_f158_cal.asdf,wfi03,eval,1,12,0.000129228,1
libasdf_gwcs,../roman/.data/build21/r0000101001001001001_0001_wfi03_f158_cal.asdf,wfi03,eval,1,13,0.000096619,1
libasdf_gwcs,../roman/.data/build21/r0000101001001001001_0001_wfi03_f158_cal.asdf,wfi03,eval,1,14,0.000083576,1
libasdf_gwcs,../roman/.data/build21/r0000101001001001001_0001_wfi03_f158_cal.asdf,wfi03,eval,1,15,0.000082796,1
libasdf_gwcs,../roman/.data/build21/r0000101001001001001_0001_wfi03_f158_cal.asdf,wfi03,eval,1,16,0.000083256,1
libasdf_gwcs,../roman/.data/build21/r0000101001001001001_0001_wfi03_f158_cal.asdf,wfi03,eval,1,17,0.000102460,1
libasdf_gwcs,../roman/.data/build21/r0000101001001001001_0001_wfi03_f158_cal.asdf,wfi03,eval,1,18,0.000066816,1
libasdf_gwcs,../roman/.data/build21/r0000101001001001001_0001_wfi03_f158_cal.asdf,wfi03,eval,1,19,0.000093131,1
libasdf_gwcs,../roman/.data/build21/r0000101001001001001_0001_wfi03_f158_cal.asdf,wfi03,eval,1,20,0.000080431,1
libasdf_gwcs,../roman/.data/build21/r0000101001001001001_0001_wfi03_f158_cal.asdf,wfi03,eval,1,21,0.000080616,1
libasdf_gwcs,../roman/.data/build21/r0000101001001001001_0001_wfi03_f158_cal.asdf,wfi03,eval,1,22,0.000079376,1
libasdf_gwcs,../roman/.data/build21/r0000101001001001001_0001_wfi03_f158_cal.asdf,wfi03,eval,1,23,0.000112304,1
libasdf_gwcs,../roman/.data/build21/r0000101001001001001_0001_wfi03_f158_cal.asdf,wfi03,eval,1,24,0.000107509,1
libasdf_gwcs,../roman/.data/build21/r0000101001001001001_0001_wfi03_f158_cal.asdf,wfi03,eval,1,25,0.000080495,1
libasdf_gwcs,../roman/.data/build21/r0000101001001001001_0001_wfi03_f158_cal.asdf,wfi03,eval,1,26,0.000080603,1
libasdf_gwcs,../roman/.data/build21/r0000101001001001001_0001_wfi03_f158_cal.asdf,wfi03,eval,1,27,0.000079548,1
libasdf_gwcs,../roman/.data/build21/r0000101001001001001_0001_wfi03_f158_cal.asdf,wfi03,eval,1,28,0.000079715,1
libasdf_gwcs,../roman/.data/build21/r0000101001001001001_0001_wfi03_f158_cal.asdf,wfi03,eval,1,29,0.000066065,1
libasdf_gwcs,../roman/.data/build21/r0000101001001001001_0001_wfi03_f158_cal.asdf,wfi03,eval,1,30,0.000061725,1
libasdf_gwcs,../roman/.data/build21/r0000101001001001001_0001_wfi03_f158_cal.asdf,wfi03,eval,1,31,0.000113937,1
libasdf_gwcs,../roman/.data/build21/r0000101001001001001_0001_wfi03_f158_cal.asdf,wfi03,eval,1,32,0.000163058,1
libasdf_gwcs,../roman/.data/build21/r0000101001001001001_0001_wfi03_f158_cal.asdf,wfi03,eval,1,33,0.000142196,1
libasdf_gwcs,../roman/.data/build21/r0000101001001001001_0001_wfi03_f158_cal.asdf,wfi03,eval,1,34,0.000065048,1
libasdf_gwcs,../roman/.data/build21/r0000101001001001001_0001_wfi03_f158_cal.asdf,wfi03,eval,1,35,0.000046483,1
libasdf_gwcs,../roman/.data/build21/r0000101001001001001_0001_wfi03_f158_cal.asdf,wfi03,eval,1,36,0.000070310,1
libasdf_gwcs,../roman/.data/build21/r0000101001001001001_0001_wfi03_f158_cal.asdf,wfi03,eval,1,37,0.000088240,1
libasdf_gwcs,../roman/.data/build21/r0000101001001001001_0001_wfi03_f158_cal.asdf,wfi03,eval,1,38,0.000085456,1
libasdf_gwcs,../roman/.data/build21/r0000101001001001001_0001_wfi03_f158_cal.asdf,wfi03,eval,1,39,0.000047074,1
libasdf_gwcs,../roman/.data/build21/r0000101001001001001_0001_wfi03_f158_cal.asdf,wfi03,eval,1,40,0.000046281,1
libasdf_gwcs,../roman/.data/build21/r0000101001001001001_0001_wfi03_f158_cal.asdf,wfi03,eval,1,41,0.000068503,1
libasdf_gwcs,../roman/.data/build21/r0000101001001001001_0001_wfi03_f158_cal.asdf,wfi03,eval,1,42,0.000065538,1
libasdf_gwcs,../roman/.data/build21/r0000101001001001001_0001_wfi03_f158_cal.asdf,wfi03,eval,1,43,0.000046204,1
libasdf_gwcs,../roman/.data/build21/r0000101001001001001_0001_wfi03_f158_cal.asdf,wfi03,eval,1,44,0.000046027,1
libasdf_gwcs,../roman/.data/build21/r0000101001001001001_0001_wfi03_f158_cal.asdf,wfi03,eval,1,45,0.000045969,1
libasdf_gwcs,../roman/.data/build21/r0000101001001001001_0001_wfi03_f158_cal.asdf,wfi03,eval,1,46,0.000060281,1
libasdf_gwcs,../roman/.data/build21/r0000101001001001001_0001_wfi03_f158_cal.asdf,wfi03,eval,1,47,0.000039909,1
libasdf_gwcs,../roman/.data/build21/r0000101001001001001_0001_wfi03_f158_cal.asdf,wfi03,eval,1,48,0.000039745,1
libasdf_gwcs,../roman/.data/build21/r0000101001001001001_0001_wfi03_f158_cal.asdf,wfi03,eval,1,49,0.000039997,1
libasdf_gwcs,../roman/.data/build21/r0000101001001001001_0001_wfi03_f158_cal.asdf,wfi03,eval,10,0,0.000076864,1
libasdf_gwcs,../roman/.data/build21/r0000101001001001001_0001_wfi03_f158_cal.asdf,wfi03,eval,10,1,0.000051581,1
libasdf_gwcs,../roman/.data/build21/r0000101001001001001_0001_wfi03_f158_cal.asdf,wfi03,eval,10,2,0.000051092,1
libasdf_gwcs,../roman/.data/build21/r0000101001001001001_0001_wfi03_f158_cal.asdf,wfi03,eval,10,3,0.000051540,1
libasdf_gwcs,../roman/.data/build21/r0000101001001001001_0001_wfi03_f158_cal.asdf,wfi03,eval,10,4,0.000050963,1
libasdf_gwcs,../roman/.data/build21/r0000101001001001001_0001_wfi03_f158_cal.asdf,wfi03,eval,10,5,0.000075113,1
libasdf_gwcs,../roman/.data/build21/r0000101001001001001_0001_wfi03_f158_cal.asdf,wfi03,eval,10,6,0.000054940,1
libasdf_gwcs,../roman/.data/build21/r0000101001001001001_0001_wfi03_f158_cal.asdf,wfi03,eval,10,7,0.000054377,1
libasdf_gwcs,../roman/.data/build21/r0000101001001001001_0001_wfi03_f158_cal.asdf,wfi03,eval,10,8,0.000107162,1
libasdf_gwcs,../roman/.data/build21/r0000101001001001001_0001_wfi03_f158_cal.asdf,wfi03,eval,10,9,0.000200422,1
libasdf_gwcs,../roman/.data/build21/r0000101001001001001_0001_wfi03_f158_cal.asdf,wfi03,eval,10,10,0.000166490,1
libasdf_gwcs,../roman/.data/build21/r0000101001001001001_0001_wfi03_f158_cal.asdf,wfi03,eval,10,11,0.000080114,1
libasdf_gwcs,../roman/.data/build21/r0000101001001001001_0001_wfi03_f158_cal.asdf,wfi03,eval,10,12,0.000082077,1
libasdf_gwcs,../roman/.data/build21/r0000101001001001001_0001_wfi03_f158_cal.asdf,wfi03,eval,10,13,0.000044415,1
libasdf_gwcs,../roman/.data/build21/r0000101001001001001_0001_wfi03_f158_cal.asdf,wfi03,eval,10,14,0.000044319,1
libasdf_gwcs,../roman/.data/build21/r0000101001001001001_0001_wfi03_f158_cal.asdf,wfi03,eval,10,15,0.000044046,1
libasdf_gwcs,../roman/.data/build21/r0000101001001001001_0001_wfi03_f158_cal.asdf,wfi03,eval,10,16,0.000044173,1
libasdf_gwcs,../roman/.data/build21/r0000101001001001001_0001_wfi03_f158_cal.asdf,wfi03,eval,10,17,0.000044292,1
libasdf_gwcs,../roman/.data/build21/r0000101001001001001_0001_wfi03_f158_cal.asdf,wfi03,eval,10,18,0.000043981,1
libasdf_gwcs,../roman/.data/build21/r0000101001001001001_0001_wfi03_f158_cal.asdf,wfi03,eval,10,19,0.000044311,1
libasdf_gwcs,../roman/.data/build21/r0000101001001001001_0001_wfi03_f158_cal.asdf,wfi03,eval,10,20,0.000044111,1
libasdf_gwcs,../roman/.data/build21/r0000101001001001001_0001_wfi03_f158_cal.asdf,wfi03,eval,10,21,0.000044287,1
libasdf_gwcs,../roman/.data/build21/r0000101001001001001_0001_wfi03_f158_cal.asdf,wfi03,eval,10,22,0.000044043,1
libasdf_gwcs,../roman/.data/build21/r0000101001001001001_0001_wfi03_f158_cal.asdf,wfi03,eval,10,23,0.000044156,1
libasdf_gwcs,../roman/.data/build21/r0000101001001001001_0001_wfi03_f158_cal.asdf,wfi03,eval,10,24,0.000044181,1
libasdf_gwcs,../roman/.data/build21/r0000101001001001001_0001_wfi03_f158_cal.asdf,wfi03,eval,10,25,0.000043938,1
libasdf_gwcs,../roman/.data/build21/r0000101001001001001_0001_wfi03_f158_cal.asdf,wfi03,eval,10,26,0.000044121,1
libasdf_gwcs,../roman/.data/build21/r0000101001001001001_0001_wfi03_f158_cal.asdf,wfi03,eval,10,27,0.000044229,1
libasdf_gwcs,../roman/.data/build21/r0000101001001001001_0001_wfi03_f158_cal.asdf,wfi03,eval,10,28,0.000044132,1
libasdf_gwcs,../roman/.data/build21/r0000101001001001001_0001_wfi03_f158_cal.asdf,wfi03,eval,10,29,0.000044215,1
libasdf_gwcs,../roman/.data/build21/r0000101001001001001_0001_wfi03_f158_cal.asdf,wfi03,eval,10,30,0.000044044,1
libasdf_gwcs,../roman/.data/build21/r0000101001001001001_0001_wfi03_f158_cal.asdf,wfi03,eval,10,31,0.000079522,1
libasdf_gwcs,../roman/.data/build21/r0000101001001001001_0001_wfi03_f158_cal.asdf,wfi03,eval,10,32,0.000054861,1
libasdf_gwcs,../roman/.data/build21/r0000101001001001001_0001_wfi03_f158_cal.asdf,wfi03,eval,10,33,0.000060834,1
libasdf_gwcs,../roman/.data/build21/r0000101001001001001_0001_wfi03_f158_cal.asdf,wfi03,eval,10,34,0.000044249,1
libasdf_gwcs,../roman/.data/build21/r0000101001001001001_0001_wfi03_f158_cal.asdf,wfi03,eval,10,35,0.000044224,1
libasdf_gwcs,../roman/.data/build21/r0000101001001001001_0001_wfi03_f158_cal.asdf,wfi03,eval,10,36,0.000044065,1
libasdf_gwcs,../roman/.data/build21/r0000101001001001001_0001_wfi03_f158_cal.asdf,wfi03,eval,10,37,0.000045886,1
libasdf_gwcs,../roman/.data/build21/r0000101001001001001_0001_wfi03_f158_cal.asdf,wfi03,eval,10,38,0.000044609,1
libasdf_gwcs,../roman/.data/build21/r0000101001001001001_0001_wfi03_f158_cal.asdf,wfi03,eval,10,39,0.000044612,1
libasdf_gwcs,../roman/.data/build21/r0000101001001001001_0001_wfi03_f158_cal.asdf,wfi03,eval,10,40,0.000043988,1
libasdf_gwcs,../roman/.data/build21/r0000101001001001001_0001_wfi03_f158_cal.asdf,wfi03,eval,10,41,0.000044067,1
libasdf_gwcs,../roman/.data/build21/r0000101001001001001_0001_wfi03_f158_cal.asdf,wfi03,eval,10,42,0.000044238,1
libasdf_gwcs,../roman/.data/build21/r0000101001001001001_0001_wfi03_f158_cal.asdf,wfi03,eval,10,43,0.000043967,1
libasdf_gwcs,../roman/.data/build21/r0000101001001001001_0001_wfi03_f158_cal.asdf,wfi03,eval,10,44,0.000043931,1
libasdf_gwcs,../roman/.data/build21/r0000101001001001001_0001_wfi03_f158_cal.asdf,wfi03,eval,10,45,0.000043913,1
libasdf_gwcs,../roman/.data/build21/r0000101001001001001_0001_wfi03_f158_cal.asdf,wfi03,eval,10,46,0.000044116,1
libasdf_gwcs,../roman/.data/build21/r0000101001001001001_0001_wfi03_f158_cal.asdf,wfi03,eval,10,47,0.000043994,1
libasdf_gwcs,../roman/.data/build21/r0000101001001001001_0001_wfi03_f158_cal.asdf,wfi03,eval,10,48,0.000043911,1
libasdf_gwcs,../roman/.data/build21/r0000101001001001001_0001_wfi03_f158_cal.asdf,wfi03,eval,10,49,0.000044266,1
libasdf_gwcs,../roman/.data/build21/r0000101001001001001_0001_wfi03_f158_cal.asdf,wfi03,eval,100,0,0.000320196,1
libasdf_gwcs,../roman/.data/build21/r0000101001001001001_0001_wfi03_f158_cal.asdf,wfi03,eval,100,1,0.000115488,1
libasdf_gwcs,../roman/.data/build21/r0000101001001001001_0001_wfi03_f158_cal.asdf,wfi03,eval,100,2,0.000103915,1
libasdf_gwcs,../roman/.data/build21/r0000101001001001001_0001_wfi03_f158_cal.asdf,wfi03,eval,100,3,0.000082885,1
libasdf_gwcs,../roman/.data/build21/r0000101001001001001_0001_wfi03_f158_cal.asdf,wfi03,eval,100,4,0.000082172,1
libasdf_gwcs,../roman/.data/build21/r0000101001001001001_0001_wfi03_f158_cal.asdf,wfi03,eval,100,5,0.000081764,1
libasdf_gwcs,../roman/.data/build21/r0000101001001001001_0001_wfi03_f158_cal.asdf,wfi03,eval,100,6,0.000103597,1
libasdf_gwcs,../roman/.data/build21/r0000101001001001001_0001_wfi03_f158_cal.asdf,wfi03,eval,100,7,0.000116931,1
libasdf_gwcs,../roman/.data/build21/r0000101001001001001_0001_wfi03_f158_cal.asdf,wfi03,eval,100,8,0.000109335,1
libasdf_gwcs,../roman/.data/build21/r0000101001001001001_0001_wfi03_f158_cal.asdf,wfi03,eval,100,9,0.000127749,1
libasdf_gwcs,../roman/.data/build21/r0000101001001001001_0001_wfi03_f158_cal.asdf,wfi03,eval,100,10,0.000153120,1
libasdf_gwcs,../roman/.data/build21/r0000101001001001001_0001_wfi03_f158_cal.asdf,wfi03,eval,100,11,0.000118341,1
libasdf_gwcs,../roman/.data/build21/r0000101001001001001_0001_wfi03_f158_cal.asdf,wfi03,eval,100,12,0.000105410,1
libasdf_gwcs,../roman/.data/build21/r0000101001001001001_0001_wfi03_f158_cal.asdf,wfi03,eval,100,13,0.000106315,1
libasdf_gwcs,../roman/.data/build21/r0000101001001001001_0001_wfi03_f158_cal.asdf,wfi03,eval,100,14,0.000094804,1
libasdf_gwcs,../roman/.data/build21/r0000101001001001001_0001_wfi03_f158_cal.asdf,wfi03,eval,100,15,0.000106737,1
libasdf_gwcs,../roman/.data/build21/r0000101001001001001_0001_wfi03_f158_cal.asdf,wfi03,eval,100,16,0.000105911,1
libasdf_gwcs,../roman/.data/build21/r0000101001001001001_0001_wfi03_f158_cal.asdf,wfi03,eval,100,17,0.000155108,1
libasdf_gwcs,../roman/.data/build21/r0000101001001001001_0001_wfi03_f158_cal.asdf,wfi03,eval,100,18,0.000094960,1
libasdf_gwcs,../roman/.data/build21/r0000101001001001001_0001_wfi03_f158_cal.asdf,wfi03,eval,100,19,0.000093997,1
libasdf_gwcs,../roman/.data/build21/r0000101001001001001_0001_wfi03_f158_cal.asdf,wfi03,eval,100,20,0.000127625,1
libasdf_gwcs,../roman/.data/build21/r0000101001001001001_0001_wfi03_f158_cal.asdf,wfi03,eval,100,21,0.000093997,1
libasdf_gwcs,../roman/.data/build21/r0000101001001001001_0001_wfi03_f158_cal.asdf,wfi03,eval,100,22,0.000162526,1
libasdf_gwcs,../roman/.data/build21/r0000101001001001001_0001_wfi03_f158_cal.asdf,wfi03,eval,100,23,0.000188844,1
libasdf_gwcs,../roman/.data/build21/r0000101001001001001_0001_wfi03_f158_cal.asdf,wfi03,eval,100,24,0.000218738,1
libasdf_gwcs,../roman/.data/build21/r0000101001001001001_0001_wfi03_f158_cal.asdf,wfi03,eval,100,25,0.000189019,1
libasdf_gwcs,../roman/.data/build21/r0000101001001001001_0001_wfi03_f158_cal.asdf,wfi03,eval,100,26,0.000213888,1
libasdf_gwcs,../roman/.data/build21/r0000101001001001001_0001_wfi03_f158_cal.asdf,wfi03,eval,100,27,0.000160835,1
libasdf_gwcs,../roman/.data/build21/r0000101001001001001_0001_wfi03_f158_cal.asdf,wfi03,eval,100,28,0.000149146,1
libasdf_gwcs,../roman/.data/build21/r0000101001001001001_0001_wfi03_f158_cal.asdf,wfi03,eval,100,29,0.000259950,1
libasdf_gwcs,../roman/.data/build21/r0000101001001001001_0001_wfi03_f158_cal.asdf,wfi03,eval,1000,0,0.000951915,1
libasdf_gwcs,../roman/.data/build21/r0000101001001001001_0001_wfi03_f158_cal.asdf,wfi03,eval,1000,1,0.000970617,1
libasdf_gwcs,../roman/.data/build21/r0000101001001001001_0001_wfi03_f158_cal.asdf,wfi03,eval,1000,2,0.000442651,1
libasdf_gwcs,../roman/.data/build21/r0000101001001001001_0001_wfi03_f158_cal.asdf,wfi03,eval,1000,3,0.000421965,1
libasdf_gwcs,../roman/.data/build21/r0000101001001001001_0001_wfi03_f158_cal.asdf,wfi03,eval,1000,4,0.000481540,1
libasdf_gwcs,../roman/.data/build21/r0000101001001001001_0001_wfi03_f158_cal.asdf,wfi03,eval,1000,5,0.000419943,1
libasdf_gwcs,../roman/.data/build21/r0000101001001001001_0001_wfi03_f158_cal.asdf,wfi03,eval,1000,6,0.000520202,1
libasdf_gwcs,../roman/.data/build21/r0000101001001001001_0001_wfi03_f158_cal.asdf,wfi03,eval,1000,7,0.000417298,1
libasdf_gwcs,../roman/.data/build21/r0000101001001001001_0001_wfi03_f158_cal.asdf,wfi03,eval,1000,8,0.000500370,1
libasdf_gwcs,../roman/.data/build21/r0000101001001001001_0001_wfi03_f158_cal.asdf,wfi03,eval,1000,9,0.000419184,1
libasdf_gwcs,../roman/.data/build21/r0000101001001001001_0001_wfi03_f158_cal.asdf,wfi03,eval,1000,10,0.000547351,1
libasdf_gwcs,../roman/.data/build21/r0000101001001001001_0001_wfi03_f158_cal.asdf,wfi03,eval,1000,11,0.000492768,1
libasdf_gwcs,../roman/.data/build21/r0000101001001001001_0001_wfi03_f158_cal.asdf,wfi03,eval,1000,12,0.000584489,1
libasdf_gwcs,../roman/.data/build21/r0000101001001001001_0001_wfi03_f158_cal.asdf,wfi03,eval,1000,13,0.000437769,1
libasdf_gwcs,../roman/.data/build21/r0000101001001001001_0001_wfi03_f158_cal.asdf,wfi03,eval,1000,14,0.000552161,1
libasdf_gwcs,../roman/.data/build21/r0000101001001001001_0001_wfi03_f158_cal.asdf,wfi03,eval,10000,0,0.005941981,1
libasdf_gwcs,../roman/.data/build21/r0000101001001001001_0001_wfi03_f158_cal.asdf,wfi03,eval,10000,1,0.006336380,1
libasdf_gwcs,../roman/.data/build21/r0000101001001001001_0001_wfi03_f158_cal.asdf,wfi03,eval,10000,2,0.006035989,1
libasdf_gwcs,../roman/.data/build21/r0000101001001001001_0001_wfi03_f158_cal.asdf,wfi03,eval,10000,3,0.005828928,1
libasdf_gwcs,../roman/.data/build21/r0000101001001001001_0001_wfi03_f158_cal.asdf,wfi03,eval,10000,4,0.006152148,1
libasdf_gwcs,../roman/.data/build21/r0000101001001001001_0001_wfi03_f158_cal.asdf,wfi03,eval,10000,5,0.005837244,1
libasdf_gwcs,../roman/.data/build21/r0000101001001001001_0001_wfi03_f158_cal.asdf,wfi03,eval,10000,6,0.005745920,1
libasdf_gwcs,../roman/.data/build21/r0000101001001001001_0001_wfi03_f158_cal.asdf,wfi03,eval,10000,7,0.005910352,1
libasdf_gwcs,../roman/.data/build21/r0000101001001001001_0001_wfi03_f158_cal.asdf,wfi03,eval,100000,0,0.082484152,1
libasdf_gwcs,../roman/.data/build21/r0000101001001001001_0001_wfi03_f158_cal.asdf,wfi03,eval,100000,1,0.062257457,1
libasdf_gwcs,../roman/.data/build21/r0000101001001001001_0001_wfi03_f158_cal.asdf,wfi03,eval,100000,2,0.063112622,1
libasdf_gwcs,../roman/.data/build21/r0000101001001001001_0001_wfi03_f158_cal.asdf,wfi03,eval,100000,3,0.061741176,1
libasdf_gwcs,../roman/.data/build21/r0000101001001001001_0001_wfi03_f158_cal.asdf,wfi03,eval,100000,4,0.060691935,1
libasdf_gwcs,../roman/.data/build21/r0000101001001001001_0001_wfi03_f158_cal.asdf,wfi03,eval,1000000,0,0.607465088,1
libasdf_gwcs,../roman/.data/build21/r0000101001001001001_0001_wfi03_f158_cal.asdf,wfi03,eval,1000000,1,0.602339714,1
libasdf_gwcs,../roman/.data/build21/r0000101001001001001_0001_wfi03_f158_cal.asdf,wfi03,eval,1000000,2,0.610563334,1
libasdf_gwcs,../roman/.data/build21/r0000101001001001001_0001_wfi03_f158_cal.asdf,wfi03,eval,10000000,0,6.156245355,1
libasdf_gwcs,../roman/.data/build21/r0000101001001001001_0001_wfi03_f158_cal.asdf,wfi03,eval,10000000,1,6.163702641,1
libasdf_gwcs,../roman/.data/build21/r0000101001001001001_0001_wfi03_f158_cal.asdf,wfi03,eval,16711744,0,10.454415792,1
libasdf_gwcs,../roman/.data/build21/r0000101001001001001_0001_wfi03_f158_cal.asdf,wfi03,eval,16711744,1,10.802723431,1
libasdf_gwcs,../roman/.data/build21/r0000101001001001001_0001_wfi04_f158_cal.asdf,wfi04,parse_cold,0,0,0.017778115,1
libasdf_gwcs,../roman/.data/build21/r0000101001001001001_0001_wfi04_f158_cal.asdf,wfi04,parse_hot,0,0,0.011440389,1
libasdf_gwcs,../roman/.data/build21/r0000101001001001001_0001_wfi04_f158_cal.asdf,wfi04,eval,1,0,0.000103749,1
libasdf_gwcs,../roman/.data/build21/r0000101001001001001_0001_wfi04_f158_cal.asdf,wfi04,eval,1,1,0.000047937,1
libasdf_gwcs,../roman/.data/build21/r0000101001001001001_0001_wfi04_f158_cal.asdf,wfi04,eval,1,2,0.000052287,1
libasdf_gwcs,../roman/.data/build21/r0000101001001001001_0001_wfi04_f158_cal.asdf,wfi04,eval,1,3,0.000041161,1
libasdf_gwcs,../roman/.data/build21/r0000101001001001001_0001_wfi04_f158_cal.asdf,wfi04,eval,1,4,0.000040925,1
libasdf_gwcs,../roman/.data/build21/r0000101001001001001_0001_wfi04_f158_cal.asdf,wfi04,eval,1,5,0.000040805,1
libasdf_gwcs,../roman/.data/build21/r0000101001001001001_0001_wfi04_f158_cal.asdf,wfi04,eval,1,6,0.000040730,1
libasdf_gwcs,../roman/.data/build21/r0000101001001001001_0001_wfi04_f158_cal.asdf,wfi04,eval,1,7,0.000040637,1
libasdf_gwcs,../roman/.data/build21/r0000101001001001001_0001_wfi04_f158_cal.asdf,wfi04,eval,1,8,0.000040434,1
libasdf_gwcs,../roman/.data/build21/r0000101001001001001_0001_wfi04_f158_cal.asdf,wfi04,eval,1,9,0.000040515,1
libasdf_gwcs,../roman/.data/build21/r0000101001001001001_0001_wfi04_f158_cal.asdf,wfi04,eval,1,10,0.000040617,1
libasdf_gwcs,../roman/.data/build21/r0000101001001001001_0001_wfi04_f158_cal.asdf,wfi04,eval,1,11,0.000040390,1
libasdf_gwcs,../roman/.data/build21/r0000101001001001001_0001_wfi04_f158_cal.asdf,wfi04,eval,1,12,0.000040875,1
libasdf_gwcs,../roman/.data/build21/r0000101001001001001_0001_wfi04_f158_cal.asdf,wfi04,eval,1,13,0.000040660,1
libasdf_gwcs,../roman/.data/build21/r0000101001001001001_0001_wfi04_f158_cal.asdf,wfi04,eval,1,14,0.000040690,1
libasdf_gwcs,../roman/.data/build21/r0000101001001001001_0001_wfi04_f158_cal.asdf,wfi04,eval,1,15,0.000040592,1
libasdf_gwcs,../roman/.data/build21/r0000101001001001001_0001_wfi04_f158_cal.asdf,wfi04,eval,1,16,0.000040642,1
libasdf_gwcs,../roman/.data/build21/r0000101001001001001_0001_wfi04_f158_cal.asdf,wfi04,eval,1,17,0.000040595,1
libasdf_gwcs,../roman/.data/build21/r0000101001001001001_0001_wfi04_f158_cal.asdf,wfi04,eval,1,18,0.000040596,1
libasdf_gwcs,../roman/.data/build21/r0000101001001001001_0001_wfi04_f158_cal.asdf,wfi04,eval,1,19,0.000040729,1
libasdf_gwcs,../roman/.data/build21/r0000101001001001001_0001_wfi04_f158_cal.asdf,wfi04,eval,1,20,0.000040551,1
libasdf_gwcs,../roman/.data/build21/r0000101001001001001_0001_wfi04_f158_cal.asdf,wfi04,eval,1,21,0.000040540,1
libasdf_gwcs,../roman/.data/build21/r0000101001001001001_0001_wfi04_f158_cal.asdf,wfi04,eval,1,22,0.000048995,1
libasdf_gwcs,../roman/.data/build21/r0000101001001001001_0001_wfi04_f158_cal.asdf,wfi04,eval,1,23,0.000082723,1
libasdf_gwcs,../roman/.data/build21/r0000101001001001001_0001_wfi04_f158_cal.asdf,wfi04,eval,1,24,0.000040749,1
libasdf_gwcs,../roman/.data/build21/r0000101001001001001_0001_wfi04_f158_cal.asdf,wfi04,eval,1,25,0.000040686,1
libasdf_gwcs,../roman/.data/build21/r0000101001001001001_0001_wfi04_f158_cal.asdf,wfi04,eval,1,26,0.000040509,1
libasdf_gwcs,../roman/.data/build21/r0000101001001001001_0001_wfi04_f158_cal.asdf,wfi04,eval,1,27,0.000040546,1
libasdf_gwcs,../roman/.data/build21/r0000101001001001001_0001_wfi04_f158_cal.asdf,wfi04,eval,1,28,0.000040555,1
libasdf_gwcs,../roman/.data/build21/r0000101001001001001_0001_wfi04_f158_cal.asdf,wfi04,eval,1,29,0.000040607,1
libasdf_gwcs,../roman/.data/build21/r0000101001001001001_0001_wfi04_f158_cal.asdf,wfi04,eval,1,30,0.000040478,1
libasdf_gwcs,../roman/.data/build21/r0000101001001001001_0001_wfi04_f158_cal.asdf,wfi04,eval,1,31,0.000040427,1
libasdf_gwcs,../roman/.data/build21/r0000101001001001001_0001_wfi04_f158_cal.asdf,wfi04,eval,1,32,0.000040603,1
libasdf_gwcs,../roman/.data/build21/r0000101001001001001_0001_wfi04_f158_cal.asdf,wfi04,eval,1,33,0.000040499,1
libasdf_gwcs,../roman/.data/build21/r0000101001001001001_0001_wfi04_f158_cal.asdf,wfi04,eval,1,34,0.000053021,1
libasdf_gwcs,../roman/.data/build21/r0000101001001001001_0001_wfi04_f158_cal.asdf,wfi04,eval,1,35,0.000039595,1
libasdf_gwcs,../roman/.data/build21/r0000101001001001001_0001_wfi04_f158_cal.asdf,wfi04,eval,1,36,0.000039403,1
libasdf_gwcs,../roman/.data/build21/r0000101001001001001_0001_wfi04_f158_cal.asdf,wfi04,eval,1,37,0.000041449,1
libasdf_gwcs,../roman/.data/build21/r0000101001001001001_0001_wfi04_f158_cal.asdf,wfi04,eval,1,38,0.000039903,1
libasdf_gwcs,../roman/.data/build21/r0000101001001001001_0001_wfi04_f158_cal.asdf,wfi04,eval,1,39,0.000039654,1
libasdf_gwcs,../roman/.data/build21/r0000101001001001001_0001_wfi04_f158_cal.asdf,wfi04,eval,1,40,0.000039740,1
libasdf_gwcs,../roman/.data/build21/r0000101001001001001_0001_wfi04_f158_cal.asdf,wfi04,eval,1,41,0.000039343,1
libasdf_gwcs,../roman/.data/build21/r0000101001001001001_0001_wfi04_f158_cal.asdf,wfi04,eval,1,42,0.000039579,1
libasdf_gwcs,../roman/.data/build21/r0000101001001001001_0001_wfi04_f158_cal.asdf,wfi04,eval,1,43,0.000039576,1
libasdf_gwcs,../roman/.data/build21/r0000101001001001001_0001_wfi04_f158_cal.asdf,wfi04,eval,1,44,0.000039768,1
libasdf_gwcs,../roman/.data/build21/r0000101001001001001_0001_wfi04_f158_cal.asdf,wfi04,eval,1,45,0.000096394,1
libasdf_gwcs,../roman/.data/build21/r0000101001001001001_0001_wfi04_f158_cal.asdf,wfi04,eval,1,46,0.000072076,1
libasdf_gwcs,../roman/.data/build21/r0000101001001001001_0001_wfi04_f158_cal.asdf,wfi04,eval,1,47,0.000052480,1
libasdf_gwcs,../roman/.data/build21/r0000101001001001001_0001_wfi04_f158_cal.asdf,wfi04,eval,1,48,0.000074169,1
libasdf_gwcs,../roman/.data/build21/r0000101001001001001_0001_wfi04_f158_cal.asdf,wfi04,eval,1,49,0.000071878,1
libasdf_gwcs,../roman/.data/build21/r0000101001001001001_0001_wfi04_f158_cal.asdf,wfi04,eval,10,0,0.000046861,1
libasdf_gwcs,../roman/.data/build21/r0000101001001001001_0001_wfi04_f158_cal.asdf,wfi04,eval,10,1,0.000044244,1
libasdf_gwcs,../roman/.data/build21/r0000101001001001001_0001_wfi04_f158_cal.asdf,wfi04,eval,10,2,0.000043543,1
libasdf_gwcs,../roman/.data/build21/r0000101001001001001_0001_wfi04_f158_cal.asdf,wfi04,eval,10,3,0.000058112,1
libasdf_gwcs,../roman/.data/build21/r0000101001001001001_0001_wfi04_f158_cal.asdf,wfi04,eval,10,4,0.000044365,1
libasdf_gwcs,../roman/.data/build21/r0000101001001001001_0001_wfi04_f158_cal.asdf,wfi04,eval,10,5,0.000076872,1
libasdf_gwcs,../roman/.data/build21/r0000101001001001001_0001_wfi04_f158_cal.asdf,wfi04,eval,10,6,0.000044424,1
libasdf_gwcs,../roman/.data/build21/r0000101001001001001_0001_wfi04_f158_cal.asdf,wfi04,eval,10,7,0.000056368,1
libasdf_gwcs,../roman/.data/build21/r0000101001001001001_0001_wfi04_f158_cal.asdf,wfi04,eval,10,8,0.000043320,1
libasdf_gwcs,../roman/.data/build21/r0000101001001001001_0001_wfi04_f158_cal.asdf,wfi04,eval,10,9,0.000043037,1
libasdf_gwcs,../roman/.data/build21/r0000101001001001001_0001_wfi04_f158_cal.asdf,wfi04,eval,10,10,0.000043015,1
libasdf_gwcs,../roman/.data/build21/r0000101001001001001_0001_wfi04_f158_cal.asdf,wfi04,eval,10,11,0.000043195,1
libasdf_gwcs,../roman/.data/build21/r0000101001001001001_0001_wfi04_f158_cal.asdf,wfi04,eval,10,12,0.000043031,1
libasdf_gwcs,../roman/.data/build21/r0000101001001001001_0001_wfi04_f158_cal.asdf,wfi04,eval,10,13,0.000074352,1
libasdf_gwcs,../roman/.data/build21/r0000101001001001001_0001_wfi04_f158_cal.asdf,wfi04,eval,10,14,0.000072913,1
libasdf_gwcs,../roman/.data/build21/r0000101001001001001_0001_wfi04_f158_cal.asdf,wfi04,eval,10,15,0.000043217,1
libasdf_gwcs,../roman/.data/build21/r0000101001001001001_0001_wfi04_f158_cal.asdf,wfi04,eval,10,16,0.000043258,1
libasdf_gwcs,../roman/.data/build21/r0000101001001001001_0001_wfi04_f158_cal.asdf,wfi04,eval,10,17,0.000042987,1
libasdf_gwcs,../roman/.data/build21/r0000101001001001001_0001_wfi04_f158_cal.asdf,wfi04,eval,10,18,0.000043353,1
libasdf_gwcs,../roman/.data/build21/r0000101001001001001_0001_wfi04_f158_cal.asdf,wfi04,eval,10,19,0.000042901,1
libasdf_gwcs,../roman/.data/build21/r0000101001001001001_0001_wfi04_f158_cal.asdf,wfi04,eval,10,20,0.000042968,1
libasdf_gwcs,../roman/.data/build21/r0000101001001001001_0001_wfi04_f158_cal.asdf,wfi04,eval,10,21,0.000043237,1
libasdf_gwcs,../roman/.data/build21/r0000101001001001001_0001_wfi04_f158_cal.asdf,wfi04,eval,10,22,0.000043144,1
libasdf_gwcs,../roman/.data/build21/r0000101001001001001_0001_wfi04_f158_cal.asdf,wfi04,eval,10,23,0.000043103,1
libasdf_gwcs,../roman/.data/build21/r0000101001001001001_0001_wfi04_f158_cal.asdf,wfi04,eval,10,24,0.000043297,1
libasdf_gwcs,../roman/.data/build21/r0000101001001001001_0001_wfi04_f158_cal.asdf,wfi04,eval,10,25,0.000043154,1
libasdf_gwcs,../roman/.data/build21/r0000101001001001001_0001_wfi04_f158_cal.asdf,wfi04,eval,10,26,0.000043177,1
libasdf_gwcs,../roman/.data/build21/r0000101001001001001_0001_wfi04_f158_cal.asdf,wfi04,eval,10,27,0.000043140,1
libasdf_gwcs,../roman/.data/build21/r0000101001001001001_0001_wfi04_f158_cal.asdf,wfi04,eval,10,28,0.000043091,1
libasdf_gwcs,../roman/.data/build21/r0000101001001001001_0001_wfi04_f158_cal.asdf,wfi04,eval,10,29,0.000043049,1
libasdf_gwcs,../roman/.data/build21/r0000101001001001001_0001_wfi04_f158_cal.asdf,wfi04,eval,10,30,0.000042980,1
libasdf_gwcs,../roman/.data/build21/r0000101001001001001_0001_wfi04_f158_cal.asdf,wfi04,eval,10,31,0.000042968,1
libasdf_gwcs,../roman/.data/build21/r0000101001001001001_0001_wfi04_f158_cal.asdf,wfi04,eval,10,32,0.000043229,1
libasdf_gwcs,../roman/.data/build21/r0000101001001001001_0001_wfi04_f158_cal.asdf,wfi04,eval,10,33,0.000043037,1
libasdf_gwcs,../roman/.data/build21/r0000101001001001001_0001_wfi04_f158_cal.asdf,wfi04,eval,10,34,0.000072179,1
libasdf_gwcs,../roman/.data/build21/r0000101001001001001_0001_wfi04_f158_cal.asdf,wfi04,eval,10,35,0.000075665,1
libasdf_gwcs,../roman/.data/build21/r0000101001001001001_0001_wfi04_f158_cal.asdf,wfi04,eval,10,36,0.000043429,1
libasdf_gwcs,../roman/.data/build21/r0000101001001001001_0001_wfi04_f158_cal.asdf,wfi04,eval,10,37,0.000044798,1
libasdf_gwcs,../roman/.data/build21/r0000101001001001001_0001_wfi04_f158_cal.asdf,wfi04,eval,10,38,0.000043850,1
libasdf_gwcs,../roman/.data/build21/r0000101001001001001_0001_wfi04_f158_cal.asdf,wfi04,eval,10,39,0.000043349,1
libasdf_gwcs,../roman/.data/build21/r0000101001001001001_0001_wfi04_f158_cal.asdf,wfi04,eval,10,40,0.000043421,1
libasdf_gwcs,../roman/.data/build21/r0000101001001001001_0001_wfi04_f158_cal.asdf,wfi04,eval,10,41,0.000043295,1
libasdf_gwcs,../roman/.data/build21/r0000101001001001001_0001_wfi04_f158_cal.asdf,wfi04,eval,10,42,0.000043270,1
libasdf_gwcs,../roman/.data/build21/r0000101001001001001_0001_wfi04_f158_cal.asdf,wfi04,eval,10,43,0.000042914,1
libasdf_gwcs,../roman/.data/build21/r0000101001001001001_0001_wfi04_f158_cal.asdf,wfi04,eval,10,44,0.000043158,1
libasdf_gwcs,../roman/.data/build21/r0000101001001001001_0001_wfi04_f158_cal.asdf,wfi04,eval,10,45,0.000043174,1
libasdf_gwcs,../roman/.data/build21/r0000101001001001001_0001_wfi04_f158_cal.asdf,wfi04,eval,10,46,0.000043178,1
libasdf_gwcs,../roman/.data/build21/r0000101001001001001_0001_wfi04_f158_cal.asdf,wfi04,eval,10,47,0.000043225,1
libasdf_gwcs,../roman/.data/build21/r0000101001001001001_0001_wfi04_f158_cal.asdf,wfi04,eval,10,48,0.000043225,1
libasdf_gwcs,../roman/.data/build21/r0000101001001001001_0001_wfi04_f158_cal.asdf,wfi04,eval,10,49,0.000043116,1
libasdf_gwcs,../roman/.data/build21/r0000101001001001001_0001_wfi04_f158_cal.asdf,wfi04,eval,100,0,0.000183832,1
libasdf_gwcs,../roman/.data/build21/r0000101001001001001_0001_wfi04_f158_cal.asdf,wfi04,eval,100,1,0.000146869,1
libasdf_gwcs,../roman/.data/build21/r0000101001001001001_0001_wfi04_f158_cal.asdf,wfi04,eval,100,2,0.000096791,1
libasdf_gwcs,../roman/.data/build21/r0000101001001001001_0001_wfi04_f158_cal.asdf,wfi04,eval,100,3,0.000082568,1
libasdf_gwcs,../roman/.data/build21/r0000101001001001001_0001_wfi04_f158_cal.asdf,wfi04,eval,100,4,0.000081977,1
libasdf_gwcs,../roman/.data/build21/r0000101001001001001_0001_wfi04_f158_cal.asdf,wfi04,eval,100,5,0.000081501,1
libasdf_gwcs,../roman/.data/build21/r0000101001001001001_0001_wfi04_f158_cal.asdf,wfi04,eval,100,6,0.000081381,1
libasdf_gwcs,../roman/.data/build21/r0000101001001001001_0001_wfi04_f158_cal.asdf,wfi04,eval,100,7,0.000081372,1
libasdf_gwcs,../roman/.data/build21/r0000101001001001001_0001_wfi04_f158_cal.asdf,wfi04,eval,100,8,0.000114657,1
libasdf_gwcs,../roman/.data/build21/r0000101001001001001_0001_wfi04_f158_cal.asdf,wfi04,eval,100,9,0.000081390,1
libasdf_gwcs,../roman/.data/build21/r0000101001001001001_0001_wfi04_f158_cal.asdf,wfi04,eval,100,10,0.000081066,1
libasdf_gwcs,../roman/.data/build21/r0000101001001001001_0001_wfi04_f158_cal.asdf,wfi04,eval,100,11,0.000081656,1
libasdf_gwcs,../roman/.data/build21/r0000101001001001001_0001_wfi04_f158_cal.asdf,wfi04,eval,100,12,0.000133491,1
libasdf_gwcs,../roman/.data/build21/r0000101001001001001_0001_wfi04_f158_cal.asdf,wfi04,eval,100,13,0.000081319,1
libasdf_gwcs,../roman/.data/build21/r0000101001001001001_0001_wfi04_f158_cal.asdf,wfi04,eval,100,14,0.000095239,1
libasdf_gwcs,../roman/.data/build21/r0000101001001001001_0001_wfi04_f158_cal.asdf,wfi04,eval,100,15,0.000083649,1
libasdf_gwcs,../roman/.data/build21/r0000101001001001001_0001_wfi04_f158_cal.asdf,wfi04,eval,100,16,0.000083432,1
libasdf_gwcs,../roman/.data/build21/r0000101001001001001_0001_wfi04_f158_cal.asdf,wfi04,eval,100,17,0.000083377,1
libasdf_gwcs,../roman/.data/build21/r0000101001001001001_0001_wfi04_f158_cal.asdf,wfi04,eval,100,18,0.000083452,1
libasdf_gwcs,../roman/.data/build21/r0000101001001001001_0001_wfi04_f158_cal.asdf,wfi04,eval,100,19,0.000083213,1
libasdf_gwcs,../roman/.data/build21/r0000101001001001001_0001_wfi04_f158_cal.asdf,wfi04,eval,100,20,0.000083684,1
libasdf_gwcs,../roman/.data/build21/r0000101001001001001_0001_wfi04_f158_cal.asdf,wfi04,eval,100,21,0.000083685,1
libasdf_gwcs,../roman/.data/build21/r0000101001001001001_0001_wfi04_f158_cal.asdf,wfi04,eval,100,22,0.000083807,1
libasdf_gwcs,../roman/.data/build21/r0000101001001001001_0001_wfi04_f158_cal.asdf,wfi04,eval,100,23,0.000113083,1
libasdf_gwcs,../roman/.data/build21/r0000101001001001001_0001_wfi04_f158_cal.asdf,wfi04,eval,100,24,0.000100271,1
libasdf_gwcs,../roman/.data/build21/r0000101001001001001_0001_wfi04_f158_cal.asdf,wfi04,eval,100,25,0.000097343,1
libasdf_gwcs,../roman/.data/build21/r0000101001001001001_0001_wfi04_f158_cal.asdf,wfi04,eval,100,26,0.000085980,1
libasdf_gwcs,../roman/.data/build21/r0000101001001001001_0001_wfi04_f158_cal.asdf,wfi04,eval,100,27,0.000085776,1
libasdf_gwcs,../roman/.data/build21/r0000101001001001001_0001_wfi04_f158_cal.asdf,wfi04,eval,100,28,0.000085941,1
libasdf_gwcs,../roman/.data/build21/r0000101001001001001_0001_wfi04_f158_cal.asdf,wfi04,eval,100,29,0.000086087,1
libasdf_gwcs,../roman/.data/build21/r0000101001001001001_0001_wfi04_f158_cal.asdf,wfi04,eval,1000,0,0.000545909,1
libasdf_gwcs,../roman/.data/build21/r0000101001001001001_0001_wfi04_f158_cal.asdf,wfi04,eval,1000,1,0.000542170,1
libasdf_gwcs,../roman/.data/build21/r0000101001001001001_0001_wfi04_f158_cal.asdf,wfi04,eval,1000,2,0.000479297,1
libasdf_gwcs,../roman/.data/build21/r0000101001001001001_0001_wfi04_f158_cal.asdf,wfi04,eval,1000,3,0.000467810,1
libasdf_gwcs,../roman/.data/build21/r0000101001001001001_0001_wfi04_f158_cal.asdf,wfi04,eval,1000,4,0.000583565,1
libasdf_gwcs,../roman/.data/build21/r0000101001001001001_0001_wfi04_f158_cal.asdf,wfi04,eval,1000,5,0.000740255,1
libasdf_gwcs,../roman/.data/build21/r0000101001001001001_0001_wfi04_f158_cal.asdf,wfi04,eval,1000,6,0.000499819,1
libasdf_gwcs,../roman/.data/build21/r0000101001001001001_0001_wfi04_f158_cal.asdf,wfi04,eval,1000,7,0.000432301,1
libasdf_gwcs,../roman/.data/build21/r0000101001001001001_0001_wfi04_f158_cal.asdf,wfi04,eval,1000,8,0.000503661,1
libasdf_gwcs,../roman/.data/build21/r0000101001001001001_0001_wfi04_f158_cal.asdf,wfi04,eval,1000,9,0.000430468,1
libasdf_gwcs,../roman/.data/build21/r0000101001001001001_0001_wfi04_f158_cal.asdf,wfi04,eval,1000,10,0.000512958,1
libasdf_gwcs,../roman/.data/build21/r0000101001001001001_0001_wfi04_f158_cal.asdf,wfi04,eval,1000,11,0.000439648,1
libasdf_gwcs,../roman/.data/build21/r0000101001001001001_0001_wfi04_f158_cal.asdf,wfi04,eval,1000,12,0.000514623,1
libasdf_gwcs,../roman/.data/build21/r0000101001001001001_0001_wfi04_f158_cal.asdf,wfi04,eval,1000,13,0.000441791,1
libasdf_gwcs,../roman/.data/build21/r0000101001001001001_0001_wfi04_f158_cal.asdf,wfi04,eval,1000,14,0.000512067,1
libasdf_gwcs,../roman/.data/build21/r0000101001001001001_0001_wfi04_f158_cal.asdf,wfi04,eval,10000,0,0.006548291,1
libasdf_gwcs,../roman/.data/build21/r0000101001001001001_0001_wfi04_f158_cal.asdf,wfi04,eval,10000,1,0.006448114,1
libasdf_gwcs,../roman/.data/build21/r0000101001001001001_0001_wfi04_f158_cal.asdf,wfi04,eval,10000,2,0.005971042,1
libasdf_gwcs,../roman/.data/build21/r0000101001001001001_0001_wfi04_f158_cal.asdf,wfi04,eval,10000,3,0.005983576,1
libasdf_gwcs,../roman/.data/build21/r0000101001001001001_0001_wfi04_f158_cal.asdf,wfi04,eval,10000,4,0.005823257,1
libasdf_gwcs,../roman/.data/build21/r0000101001001001001_0001_wfi04_f158_cal.asdf,wfi04,eval,10000,5,0.005793781,1
libasdf_gwcs,../roman/.data/build21/r0000101001001001001_0001_wfi04_f158_cal.asdf,wfi04,eval,10000,6,0.005698890,1
libasdf_gwcs,../roman/.data/build21/r0000101001001001001_0001_wfi04_f158_cal.asdf,wfi04,eval,10000,7,0.005746388,1
libasdf_gwcs,../roman/.data/build21/r0000101001001001001_0001_wfi04_f158_cal.asdf,wfi04,eval,100000,0,0.063722175,1
libasdf_gwcs,../roman/.data/build21/r0000101001001001001_0001_wfi04_f158_cal.asdf,wfi04,eval,100000,1,0.063495310,1
libasdf_gwcs,../roman/.data/build21/r0000101001001001001_0001_wfi04_f158_cal.asdf,wfi04,eval,100000,2,0.065405834,1
libasdf_gwcs,../roman/.data/build21/r0000101001001001001_0001_wfi04_f158_cal.asdf,wfi04,eval,100000,3,0.063662214,1
libasdf_gwcs,../roman/.data/build21/r0000101001001001001_0001_wfi04_f158_cal.asdf,wfi04,eval,100000,4,0.064022606,1
libasdf_gwcs,../roman/.data/build21/r0000101001001001001_0001_wfi04_f158_cal.asdf,wfi04,eval,1000000,0,0.631854920,1
libasdf_gwcs,../roman/.data/build21/r0000101001001001001_0001_wfi04_f158_cal.asdf,wfi04,eval,1000000,1,0.648761126,1
libasdf_gwcs,../roman/.data/build21/r0000101001001001001_0001_wfi04_f158_cal.asdf,wfi04,eval,1000000,2,0.615907787,1
libasdf_gwcs,../roman/.data/build21/r0000101001001001001_0001_wfi04_f158_cal.asdf,wfi04,eval,10000000,0,6.588107085,1
libasdf_gwcs,../roman/.data/build21/r0000101001001001001_0001_wfi04_f158_cal.asdf,wfi04,eval,10000000,1,6.660817245,1
libasdf_gwcs,../roman/.data/build21/r0000101001001001001_0001_wfi04_f158_cal.asdf,wfi04,eval,16711744,0,10.507125131,1
libasdf_gwcs,../roman/.data/build21/r0000101001001001001_0001_wfi04_f158_cal.asdf,wfi04,eval,16711744,1,10.853700067,1
libasdf_gwcs,../roman/.data/build21/r0000101001001001001_0001_wfi05_f158_cal.asdf,wfi05,parse_cold,0,0,0.019881329,1
libasdf_gwcs,../roman/.data/build21/r0000101001001001001_0001_wfi05_f158_cal.asdf,wfi05,parse_hot,0,0,0.009778510,1
libasdf_gwcs,../roman/.data/build21/r0000101001001001001_0001_wfi05_f158_cal.asdf,wfi05,eval,1,0,0.000053745,1
libasdf_gwcs,../roman/.data/build21/r0000101001001001001_0001_wfi05_f158_cal.asdf,wfi05,eval,1,1,0.000047038,1
libasdf_gwcs,../roman/.data/build21/r0000101001001001001_0001_wfi05_f158_cal.asdf,wfi05,eval,1,2,0.000049262,1
libasdf_gwcs,../roman/.data/build21/r0000101001001001001_0001_wfi05_f158_cal.asdf,wfi05,eval,1,3,0.000041433,1
libasdf_gwcs,../roman/.data/build21/r0000101001001001001_0001_wfi05_f158_cal.asdf,wfi05,eval,1,4,0.000040805,1
libasdf_gwcs,../roman/.data/build21/r0000101001001001001_0001_wfi05_f158_cal.asdf,wfi05,eval,1,5,0.000040680,1
libasdf_gwcs,../roman/.data/build21/r0000101001001001001_0001_wfi05_f158_cal.asdf,wfi05,eval,1,6,0.000040587,1
libasdf_gwcs,../roman/.data/build21/r0000101001001001001_0001_wfi05_f158_cal.asdf,wfi05,eval,1,7,0.000057925,1
libasdf_gwcs,../roman/.data/build21/r0000101001001001001_0001_wfi05_f158_cal.asdf,wfi05,eval,1,8,0.000081201,1
libasdf_gwcs,../roman/.data/build21/r0000101001001001001_0001_wfi05_f158_cal.asdf,wfi05,eval,1,9,0.000041917,1
libasdf_gwcs,../roman/.data/build21/r0000101001001001001_0001_wfi05_f158_cal.asdf,wfi05,eval,1,10,0.000041020,1
libasdf_gwcs,../roman/.data/build21/r0000101001001001001_0001_wfi05_f158_cal.asdf,wfi05,eval,1,11,0.000040928,1
libasdf_gwcs,../roman/.data/build21/r0000101001001001001_0001_wfi05_f158_cal.asdf,wfi05,eval,1,12,0.000040655,1
libasdf_gwcs,../roman/.data/build21/r0000101001001001001_0001_wfi05_f158_cal.asdf,wfi05,eval,1,13,0.000040663,1
libasdf_gwcs,../roman/.data/build21/r0000101001001001001_0001_wfi05_f158_cal.asdf,wfi05,eval,1,14,0.000040533,1
libasdf_gwcs,../roman/.data/build21/r0000101001001001001_0001_wfi05_f158_cal.asdf,wfi05,eval,1,15,0.000040801,1
libasdf_gwcs,../roman/.data/build21/r0000101001001001001_0001_wfi05_f158_cal.asdf,wfi05,eval,1,16,0.000040773,1
libasdf_gwcs,../roman/.data/build21/r0000101001001001001_0001_wfi05_f158_cal.asdf,wfi05,eval,1,17,0.000040810,1
libasdf_gwcs,../roman/.data/build21/r0000101001001001001_0001_wfi05_f158_cal.asdf,wfi05,eval,1,18,0.000040642,1
libasdf_gwcs,../roman/.data/build21/r0000101001001001001_0001_wfi05_f158_cal.asdf,wfi05,eval,1,19,0.000040631,1
libasdf_gwcs,../roman/.data/build21/r0000101001001001001_0001_wfi05_f158_cal.asdf,wfi05,eval,1,20,0.000040746,1
libasdf_gwcs,../roman/.data/build21/r0000101001001001001_0001_wfi05_f158_cal.asdf,wfi05,eval,1,21,0.000048568,1
libasdf_gwcs,../roman/.data/build21/r0000101001001001001_0001_wfi05_f158_cal.asdf,wfi05,eval,1,22,0.000088361,1
libasdf_gwcs,../roman/.data/build21/r0000101001001001001_0001_wfi05_f158_cal.asdf,wfi05,eval,1,23,0.000041120,1
libasdf_gwcs,../roman/.data/build21/r0000101001001001001_0001_wfi05_f158_cal.asdf,wfi05,eval,1,24,0.000040680,1
libasdf_gwcs,../roman/.data/build21/r0000101001001001001_0001_wfi05_f158_cal.asdf,wfi05,eval,1,25,0.000040605,1
libasdf_gwcs,../roman/.data/build21/r0000101001001001001_0001_wfi05_f158_cal.asdf,wfi05,eval,1,26,0.000040726,1
libasdf_gwcs,../roman/.data/build21/r0000101001001001001_0001_wfi05_f158_cal.asdf,wfi05,eval,1,27,0.000040805,1
libasdf_gwcs,../roman/.data/build21/r0000101001001001001_0001_wfi05_f158_cal.asdf,wfi05,eval,1,28,0.000040886,1
libasdf_gwcs,../roman/.data/build21/r0000101001001001001_0001_wfi05_f158_cal.asdf,wfi05,eval,1,29,0.000040758,1
libasdf_gwcs,../roman/.data/build21/r0000101001001001001_0001_wfi05_f158_cal.asdf,wfi05,eval,1,30,0.000040732,1
libasdf_gwcs,../roman/.data/build21/r0000101001001001001_0001_wfi05_f158_cal.asdf,wfi05,eval,1,31,0.000040598,1
libasdf_gwcs,../roman/.data/build21/r0000101001001001001_0001_wfi05_f158_cal.asdf,wfi05,eval,1,32,0.000040744,1
libasdf_gwcs,../roman/.data/build21/r0000101001001001001_0001_wfi05_f158_cal.asdf,wfi05,eval,1,33,0.000040498,1
libasdf_gwcs,../roman/.data/build21/r0000101001001001001_0001_wfi05_f158_cal.asdf,wfi05,eval,1,34,0.000040676,1
libasdf_gwcs,../roman/.data/build21/r0000101001001001001_0001_wfi05_f158_cal.asdf,wfi05,eval,1,35,0.000040753,1
libasdf_gwcs,../roman/.data/build21/r0000101001001001001_0001_wfi05_f158_cal.asdf,wfi05,eval,1,36,0.000040779,1
libasdf_gwcs,../roman/.data/build21/r0000101001001001001_0001_wfi05_f158_cal.asdf,wfi05,eval,1,37,0.000042688,1
libasdf_gwcs,../roman/.data/build21/r0000101001001001001_0001_wfi05_f158_cal.asdf,wfi05,eval,1,38,0.000041055,1
libasdf_gwcs,../roman/.data/build21/r0000101001001001001_0001_wfi05_f158_cal.asdf,wfi05,eval,1,39,0.000040750,1
libasdf_gwcs,../roman/.data/build21/r0000101001001001001_0001_wfi05_f158_cal.asdf,wfi05,eval,1,40,0.000040898,1
libasdf_gwcs,../roman/.data/build21/r0000101001001001001_0001_wfi05_f158_cal.asdf,wfi05,eval,1,41,0.000040788,1
libasdf_gwcs,../roman/.data/build21/r0000101001001001001_0001_wfi05_f158_cal.asdf,wfi05,eval,1,42,0.000040792,1
libasdf_gwcs,../roman/.data/build21/r0000101001001001001_0001_wfi05_f158_cal.asdf,wfi05,eval,1,43,0.000049239,1
libasdf_gwcs,../roman/.data/build21/r0000101001001001001_0001_wfi05_f158_cal.asdf,wfi05,eval,1,44,0.000069469,1
libasdf_gwcs,../roman/.data/build21/r0000101001001001001_0001_wfi05_f158_cal.asdf,wfi05,eval,1,45,0.000057315,1
libasdf_gwcs,../roman/.data/build21/r0000101001001001001_0001_wfi05_f158_cal.asdf,wfi05,eval,1,46,0.000040932,1
libasdf_gwcs,../roman/.data/build21/r0000101001001001001_0001_wfi05_f158_cal.asdf,wfi05,eval,1,47,0.000040737,1
libasdf_gwcs,../roman/.data/build21/r0000101001001001001_0001_wfi05_f158_cal.asdf,wfi05,eval,1,48,0.000040816,1
libasdf_gwcs,../roman/.data/build21/r0000101001001001001_0001_wfi05_f158_cal.asdf,wfi05,eval,1,49,0.000040638,1
libasdf_gwcs,../roman/.data/build21/r0000101001001001001_0001_wfi05_f158_cal.asdf,wfi05,eval,10,0,0.000047788,1
libasdf_gwcs,../roman/.data/build21/r0000101001001001001_0001_wfi05_f158_cal.asdf,wfi05,eval,10,1,0.000045186,1
libasdf_gwcs,../roman/.data/build21/r0000101001001001001_0001_wfi05_f158_cal.asdf,wfi05,eval,10,2,0.000045059,1
libasdf_gwcs,../roman/.data/build21/r0000101001001001001_0001_wfi05_f158_cal.asdf,wfi05,eval,10,3,0.000044674,1
libasdf_gwcs,../roman/.data/build21/r0000101001001001001_0001_wfi05_f158_cal.asdf,wfi05,eval,10,4,0.000044385,1
libasdf_gwcs,../roman/.data/build21/r0000101001001001001_0001_wfi05_f158_cal.asdf,wfi05,eval,10,5,0.000044408,1
libasdf_gwcs,../roman/.data/build21/r0000101001001001001_0001_wfi05_f158_cal.asdf,wfi05,eval,10,6,0.000077431,1
libasdf_gwcs,../roman/.data/build21/r0000101001001001001_0001_wfi05_f158_cal.asdf,wfi05,eval,10,7,0.000061492,1
libasdf_gwcs,../roman/.data/build21/r0000101001001001001_0001_wfi05_f158_cal.asdf,wfi05,eval,10,8,0.000045149,1
libasdf_gwcs,../roman/.data/build21/r0000101001001001001_0001_wfi05_f158_cal.asdf,wfi05,eval,10,9,0.000044870,1
libasdf_gwcs,../roman/.data/build21/r0000101001001001001_0001_wfi05_f158_cal.asdf,wfi05,eval,10,10,0.000044481,1
libasdf_gwcs,../roman/.data/build21/r0000101001001001001_0001_wfi05_f158_cal.asdf,wfi05,eval,10,11,0.000044567,1
libasdf_gwcs,../roman/.data/build21/r0000101001001001001_0001_wfi05_f158_cal.asdf,wfi05,eval,10,12,0.000044445,1
libasdf_gwcs,../roman/.data/build21/r0000101001001001001_0001_wfi05_f158_cal.asdf,wfi05,eval,10,13,0.000058024,1
libasdf_gwcs,../roman/.data/build21/r0000101001001001001_0001_wfi05_f158_cal.asdf,wfi05,eval,10,14,0.000088776,1
libasdf_gwcs,../roman/.data/build21/r0000101001001001001_0001_wfi05_f158_cal.asdf,wfi05,eval,10,15,0.000044977,1
libasdf_gwcs,../roman/.data/build21/r0000101001001001001_0001_wfi05_f158_cal.asdf,wfi05,eval,10,16,0.000044516,1
libasdf_gwcs,../roman/.data/build21/r0000101001001001001_0001_wfi05_f158_cal.asdf,wfi05,eval,10,17,0.000044312,1
libasdf_gwcs,../roman/.data/build21/r0000101001001001001_0001_wfi05_f158_cal.asdf,wfi05,eval,10,18,0.000044336,1
libasdf_gwcs,../roman/.data/build21/r0000101001001001001_0001_wfi05_f158_cal.asdf,wfi05,eval,10,19,0.000044546,1
libasdf_gwcs,../roman/.data/build21/r0000101001001001001_0001_wfi05_f158_cal.asdf,wfi05,eval,10,20,0.000044430,1
libasdf_gwcs,../roman/.data/build21/r0000101001001001001_0001_wfi05_f158_cal.asdf,wfi05,eval,10,21,0.000044499,1
libasdf_gwcs,../roman/.data/build21/r0000101001001001001_0001_wfi05_f158_cal.asdf,wfi05,eval,10,22,0.000044294,1
libasdf_gwcs,../roman/.data/build21/r0000101001001001001_0001_wfi05_f158_cal.asdf,wfi05,eval,10,23,0.000044365,1
libasdf_gwcs,../roman/.data/build21/r0000101001001001001_0001_wfi05_f158_cal.asdf,wfi05,eval,10,24,0.000044366,1
libasdf_gwcs,../roman/.data/build21/r0000101001001001001_0001_wfi05_f158_cal.asdf,wfi05,eval,10,25,0.000044298,1
libasdf_gwcs,../roman/.data/build21/r0000101001001001001_0001_wfi05_f158_cal.asdf,wfi05,eval,10,26,0.000044552,1
libasdf_gwcs,../roman/.data/build21/r0000101001001001001_0001_wfi05_f158_cal.asdf,wfi05,eval,10,27,0.000044377,1
libasdf_gwcs,../roman/.data/build21/r0000101001001001001_0001_wfi05_f158_cal.asdf,wfi05,eval,10,28,0.000044559,1
libasdf_gwcs,../roman/.data/build21/r0000101001001001001_0001_wfi05_f158_cal.asdf,wfi05,eval,10,29,0.000044222,1
libasdf_gwcs,../roman/.data/build21/r0000101001001001001_0001_wfi05_f158_cal.asdf,wfi05,eval,10,30,0.000044472,1
libasdf_gwcs,../roman/.data/build21/r0000101001001001001_0001_wfi05_f158_cal.asdf,wfi05,eval,10,31,0.000044351,1
libasdf_gwcs,../roman/.data/build21/r0000101001001001001_0001_wfi05_f158_cal.asdf,wfi05,eval,10,32,0.000044315,1
libasdf_gwcs,../roman/.data/build21/r0000101001001001001_0001_wfi05_f158_cal.asdf,wfi05,eval,10,33,0.000044540,1
libasdf_gwcs,../roman/.data/build21/r0000101001001001001_0001_wfi05_f158_cal.asdf,wfi05,eval,10,34,0.000050407,1
libasdf_gwcs,../roman/.data/build21/r0000101001001001001_0001_wfi05_f158_cal.asdf,wfi05,eval,10,35,0.000073476,1
libasdf_gwcs,../roman/.data/build21/r0000101001001001001_0001_wfi05_f158_cal.asdf,wfi05,eval,10,36,0.000058225,1
libasdf_gwcs,../roman/.data/build21/r0000101001001001001_0001_wfi05_f158_cal.asdf,wfi05,eval,10,37,0.000045960,1
libasdf_gwcs,../roman/.data/build21/r0000101001001001001_0001_wfi05_f158_cal.asdf,wfi05,eval,10,38,0.000044636,1
libasdf_gwcs,../roman/.data/build21/r0000101001001001001_0001_wfi05_f158_cal.asdf,wfi05,eval,10,39,0.000044429,1
libasdf_gwcs,../roman/.data/build21/r0000101001001001001_0001_wfi05_f158_cal.asdf,wfi05,eval,10,40,0.000044582,1
libasdf_gwcs,../roman/.data/build21/r0000101001001001001_0001_wfi05_f158_cal.asdf,wfi05,eval,10,41,0.000044382,1
libasdf_gwcs,../roman/.data/build21/r0000101001001001001_0001_wfi05_f158_cal.asdf,wfi05,eval,10,42,0.000044584,1
libasdf_gwcs,../roman/.data/build21/r0000101001001001001_0001_wfi05_f158_cal.asdf,wfi05,eval,10,43,0.000044358,1
libasdf_gwcs,../roman/.data/build21/r0000101001001001001_0001_wfi05_f158_cal.asdf,wfi05,eval,10,44,0.000044473,1
libasdf_gwcs,../roman/.data/build21/r0000101001001001001_0001_wfi05_f158_cal.asdf,wfi05,eval,10,45,0.000044469,1
libasdf_gwcs,../roman/.data/build21/r0000101001001001001_0001_wfi05_f158_cal.asdf,wfi05,eval,10,46,0.000044529,1
libasdf_gwcs,../roman/.data/build21/r0000101001001001001_0001_wfi05_f158_cal.asdf,wfi05,eval,10,47,0.000044355,1
libasdf_gwcs,../roman/.data/build21/r0000101001001001001_0001_wfi05_f158_cal.asdf,wfi05,eval,10,48,0.000044433,1
libasdf_gwcs,../roman/.data/build21/r0000101001001001001_0001_wfi05_f158_cal.asdf,wfi05,eval,10,49,0.000044335,1
libasdf_gwcs,../roman/.data/build21/r0000101001001001001_0001_wfi05_f158_cal.asdf,wfi05,eval,100,0,0.000184337,1
libasdf_gwcs,../roman/.data/build21/r0000101001001001001_0001_wfi05_f158_cal.asdf,wfi05,eval,100,1,0.000129153,1
libasdf_gwcs,../roman/.data/build21/r0000101001001001001_0001_wfi05_f158_cal.asdf,wfi05,eval,100,2,0.000139264,1
libasdf_gwcs,../roman/.data/build21/r0000101001001001001_0001_wfi05_f158_cal.asdf,wfi05,eval,100,3,0.000085445,1
libasdf_gwcs,../roman/.data/build21/r0000101001001001001_0001_wfi05_f158_cal.asdf,wfi05,eval,100,4,0.000084451,1
libasdf_gwcs,../roman/.data/build21/r0000101001001001001_0001_wfi05_f158_cal.asdf,wfi05,eval,100,5,0.000084206,1
libasdf_gwcs,../roman/.data/build21/r0000101001001001001_0001_wfi05_f158_cal.asdf,wfi05,eval,100,6,0.000083470,1
libasdf_gwcs,../roman/.data/build21/r0000101001001001001_0001_wfi05_f158_cal.asdf,wfi05,eval,100,7,0.000083710,1
libasdf_gwcs,../roman/.data/build21/r0000101001001001001_0001_wfi05_f158_cal.asdf,wfi05,eval,100,8,0.000083352,1
libasdf_gwcs,../roman/.data/build21/r0000101001001001001_0001_wfi05_f158_cal.asdf,wfi05,eval,100,9,0.000083671,1
libasdf_gwcs,../roman/.data/build21/r0000101001001001001_0001_wfi05_f158_cal.asdf,wfi05,eval,100,10,0.000083399,1
libasdf_gwcs,../roman/.data/build21/r0000101001001001001_0001_wfi05_f158_cal.asdf,wfi05,eval,100,11,0.000083572,1
libasdf_gwcs,../roman/.data/build21/r0000101001001001001_0001_wfi05_f158_cal.asdf,wfi05,eval,100,12,0.000135885,1
libasdf_gwcs,../roman/.data/build21/r0000101001001001001_0001_wfi05_f158_cal.asdf,wfi05,eval,100,13,0.000084557,1
libasdf_gwcs,../roman/.data/build21/r0000101001001001001_0001_wfi05_f158_cal.asdf,wfi05,eval,100,14,0.000083636,1
libasdf_gwcs,../roman/.data/build21/r0000101001001001001_0001_wfi05_f158_cal.asdf,wfi05,eval,100,15,0.000083756,1
libasdf_gwcs,../roman/.data/build21/r0000101001001001001_0001_wfi05_f158_cal.asdf,wfi05,eval,100,16,0.000083216,1
libasdf_gwcs,../roman/.data/build21/r0000101001001001001_0001_wfi05_f158_cal.asdf,wfi05,eval,100,17,0.000083694,1
libasdf_gwcs,../roman/.data/build21/r0000101001001001001_0001_wfi05_f158_cal.asdf,wfi05,eval,100,18,0.000083815,1
libasdf_gwcs,../roman/.data/build21/r0000101001001001001_0001_wfi05_f158_cal.asdf,wfi05,eval,100,19,0.000083461,1
libasdf_gwcs,../roman/.data/build21/r0000101001001001001_0001_wfi05_f158_cal.asdf,wfi05,eval,100,20,0.000083191,1
libasdf_gwcs,../roman/.data/build21/r0000101001001001001_0001_wfi05_f158_cal.asdf,wfi05,eval,100,21,0.000083424,1
libasdf_gwcs,../roman/.data/build21/r0000101001001001001_0001_wfi05_f158_cal.asdf,wfi05,eval,100,22,0.000083411,1
libasdf_gwcs,../roman/.data/build21/r0000101001001001001_0001_wfi05_f158_cal.asdf,wfi05,eval,100,23,0.000188559,1
libasdf_gwcs,../roman/.data/build21/r0000101001001001001_0001_wfi05_f158_cal.asdf,wfi05,eval,100,24,0.000168170,1
libasdf_gwcs,../roman/.data/build21/r0000101001001001001_0001_wfi05_f158_cal.asdf,wfi05,eval,100,25,0.000166277,1
libasdf_gwcs,../roman/.data/build21/r0000101001001001001_0001_wfi05_f158_cal.asdf,wfi05,eval,100,26,0.000173063,1
libasdf_gwcs,../roman/.data/build21/r0000101001001001001_0001_wfi05_f158_cal.asdf,wfi05,eval,100,27,0.000171676,1
libasdf_gwcs,../roman/.data/build21/r0000101001001001001_0001_wfi05_f158_cal.asdf,wfi05,eval,100,28,0.000169163,1
libasdf_gwcs,../roman/.data/build21/r0000101001001001001_0001_wfi05_f158_cal.asdf,wfi05,eval,100,29,0.000215710,1
libasdf_gwcs,../roman/.data/build21/r0000101001001001001_0001_wfi05_f158_cal.asdf,wfi05,eval,1000,0,0.000953751,1
libasdf_gwcs,../roman/.data/build21/r0000101001001001001_0001_wfi05_f158_cal.asdf,wfi05,eval,1000,1,0.000873033,1
libasdf_gwcs,../roman/.data/build21/r0000101001001001001_0001_wfi05_f158_cal.asdf,wfi05,eval,1000,2,0.000846505,1
libasdf_gwcs,../roman/.data/build21/r0000101001001001001_0001_wfi05_f158_cal.asdf,wfi05,eval,1000,3,0.000869579,1
libasdf_gwcs,../roman/.data/build21/r0000101001001001001_0001_wfi05_f158_cal.asdf,wfi05,eval,1000,4,0.000852393,1
libasdf_gwcs,../roman/.data/build21/r0000101001001001001_0001_wfi05_f158_cal.asdf,wfi05,eval,1000,5,0.000873288,1
libasdf_gwcs,../roman/.data/build21/r0000101001001001001_0001_wfi05_f158_cal.asdf,wfi05,eval,1000,6,0.000826525,1
libasdf_gwcs,../roman/.data/build21/r0000101001001001001_0001_wfi05_f158_cal.asdf,wfi05,eval,1000,7,0.000712815,1
libasdf_gwcs,../roman/.data/build21/r0000101001001001001_0001_wfi05_f158_cal.asdf,wfi05,eval,1000,8,0.000732088,1
libasdf_gwcs,../roman/.data/build21/r0000101001001001001_0001_wfi05_f158_cal.asdf,wfi05,eval,1000,9,0.000895639,1
libasdf_gwcs,../roman/.data/build21/r0000101001001001001_0001_wfi05_f158_cal.asdf,wfi05,eval,1000,10,0.000750636,1
libasdf_gwcs,../roman/.data/build21/r0000101001001001001_0001_wfi05_f158_cal.asdf,wfi05,eval,1000,11,0.000966289,1
libasdf_gwcs,../roman/.data/build21/r0000101001001001001_0001_wfi05_f158_cal.asdf,wfi05,eval,1000,12,0.000976820,1
libasdf_gwcs,../roman/.data/build21/r0000101001001001001_0001_wfi05_f158_cal.asdf,wfi05,eval,1000,13,0.000801452,1
libasdf_gwcs,../roman/.data/build21/r0000101001001001001_0001_wfi05_f158_cal.asdf,wfi05,eval,1000,14,0.000422246,1
libasdf_gwcs,../roman/.data/build21/r0000101001001001001_0001_wfi05_f158_cal.asdf,wfi05,eval,10000,0,0.006602322,1
libasdf_gwcs,../roman/.data/build21/r0000101001001001001_0001_wfi05_f158_cal.asdf,wfi05,eval,10000,1,0.006100237,1
libasdf_gwcs,../roman/.data/build21/r0000101001001001001_0001_wfi05_f158_cal.asdf,wfi05,eval,10000,2,0.006240170,1
libasdf_gwcs,../roman/.data/build21/r0000101001001001001_0001_wfi05_f158_cal.asdf,wfi05,eval,10000,3,0.006760633,1
libasdf_gwcs,../roman/.data/build21/r0000101001001001001_0001_wfi05_f158_cal.asdf,wfi05,eval,10000,4,0.007951989,1
libasdf_gwcs,../roman/.data/build21/r0000101001001001001_0001_wfi05_f158_cal.asdf,wfi05,eval,10000,5,0.006183077,1
libasdf_gwcs,../roman/.data/build21/r0000101001001001001_0001_wfi05_f158_cal.asdf,wfi05,eval,10000,6,0.005742819,1
libasdf_gwcs,../roman/.data/build21/r0000101001001001001_0001_wfi05_f158_cal.asdf,wfi05,eval,10000,7,0.005720773,1
libasdf_gwcs,../roman/.data/build21/r0000101001001001001_0001_wfi05_f158_cal.asdf,wfi05,eval,100000,0,0.061751254,1
libasdf_gwcs,../roman/.data/build21/r0000101001001001001_0001_wfi05_f158_cal.asdf,wfi05,eval,100000,1,0.058162800,1
libasdf_gwcs,../roman/.data/build21/r0000101001001001001_0001_wfi05_f158_cal.asdf,wfi05,eval,100000,2,0.068406349,1
libasdf_gwcs,../roman/.data/build21/r0000101001001001001_0001_wfi05_f158_cal.asdf,wfi05,eval,100000,3,0.067689247,1
libasdf_gwcs,../roman/.data/build21/r0000101001001001001_0001_wfi05_f158_cal.asdf,wfi05,eval,100000,4,0.061327897,1
libasdf_gwcs,../roman/.data/build21/r0000101001001001001_0001_wfi05_f158_cal.asdf,wfi05,eval,1000000,0,0.655886586,1
libasdf_gwcs,../roman/.data/build21/r0000101001001001001_0001_wfi05_f158_cal.asdf,wfi05,eval,1000000,1,0.621141132,1
libasdf_gwcs,../roman/.data/build21/r0000101001001001001_0001_wfi05_f158_cal.asdf,wfi05,eval,1000000,2,0.653865040,1
libasdf_gwcs,../roman/.data/build21/r0000101001001001001_0001_wfi05_f158_cal.asdf,wfi05,eval,10000000,0,6.530644557,1
libasdf_gwcs,../roman/.data/build21/r0000101001001001001_0001_wfi05_f158_cal.asdf,wfi05,eval,10000000,1,6.629284223,1
libasdf_gwcs,../roman/.data/build21/r0000101001001001001_0001_wfi05_f158_cal.asdf,wfi05,eval,16711744,0,10.571256024,1
libasdf_gwcs,../roman/.data/build21/r0000101001001001001_0001_wfi05_f158_cal.asdf,wfi05,eval,16711744,1,10.425715692,1
libasdf_gwcs,../roman/.data/build21/r0000101001001001001_0001_wfi06_f158_cal.asdf,wfi06,parse_cold,0,0,0.018699159,1
libasdf_gwcs,../roman/.data/build21/r0000101001001001001_0001_wfi06_f158_cal.asdf,wfi06,parse_hot,0,0,0.009544459,1
libasdf_gwcs,../roman/.data/build21/r0000101001001001001_0001_wfi06_f158_cal.asdf,wfi06,eval,1,0,0.000083071,1
libasdf_gwcs,../roman/.data/build21/r0000101001001001001_0001_wfi06_f158_cal.asdf,wfi06,eval,1,1,0.000052873,1
libasdf_gwcs,../roman/.data/build21/r0000101001001001001_0001_wfi06_f158_cal.asdf,wfi06,eval,1,2,0.000064108,1
libasdf_gwcs,../roman/.data/build21/r0000101001001001001_0001_wfi06_f158_cal.asdf,wfi06,eval,1,3,0.000040209,1
libasdf_gwcs,../roman/.data/build21/r0000101001001001001_0001_wfi06_f158_cal.asdf,wfi06,eval,1,4,0.000039634,1
libasdf_gwcs,../roman/.data/build21/r0000101001001001001_0001_wfi06_f158_cal.asdf,wfi06,eval,1,5,0.000067051,1
libasdf_gwcs,../roman/.data/build21/r0000101001001001001_0001_wfi06_f158_cal.asdf,wfi06,eval,1,6,0.000054476,1
libasdf_gwcs,../roman/.data/build21/r0000101001001001001_0001_wfi06_f158_cal.asdf,wfi06,eval,1,7,0.000071993,1
libasdf_gwcs,../roman/.data/build21/r0000101001001001001_0001_wfi06_f158_cal.asdf,wfi06,eval,1,8,0.000039834,1
libasdf_gwcs,../roman/.data/build21/r0000101001001001001_0001_wfi06_f158_cal.asdf,wfi06,eval,1,9,0.000039838,1
libasdf_gwcs,../roman/.data/build21/r0000101001001001001_0001_wfi06_f158_cal.asdf,wfi06,eval,1,10,0.000039630,1
libasdf_gwcs,../roman/.data/build21/r0000101001001001001_0001_wfi06_f158_cal.asdf,wfi06,eval,1,11,0.000039821,1
libasdf_gwcs,../roman/.data/build21/r0000101001001001001_0001_wfi06_f158_cal.asdf,wfi06,eval,1,12,0.000039863,1
libasdf_gwcs,../roman/.data/build21/r0000101001001001001_0001_wfi06_f158_cal.asdf,wfi06,eval,1,13,0.000039832,1
libasdf_gwcs,../roman/.data/build21/r0000101001001001001_0001_wfi06_f158_cal.asdf,wfi06,eval,1,14,0.000039940,1
libasdf_gwcs,../roman/.data/build21/r0000101001001001001_0001_wfi06_f158_cal.asdf,wfi06,eval,1,15,0.000039854,1
libasdf_gwcs,../roman/.data/build21/r0000101001001001001_0001_wfi06_f158_cal.asdf,wfi06,eval,1,16,0.000039743,1
libasdf_gwcs,../roman/.data/build21/r0000101001001001001_0001_wfi06_f158_cal.asdf,wfi06,eval,1,17,0.000039839,1
libasdf_gwcs,../roman/.data/build21/r0000101001001001001_0001_wfi06_f158_cal.asdf,wfi06,eval,1,18,0.000069561,1
libasdf_gwcs,../roman/.data/build21/r0000101001001001001_0001_wfi06_f158_cal.asdf,wfi06,eval,1,19,0.000077540,1
libasdf_gwcs,../roman/.data/build21/r0000101001001001001_0001_wfi06_f158_cal.asdf,wfi06,eval,1,20,0.000040197,1
libasdf_gwcs,../roman/.data/build21/r0000101001001001001_0001_wfi06_f158_cal.asdf,wfi06,eval,1,21,0.000039704,1
libasdf_gwcs,../roman/.data/build21/r0000101001001001001_0001_wfi06_f158_cal.asdf,wfi06,eval,1,22,0.000039415,1
libasdf_gwcs,../roman/.data/build21/r0000101001001001001_0001_wfi06_f158_cal.asdf,wfi06,eval,1,23,0.000039891,1
libasdf_gwcs,../roman/.data/build21/r0000101001001001001_0001_wfi06_f158_cal.asdf,wfi06,eval,1,24,0.000039701,1
libasdf_gwcs,../roman/.data/build21/r0000101001001001001_0001_wfi06_f158_cal.asdf,wfi06,eval,1,25,0.000039752,1
libasdf_gwcs,../roman/.data/build21/r0000101001001001001_0001_wfi06_f158_cal.asdf,wfi06,eval,1,26,0.000039816,1
libasdf_gwcs,../roman/.data/build21/r0000101001001001001_0001_wfi06_f158_cal.asdf,wfi06,eval,1,27,0.000039818,1
libasdf_gwcs,../roman/.data/build21/r0000101001001001001_0001_wfi06_f158_cal.asdf,wfi06,eval,1,28,0.000039779,1
libasdf_gwcs,../roman/.data/build21/r0000101001001001001_0001_wfi06_f158_cal.asdf,wfi06,eval,1,29,0.000039730,1
libasdf_gwcs,../roman/.data/build21/r0000101001001001001_0001_wfi06_f158_cal.asdf,wfi06,eval,1,30,0.000039615,1
libasdf_gwcs,../roman/.data/build21/r0000101001001001001_0001_wfi06_f158_cal.asdf,wfi06,eval,1,31,0.000039518,1
libasdf_gwcs,../roman/.data/build21/r0000101001001001001_0001_wfi06_f158_cal.asdf,wfi06,eval,1,32,0.000039614,1
libasdf_gwcs,../roman/.data/build21/r0000101001001001001_0001_wfi06_f158_cal.asdf,wfi06,eval,1,33,0.000039729,1
libasdf_gwcs,../roman/.data/build21/r0000101001001001001_0001_wfi06_f158_cal.asdf,wfi06,eval,1,34,0.000039802,1
libasdf_gwcs,../roman/.data/build21/r0000101001001001001_0001_wfi06_f158_cal.asdf,wfi06,eval,1,35,0.000040198,1
libasdf_gwcs,../roman/.data/build21/r0000101001001001001_0001_wfi06_f158_cal.asdf,wfi06,eval,1,36,0.000039923,1
libasdf_gwcs,../roman/.data/build21/r0000101001001001001_0001_wfi06_f158_cal.asdf,wfi06,eval,1,37,0.000042075,1
libasdf_gwcs,../roman/.data/build21/r0000101001001001001_0001_wfi06_f158_cal.asdf,wfi06,eval,1,38,0.000039972,1
libasdf_gwcs,../roman/.data/build21/r0000101001001001001_0001_wfi06_f158_cal.asdf,wfi06,eval,1,39,0.000040995,1
libasdf_gwcs,../roman/.data/build21/r0000101001001001001_0001_wfi06_f158_cal.asdf,wfi06,eval,1,40,0.000176235,1
libasdf_gwcs,../roman/.data/build21/r0000101001001001001_0001_wfi06_f158_cal.asdf,wfi06,eval,1,41,0.000108535,1
libasdf_gwcs,../roman/.data/build21/r0000101001001001001_0001_wfi06_f158_cal.asdf,wfi06,eval,1,42,0.000106281,1
libasdf_gwcs,../roman/.data/build21/r0000101001001001001_0001_wfi06_f158_cal.asdf,wfi06,eval,1,43,0.000078487,1
libasdf_gwcs,../roman/.data/build21/r0000101001001001001_0001_wfi06_f158_cal.asdf,wfi06,eval,1,44,0.000160500,1
libasdf_gwcs,../roman/.data/build21/r0000101001001001001_0001_wfi06_f158_cal.asdf,wfi06,eval,1,45,0.000217334,1
libasdf_gwcs,../roman/.data/build21/r0000101001001001001_0001_wfi06_f158_cal.asdf,wfi06,eval,1,46,0.000157039,1
libasdf_gwcs,../roman/.data/build21/r0000101001001001001_0001_wfi06_f158_cal.asdf,wfi06,eval,1,47,0.000091539,1
libasdf_gwcs,../roman/.data/build21/r0000101001001001001_0001_wfi06_f158_cal.asdf,wfi06,eval,1,48,0.000149013,1
libasdf_gwcs,../roman/.data/build21/r0000101001001001001_0001_wfi06_f158_cal.asdf,wfi06,eval,1,49,0.000081366,1
libasdf_gwcs,../roman/.data/build21/r0000101001001001001_0001_wfi06_f158_cal.asdf,wfi06,eval,10,0,0.000054047,1
libasdf_gwcs,../roman/.data/build21/r0000101001001001001_0001_wfi06_f158_cal.asdf,wfi06,eval,10,1,0.000044920,1
libasdf_gwcs,../roman/.data/build21/r0000101001001001001_0001_wfi06_f158_cal.asdf,wfi06,eval,10,2,0.000044636,1
libasdf_gwcs,../roman/.data/build21/r0000101001001001001_0001_wfi06_f158_cal.asdf,wfi06,eval,10,3,0.000043796,1
libasdf_gwcs,../roman/.data/build21/r0000101001001001001_0001_wfi06_f158_cal.asdf,wfi06,eval,10,4,0.000043868,1
libasdf_gwcs,../roman/.data/build21/r0000101001001001001_0001_wfi06_f158_cal.asdf,wfi06,eval,10,5,0.000105340,1
libasdf_gwcs,../roman/.data/build21/r0000101001001001001_0001_wfi06_f158_cal.asdf,wfi06,eval,10,6,0.000222690,1
libasdf_gwcs,../roman/.data/build21/r0000101001001001001_0001_wfi06_f158_cal.asdf,wfi06,eval,10,7,0.000176202,1
libasdf_gwcs,../roman/.data/build21/r0000101001001001001_0001_wfi06_f158_cal.asdf,wfi06,eval,10,8,0.000070930,1
libasdf_gwcs,../roman/.data/build21/r0000101001001001001_0001_wfi06_f158_cal.asdf,wfi06,eval,10,9,0.000044110,1
libasdf_gwcs,../roman/.data/build21/r0000101001001001001_0001_wfi06_f158_cal.asdf,wfi06,eval,10,10,0.000044054,1
libasdf_gwcs,../roman/.data/build21/r0000101001001001001_0001_wfi06_f158_cal.asdf,wfi06,eval,10,11,0.000043935,1
libasdf_gwcs,../roman/.data/build21/r0000101001001001001_0001_wfi06_f158_cal.asdf,wfi06,eval,10,12,0.000043864,1
libasdf_gwcs,../roman/.data/build21/r0000101001001001001_0001_wfi06_f158_cal.asdf,wfi06,eval,10,13,0.000043976,1
libasdf_gwcs,../roman/.data/build21/r0000101001001001001_0001_wfi06_f158_cal.asdf,wfi06,eval,10,14,0.000043950,1
libasdf_gwcs,../roman/.data/build21/r0000101001001001001_0001_wfi06_f158_cal.asdf,wfi06,eval,10,15,0.000044045,1
libasdf_gwcs,../roman/.data/build21/r0000101001001001001_0001_wfi06_f158_cal.asdf,wfi06,eval,10,16,0.000044124,1
libasdf_gwcs,../roman/.data/build21/r0000101001001001001_0001_wfi06_f158_cal.asdf,wfi06,eval,10,17,0.000043785,1
libasdf_gwcs,../roman/.data/build21/r0000101001001001001_0001_wfi06_f158_cal.asdf,wfi06,eval,10,18,0.000043758,1
libasdf_gwcs,../roman/.data/build21/r0000101001001001001_0001_wfi06_f158_cal.asdf,wfi06,eval,10,19,0.000044269,1
libasdf_gwcs,../roman/.data/build21/r0000101001001001001_0001_wfi06_f158_cal.asdf,wfi06,eval,10,20,0.000043959,1
libasdf_gwcs,../roman/.data/build21/r0000101001001001001_0001_wfi06_f158_cal.asdf,wfi06,eval,10,21,0.000043944,1
libasdf_gwcs,../roman/.data/build21/r0000101001001001001_0001_wfi06_f158_cal.asdf,wfi06,eval,10,22,0.000044038,1
libasdf_gwcs,../roman/.data/build21/r0000101001001001001_0001_wfi06_f158_cal.asdf,wfi06,eval,10,23,0.000043907,1
libasdf_gwcs,../roman/.data/build21/r0000101001001001001_0001_wfi06_f158_cal.asdf,wfi06,eval,10,24,0.000043947,1
libasdf_gwcs,../roman/.data/build21/r0000101001001001001_0001_wfi06_f158_cal.asdf,wfi06,eval,10,25,0.000043862,1
libasdf_gwcs,../roman/.data/build21/r0000101001001001001_0001_wfi06_f158_cal.asdf,wfi06,eval,10,26,0.000043894,1
libasdf_gwcs,../roman/.data/build21/r0000101001001001001_0001_wfi06_f158_cal.asdf,wfi06,eval,10,27,0.000043869,1
libasdf_gwcs,../roman/.data/build21/r0000101001001001001_0001_wfi06_f158_cal.asdf,wfi06,eval,10,28,0.000073498,1
libasdf_gwcs,../roman/.data/build21/r0000101001001001001_0001_wfi06_f158_cal.asdf,wfi06,eval,10,29,0.000051569,1
libasdf_gwcs,../roman/.data/build21/r0000101001001001001_0001_wfi06_f158_cal.asdf,wfi06,eval,10,30,0.000061568,1
libasdf_gwcs,../roman/.data/build21/r0000101001001001001_0001_wfi06_f158_cal.asdf,wfi06,eval,10,31,0.000043821,1
libasdf_gwcs,../roman/.data/build21/r0000101001001001001_0001_wfi06_f158_cal.asdf,wfi06,eval,10,32,0.000044125,1
libasdf_gwcs,../roman/.data/build21/r0000101001001001001_0001_wfi06_f158_cal.asdf,wfi06,eval,10,33,0.000043931,1
libasdf_gwcs,../roman/.data/build21/r0000101001001001001_0001_wfi06_f158_cal.asdf,wfi06,eval,10,34,0.000043944,1
libasdf_gwcs,../roman/.data/build21/r0000101001001001001_0001_wfi06_f158_cal.asdf,wfi06,eval,10,35,0.000043850,1
libasdf_gwcs,../roman/.data/build21/r0000101001001001001_0001_wfi06_f158_cal.asdf,wfi06,eval,10,36,0.000043945,1
libasdf_gwcs,../roman/.data/build21/r0000101001001001001_0001_wfi06_f158_cal.asdf,wfi06,eval,10,37,0.000045862,1
libasdf_gwcs,../roman/.data/build21/r0000101001001001001_0001_wfi06_f158_cal.asdf,wfi06,eval,10,38,0.000044141,1
libasdf_gwcs,../roman/.data/build21/r0000101001001001001_0001_wfi06_f158_cal.asdf,wfi06,eval,10,39,0.000043787,1
libasdf_gwcs,../roman/.data/build21/r0000101001001001001_0001_wfi06_f158_cal.asdf,wfi06,eval,10,40,0.000044392,1
libasdf_gwcs,../roman/.data/build21/r0000101001001001001_0001_wfi06_f158_cal.asdf,wfi06,eval,10,41,0.000043858,1
libasdf_gwcs,../roman/.data/build21/r0000101001001001001_0001_wfi06_f158_cal.asdf,wfi06,eval,10,42,0.000043882,1
libasdf_gwcs,../roman/.data/build21/r0000101001001001001_0001_wfi06_f158_cal.asdf,wfi06,eval,10,43,0.000043989,1
libasdf_gwcs,../roman/.data/build21/r0000101001001001001_0001_wfi06_f158_cal.asdf,wfi06,eval,10,44,0.000044020,1
libasdf_gwcs,../roman/.data/build21/r0000101001001001001_0001_wfi06_f158_cal.asdf,wfi06,eval,10,45,0.000043769,1
libasdf_gwcs,../roman/.data/build21/r0000101001001001001_0001_wfi06_f158_cal.asdf,wfi06,eval,10,46,0.000043762,1
libasdf_gwcs,../roman/.data/build21/r0000101001001001001_0001_wfi06_f158_cal.asdf,wfi06,eval,10,47,0.000043796,1
libasdf_gwcs,../roman/.data/build21/r0000101001001001001_0001_wfi06_f158_cal.asdf,wfi06,eval,10,48,0.000043974,1
libasdf_gwcs,../roman/.data/build21/r0000101001001001001_0001_wfi06_f158_cal.asdf,wfi06,eval,10,49,0.000080112,1
libasdf_gwcs,../roman/.data/build21/r0000101001001001001_0001_wfi06_f158_cal.asdf,wfi06,eval,100,0,0.000340108,1
libasdf_gwcs,../roman/.data/build21/r0000101001001001001_0001_wfi06_f158_cal.asdf,wfi06,eval,100,1,0.000144984,1
libasdf_gwcs,../roman/.data/build21/r0000101001001001001_0001_wfi06_f158_cal.asdf,wfi06,eval,100,2,0.000105910,1
libasdf_gwcs,../roman/.data/build21/r0000101001001001001_0001_wfi06_f158_cal.asdf,wfi06,eval,100,3,0.000084436,1
libasdf_gwcs,../roman/.data/build21/r0000101001001001001_0001_wfi06_f158_cal.asdf,wfi06,eval,100,4,0.000084233,1
libasdf_gwcs,../roman/.data/build21/r0000101001001001001_0001_wfi06_f158_cal.asdf,wfi06,eval,100,5,0.000083677,1
libasdf_gwcs,../roman/.data/build21/r0000101001001001001_0001_wfi06_f158_cal.asdf,wfi06,eval,100,6,0.000083573,1
libasdf_gwcs,../roman/.data/build21/r0000101001001001001_0001_wfi06_f158_cal.asdf,wfi06,eval,100,7,0.000166554,1
libasdf_gwcs,../roman/.data/build21/r0000101001001001001_0001_wfi06_f158_cal.asdf,wfi06,eval,100,8,0.000154109,1
libasdf_gwcs,../roman/.data/build21/r0000101001001001001_0001_wfi06_f158_cal.asdf,wfi06,eval,100,9,0.000083541,1
libasdf_gwcs,../roman/.data/build21/r0000101001001001001_0001_wfi06_f158_cal.asdf,wfi06,eval,100,10,0.000083497,1
libasdf_gwcs,../roman/.data/build21/r0000101001001001001_0001_wfi06_f158_cal.asdf,wfi06,eval,100,11,0.000083430,1
libasdf_gwcs,../roman/.data/build21/r0000101001001001001_0001_wfi06_f158_cal.asdf,wfi06,eval,100,12,0.000083446,1
libasdf_gwcs,../roman/.data/build21/r0000101001001001001_0001_wfi06_f158_cal.asdf,wfi06,eval,100,13,0.000083058,1
libasdf_gwcs,../roman/.data/build21/r0000101001001001001_0001_wfi06_f158_cal.asdf,wfi06,eval,100,14,0.000083611,1
libasdf_gwcs,../roman/.data/build21/r0000101001001001001_0001_wfi06_f158_cal.asdf,wfi06,eval,100,15,0.000083489,1
libasdf_gwcs,../roman/.data/build21/r0000101001001001001_0001_wfi06_f158_cal.asdf,wfi06,eval,100,16,0.000083692,1
libasdf_gwcs,../roman/.data/build21/r0000101001001001001_0001_wfi06_f158_cal.asdf,wfi06,eval,100,17,0.000233416,1
libasdf_gwcs,../roman/.data/build21/r0000101001001001001_0001_wfi06_f158_cal.asdf,wfi06,eval,100,18,0.000143701,1
libasdf_gwcs,../roman/.data/build21/r0000101001001001001_0001_wfi06_f158_cal.asdf,wfi06,eval,100,19,0.000123069,1
libasdf_gwcs,../roman/.data/build21/r0000101001001001001_0001_wfi06_f158_cal.asdf,wfi06,eval,100,20,0.000084403,1
libasdf_gwcs,../roman/.data/build21/r0000101001001001001_0001_wfi06_f158_cal.asdf,wfi06,eval,100,21,0.000083670,1
libasdf_gwcs,../roman/.data/build21/r0000101001001001001_0001_wfi06_f158_cal.asdf,wfi06,eval,100,22,0.000083606,1
libasdf_gwcs,../roman/.data/build21/r0000101001001001001_0001_wfi06_f158_cal.asdf,wfi06,eval,100,23,0.000083590,1
libasdf_gwcs,../roman/.data/build21/r0000101001001001001_0001_wfi06_f158_cal.asdf,wfi06,eval,100,24,0.000083665,1
libasdf_gwcs,../roman/.data/build21/r0000101001001001001_0001_wfi06_f158_cal.asdf,wfi06,eval,100,25,0.000091638,1
libasdf_gwcs,../roman/.data/build21/r0000101001001001001_0001_wfi06_f158_cal.asdf,wfi06,eval,100,26,0.000132596,1
libasdf_gwcs,../roman/.data/build21/r0000101001001001001_0001_wfi06_f158_cal.asdf,wfi06,eval,100,27,0.000126241,1
libasdf_gwcs,../roman/.data/build21/r0000101001001001001_0001_wfi06_f158_cal.asdf,wfi06,eval,100,28,0.000083400,1
libasdf_gwcs,../roman/.data/build21/r0000101001001001001_0001_wfi06_f158_cal.asdf,wfi06,eval,100,29,0.000135700,1
libasdf_gwcs,../roman/.data/build21/r0000101001001001001_0001_wfi06_f158_cal.asdf,wfi06,eval,1000,0,0.000797696,1
libasdf_gwcs,../roman/.data/build21/r0000101001001001001_0001_wfi06_f158_cal.asdf,wfi06,eval,1000,1,0.000863798,1
libasdf_gwcs,../roman/.data/build21/r0000101001001001001_0001_wfi06_f158_cal.asdf,wfi06,eval,1000,2,0.000522048,1
libasdf_gwcs,../roman/.data/build21/r0000101001001001001_0001_wfi06_f158_cal.asdf,wfi06,eval,1000,3,0.000488556,1
libasdf_gwcs,../roman/.data/build21/r0000101001001001001_0001_wfi06_f158_cal.asdf,wfi06,eval,1000,4,0.000420780,1
libasdf_gwcs,../roman/.data/build21/r0000101001001001001_0001_wfi06_f158_cal.asdf,wfi06,eval,1000,5,0.000526776,1
libasdf_gwcs,../roman/.data/build21/r0000101001001001001_0001_wfi06_f158_cal.asdf,wfi06,eval,1000,6,0.000453955,1
libasdf_gwcs,../roman/.data/build21/r0000101001001001001_0001_wfi06_f158_cal.asdf,wfi06,eval,1000,7,0.000454972,1
libasdf_gwcs,../roman/.data/build21/r0000101001001001001_0001_wfi06_f158_cal.asdf,wfi06,eval,1000,8,0.000513266,1
libasdf_gwcs,../roman/.data/build21/r0000101001001001001_0001_wfi06_f158_cal.asdf,wfi06,eval,1000,9,0.000731577,1
libasdf_gwcs,../roman/.data/build21/r0000101001001001001_0001_wfi06_f158_cal.asdf,wfi06,eval,1000,10,0.000436269,1
libasdf_gwcs,../roman/.data/build21/r0000101001001001001_0001_wfi06_f158_cal.asdf,wfi06,eval,1000,11,0.000490388,1
libasdf_gwcs,../roman/.data/build21/r0000101001001001001_0001_wfi06_f158_cal.asdf,wfi06,eval,1000,12,0.000755394,1
libasdf_gwcs,../roman/.data/build21/r0000101001001001001_0001_wfi06_f158_cal.asdf,wfi06,eval,1000,13,0.000903634,1
libasdf_gwcs,../roman/.data/build21/r0000101001001001001_0001_wfi06_f158_cal.asdf,wfi06,eval,1000,14,0.000553770,1
libasdf_gwcs,../roman/.data/build21/r0000101001001001001_0001_wfi06_f158_cal.asdf,wfi06,eval,10000,0,0.006198133,1
libasdf_gwcs,../roman/.data/build21/r0000101001001001001_0001_wfi06_f158_cal.asdf,wfi06,eval,10000,1,0.007348810,1
libasdf_gwcs,../roman/.data/build21/r0000101001001001001_0001_wfi06_f158_cal.asdf,wfi06,eval,10000,2,0.006976821,1
libasdf_gwcs,../roman/.data/build21/r0000101001001001001_0001_wfi06_f158_cal.asdf,wfi06,eval,10000,3,0.006313625,1
libasdf_gwcs,../roman/.data/build21/r0000101001001001001_0001_wfi06_f158_cal.asdf,wfi06,eval,10000,4,0.006079818,1
libasdf_gwcs,../roman/.data/build21/r0000101001001001001_0001_wfi06_f158_cal.asdf,wfi06,eval,10000,5,0.005666208,1
libasdf_gwcs,../roman/.data/build21/r0000101001001001001_0001_wfi06_f158_cal.asdf,wfi06,eval,10000,6,0.006369990,1
libasdf_gwcs,../roman/.data/build21/r0000101001001001001_0001_wfi06_f158_cal.asdf,wfi06,eval,10000,7,0.005723248,1
libasdf_gwcs,../roman/.data/build21/r0000101001001001001_0001_wfi06_f158_cal.asdf,wfi06,eval,100000,0,0.063497178,1
libasdf_gwcs,../roman/.data/build21/r0000101001001001001_0001_wfi06_f158_cal.asdf,wfi06,eval,100000,1,0.062482920,1
libasdf_gwcs,../roman/.data/build21/r0000101001001001001_0001_wfi06_f158_cal.asdf,wfi06,eval,100000,2,0.060920168,1
libasdf_gwcs,../roman/.data/build21/r0000101001001001001_0001_wfi06_f158_cal.asdf,wfi06,eval,100000,3,0.059307309,1
libasdf_gwcs,../roman/.data/build21/r0000101001001001001_0001_wfi06_f158_cal.asdf,wfi06,eval,100000,4,0.062537101,1
libasdf_gwcs,../roman/.data/build21/r0000101001001001001_0001_wfi06_f158_cal.asdf,wfi06,eval,1000000,0,0.612318359,1
libasdf_gwcs,../roman/.data/build21/r0000101001001001001_0001_wfi06_f158_cal.asdf,wfi06,eval,1000000,1,0.646415059,1
libasdf_gwcs,../roman/.data/build21/r0000101001001001001_0001_wfi06_f158_cal.asdf,wfi06,eval,1000000,2,0.675702373,1
libasdf_gwcs,../roman/.data/build21/r0000101001001001001_0001_wfi06_f158_cal.asdf,wfi06,eval,10000000,0,6.309515309,1
libasdf_gwcs,../roman/.data/build21/r0000101001001001001_0001_wfi06_f158_cal.asdf,wfi06,eval,10000000,1,6.134815495,1
libasdf_gwcs,../roman/.data/build21/r0000101001001001001_0001_wfi06_f158_cal.asdf,wfi06,eval,16711744,0,11.190014206,1
libasdf_gwcs,../roman/.data/build21/r0000101001001001001_0001_wfi06_f158_cal.asdf,wfi06,eval,16711744,1,11.160400069,1
libasdf_gwcs,../roman/.data/build21/r0000101001001001001_0001_wfi07_f158_cal.asdf,wfi07,parse_cold,0,0,0.074932226,1
libasdf_gwcs,../roman/.data/build21/r0000101001001001001_0001_wfi07_f158_cal.asdf,wfi07,parse_hot,0,0,0.014649915,1
libasdf_gwcs,../roman/.data/build21/r0000101001001001001_0001_wfi07_f158_cal.asdf,wfi07,eval,1,0,0.000103831,1
libasdf_gwcs,../roman/.data/build21/r0000101001001001001_0001_wfi07_f158_cal.asdf,wfi07,eval,1,1,0.000069164,1
libasdf_gwcs,../roman/.data/build21/r0000101001001001001_0001_wfi07_f158_cal.asdf,wfi07,eval,1,2,0.000135125,1
libasdf_gwcs,../roman/.data/build21/r0000101001001001001_0001_wfi07_f158_cal.asdf,wfi07,eval,1,3,0.000219011,1
libasdf_gwcs,../roman/.data/build21/r0000101001001001001_0001_wfi07_f158_cal.asdf,wfi07,eval,1,4,0.000124135,1
libasdf_gwcs,../roman/.data/build21/r0000101001001001001_0001_wfi07_f158_cal.asdf,wfi07,eval,1,5,0.000114002,1
libasdf_gwcs,../roman/.data/build21/r0000101001001001001_0001_wfi07_f158_cal.asdf,wfi07,eval,1,6,0.000113422,1
libasdf_gwcs,../roman/.data/build21/r0000101001001001001_0001_wfi07_f158_cal.asdf,wfi07,eval,1,7,0.000113081,1
libasdf_gwcs,../roman/.data/build21/r0000101001001001001_0001_wfi07_f158_cal.asdf,wfi07,eval,1,8,0.000113244,1
libasdf_gwcs,../roman/.data/build21/r0000101001001001001_0001_wfi07_f158_cal.asdf,wfi07,eval,1,9,0.000114069,1
libasdf_gwcs,../roman/.data/build21/r0000101001001001001_0001_wfi07_f158_cal.asdf,wfi07,eval,1,10,0.000113921,1
libasdf_gwcs,../roman/.data/build21/r0000101001001001001_0001_wfi07_f158_cal.asdf,wfi07,eval,1,11,0.000113359,1
libasdf_gwcs,../roman/.data/build21/r0000101001001001001_0001_wfi07_f158_cal.asdf,wfi07,eval,1,12,0.000114138,1
libasdf_gwcs,../roman/.data/build21/r0000101001001001001_0001_wfi07_f158_cal.asdf,wfi07,eval,1,13,0.000114341,1
libasdf_gwcs,../roman/.data/build21/r0000101001001001001_0001_wfi07_f158_cal.asdf,wfi07,eval,1,14,0.000104395,1
libasdf_gwcs,../roman/.data/build21/r0000101001001001001_0001_wfi07_f158_cal.asdf,wfi07,eval,1,15,0.000110612,1
libasdf_gwcs,../roman/.data/build21/r0000101001001001001_0001_wfi07_f158_cal.asdf,wfi07,eval,1,16,0.000110196,1
libasdf_gwcs,../roman/.data/build21/r0000101001001001001_0001_wfi07_f158_cal.asdf,wfi07,eval,1,17,0.000111612,1
libasdf_gwcs,../roman/.data/build21/r0000101001001001001_0001_wfi07_f158_cal.asdf,wfi07,eval,1,18,0.000111091,1
libasdf_gwcs,../roman/.data/build21/r0000101001001001001_0001_wfi07_f158_cal.asdf,wfi07,eval,1,19,0.000111416,1
libasdf_gwcs,../roman/.data/build21/r0000101001001001001_0001_wfi07_f158_cal.asdf,wfi07,eval,1,20,0.000110331,1
libasdf_gwcs,../roman/.data/build21/r0000101001001001001_0001_wfi07_f158_cal.asdf,wfi07,eval,1,21,0.000109444,1
libasdf_gwcs,../roman/.data/build21/r0000101001001001001_0001_wfi07_f158_cal.asdf,wfi07,eval,1,22,0.000118270,1
libasdf_gwcs,../roman/.data/build21/r0000101001001001001_0001_wfi07_f158_cal.asdf,wfi07,eval,1,23,0.000110383,1
libasdf_gwcs,../roman/.data/build21/r0000101001001001001_0001_wfi07_f158_cal.asdf,wfi07,eval,1,24,0.000102895,1
libasdf_gwcs,../roman/.data/build21/r0000101001001001001_0001_wfi07_f158_cal.asdf,wfi07,eval,1,25,0.000089953,1
libasdf_gwcs,../roman/.data/build21/r0000101001001001001_0001_wfi07_f158_cal.asdf,wfi07,eval,1,26,0.000145771,1
libasdf_gwcs,../roman/.data/build21/r0000101001001001001_0001_wfi07_f158_cal.asdf,wfi07,eval,1,27,0.000057057,1
libasdf_gwcs,../roman/.data/build21/r0000101001001001001_0001_wfi07_f158_cal.asdf,wfi07,eval,1,28,0.000055213,1
libasdf_gwcs,../roman/.data/build21/r0000101001001001001_0001_wfi07_f158_cal.asdf,wfi07,eval,1,29,0.000054622,1
libasdf_gwcs,../roman/.data/build21/r0000101001001001001_0001_wfi07_f158_cal.asdf,wfi07,eval,1,30,0.000054478,1
libasdf_gwcs,../roman/.data/build21/r0000101001001001001_0001_wfi07_f158_cal.asdf,wfi07,eval,1,31,0.000054676,1
libasdf_gwcs,../roman/.data/build21/r0000101001001001001_0001_wfi07_f158_cal.asdf,wfi07,eval,1,32,0.000132034,1
libasdf_gwcs,../roman/.data/build21/r0000101001001001001_0001_wfi07_f158_cal.asdf,wfi07,eval,1,33,0.000081147,1
libasdf_gwcs,../roman/.data/build21/r0000101001001001001_0001_wfi07_f158_cal.asdf,wfi07,eval,1,34,0.000055708,1
libasdf_gwcs,../roman/.data/build21/r0000101001001001001_0001_wfi07_f158_cal.asdf,wfi07,eval,1,35,0.000054810,1
libasdf_gwcs,../roman/.data/build21/r0000101001001001001_0001_wfi07_f158_cal.asdf,wfi07,eval,1,36,0.000054681,1
libasdf_gwcs,../roman/.data/build21/r0000101001001001001_0001_wfi07_f158_cal.asdf,wfi07,eval,1,37,0.000056820,1
libasdf_gwcs,../roman/.data/build21/r0000101001001001001_0001_wfi07_f158_cal.asdf,wfi07,eval,1,38,0.000054825,1
libasdf_gwcs,../roman/.data/build21/r0000101001001001001_0001_wfi07_f158_cal.asdf,wfi07,eval,1,39,0.000054796,1
libasdf_gwcs,../roman/.data/build21/r0000101001001001001_0001_wfi07_f158_cal.asdf,wfi07,eval,1,40,0.000054202,1
libasdf_gwcs,../roman/.data/build21/r0000101001001001001_0001_wfi07_f158_cal.asdf,wfi07,eval,1,41,0.000054632,1
libasdf_gwcs,../roman/.data/build21/r0000101001001001001_0001_wfi07_f158_cal.asdf,wfi07,eval,1,42,0.000054447,1
libasdf_gwcs,../roman/.data/build21/r0000101001001001001_0001_wfi07_f158_cal.asdf,wfi07,eval,1,43,0.000054583,1
libasdf_gwcs,../roman/.data/build21/r0000101001001001001_0001_wfi07_f158_cal.asdf,wfi07,eval,1,44,0.000054530,1
libasdf_gwcs,../roman/.data/build21/r0000101001001001001_0001_wfi07_f158_cal.asdf,wfi07,eval,1,45,0.000054492,1
libasdf_gwcs,../roman/.data/build21/r0000101001001001001_0001_wfi07_f158_cal.asdf,wfi07,eval,1,46,0.000054594,1
libasdf_gwcs,../roman/.data/build21/r0000101001001001001_0001_wfi07_f158_cal.asdf,wfi07,eval,1,47,0.000054425,1
libasdf_gwcs,../roman/.data/build21/r0000101001001001001_0001_wfi07_f158_cal.asdf,wfi07,eval,1,48,0.000054082,1
libasdf_gwcs,../roman/.data/build21/r0000101001001001001_0001_wfi07_f158_cal.asdf,wfi07,eval,1,49,0.000054227,1
libasdf_gwcs,../roman/.data/build21/r0000101001001001001_0001_wfi07_f158_cal.asdf,wfi07,eval,10,0,0.000074823,1
libasdf_gwcs,../roman/.data/build21/r0000101001001001001_0001_wfi07_f158_cal.asdf,wfi07,eval,10,1,0.000061170,1
libasdf_gwcs,../roman/.data/build21/r0000101001001001001_0001_wfi07_f158_cal.asdf,wfi07,eval,10,2,0.000060183,1
libasdf_gwcs,../roman/.data/build21/r0000101001001001001_0001_wfi07_f158_cal.asdf,wfi07,eval,10,3,0.000059976,1
libasdf_gwcs,../roman/.data/build21/r0000101001001001001_0001_wfi07_f158_cal.asdf,wfi07,eval,10,4,0.000069194,1
libasdf_gwcs,../roman/.data/build21/r0000101001001001001_0001_wfi07_f158_cal.asdf,wfi07,eval,10,5,0.000061061,1
libasdf_gwcs,../roman/.data/build21/r0000101001001001001_0001_wfi07_f158_cal.asdf,wfi07,eval,10,6,0.000099934,1
libasdf_gwcs,../roman/.data/build21/r0000101001001001001_0001_wfi07_f158_cal.asdf,wfi07,eval,10,7,0.000053314,1
libasdf_gwcs,../roman/.data/build21/r0000101001001001001_0001_wfi07_f158_cal.asdf,wfi07,eval,10,8,0.000052557,1
libasdf_gwcs,../roman/.data/build21/r0000101001001001001_0001_wfi07_f158_cal.asdf,wfi07,eval,10,9,0.000052183,1
libasdf_gwcs,../roman/.data/build21/r0000101001001001001_0001_wfi07_f158_cal.asdf,wfi07,eval,10,10,0.000052517,1
libasdf_gwcs,../roman/.data/build21/r0000101001001001001_0001_wfi07_f158_cal.asdf,wfi07,eval,10,11,0.000051988,1
libasdf_gwcs,../roman/.data/build21/r0000101001001001001_0001_wfi07_f158_cal.asdf,wfi07,eval,10,12,0.000052520,1
libasdf_gwcs,../roman/.data/build21/r0000101001001001001_0001_wfi07_f158_cal.asdf,wfi07,eval,10,13,0.000052230,1
libasdf_gwcs,../roman/.data/build21/r0000101001001001001_0001_wfi07_f158_cal.asdf,wfi07,eval,10,14,0.000052342,1
libasdf_gwcs,../roman/.data/build21/r0000101001001001001_0001_wfi07_f158_cal.asdf,wfi07,eval,10,15,0.000052040,1
libasdf_gwcs,../roman/.data/build21/r0000101001001001001_0001_wfi07_f158_cal.asdf,wfi07,eval,10,16,0.000097392,1
libasdf_gwcs,../roman/.data/build21/r0000101001001001001_0001_wfi07_f158_cal.asdf,wfi07,eval,10,17,0.000053491,1
libasdf_gwcs,../roman/.data/build21/r0000101001001001001_0001_wfi07_f158_cal.asdf,wfi07,eval,10,18,0.000052440,1
libasdf_gwcs,../roman/.data/build21/r0000101001001001001_0001_wfi07_f158_cal.asdf,wfi07,eval,10,19,0.000052447,1
libasdf_gwcs,../roman/.data/build21/r0000101001001001001_0001_wfi07_f158_cal.asdf,wfi07,eval,10,20,0.000052516,1
libasdf_gwcs,../roman/.data/build21/r0000101001001001001_0001_wfi07_f158_cal.asdf,wfi07,eval,10,21,0.000052259,1
libasdf_gwcs,../roman/.data/build21/r0000101001001001001_0001_wfi07_f158_cal.asdf,wfi07,eval,10,22,0.000052528,1
libasdf_gwcs,../roman/.data/build21/r0000101001001001001_0001_wfi07_f158_cal.asdf,wfi07,eval,10,23,0.000052150,1
libasdf_gwcs,../roman/.data/build21/r0000101001001001001_0001_wfi07_f158_cal.asdf,wfi07,eval,10,24,0.000053095,1
libasdf_gwcs,../roman/.data/build21/r0000101001001001001_0001_wfi07_f158_cal.asdf,wfi07,eval,10,25,0.000052437,1
libasdf_gwcs,../roman/.data/build21/r0000101001001001001_0001_wfi07_f158_cal.asdf,wfi07,eval,10,26,0.000052447,1
libasdf_gwcs,../roman/.data/build21/r0000101001001001001_0001_wfi07_f158_cal.asdf,wfi07,eval,10,27,0.000052501,1
libasdf_gwcs,../roman/.data/build21/r0000101001001001001_0001_wfi07_f158_cal.asdf,wfi07,eval,10,28,0.000052449,1
libasdf_gwcs,../roman/.data/build21/r0000101001001001001_0001_wfi07_f158_cal.asdf,wfi07,eval,10,29,0.000052257,1
libasdf_gwcs,../roman/.data/build21/r0000101001001001001_0001_wfi07_f158_cal.asdf,wfi07,eval,10,30,0.000052376,1
libasdf_gwcs,../roman/.data/build21/r0000101001001001001_0001_wfi07_f158_cal.asdf,wfi07,eval,10,31,0.000052171,1
libasdf_gwcs,../roman/.data/build21/r0000101001001001001_0001_wfi07_f158_cal.asdf,wfi07,eval,10,32,0.000052558,1
libasdf_gwcs,../roman/.data/build21/r0000101001001001001_0001_wfi07_f158_cal.asdf,wfi07,eval,10,33,0.000058930,1
libasdf_gwcs,../roman/.data/build21/r0000101001001001001_0001_wfi07_f158_cal.asdf,wfi07,eval,10,34,0.000098058,1
libasdf_gwcs,../roman/.data/build21/r0000101001001001001_0001_wfi07_f158_cal.asdf,wfi07,eval,10,35,0.000052788,1
libasdf_gwcs,../roman/.data/build21/r0000101001001001001_0001_wfi07_f158_cal.asdf,wfi07,eval,10,36,0.000055572,1
libasdf_gwcs,../roman/.data/build21/r0000101001001001001_0001_wfi07_f158_cal.asdf,wfi07,eval,10,37,0.000106137,1
libasdf_gwcs,../roman/.data/build21/r0000101001001001001_0001_wfi07_f158_cal.asdf,wfi07,eval,10,38,0.000154447,1
libasdf_gwcs,../roman/.data/build21/r0000101001001001001_0001_wfi07_f158_cal.asdf,wfi07,eval,10,39,0.000147073,1
libasdf_gwcs,../roman/.data/build21/r0000101001001001001_0001_wfi07_f158_cal.asdf,wfi07,eval,10,40,0.000178438,1
libasdf_gwcs,../roman/.data/build21/r0000101001001001001_0001_wfi07_f158_cal.asdf,wfi07,eval,10,41,0.000176575,1
libasdf_gwcs,../roman/.data/build21/r0000101001001001001_0001_wfi07_f158_cal.asdf,wfi07,eval,10,42,0.000120853,1
libasdf_gwcs,../roman/.data/build21/r0000101001001001001_0001_wfi07_f158_cal.asdf,wfi07,eval,10,43,0.000141522,1
libasdf_gwcs,../roman/.data/build21/r0000101001001001001_0001_wfi07_f158_cal.asdf,wfi07,eval,10,44,0.000127988,1
libasdf_gwcs,../roman/.data/build21/r0000101001001001001_0001_wfi07_f158_cal.asdf,wfi07,eval,10,45,0.000093795,1
libasdf_gwcs,../roman/.data/build21/r0000101001001001001_0001_wfi07_f158_cal.asdf,wfi07,eval,10,46,0.000096153,1
libasdf_gwcs,../roman/.data/build21/r0000101001001001001_0001_wfi07_f158_cal.asdf,wfi07,eval,10,47,0.000098984,1
libasdf_gwcs,../roman/.data/build21/r0000101001001001001_0001_wfi07_f158_cal.asdf,wfi07,eval,10,48,0.000099073,1
libasdf_gwcs,../roman/.data/build21/r0000101001001001001_0001_wfi07_f158_cal.asdf,wfi07,eval,10,49,0.000097769,1
libasdf_gwcs,../roman/.data/build21/r0000101001001001001_0001_wfi07_f158_cal.asdf,wfi07,eval,100,0,0.000464449,1
libasdf_gwcs,../roman/.data/build21/r0000101001001001001_0001_wfi07_f158_cal.asdf,wfi07,eval,100,1,0.000240204,1
libasdf_gwcs,../roman/.data/build21/r0000101001001001001_0001_wfi07_f158_cal.asdf,wfi07,eval,100,2,0.000214247,1
libasdf_gwcs,../roman/.data/build21/r0000101001001001001_0001_wfi07_f158_cal.asdf,wfi07,eval,100,3,0.000203875,1
libasdf_gwcs,../roman/.data/build21/r0000101001001001001_0001_wfi07_f158_cal.asdf,wfi07,eval,100,4,0.000182335,1
libasdf_gwcs,../roman/.data/build21/r0000101001001001001_0001_wfi07_f158_cal.asdf,wfi07,eval,100,5,0.000177219,1
libasdf_gwcs,../roman/.data/build21/r0000101001001001001_0001_wfi07_f158_cal.asdf,wfi07,eval,100,6,0.000274544,1
libasdf_gwcs,../roman/.data/build21/r0000101001001001001_0001_wfi07_f158_cal.asdf,wfi07,eval,100,7,0.000284336,1
libasdf_gwcs,../roman/.data/build21/r0000101001001001001_0001_wfi07_f158_cal.asdf,wfi07,eval,100,8,0.000269713,1
libasdf_gwcs,../roman/.data/build21/r0000101001001001001_0001_wfi07_f158_cal.asdf,wfi07,eval,100,9,0.000258903,1
libasdf_gwcs,../roman/.data/build21/r0000101001001001001_0001_wfi07_f158_cal.asdf,wfi07,eval,100,10,0.000279450,1
libasdf_gwcs,../roman/.data/build21/r0000101001001001001_0001_wfi07_f158_cal.asdf,wfi07,eval,100,11,0.000232376,1
libasdf_gwcs,../roman/.data/build21/r0000101001001001001_0001_wfi07_f158_cal.asdf,wfi07,eval,100,12,0.000105200,1
libasdf_gwcs,../roman/.data/build21/r0000101001001001001_0001_wfi07_f158_cal.asdf,wfi07,eval,100,13,0.000091966,1
libasdf_gwcs,../roman/.data/build21/r0000101001001001001_0001_wfi07_f158_cal.asdf,wfi07,eval,100,14,0.000092065,1
libasdf_gwcs,../roman/.data/build21/r0000101001001001001_0001_wfi07_f158_cal.asdf,wfi07,eval,100,15,0.000091177,1
libasdf_gwcs,../roman/.data/build21/r0000101001001001001_0001_wfi07_f158_cal.asdf,wfi07,eval,100,16,0.000175054,1
libasdf_gwcs,../roman/.data/build21/r0000101001001001001_0001_wfi07_f158_cal.asdf,wfi07,eval,100,17,0.000314152,1
libasdf_gwcs,../roman/.data/build21/r0000101001001001001_0001_wfi07_f158_cal.asdf,wfi07,eval,100,18,0.000233031,1
libasdf_gwcs,../roman/.data/build21/r0000101001001001001_0001_wfi07_f158_cal.asdf,wfi07,eval,100,19,0.000197234,1
libasdf_gwcs,../roman/.data/build21/r0000101001001001001_0001_wfi07_f158_cal.asdf,wfi07,eval,100,20,0.000343440,1
libasdf_gwcs,../roman/.data/build21/r0000101001001001001_0001_wfi07_f158_cal.asdf,wfi07,eval,100,21,0.000262851,1
libasdf_gwcs,../roman/.data/build21/r0000101001001001001_0001_wfi07_f158_cal.asdf,wfi07,eval,100,22,0.000281163,1
libasdf_gwcs,../roman/.data/build21/r0000101001001001001_0001_wfi07_f158_cal.asdf,wfi07,eval,100,23,0.000235558,1
libasdf_gwcs,../roman/.data/build21/r0000101001001001001_0001_wfi07_f158_cal.asdf,wfi07,eval,100,24,0.000235724,1
libasdf_gwcs,../roman/.data/build21/r0000101001001001001_0001_wfi07_f158_cal.asdf,wfi07,eval,100,25,0.000235096,1
libasdf_gwcs,../roman/.data/build21/r0000101001001001001_0001_wfi07_f158_cal.asdf,wfi07,eval,100,26,0.000175814,1
libasdf_gwcs,../roman/.data/build21/r0000101001001001001_0001_wfi07_f158_cal.asdf,wfi07,eval,100,27,0.000087040,1
libasdf_gwcs,../roman/.data/build21/r0000101001001001001_0001_wfi07_f158_cal.asdf,wfi07,eval,100,28,0.000086514,1
libasdf_gwcs,../roman/.data/build21/r0000101001001001001_0001_wfi07_f158_cal.asdf,wfi07,eval,100,29,0.000086455,1
libasdf_gwcs,../roman/.data/build21/r0000101001001001001_0001_wfi07_f158_cal.asdf,wfi07,eval,1000,0,0.000704323,1
libasdf_gwcs,../roman/.data/build21/r0000101001001001001_0001_wfi07_f158_cal.asdf,wfi07,eval,1000,1,0.000421944,1
libasdf_gwcs,../roman/.data/build21/r0000101001001001001_0001_wfi07_f158_cal.asdf,wfi07,eval,1000,2,0.000421287,1
libasdf_gwcs,../roman/.data/build21/r0000101001001001001_0001_wfi07_f158_cal.asdf,wfi07,eval,1000,3,0.000802927,1
libasdf_gwcs,../roman/.data/build21/r0000101001001001001_0001_wfi07_f158_cal.asdf,wfi07,eval,1000,4,0.000554009,1
libasdf_gwcs,../roman/.data/build21/r0000101001001001001_0001_wfi07_f158_cal.asdf,wfi07,eval,1000,5,0.000954883,1
libasdf_gwcs,../roman/.data/build21/r0000101001001001001_0001_wfi07_f158_cal.asdf,wfi07,eval,1000,6,0.000496757,1
libasdf_gwcs,../roman/.data/build21/r0000101001001001001_0001_wfi07_f158_cal.asdf,wfi07,eval,1000,7,0.000483535,1
libasdf_gwcs,../roman/.data/build21/r0000101001001001001_0001_wfi07_f158_cal.asdf,wfi07,eval,1000,8,0.000432945,1
libasdf_gwcs,../roman/.data/build21/r0000101001001001001_0001_wfi07_f158_cal.asdf,wfi07,eval,1000,9,0.000490440,1
libasdf_gwcs,../roman/.data/build21/r0000101001001001001_0001_wfi07_f158_cal.asdf,wfi07,eval,1000,10,0.000553010,1
libasdf_gwcs,../roman/.data/build21/r0000101001001001001_0001_wfi07_f158_cal.asdf,wfi07,eval,1000,11,0.000498177,1
libasdf_gwcs,../roman/.data/build21/r0000101001001001001_0001_wfi07_f158_cal.asdf,wfi07,eval,1000,12,0.000418163,1
libasdf_gwcs,../roman/.data/build21/r0000101001001001001_0001_wfi07_f158_cal.asdf,wfi07,eval,1000,13,0.000480323,1
libasdf_gwcs,../roman/.data/build21/r0000101001001001001_0001_wfi07_f158_cal.asdf,wfi07,eval,1000,14,0.000517406,1
libasdf_gwcs,../roman/.data/build21/r0000101001001001001_0001_wfi07_f158_cal.asdf,wfi07,eval,10000,0,0.006780459,1
libasdf_gwcs,../roman/.data/build21/r0000101001001001001_0001_wfi07_f158_cal.asdf,wfi07,eval,10000,1,0.006655360,1
libasdf_gwcs,../roman/.data/build21/r0000101001001001001_0001_wfi07_f158_cal.asdf,wfi07,eval,10000,2,0.006240346,1
libasdf_gwcs,../roman/.data/build21/r0000101001001001001_0001_wfi07_f158_cal.asdf,wfi07,eval,10000,3,0.005869154,1
libasdf_gwcs,../roman/.data/build21/r0000101001001001001_0001_wfi07_f158_cal.asdf,wfi07,eval,10000,4,0.006439710,1
libasdf_gwcs,../roman/.data/build21/r0000101001001001001_0001_wfi07_f158_cal.asdf,wfi07,eval,10000,5,0.006407432,1
libasdf_gwcs,../roman/.data/build21/r0000101001001001001_0001_wfi07_f158_cal.asdf,wfi07,eval,10000,6,0.010037419,1
libasdf_gwcs,../roman/.data/build21/r0000101001001001001_0001_wfi07_f158_cal.asdf,wfi07,eval,10000,7,0.010605393,1
libasdf_gwcs,../roman/.data/build21/r0000101001001001001_0001_wfi07_f158_cal.asdf,wfi07,eval,100000,0,0.069814797,1
libasdf_gwcs,../roman/.data/build21/r0000101001001001001_0001_wfi07_f158_cal.asdf,wfi07,eval,100000,1,0.068203502,1
libasdf_gwcs,../roman/.data/build21/r0000101001001001001_0001_wfi07_f158_cal.asdf,wfi07,eval,100000,2,0.076435033,1
libasdf_gwcs,../roman/.data/build21/r0000101001001001001_0001_wfi07_f158_cal.asdf,wfi07,eval,100000,3,0.094386482,1
libasdf_gwcs,../roman/.data/build21/r0000101001001001001_0001_wfi07_f158_cal.asdf,wfi07,eval,100000,4,0.066194757,1
libasdf_gwcs,../roman/.data/build21/r0000101001001001001_0001_wfi07_f158_cal.asdf,wfi07,eval,1000000,0,0.666135206,1
libasdf_gwcs,../roman/.data/build21/r0000101001001001001_0001_wfi07_f158_cal.asdf,wfi07,eval,1000000,1,0.660697021,1
libasdf_gwcs,../roman/.data/build21/r0000101001001001001_0001_wfi07_f158_cal.asdf,wfi07,eval,1000000,2,0.675166303,1
libasdf_gwcs,../roman/.data/build21/r0000101001001001001_0001_wfi07_f158_cal.asdf,wfi07,eval,10000000,0,6.738916240,1
libasdf_gwcs,../roman/.data/build21/r0000101001001001001_0001_wfi07_f158_cal.asdf,wfi07,eval,10000000,1,6.647862096,1
libasdf_gwcs,../roman/.data/build21/r0000101001001001001_0001_wfi07_f158_cal.asdf,wfi07,eval,16711744,0,10.987450449,1
libasdf_gwcs,../roman/.data/build21/r0000101001001001001_0001_wfi07_f158_cal.asdf,wfi07,eval,16711744,1,10.584414397,1
libasdf_gwcs,../roman/.data/build21/r0000101001001001001_0001_wfi08_f158_cal.asdf,wfi08,parse_cold,0,0,0.018134256,1
libasdf_gwcs,../roman/.data/build21/r0000101001001001001_0001_wfi08_f158_cal.asdf,wfi08,parse_hot,0,0,0.010560703,1
libasdf_gwcs,../roman/.data/build21/r0000101001001001001_0001_wfi08_f158_cal.asdf,wfi08,eval,1,0,0.000111633,1
libasdf_gwcs,../roman/.data/build21/r0000101001001001001_0001_wfi08_f158_cal.asdf,wfi08,eval,1,1,0.000077222,1
libasdf_gwcs,../roman/.data/build21/r0000101001001001001_0001_wfi08_f158_cal.asdf,wfi08,eval,1,2,0.000076993,1
libasdf_gwcs,../roman/.data/build21/r0000101001001001001_0001_wfi08_f158_cal.asdf,wfi08,eval,1,3,0.000063147,1
libasdf_gwcs,../roman/.data/build21/r0000101001001001001_0001_wfi08_f158_cal.asdf,wfi08,eval,1,4,0.000094064,1
libasdf_gwcs,../roman/.data/build21/r0000101001001001001_0001_wfi08_f158_cal.asdf,wfi08,eval,1,5,0.000094750,1
libasdf_gwcs,../roman/.data/build21/r0000101001001001001_0001_wfi08_f158_cal.asdf,wfi08,eval,1,6,0.000062573,1
libasdf_gwcs,../roman/.data/build21/r0000101001001001001_0001_wfi08_f158_cal.asdf,wfi08,eval,1,7,0.000061818,1
libasdf_gwcs,../roman/.data/build21/r0000101001001001001_0001_wfi08_f158_cal.asdf,wfi08,eval,1,8,0.000062462,1
libasdf_gwcs,../roman/.data/build21/r0000101001001001001_0001_wfi08_f158_cal.asdf,wfi08,eval,1,9,0.000098302,1
libasdf_gwcs,../roman/.data/build21/r0000101001001001001_0001_wfi08_f158_cal.asdf,wfi08,eval,1,10,0.000078116,1
libasdf_gwcs,../roman/.data/build21/r0000101001001001001_0001_wfi08_f158_cal.asdf,wfi08,eval,1,11,0.000061617,1
libasdf_gwcs,../roman/.data/build21/r0000101001001001001_0001_wfi08_f158_cal.asdf,wfi08,eval,1,12,0.000062167,1
libasdf_gwcs,../roman/.data/build21/r0000101001001001001_0001_wfi08_f158_cal.asdf,wfi08,eval,1,13,0.000063013,1
libasdf_gwcs,../roman/.data/build21/r0000101001001001001_0001_wfi08_f158_cal.asdf,wfi08,eval,1,14,0.000062622,1
libasdf_gwcs,../roman/.data/build21/r0000101001001001001_0001_wfi08_f158_cal.asdf,wfi08,eval,1,15,0.000062499,1
libasdf_gwcs,../roman/.data/build21/r0000101001001001001_0001_wfi08_f158_cal.asdf,wfi08,eval,1,16,0.000063813,1
libasdf_gwcs,../roman/.data/build21/r0000101001001001001_0001_wfi08_f158_cal.asdf,wfi08,eval,1,17,0.000062476,1
libasdf_gwcs,../roman/.data/build21/r0000101001001001001_0001_wfi08_f158_cal.asdf,wfi08,eval,1,18,0.000062518,1
libasdf_gwcs,../roman/.data/build21/r0000101001001001001_0001_wfi08_f158_cal.asdf,wfi08,eval,1,19,0.000062185,1
libasdf_gwcs,../roman/.data/build21/r0000101001001001001_0001_wfi08_f158_cal.asdf,wfi08,eval,1,20,0.000062166,1
libasdf_gwcs,../roman/.data/build21/r0000101001001001001_0001_wfi08_f158_cal.asdf,wfi08,eval,1,21,0.000061484,1
libasdf_gwcs,../roman/.data/build21/r0000101001001001001_0001_wfi08_f158_cal.asdf,wfi08,eval,1,22,0.000062277,1
libasdf_gwcs,../roman/.data/build21/r0000101001001001001_0001_wfi08_f158_cal.asdf,wfi08,eval,1,23,0.000062031,1
libasdf_gwcs,../roman/.data/build21/r0000101001001001001_0001_wfi08_f158_cal.asdf,wfi08,eval,1,24,0.000093749,1
libasdf_gwcs,../roman/.data/build21/r0000101001001001001_0001_wfi08_f158_cal.asdf,wfi08,eval,1,25,0.000078635,1
libasdf_gwcs,../roman/.data/build21/r0000101001001001001_0001_wfi08_f158_cal.asdf,wfi08,eval,1,26,0.000094843,1
libasdf_gwcs,../roman/.data/build21/r0000101001001001001_0001_wfi08_f158_cal.asdf,wfi08,eval,1,27,0.000062135,1
libasdf_gwcs,../roman/.data/build21/r0000101001001001001_0001_wfi08_f158_cal.asdf,wfi08,eval,1,28,0.000062689,1
libasdf_gwcs,../roman/.data/build21/r0000101001001001001_0001_wfi08_f158_cal.asdf,wfi08,eval,1,29,0.000086044,1
libasdf_gwcs,../roman/.data/build21/r0000101001001001001_0001_wfi08_f158_cal.asdf,wfi08,eval,1,30,0.000110198,1
libasdf_gwcs,../roman/.data/build21/r0000101001001001001_0001_wfi08_f158_cal.asdf,wfi08,eval,1,31,0.000130610,1
libasdf_gwcs,../roman/.data/build21/r0000101001001001001_0001_wfi08_f158_cal.asdf,wfi08,eval,1,32,0.000100660,1
libasdf_gwcs,../roman/.data/build21/r0000101001001001001_0001_wfi08_f158_cal.asdf,wfi08,eval,1,33,0.000091802,1
libasdf_gwcs,../roman/.data/build21/r0000101001001001001_0001_wfi08_f158_cal.asdf,wfi08,eval,1,34,0.000087174,1
libasdf_gwcs,../roman/.data/build21/r0000101001001001001_0001_wfi08_f158_cal.asdf,wfi08,eval,1,35,0.000114379,1
libasdf_gwcs,../roman/.data/build21/r0000101001001001001_0001_wfi08_f158_cal.asdf,wfi08,eval,1,36,0.000093963,1
libasdf_gwcs,../roman/.data/build21/r0000101001001001001_0001_wfi08_f158_cal.asdf,wfi08,eval,1,37,0.000076090,1
libasdf_gwcs,../roman/.data/build21/r0000101001001001001_0001_wfi08_f158_cal.asdf,wfi08,eval,1,38,0.000085330,1
libasdf_gwcs,../roman/.data/build21/r0000101001001001001_0001_wfi08_f158_cal.asdf,wfi08,eval,1,39,0.000061128,1
libasdf_gwcs,../roman/.data/build21/r0000101001001001001_0001_wfi08_f158_cal.asdf,wfi08,eval,1,40,0.000086260,1
libasdf_gwcs,../roman/.data/build21/r0000101001001001001_0001_wfi08_f158_cal.asdf,wfi08,eval,1,41,0.000091361,1
libasdf_gwcs,../roman/.data/build21/r0000101001001001001_0001_wfi08_f158_cal.asdf,wfi08,eval,1,42,0.000058344,1
libasdf_gwcs,../roman/.data/build21/r0000101001001001001_0001_wfi08_f158_cal.asdf,wfi08,eval,1,43,0.000041537,1
libasdf_gwcs,../roman/.data/build21/r0000101001001001001_0001_wfi08_f158_cal.asdf,wfi08,eval,1,44,0.000040794,1
libasdf_gwcs,../roman/.data/build21/r0000101001001001001_0001_wfi08_f158_cal.asdf,wfi08,eval,1,45,0.000040534,1
libasdf_gwcs,../roman/.data/build21/r0000101001001001001_0001_wfi08_f158_cal.asdf,wfi08,eval,1,46,0.000040718,1
libasdf_gwcs,../roman/.data/build21/r0000101001001001001_0001_wfi08_f158_cal.asdf,wfi08,eval,1,47,0.000062618,1
libasdf_gwcs,../roman/.data/build21/r0000101001001001001_0001_wfi08_f158_cal.asdf,wfi08,eval,1,48,0.000045917,1
libasdf_gwcs,../roman/.data/build21/r0000101001001001001_0001_wfi08_f158_cal.asdf,wfi08,eval,1,49,0.000078600,1
libasdf_gwcs,../roman/.data/build21/r0000101001001001001_0001_wfi08_f158_cal.asdf,wfi08,eval,10,0,0.000129143,1
libasdf_gwcs,../roman/.data/build21/r0000101001001001001_0001_wfi08_f158_cal.asdf,wfi08,eval,10,1,0.000045246,1
libasdf_gwcs,../roman/.data/build21/r0000101001001001001_0001_wfi08_f158_cal.asdf,wfi08,eval,10,2,0.000044880,1
libasdf_gwcs,../roman/.data/build21/r0000101001001001001_0001_wfi08_f158_cal.asdf,wfi08,eval,10,3,0.000044428,1
libasdf_gwcs,../roman/.data/build21/r0000101001001001001_0001_wfi08_f158_cal.asdf,wfi08,eval,10,4,0.000044172,1
libasdf_gwcs,../roman/.data/build21/r0000101001001001001_0001_wfi08_f158_cal.asdf,wfi08,eval,10,5,0.000044099,1
libasdf_gwcs,../roman/.data/build21/r0000101001001001001_0001_wfi08_f158_cal.asdf,wfi08,eval,10,6,0.000068021,1
libasdf_gwcs,../roman/.data/build21/r0000101001001001001_0001_wfi08_f158_cal.asdf,wfi08,eval,10,7,0.000065655,1
libasdf_gwcs,../roman/.data/build21/r0000101001001001001_0001_wfi08_f158_cal.asdf,wfi08,eval,10,8,0.000083162,1
libasdf_gwcs,../roman/.data/build21/r0000101001001001001_0001_wfi08_f158_cal.asdf,wfi08,eval,10,9,0.000044242,1
libasdf_gwcs,../roman/.data/build21/r0000101001001001001_0001_wfi08_f158_cal.asdf,wfi08,eval,10,10,0.000044454,1
libasdf_gwcs,../roman/.data/build21/r0000101001001001001_0001_wfi08_f158_cal.asdf,wfi08,eval,10,11,0.000044086,1
libasdf_gwcs,../roman/.data/build21/r0000101001001001001_0001_wfi08_f158_cal.asdf,wfi08,eval,10,12,0.000044214,1
libasdf_gwcs,../roman/.data/build21/r0000101001001001001_0001_wfi08_f158_cal.asdf,wfi08,eval,10,13,0.000044204,1
libasdf_gwcs,../roman/.data/build21/r0000101001001001001_0001_wfi08_f158_cal.asdf,wfi08,eval,10,14,0.000044297,1
libasdf_gwcs,../roman/.data/build21/r0000101001001001001_0001_wfi08_f158_cal.asdf,wfi08,eval,10,15,0.000044229,1
libasdf_gwcs,../roman/.data/build21/r0000101001001001001_0001_wfi08_f158_cal.asdf,wfi08,eval,10,16,0.000044107,1
libasdf_gwcs,../roman/.data/build21/r0000101001001001001_0001_wfi08_f158_cal.asdf,wfi08,eval,10,17,0.000101026,1
libasdf_gwcs,../roman/.data/build21/r0000101001001001001_0001_wfi08_f158_cal.asdf,wfi08,eval,10,18,0.000111610,1
libasdf_gwcs,../roman/.data/build21/r0000101001001001001_0001_wfi08_f158_cal.asdf,wfi08,eval,10,19,0.000064075,1
libasdf_gwcs,../roman/.data/build21/r0000101001001001001_0001_wfi08_f158_cal.asdf,wfi08,eval,10,20,0.000044309,1
libasdf_gwcs,../roman/.data/build21/r0000101001001001001_0001_wfi08_f158_cal.asdf,wfi08,eval,10,21,0.000044974,1
libasdf_gwcs,../roman/.data/build21/r0000101001001001001_0001_wfi08_f158_cal.asdf,wfi08,eval,10,22,0.000044717,1
libasdf_gwcs,../roman/.data/build21/r0000101001001001001_0001_wfi08_f158_cal.asdf,wfi08,eval,10,23,0.000044263,1
libasdf_gwcs,../roman/.data/build21/r0000101001001001001_0001_wfi08_f158_cal.asdf,wfi08,eval,10,24,0.000044122,1
libasdf_gwcs,../roman/.data/build21/r0000101001001001001_0001_wfi08_f158_cal.asdf,wfi08,eval,10,25,0.000044447,1
libasdf_gwcs,../roman/.data/build21/r0000101001001001001_0001_wfi08_f158_cal.asdf,wfi08,eval,10,26,0.000044108,1
libasdf_gwcs,../roman/.data/build21/r0000101001001001001_0001_wfi08_f158_cal.asdf,wfi08,eval,10,27,0.000044279,1
libasdf_gwcs,../roman/.data/build21/r0000101001001001001_0001_wfi08_f158_cal.asdf,wfi08,eval,10,28,0.000044389,1
libasdf_gwcs,../roman/.data/build21/r0000101001001001001_0001_wfi08_f158_cal.asdf,wfi08,eval,10,29,0.000044224,1
libasdf_gwcs,../roman/.data/build21/r0000101001001001001_0001_wfi08_f158_cal.asdf,wfi08,eval,10,30,0.000044088,1
libasdf_gwcs,../roman/.data/build21/r0000101001001001001_0001_wfi08_f158_cal.asdf,wfi08,eval,10,31,0.000044135,1
libasdf_gwcs,../roman/.data/build21/r0000101001001001001_0001_wfi08_f158_cal.asdf,wfi08,eval,10,32,0.000044253,1
libasdf_gwcs,../roman/.data/build21/r0000101001001001001_0001_wfi08_f158_cal.asdf,wfi08,eval,10,33,0.000044085,1
libasdf_gwcs,../roman/.data/build21/r0000101001001001001_0001_wfi08_f158_cal.asdf,wfi08,eval,10,34,0.000044133,1
libasdf_gwcs,../roman/.data/build21/r0000101001001001001_0001_wfi08_f158_cal.asdf,wfi08,eval,10,35,0.000049282,1
libasdf_gwcs,../roman/.data/build21/r0000101001001001001_0001_wfi08_f158_cal.asdf,wfi08,eval,10,36,0.000074433,1
libasdf_gwcs,../roman/.data/build21/r0000101001001001001_0001_wfi08_f158_cal.asdf,wfi08,eval,10,37,0.000065731,1
libasdf_gwcs,../roman/.data/build21/r0000101001001001001_0001_wfi08_f158_cal.asdf,wfi08,eval,10,38,0.000067167,1
libasdf_gwcs,../roman/.data/build21/r0000101001001001001_0001_wfi08_f158_cal.asdf,wfi08,eval,10,39,0.000049716,1
libasdf_gwcs,../roman/.data/build21/r0000101001001001001_0001_wfi08_f158_cal.asdf,wfi08,eval,10,40,0.000044371,1
libasdf_gwcs,../roman/.data/build21/r0000101001001001001_0001_wfi08_f158_cal.asdf,wfi08,eval,10,41,0.000044161,1
libasdf_gwcs,../roman/.data/build21/r0000101001001001001_0001_wfi08_f158_cal.asdf,wfi08,eval,10,42,0.000044076,1
libasdf_gwcs,../roman/.data/build21/r0000101001001001001_0001_wfi08_f158_cal.asdf,wfi08,eval,10,43,0.000044235,1
libasdf_gwcs,../roman/.data/build21/r0000101001001001001_0001_wfi08_f158_cal.asdf,wfi08,eval,10,44,0.000043938,1
libasdf_gwcs,../roman/.data/build21/r0000101001001001001_0001_wfi08_f158_cal.asdf,wfi08,eval,10,45,0.000044102,1
libasdf_gwcs,../roman/.data/build21/r0000101001001001001_0001_wfi08_f158_cal.asdf,wfi08,eval,10,46,0.000044392,1
libasdf_gwcs,../roman/.data/build21/r0000101001001001001_0001_wfi08_f158_cal.asdf,wfi08,eval,10,47,0.000044283,1
libasdf_gwcs,../roman/.data/build21/r0000101001001001001_0001_wfi08_f158_cal.asdf,wfi08,eval,10,48,0.000044288,1
libasdf_gwcs,../roman/.data/build21/r0000101001001001001_0001_wfi08_f158_cal.asdf,wfi08,eval,10,49,0.000044283,1
libasdf_gwcs,../roman/.data/build21/r0000101001001001001_0001_wfi08_f158_cal.asdf,wfi08,eval,100,0,0.000342339,1
libasdf_gwcs,../roman/.data/build21/r0000101001001001001_0001_wfi08_f158_cal.asdf,wfi08,eval,100,1,0.000135422,1
libasdf_gwcs,../roman/.data/build21/r0000101001001001001_0001_wfi08_f158_cal.asdf,wfi08,eval,100,2,0.000105561,1
libasdf_gwcs,../roman/.data/build21/r0000101001001001001_0001_wfi08_f158_cal.asdf,wfi08,eval,100,3,0.000101100,1
libasdf_gwcs,../roman/.data/build21/r0000101001001001001_0001_wfi08_f158_cal.asdf,wfi08,eval,100,4,0.000082023,1
libasdf_gwcs,../roman/.data/build21/r0000101001001001001_0001_wfi08_f158_cal.asdf,wfi08,eval,100,5,0.000091712,1
libasdf_gwcs,../roman/.data/build21/r0000101001001001001_0001_wfi08_f158_cal.asdf,wfi08,eval,100,6,0.000137281,1
libasdf_gwcs,../roman/.data/build21/r0000101001001001001_0001_wfi08_f158_cal.asdf,wfi08,eval,100,7,0.000143962,1
libasdf_gwcs,../roman/.data/build21/r0000101001001001001_0001_wfi08_f158_cal.asdf,wfi08,eval,100,8,0.000234177,1
libasdf_gwcs,../roman/.data/build21/r0000101001001001001_0001_wfi08_f158_cal.asdf,wfi08,eval,100,9,0.000132886,1
libasdf_gwcs,../roman/.data/build21/r0000101001001001001_0001_wfi08_f158_cal.asdf,wfi08,eval,100,10,0.000127098,1
libasdf_gwcs,../roman/.data/build21/r0000101001001001001_0001_wfi08_f158_cal.asdf,wfi08,eval,100,11,0.000127142,1
libasdf_gwcs,../roman/.data/build21/r0000101001001001001_0001_wfi08_f158_cal.asdf,wfi08,eval,100,12,0.000165021,1
libasdf_gwcs,../roman/.data/build21/r0000101001001001001_0001_wfi08_f158_cal.asdf,wfi08,eval,100,13,0.000149383,1
libasdf_gwcs,../roman/.data/build21/r0000101001001001001_0001_wfi08_f158_cal.asdf,wfi08,eval,100,14,0.000131943,1
libasdf_gwcs,../roman/.data/build21/r0000101001001001001_0001_wfi08_f158_cal.asdf,wfi08,eval,100,15,0.000209752,1
libasdf_gwcs,../roman/.data/build21/r0000101001001001001_0001_wfi08_f158_cal.asdf,wfi08,eval,100,16,0.000126730,1
libasdf_gwcs,../roman/.data/build21/r0000101001001001001_0001_wfi08_f158_cal.asdf,wfi08,eval,100,17,0.000128750,1
libasdf_gwcs,../roman/.data/build21/r0000101001001001001_0001_wfi08_f158_cal.asdf,wfi08,eval,100,18,0.000127514,1
libasdf_gwcs,../roman/.data/build21/r0000101001001001001_0001_wfi08_f158_cal.asdf,wfi08,eval,100,19,0.000128478,1
libasdf_gwcs,../roman/.data/build21/r0000101001001001001_0001_wfi08_f158_cal.asdf,wfi08,eval,100,20,0.000127976,1
libasdf_gwcs,../roman/.data/build21/r0000101001001001001_0001_wfi08_f158_cal.asdf,wfi08,eval,100,21,0.000127003,1
libasdf_gwcs,../roman/.data/build21/r0000101001001001001_0001_wfi08_f158_cal.asdf,wfi08,eval,100,22,0.000224913,1
libasdf_gwcs,../roman/.data/build21/r0000101001001001001_0001_wfi08_f158_cal.asdf,wfi08,eval,100,23,0.000130576,1
libasdf_gwcs,../roman/.data/build21/r0000101001001001001_0001_wfi08_f158_cal.asdf,wfi08,eval,100,24,0.000132575,1
libasdf_gwcs,../roman/.data/build21/r0000101001001001001_0001_wfi08_f158_cal.asdf,wfi08,eval,100,25,0.000132370,1
libasdf_gwcs,../roman/.data/build21/r0000101001001001001_0001_wfi08_f158_cal.asdf,wfi08,eval,100,26,0.000131653,1
libasdf_gwcs,../roman/.data/build21/r0000101001001001001_0001_wfi08_f158_cal.asdf,wfi08,eval,100,27,0.000132620,1
libasdf_gwcs,../roman/.data/build21/r0000101001001001001_0001_wfi08_f158_cal.asdf,wfi08,eval,100,28,0.000136361,1
libasdf_gwcs,../roman/.data/build21/r0000101001001001001_0001_wfi08_f158_cal.asdf,wfi08,eval,100,29,0.000230680,1
libasdf_gwcs,../roman/.data/build21/r0000101001001001001_0001_wfi08_f158_cal.asdf,wfi08,eval,1000,0,0.000999955,1
libasdf_gwcs,../roman/.data/build21/r0000101001001001001_0001_wfi08_f158_cal.asdf,wfi08,eval,1000,1,0.000670694,1
libasdf_gwcs,../roman/.data/build21/r0000101001001001001_0001_wfi08_f158_cal.asdf,wfi08,eval,1000,2,0.000720007,1
libasdf_gwcs,../roman/.data/build21/r0000101001001001001_0001_wfi08_f158_cal.asdf,wfi08,eval,1000,3,0.000505156,1
libasdf_gwcs,../roman/.data/build21/r0000101001001001001_0001_wfi08_f158_cal.asdf,wfi08,eval,1000,4,0.000470264,1
libasdf_gwcs,../roman/.data/build21/r0000101001001001001_0001_wfi08_f158_cal.asdf,wfi08,eval,1000,5,0.000474918,1
libasdf_gwcs,../roman/.data/build21/r0000101001001001001_0001_wfi08_f158_cal.asdf,wfi08,eval,1000,6,0.000428436,1
libasdf_gwcs,../roman/.data/build21/r0000101001001001001_0001_wfi08_f158_cal.asdf,wfi08,eval,1000,7,0.000532890,1
libasdf_gwcs,../roman/.data/build21/r0000101001001001001_0001_wfi08_f158_cal.asdf,wfi08,eval,1000,8,0.000644769,1
libasdf_gwcs,../roman/.data/build21/r0000101001001001001_0001_wfi08_f158_cal.asdf,wfi08,eval,1000,9,0.000581341,1
libasdf_gwcs,../roman/.data/build21/r0000101001001001001_0001_wfi08_f158_cal.asdf,wfi08,eval,1000,10,0.000429349,1
libasdf_gwcs,../roman/.data/build21/r0000101001001001001_0001_wfi08_f158_cal.asdf,wfi08,eval,1000,11,0.000526131,1
libasdf_gwcs,../roman/.data/build21/r0000101001001001001_0001_wfi08_f158_cal.asdf,wfi08,eval,1000,12,0.000505395,1
libasdf_gwcs,../roman/.data/build21/r0000101001001001001_0001_wfi08_f158_cal.asdf,wfi08,eval,1000,13,0.000519831,1
libasdf_gwcs,../roman/.data/build21/r0000101001001001001_0001_wfi08_f158_cal.asdf,wfi08,eval,1000,14,0.000441602,1
libasdf_gwcs,../roman/.data/build21/r0000101001001001001_0001_wfi08_f158_cal.asdf,wfi08,eval,10000,0,0.006452687,1
libasdf_gwcs,../roman/.data/build21/r0000101001001001001_0001_wfi08_f158_cal.asdf,wfi08,eval,10000,1,0.006131456,1
libasdf_gwcs,../roman/.data/build21/r0000101001001001001_0001_wfi08_f158_cal.asdf,wfi08,eval,10000,2,0.006538027,1
libasdf_gwcs,../roman/.data/build21/r0000101001001001001_0001_wfi08_f158_cal.asdf,wfi08,eval,10000,3,0.006231953,1
libasdf_gwcs,../roman/.data/build21/r0000101001001001001_0001_wfi08_f158_cal.asdf,wfi08,eval,10000,4,0.006156351,1
libasdf_gwcs,../roman/.data/build21/r0000101001001001001_0001_wfi08_f158_cal.asdf,wfi08,eval,10000,5,0.005842254,1
libasdf_gwcs,../roman/.data/build21/r0000101001001001001_0001_wfi08_f158_cal.asdf,wfi08,eval,10000,6,0.005939417,1
libasdf_gwcs,../roman/.data/build21/r0000101001001001001_0001_wfi08_f158_cal.asdf,wfi08,eval,10000,7,0.006026154,1
libasdf_gwcs,../roman/.data/build21/r0000101001001001001_0001_wfi08_f158_cal.asdf,wfi08,eval,100000,0,0.062121969,1
libasdf_gwcs,../roman/.data/build21/r0000101001001001001_0001_wfi08_f158_cal.asdf,wfi08,eval,100000,1,0.064174077,1
libasdf_gwcs,../roman/.data/build21/r0000101001001001001_0001_wfi08_f158_cal.asdf,wfi08,eval,100000,2,0.063362191,1
libasdf_gwcs,../roman/.data/build21/r0000101001001001001_0001_wfi08_f158_cal.asdf,wfi08,eval,100000,3,0.060176119,1
libasdf_gwcs,../roman/.data/build21/r0000101001001001001_0001_wfi08_f158_cal.asdf,wfi08,eval,100000,4,0.060288231,1
libasdf_gwcs,../roman/.data/build21/r0000101001001001001_0001_wfi08_f158_cal.asdf,wfi08,eval,1000000,0,0.637866411,1
libasdf_gwcs,../roman/.data/build21/r0000101001001001001_0001_wfi08_f158_cal.asdf,wfi08,eval,1000000,1,0.624523047,1
libasdf_gwcs,../roman/.data/build21/r0000101001001001001_0001_wfi08_f158_cal.asdf,wfi08,eval,1000000,2,0.595138829,1
libasdf_gwcs,../roman/.data/build21/r0000101001001001001_0001_wfi08_f158_cal.asdf,wfi08,eval,10000000,0,6.129078933,1
libasdf_gwcs,../roman/.data/build21/r0000101001001001001_0001_wfi08_f158_cal.asdf,wfi08,eval,10000000,1,5.971176554,1
libasdf_gwcs,../roman/.data/build21/r0000101001001001001_0001_wfi08_f158_cal.asdf,wfi08,eval,16711744,0,10.421481379,1
libasdf_gwcs,../roman/.data/build21/r0000101001001001001_0001_wfi08_f158_cal.asdf,wfi08,eval,16711744,1,10.754376689,1
libasdf_gwcs,../roman/.data/build21/r0000101001001001001_0001_wfi09_f158_cal.asdf,wfi09,parse_cold,0,0,0.022561305,1
libasdf_gwcs,../roman/.data/build21/r0000101001001001001_0001_wfi09_f158_cal.asdf,wfi09,parse_hot,0,0,0.011161896,1
libasdf_gwcs,../roman/.data/build21/r0000101001001001001_0001_wfi09_f158_cal.asdf,wfi09,eval,1,0,0.000090234,1
libasdf_gwcs,../roman/.data/build21/r0000101001001001001_0001_wfi09_f158_cal.asdf,wfi09,eval,1,1,0.000083275,1
libasdf_gwcs,../roman/.data/build21/r0000101001001001001_0001_wfi09_f158_cal.asdf,wfi09,eval,1,2,0.000066452,1
libasdf_gwcs,../roman/.data/build21/r0000101001001001001_0001_wfi09_f158_cal.asdf,wfi09,eval,1,3,0.000049766,1
libasdf_gwcs,../roman/.data/build21/r0000101001001001001_0001_wfi09_f158_cal.asdf,wfi09,eval,1,4,0.000049181,1
libasdf_gwcs,../roman/.data/build21/r0000101001001001001_0001_wfi09_f158_cal.asdf,wfi09,eval,1,5,0.000049159,1
libasdf_gwcs,../roman/.data/build21/r0000101001001001001_0001_wfi09_f158_cal.asdf,wfi09,eval,1,6,0.000065370,1
libasdf_gwcs,../roman/.data/build21/r0000101001001001001_0001_wfi09_f158_cal.asdf,wfi09,eval,1,7,0.000068279,1
libasdf_gwcs,../roman/.data/build21/r0000101001001001001_0001_wfi09_f158_cal.asdf,wfi09,eval,1,8,0.000049059,1
libasdf_gwcs,../roman/.data/build21/r0000101001001001001_0001_wfi09_f158_cal.asdf,wfi09,eval,1,9,0.000059992,1
libasdf_gwcs,../roman/.data/build21/r0000101001001001001_0001_wfi09_f158_cal.asdf,wfi09,eval,1,10,0.000045810,1
libasdf_gwcs,../roman/.data/build21/r0000101001001001001_0001_wfi09_f158_cal.asdf,wfi09,eval,1,11,0.000045646,1
libasdf_gwcs,../roman/.data/build21/r0000101001001001001_0001_wfi09_f158_cal.asdf,wfi09,eval,1,12,0.000045736,1
libasdf_gwcs,../roman/.data/build21/r0000101001001001001_0001_wfi09_f158_cal.asdf,wfi09,eval,1,13,0.000045957,1
libasdf_gwcs,../roman/.data/build21/r0000101001001001001_0001_wfi09_f158_cal.asdf,wfi09,eval,1,14,0.000045897,1
libasdf_gwcs,../roman/.data/build21/r0000101001001001001_0001_wfi09_f158_cal.asdf,wfi09,eval,1,15,0.000046128,1
libasdf_gwcs,../roman/.data/build21/r0000101001001001001_0001_wfi09_f158_cal.asdf,wfi09,eval,1,16,0.000045906,1
libasdf_gwcs,../roman/.data/build21/r0000101001001001001_0001_wfi09_f158_cal.asdf,wfi09,eval,1,17,0.000045803,1
libasdf_gwcs,../roman/.data/build21/r0000101001001001001_0001_wfi09_f158_cal.asdf,wfi09,eval,1,18,0.000045829,1
libasdf_gwcs,../roman/.data/build21/r0000101001001001001_0001_wfi09_f158_cal.asdf,wfi09,eval,1,19,0.000045914,1
libasdf_gwcs,../roman/.data/build21/r0000101001001001001_0001_wfi09_f158_cal.asdf,wfi09,eval,1,20,0.000058793,1
libasdf_gwcs,../roman/.data/build21/r0000101001001001001_0001_wfi09_f158_cal.asdf,wfi09,eval,1,21,0.000046582,1
libasdf_gwcs,../roman/.data/build21/r0000101001001001001_0001_wfi09_f158_cal.asdf,wfi09,eval,1,22,0.000045925,1
libasdf_gwcs,../roman/.data/build21/r0000101001001001001_0001_wfi09_f158_cal.asdf,wfi09,eval,1,23,0.000045935,1
libasdf_gwcs,../roman/.data/build21/r0000101001001001001_0001_wfi09_f158_cal.asdf,wfi09,eval,1,24,0.000045803,1
libasdf_gwcs,../roman/.data/build21/r0000101001001001001_0001_wfi09_f158_cal.asdf,wfi09,eval,1,25,0.000046168,1
libasdf_gwcs,../roman/.data/build21/r0000101001001001001_0001_wfi09_f158_cal.asdf,wfi09,eval,1,26,0.000046013,1
libasdf_gwcs,../roman/.data/build21/r0000101001001001001_0001_wfi09_f158_cal.asdf,wfi09,eval,1,27,0.000045831,1
libasdf_gwcs,../roman/.data/build21/r0000101001001001001_0001_wfi09_f158_cal.asdf,wfi09,eval,1,28,0.000046078,1
libasdf_gwcs,../roman/.data/build21/r0000101001001001001_0001_wfi09_f158_cal.asdf,wfi09,eval,1,29,0.000045581,1
libasdf_gwcs,../roman/.data/build21/r0000101001001001001_0001_wfi09_f158_cal.asdf,wfi09,eval,1,30,0.000045805,1
libasdf_gwcs,../roman/.data/build21/r0000101001001001001_0001_wfi09_f158_cal.asdf,wfi09,eval,1,31,0.000045878,1
libasdf_gwcs,../roman/.data/build21/r0000101001001001001_0001_wfi09_f158_cal.asdf,wfi09,eval,1,32,0.000045750,1
libasdf_gwcs,../roman/.data/build21/r0000101001001001001_0001_wfi09_f158_cal.asdf,wfi09,eval,1,33,0.000045778,1
libasdf_gwcs,../roman/.data/build21/r0000101001001001001_0001_wfi09_f158_cal.asdf,wfi09,eval,1,34,0.000059024,1
libasdf_gwcs,../roman/.data/build21/r0000101001001001001_0001_wfi09_f158_cal.asdf,wfi09,eval,1,35,0.000044545,1
libasdf_gwcs,../roman/.data/build21/r0000101001001001001_0001_wfi09_f158_cal.asdf,wfi09,eval,1,36,0.000044631,1
libasdf_gwcs,../roman/.data/build21/r0000101001001001001_0001_wfi09_f158_cal.asdf,wfi09,eval,1,37,0.000046414,1
libasdf_gwcs,../roman/.data/build21/r0000101001001001001_0001_wfi09_f158_cal.asdf,wfi09,eval,1,38,0.000044907,1
libasdf_gwcs,../roman/.data/build21/r0000101001001001001_0001_wfi09_f158_cal.asdf,wfi09,eval,1,39,0.000044818,1
libasdf_gwcs,../roman/.data/build21/r0000101001001001001_0001_wfi09_f158_cal.asdf,wfi09,eval,1,40,0.000049386,1
libasdf_gwcs,../roman/.data/build21/r0000101001001001001_0001_wfi09_f158_cal.asdf,wfi09,eval,1,41,0.000045346,1
libasdf_gwcs,../roman/.data/build21/r0000101001001001001_0001_wfi09_f158_cal.asdf,wfi09,eval,1,42,0.000044995,1
libasdf_gwcs,../roman/.data/build21/r0000101001001001001_0001_wfi09_f158_cal.asdf,wfi09,eval,1,43,0.000044888,1
libasdf_gwcs,../roman/.data/build21/r0000101001001001001_0001_wfi09_f158_cal.asdf,wfi09,eval,1,44,0.000044756,1
libasdf_gwcs,../roman/.data/build21/r0000101001001001001_0001_wfi09_f158_cal.asdf,wfi09,eval,1,45,0.000044903,1
libasdf_gwcs,../roman/.data/build21/r0000101001001001001_0001_wfi09_f158_cal.asdf,wfi09,eval,1,46,0.000047443,1
libasdf_gwcs,../roman/.data/build21/r0000101001001001001_0001_wfi09_f158_cal.asdf,wfi09,eval,1,47,0.000064430,1
libasdf_gwcs,../roman/.data/build21/r0000101001001001001_0001_wfi09_f158_cal.asdf,wfi09,eval,1,48,0.000082808,1
libasdf_gwcs,../roman/.data/build21/r0000101001001001001_0001_wfi09_f158_cal.asdf,wfi09,eval,1,49,0.000047476,1
libasdf_gwcs,../roman/.data/build21/r0000101001001001001_0001_wfi09_f158_cal.asdf,wfi09,eval,10,0,0.000070178,1
libasdf_gwcs,../roman/.data/build21/r0000101001001001001_0001_wfi09_f158_cal.asdf,wfi09,eval,10,1,0.000054467,1
libasdf_gwcs,../roman/.data/build21/r0000101001001001001_0001_wfi09_f158_cal.asdf,wfi09,eval,10,2,0.000054151,1
libasdf_gwcs,../roman/.data/build21/r0000101001001001001_0001_wfi09_f158_cal.asdf,wfi09,eval,10,3,0.000053753,1
libasdf_gwcs,../roman/.data/build21/r0000101001001001001_0001_wfi09_f158_cal.asdf,wfi09,eval,10,4,0.000060756,1
libasdf_gwcs,../roman/.data/build21/r0000101001001001001_0001_wfi09_f158_cal.asdf,wfi09,eval,10,5,0.000054997,1
libasdf_gwcs,../roman/.data/build21/r0000101001001001001_0001_wfi09_f158_cal.asdf,wfi09,eval,10,6,0.000054560,1
libasdf_gwcs,../roman/.data/build21/r0000101001001001001_0001_wfi09_f158_cal.asdf,wfi09,eval,10,7,0.000125390,1
libasdf_gwcs,../roman/.data/build21/r0000101001001001001_0001_wfi09_f158_cal.asdf,wfi09,eval,10,8,0.000101206,1
libasdf_gwcs,../roman/.data/build21/r0000101001001001001_0001_wfi09_f158_cal.asdf,wfi09,eval,10,9,0.000051588,1
libasdf_gwcs,../roman/.data/build21/r0000101001001001001_0001_wfi09_f158_cal.asdf,wfi09,eval,10,10,0.000050723,1
libasdf_gwcs,../roman/.data/build21/r0000101001001001001_0001_wfi09_f158_cal.asdf,wfi09,eval,10,11,0.000050318,1
libasdf_gwcs,../roman/.data/build21/r0000101001001001001_0001_wfi09_f158_cal.asdf,wfi09,eval,10,12,0.000050168,1
libasdf_gwcs,../roman/.data/build21/r0000101001001001001_0001_wfi09_f158_cal.asdf,wfi09,eval,10,13,0.000050697,1
libasdf_gwcs,../roman/.data/build21/r0000101001001001001_0001_wfi09_f158_cal.asdf,wfi09,eval,10,14,0.000050231,1
libasdf_gwcs,../roman/.data/build21/r0000101001001001001_0001_wfi09_f158_cal.asdf,wfi09,eval,10,15,0.000050281,1
libasdf_gwcs,../roman/.data/build21/r0000101001001001001_0001_wfi09_f158_cal.asdf,wfi09,eval,10,16,0.000050349,1
libasdf_gwcs,../roman/.data/build21/r0000101001001001001_0001_wfi09_f158_cal.asdf,wfi09,eval,10,17,0.000050283,1
libasdf_gwcs,../roman/.data/build21/r0000101001001001001_0001_wfi09_f158_cal.asdf,wfi09,eval,10,18,0.000050475,1
libasdf_gwcs,../roman/.data/build21/r0000101001001001001_0001_wfi09_f158_cal.asdf,wfi09,eval,10,19,0.000050182,1
libasdf_gwcs,../roman/.data/build21/r0000101001001001001_0001_wfi09_f158_cal.asdf,wfi09,eval,10,20,0.000050350,1
libasdf_gwcs,../roman/.data/build21/r0000101001001001001_0001_wfi09_f158_cal.asdf,wfi09,eval,10,21,0.000050140,1
libasdf_gwcs,../roman/.data/build21/r0000101001001001001_0001_wfi09_f158_cal.asdf,wfi09,eval,10,22,0.000060671,1
libasdf_gwcs,../roman/.data/build21/r0000101001001001001_0001_wfi09_f158_cal.asdf,wfi09,eval,10,23,0.000181437,1
libasdf_gwcs,../roman/.data/build21/r0000101001001001001_0001_wfi09_f158_cal.asdf,wfi09,eval,10,24,0.000051823,1
libasdf_gwcs,../roman/.data/build21/r0000101001001001001_0001_wfi09_f158_cal.asdf,wfi09,eval,10,25,0.000050316,1
libasdf_gwcs,../roman/.data/build21/r0000101001001001001_0001_wfi09_f158_cal.asdf,wfi09,eval,10,26,0.000050200,1
libasdf_gwcs,../roman/.data/build21/r0000101001001001001_0001_wfi09_f158_cal.asdf,wfi09,eval,10,27,0.000141083,1
libasdf_gwcs,../roman/.data/build21/r0000101001001001001_0001_wfi09_f158_cal.asdf,wfi09,eval,10,28,0.000051401,1
libasdf_gwcs,../roman/.data/build21/r0000101001001001001_0001_wfi09_f158_cal.asdf,wfi09,eval,10,29,0.000050372,1
libasdf_gwcs,../roman/.data/build21/r0000101001001001001_0001_wfi09_f158_cal.asdf,wfi09,eval,10,30,0.000063483,1
libasdf_gwcs,../roman/.data/build21/r0000101001001001001_0001_wfi09_f158_cal.asdf,wfi09,eval,10,31,0.000044471,1
libasdf_gwcs,../roman/.data/build21/r0000101001001001001_0001_wfi09_f158_cal.asdf,wfi09,eval,10,32,0.000069617,1
libasdf_gwcs,../roman/.data/build21/r0000101001001001001_0001_wfi09_f158_cal.asdf,wfi09,eval,10,33,0.000072957,1
libasdf_gwcs,../roman/.data/build21/r0000101001001001001_0001_wfi09_f158_cal.asdf,wfi09,eval,10,34,0.000068002,1
libasdf_gwcs,../roman/.data/build21/r0000101001001001001_0001_wfi09_f158_cal.asdf,wfi09,eval,10,35,0.000050634,1
libasdf_gwcs,../roman/.data/build21/r0000101001001001001_0001_wfi09_f158_cal.asdf,wfi09,eval,10,36,0.000050652,1
libasdf_gwcs,../roman/.data/build21/r0000101001001001001_0001_wfi09_f158_cal.asdf,wfi09,eval,10,37,0.000076450,1
libasdf_gwcs,../roman/.data/build21/r0000101001001001001_0001_wfi09_f158_cal.asdf,wfi09,eval,10,38,0.000095907,1
libasdf_gwcs,../roman/.data/build21/r0000101001001001001_0001_wfi09_f158_cal.asdf,wfi09,eval,10,39,0.000100583,1
libasdf_gwcs,../roman/.data/build21/r0000101001001001001_0001_wfi09_f158_cal.asdf,wfi09,eval,10,40,0.000100523,1
libasdf_gwcs,../roman/.data/build21/r0000101001001001001_0001_wfi09_f158_cal.asdf,wfi09,eval,10,41,0.000076553,1
libasdf_gwcs,../roman/.data/build21/r0000101001001001001_0001_wfi09_f158_cal.asdf,wfi09,eval,10,42,0.000070150,1
libasdf_gwcs,../roman/.data/build21/r0000101001001001001_0001_wfi09_f158_cal.asdf,wfi09,eval,10,43,0.000050615,1
libasdf_gwcs,../roman/.data/build21/r0000101001001001001_0001_wfi09_f158_cal.asdf,wfi09,eval,10,44,0.000050231,1
libasdf_gwcs,../roman/.data/build21/r0000101001001001001_0001_wfi09_f158_cal.asdf,wfi09,eval,10,45,0.000086213,1
libasdf_gwcs,../roman/.data/build21/r0000101001001001001_0001_wfi09_f158_cal.asdf,wfi09,eval,10,46,0.000055373,1
libasdf_gwcs,../roman/.data/build21/r0000101001001001001_0001_wfi09_f158_cal.asdf,wfi09,eval,10,47,0.000069300,1
libasdf_gwcs,../roman/.data/build21/r0000101001001001001_0001_wfi09_f158_cal.asdf,wfi09,eval,10,48,0.000050166,1
libasdf_gwcs,../roman/.data/build21/r0000101001001001001_0001_wfi09_f158_cal.asdf,wfi09,eval,10,49,0.000049840,1
libasdf_gwcs,../roman/.data/build21/r0000101001001001001_0001_wfi09_f158_cal.asdf,wfi09,eval,100,0,0.000377395,1
libasdf_gwcs,../roman/.data/build21/r0000101001001001001_0001_wfi09_f158_cal.asdf,wfi09,eval,100,1,0.000207427,1
libasdf_gwcs,../roman/.data/build21/r0000101001001001001_0001_wfi09_f158_cal.asdf,wfi09,eval,100,2,0.000127906,1
libasdf_gwcs,../roman/.data/build21/r0000101001001001001_0001_wfi09_f158_cal.asdf,wfi09,eval,100,3,0.000096013,1
libasdf_gwcs,../roman/.data/build21/r0000101001001001001_0001_wfi09_f158_cal.asdf,wfi09,eval,100,4,0.000116788,1
libasdf_gwcs,../roman/.data/build21/r0000101001001001001_0001_wfi09_f158_cal.asdf,wfi09,eval,100,5,0.000106034,1
libasdf_gwcs,../roman/.data/build21/r0000101001001001001_0001_wfi09_f158_cal.asdf,wfi09,eval,100,6,0.000125725,1
libasdf_gwcs,../roman/.data/build21/r0000101001001001001_0001_wfi09_f158_cal.asdf,wfi09,eval,100,7,0.000084326,1
libasdf_gwcs,../roman/.data/build21/r0000101001001001001_0001_wfi09_f158_cal.asdf,wfi09,eval,100,8,0.000084005,1
libasdf_gwcs,../roman/.data/build21/r0000101001001001001_0001_wfi09_f158_cal.asdf,wfi09,eval,100,9,0.000083894,1
libasdf_gwcs,../roman/.data/build21/r0000101001001001001_0001_wfi09_f158_cal.asdf,wfi09,eval,100,10,0.000084204,1
libasdf_gwcs,../roman/.data/build21/r0000101001001001001_0001_wfi09_f158_cal.asdf,wfi09,eval,100,11,0.000084132,1
libasdf_gwcs,../roman/.data/build21/r0000101001001001001_0001_wfi09_f158_cal.asdf,wfi09,eval,100,12,0.000084138,1
libasdf_gwcs,../roman/.data/build21/r0000101001001001001_0001_wfi09_f158_cal.asdf,wfi09,eval,100,13,0.000083755,1
libasdf_gwcs,../roman/.data/build21/r0000101001001001001_0001_wfi09_f158_cal.asdf,wfi09,eval,100,14,0.000083608,1
libasdf_gwcs,../roman/.data/build21/r0000101001001001001_0001_wfi09_f158_cal.asdf,wfi09,eval,100,15,0.000083808,1
libasdf_gwcs,../roman/.data/build21/r0000101001001001001_0001_wfi09_f158_cal.asdf,wfi09,eval,100,16,0.000084119,1
libasdf_gwcs,../roman/.data/build21/r0000101001001001001_0001_wfi09_f158_cal.asdf,wfi09,eval,100,17,0.000123188,1
libasdf_gwcs,../roman/.data/build21/r0000101001001001001_0001_wfi09_f158_cal.asdf,wfi09,eval,100,18,0.000142705,1
libasdf_gwcs,../roman/.data/build21/r0000101001001001001_0001_wfi09_f158_cal.asdf,wfi09,eval,100,19,0.000095559,1
libasdf_gwcs,../roman/.data/build21/r0000101001001001001_0001_wfi09_f158_cal.asdf,wfi09,eval,100,20,0.000099625,1
libasdf_gwcs,../roman/.data/build21/r0000101001001001001_0001_wfi09_f158_cal.asdf,wfi09,eval,100,21,0.000083581,1
libasdf_gwcs,../roman/.data/build21/r0000101001001001001_0001_wfi09_f158_cal.asdf,wfi09,eval,100,22,0.000083588,1
libasdf_gwcs,../roman/.data/build21/r0000101001001001001_0001_wfi09_f158_cal.asdf,wfi09,eval,100,23,0.000083853,1
libasdf_gwcs,../roman/.data/build21/r0000101001001001001_0001_wfi09_f158_cal.asdf,wfi09,eval,100,24,0.000083435,1
libasdf_gwcs,../roman/.data/build21/r0000101001001001001_0001_wfi09_f158_cal.asdf,wfi09,eval,100,25,0.000083809,1
libasdf_gwcs,../roman/.data/build21/r0000101001001001001_0001_wfi09_f158_cal.asdf,wfi09,eval,100,26,0.000083838,1
libasdf_gwcs,../roman/.data/build21/r0000101001001001001_0001_wfi09_f158_cal.asdf,wfi09,eval,100,27,0.000083676,1
libasdf_gwcs,../roman/.data/build21/r0000101001001001001_0001_wfi09_f158_cal.asdf,wfi09,eval,100,28,0.000155315,1
libasdf_gwcs,../roman/.data/build21/r0000101001001001001_0001_wfi09_f158_cal.asdf,wfi09,eval,100,29,0.000165170,1
libasdf_gwcs,../roman/.data/build21/r0000101001001001001_0001_wfi09_f158_cal.asdf,wfi09,eval,1000,0,0.000850631,1
libasdf_gwcs,../roman/.data/build21/r0000101001001001001_0001_wfi09_f158_cal.asdf,wfi09,eval,1000,1,0.000866156,1
libasdf_gwcs,../roman/.data/build21/r0000101001001001001_0001_wfi09_f158_cal.asdf,wfi09,eval,1000,2,0.000518957,1
libasdf_gwcs,../roman/.data/build21/r0000101001001001001_0001_wfi09_f158_cal.asdf,wfi09,eval,1000,3,0.000568056,1
libasdf_gwcs,../roman/.data/build21/r0000101001001001001_0001_wfi09_f158_cal.asdf,wfi09,eval,1000,4,0.000732555,1
libasdf_gwcs,../roman/.data/build21/r0000101001001001001_0001_wfi09_f158_cal.asdf,wfi09,eval,1000,5,0.000798957,1
libasdf_gwcs,../roman/.data/build21/r0000101001001001001_0001_wfi09_f158_cal.asdf,wfi09,eval,1000,6,0.000864148,1
libasdf_gwcs,../roman/.data/build21/r0000101001001001001_0001_wfi09_f158_cal.asdf,wfi09,eval,1000,7,0.000594441,1
libasdf_gwcs,../roman/.data/build21/r0000101001001001001_0001_wfi09_f158_cal.asdf,wfi09,eval,1000,8,0.000888062,1
libasdf_gwcs,../roman/.data/build21/r0000101001001001001_0001_wfi09_f158_cal.asdf,wfi09,eval,1000,9,0.000549316,1
libasdf_gwcs,../roman/.data/build21/r0000101001001001001_0001_wfi09_f158_cal.asdf,wfi09,eval,1000,10,0.000525482,1
libasdf_gwcs,../roman/.data/build21/r0000101001001001001_0001_wfi09_f158_cal.asdf,wfi09,eval,1000,11,0.000432364,1
libasdf_gwcs,../roman/.data/build21/r0000101001001001001_0001_wfi09_f158_cal.asdf,wfi09,eval,1000,12,0.000441072,1
libasdf_gwcs,../roman/.data/build21/r0000101001001001001_0001_wfi09_f158_cal.asdf,wfi09,eval,1000,13,0.000486282,1
libasdf_gwcs,../roman/.data/build21/r0000101001001001001_0001_wfi09_f158_cal.asdf,wfi09,eval,1000,14,0.000433899,1
libasdf_gwcs,../roman/.data/build21/r0000101001001001001_0001_wfi09_f158_cal.asdf,wfi09,eval,10000,0,0.006628555,1
libasdf_gwcs,../roman/.data/build21/r0000101001001001001_0001_wfi09_f158_cal.asdf,wfi09,eval,10000,1,0.007570066,1
libasdf_gwcs,../roman/.data/build21/r0000101001001001001_0001_wfi09_f158_cal.asdf,wfi09,eval,10000,2,0.006529277,1
libasdf_gwcs,../roman/.data/build21/r0000101001001001001_0001_wfi09_f158_cal.asdf,wfi09,eval,10000,3,0.006768322,1
libasdf_gwcs,../roman/.data/build21/r0000101001001001001_0001_wfi09_f158_cal.asdf,wfi09,eval,10000,4,0.006302278,1
libasdf_gwcs,../roman/.data/build21/r0000101001001001001_0001_wfi09_f158_cal.asdf,wfi09,eval,10000,5,0.006298896,1
libasdf_gwcs,../roman/.data/build21/r0000101001001001001_0001_wfi09_f158_cal.asdf,wfi09,eval,10000,6,0.006829810,1
libasdf_gwcs,../roman/.data/build21/r0000101001001001001_0001_wfi09_f158_cal.asdf,wfi09,eval,10000,7,0.006197163,1
libasdf_gwcs,../roman/.data/build21/r0000101001001001001_0001_wfi09_f158_cal.asdf,wfi09,eval,100000,0,0.074578570,1
libasdf_gwcs,../roman/.data/build21/r0000101001001001001_0001_wfi09_f158_cal.asdf,wfi09,eval,100000,1,0.067929232,1
libasdf_gwcs,../roman/.data/build21/r0000101001001001001_0001_wfi09_f158_cal.asdf,wfi09,eval,100000,2,0.066785601,1
libasdf_gwcs,../roman/.data/build21/r0000101001001001001_0001_wfi09_f158_cal.asdf,wfi09,eval,100000,3,0.065147107,1
libasdf_gwcs,../roman/.data/build21/r0000101001001001001_0001_wfi09_f158_cal.asdf,wfi09,eval,100000,4,0.065611903,1
libasdf_gwcs,../roman/.data/build21/r0000101001001001001_0001_wfi09_f158_cal.asdf,wfi09,eval,1000000,0,0.703424239,1
libasdf_gwcs,../roman/.data/build21/r0000101001001001001_0001_wfi09_f158_cal.asdf,wfi09,eval,1000000,1,0.720006235,1
libasdf_gwcs,../roman/.data/build21/r0000101001001001001_0001_wfi09_f158_cal.asdf,wfi09,eval,1000000,2,0.704732561,1
libasdf_gwcs,../roman/.data/build21/r0000101001001001001_0001_wfi09_f158_cal.asdf,wfi09,eval,10000000,0,6.997704168,1
libasdf_gwcs,../roman/.data/build21/r0000101001001001001_0001_wfi09_f158_cal.asdf,wfi09,eval,10000000,1,7.350528484,1
libasdf_gwcs,../roman/.data/build21/r0000101001001001001_0001_wfi09_f158_cal.asdf,wfi09,eval,16711744,0,12.036864129,1
libasdf_gwcs,../roman/.data/build21/r0000101001001001001_0001_wfi09_f158_cal.asdf,wfi09,eval,16711744,1,11.068697798,1
libasdf_gwcs,../roman/.data/build21/r0000101001001001001_0001_wfi10_f158_cal.asdf,wfi10,parse_cold,0,0,0.019118730,1
libasdf_gwcs,../roman/.data/build21/r0000101001001001001_0001_wfi10_f158_cal.asdf,wfi10,parse_hot,0,0,0.009242273,1
libasdf_gwcs,../roman/.data/build21/r0000101001001001001_0001_wfi10_f158_cal.asdf,wfi10,eval,1,0,0.000114715,1
libasdf_gwcs,../roman/.data/build21/r0000101001001001001_0001_wfi10_f158_cal.asdf,wfi10,eval,1,1,0.000049118,1
libasdf_gwcs,../roman/.data/build21/r0000101001001001001_0001_wfi10_f158_cal.asdf,wfi10,eval,1,2,0.000047661,1
libasdf_gwcs,../roman/.data/build21/r0000101001001001001_0001_wfi10_f158_cal.asdf,wfi10,eval,1,3,0.000041372,1
libasdf_gwcs,../roman/.data/build21/r0000101001001001001_0001_wfi10_f158_cal.asdf,wfi10,eval,1,4,0.000040833,1
libasdf_gwcs,../roman/.data/build21/r0000101001001001001_0001_wfi10_f158_cal.asdf,wfi10,eval,1,5,0.000040920,1
libasdf_gwcs,../roman/.data/build21/r0000101001001001001_0001_wfi10_f158_cal.asdf,wfi10,eval,1,6,0.000040870,1
libasdf_gwcs,../roman/.data/build21/r0000101001001001001_0001_wfi10_f158_cal.asdf,wfi10,eval,1,7,0.000040717,1
libasdf_gwcs,../roman/.data/build21/r0000101001001001001_0001_wfi10_f158_cal.asdf,wfi10,eval,1,8,0.000040705,1
libasdf_gwcs,../roman/.data/build21/r0000101001001001001_0001_wfi10_f158_cal.asdf,wfi10,eval,1,9,0.000040636,1
libasdf_gwcs,../roman/.data/build21/r0000101001001001001_0001_wfi10_f158_cal.asdf,wfi10,eval,1,10,0.000040862,1
libasdf_gwcs,../roman/.data/build21/r0000101001001001001_0001_wfi10_f158_cal.asdf,wfi10,eval,1,11,0.000040767,1
libasdf_gwcs,../roman/.data/build21/r0000101001001001001_0001_wfi10_f158_cal.asdf,wfi10,eval,1,12,0.000040693,1
libasdf_gwcs,../roman/.data/build21/r0000101001001001001_0001_wfi10_f158_cal.asdf,wfi10,eval,1,13,0.000040608,1
libasdf_gwcs,../roman/.data/build21/r0000101001001001001_0001_wfi10_f158_cal.asdf,wfi10,eval,1,14,0.000040682,1
libasdf_gwcs,../roman/.data/build21/r0000101001001001001_0001_wfi10_f158_cal.asdf,wfi10,eval,1,15,0.000040672,1
libasdf_gwcs,../roman/.data/build21/r0000101001001001001_0001_wfi10_f158_cal.asdf,wfi10,eval,1,16,0.000040795,1
libasdf_gwcs,../roman/.data/build21/r0000101001001001001_0001_wfi10_f158_cal.asdf,wfi10,eval,1,17,0.000040606,1
libasdf_gwcs,../roman/.data/build21/r0000101001001001001_0001_wfi10_f158_cal.asdf,wfi10,eval,1,18,0.000040636,1
libasdf_gwcs,../roman/.data/build21/r0000101001001001001_0001_wfi10_f158_cal.asdf,wfi10,eval,1,19,0.000040797,1
libasdf_gwcs,../roman/.data/build21/r0000101001001001001_0001_wfi10_f158_cal.asdf,wfi10,eval,1,20,0.000040644,1
libasdf_gwcs,../roman/.data/build21/r0000101001001001001_0001_wfi10_f158_cal.asdf,wfi10,eval,1,21,0.000070362,1
libasdf_gwcs,../roman/.data/build21/r0000101001001001001_0001_wfi10_f158_cal.asdf,wfi10,eval,1,22,0.000055479,1
libasdf_gwcs,../roman/.data/build21/r0000101001001001001_0001_wfi10_f158_cal.asdf,wfi10,eval,1,23,0.000040702,1
libasdf_gwcs,../roman/.data/build21/r0000101001001001001_0001_wfi10_f158_cal.asdf,wfi10,eval,1,24,0.000040806,1
libasdf_gwcs,../roman/.data/build21/r0000101001001001001_0001_wfi10_f158_cal.asdf,wfi10,eval,1,25,0.000040675,1
libasdf_gwcs,../roman/.data/build21/r0000101001001001001_0001_wfi10_f158_cal.asdf,wfi10,eval,1,26,0.000040660,1
libasdf_gwcs,../roman/.data/build21/r0000101001001001001_0001_wfi10_f158_cal.asdf,wfi10,eval,1,27,0.000040448,1
libasdf_gwcs,../roman/.data/build21/r0000101001001001001_0001_wfi10_f158_cal.asdf,wfi10,eval,1,28,0.000040591,1
libasdf_gwcs,../roman/.data/build21/r0000101001001001001_0001_wfi10_f158_cal.asdf,wfi10,eval,1,29,0.000040535,1
libasdf_gwcs,../roman/.data/build21/r0000101001001001001_0001_wfi10_f158_cal.asdf,wfi10,eval,1,30,0.000040793,1
libasdf_gwcs,../roman/.data/build21/r0000101001001001001_0001_wfi10_f158_cal.asdf,wfi10,eval,1,31,0.000040750,1
libasdf_gwcs,../roman/.data/build21/r0000101001001001001_0001_wfi10_f158_cal.asdf,wfi10,eval,1,32,0.000040603,1
libasdf_gwcs,../roman/.data/build21/r0000101001001001001_0001_wfi10_f158_cal.asdf,wfi10,eval,1,33,0.000040518,1
libasdf_gwcs,../roman/.data/build21/r0000101001001001001_0001_wfi10_f158_cal.asdf,wfi10,eval,1,34,0.000040596,1
libasdf_gwcs,../roman/.data/build21/r0000101001001001001_0001_wfi10_f158_cal.asdf,wfi10,eval,1,35,0.000040562,1
libasdf_gwcs,../roman/.data/build21/r0000101001001001001_0001_wfi10_f158_cal.asdf,wfi10,eval,1,36,0.000040544,1
libasdf_gwcs,../roman/.data/build21/r0000101001001001001_0001_wfi10_f158_cal.asdf,wfi10,eval,1,37,0.000042540,1
libasdf_gwcs,../roman/.data/build21/r0000101001001001001_0001_wfi10_f158_cal.asdf,wfi10,eval,1,38,0.000041179,1
libasdf_gwcs,../roman/.data/build21/r0000101001001001001_0001_wfi10_f158_cal.asdf,wfi10,eval,1,39,0.000040815,1
libasdf_gwcs,../roman/.data/build21/r0000101001001001001_0001_wfi10_f158_cal.asdf,wfi10,eval,1,40,0.000040736,1
libasdf_gwcs,../roman/.data/build21/r0000101001001001001_0001_wfi10_f158_cal.asdf,wfi10,eval,1,41,0.000040655,1
libasdf_gwcs,../roman/.data/build21/r0000101001001001001_0001_wfi10_f158_cal.asdf,wfi10,eval,1,42,0.000040719,1
libasdf_gwcs,../roman/.data/build21/r0000101001001001001_0001_wfi10_f158_cal.asdf,wfi10,eval,1,43,0.000092646,1
libasdf_gwcs,../roman/.data/build21/r0000101001001001001_0001_wfi10_f158_cal.asdf,wfi10,eval,1,44,0.000052266,1
libasdf_gwcs,../roman/.data/build21/r0000101001001001001_0001_wfi10_f158_cal.asdf,wfi10,eval,1,45,0.000060336,1
libasdf_gwcs,../roman/.data/build21/r0000101001001001001_0001_wfi10_f158_cal.asdf,wfi10,eval,1,46,0.000040740,1
libasdf_gwcs,../roman/.data/build21/r0000101001001001001_0001_wfi10_f158_cal.asdf,wfi10,eval,1,47,0.000040710,1
libasdf_gwcs,../roman/.data/build21/r0000101001001001001_0001_wfi10_f158_cal.asdf,wfi10,eval,1,48,0.000066406,1
libasdf_gwcs,../roman/.data/build21/r0000101001001001001_0001_wfi10_f158_cal.asdf,wfi10,eval,1,49,0.000057353,1
libasdf_gwcs,../roman/.data/build21/r0000101001001001001_0001_wfi10_f158_cal.asdf,wfi10,eval,10,0,0.000126357,1
libasdf_gwcs,../roman/.data/build21/r0000101001001001001_0001_wfi10_f158_cal.asdf,wfi10,eval,10,1,0.000066037,1
libasdf_gwcs,../roman/.data/build21/r0000101001001001001_0001_wfi10_f158_cal.asdf,wfi10,eval,10,2,0.000061746,1
libasdf_gwcs,../roman/.data/build21/r0000101001001001001_0001_wfi10_f158_cal.asdf,wfi10,eval,10,3,0.000044823,1
libasdf_gwcs,../roman/.data/build21/r0000101001001001001_0001_wfi10_f158_cal.asdf,wfi10,eval,10,4,0.000045379,1
libasdf_gwcs,../roman/.data/build21/r0000101001001001001_0001_wfi10_f158_cal.asdf,wfi10,eval,10,5,0.000070526,1
libasdf_gwcs,../roman/.data/build21/r0000101001001001001_0001_wfi10_f158_cal.asdf,wfi10,eval,10,6,0.000061920,1
libasdf_gwcs,../roman/.data/build21/r0000101001001001001_0001_wfi10_f158_cal.asdf,wfi10,eval,10,7,0.000067691,1
libasdf_gwcs,../roman/.data/build21/r0000101001001001001_0001_wfi10_f158_cal.asdf,wfi10,eval,10,8,0.000050017,1
libasdf_gwcs,../roman/.data/build21/r0000101001001001001_0001_wfi10_f158_cal.asdf,wfi10,eval,10,9,0.000111207,1
libasdf_gwcs,../roman/.data/build21/r0000101001001001001_0001_wfi10_f158_cal.asdf,wfi10,eval,10,10,0.000045083,1
libasdf_gwcs,../roman/.data/build21/r0000101001001001001_0001_wfi10_f158_cal.asdf,wfi10,eval,10,11,0.000044763,1
libasdf_gwcs,../roman/.data/build21/r0000101001001001001_0001_wfi10_f158_cal.asdf,wfi10,eval,10,12,0.000044488,1
libasdf_gwcs,../roman/.data/build21/r0000101001001001001_0001_wfi10_f158_cal.asdf,wfi10,eval,10,13,0.000044706,1
libasdf_gwcs,../roman/.data/build21/r0000101001001001001_0001_wfi10_f158_cal.asdf,wfi10,eval,10,14,0.000044483,1
libasdf_gwcs,../roman/.data/build21/r0000101001001001001_0001_wfi10_f158_cal.asdf,wfi10,eval,10,15,0.000044498,1
libasdf_gwcs,../roman/.data/build21/r0000101001001001001_0001_wfi10_f158_cal.asdf,wfi10,eval,10,16,0.000044504,1
libasdf_gwcs,../roman/.data/build21/r0000101001001001001_0001_wfi10_f158_cal.asdf,wfi10,eval,10,17,0.000044345,1
libasdf_gwcs,../roman/.data/build21/r0000101001001001001_0001_wfi10_f158_cal.asdf,wfi10,eval,10,18,0.000044564,1
libasdf_gwcs,../roman/.data/build21/r0000101001001001001_0001_wfi10_f158_cal.asdf,wfi10,eval,10,19,0.000044240,1
libasdf_gwcs,../roman/.data/build21/r0000101001001001001_0001_wfi10_f158_cal.asdf,wfi10,eval,10,20,0.000044368,1
libasdf_gwcs,../roman/.data/build21/r0000101001001001001_0001_wfi10_f158_cal.asdf,wfi10,eval,10,21,0.000044394,1
libasdf_gwcs,../roman/.data/build21/r0000101001001001001_0001_wfi10_f158_cal.asdf,wfi10,eval,10,22,0.000044469,1
libasdf_gwcs,../roman/.data/build21/r0000101001001001001_0001_wfi10_f158_cal.asdf,wfi10,eval,10,23,0.000044399,1
libasdf_gwcs,../roman/.data/build21/r0000101001001001001_0001_wfi10_f158_cal.asdf,wfi10,eval,10,24,0.000044368,1
libasdf_gwcs,../roman/.data/build21/r0000101001001001001_0001_wfi10_f158_cal.asdf,wfi10,eval,10,25,0.000044425,1
libasdf_gwcs,../roman/.data/build21/r0000101001001001001_0001_wfi10_f158_cal.asdf,wfi10,eval,10,26,0.000044586,1
libasdf_gwcs,../roman/.data/build21/r0000101001001001001_0001_wfi10_f158_cal.asdf,wfi10,eval,10,27,0.000044486,1
libasdf_gwcs,../roman/.data/build21/r0000101001001001001_0001_wfi10_f158_cal.asdf,wfi10,eval,10,28,0.000044608,1
libasdf_gwcs,../roman/.data/build21/r0000101001001001001_0001_wfi10_f158_cal.asdf,wfi10,eval,10,29,0.000048726,1
libasdf_gwcs,../roman/.data/build21/r0000101001001001001_0001_wfi10_f158_cal.asdf,wfi10,eval,10,30,0.000079121,1
libasdf_gwcs,../roman/.data/build21/r0000101001001001001_0001_wfi10_f158_cal.asdf,wfi10,eval,10,31,0.000079729,1
libasdf_gwcs,../roman/.data/build21/r0000101001001001001_0001_wfi10_f158_cal.asdf,wfi10,eval,10,32,0.000043314,1
libasdf_gwcs,../roman/.data/build21/r0000101001001001001_0001_wfi10_f158_cal.asdf,wfi10,eval,10,33,0.000043266,1
libasdf_gwcs,../roman/.data/build21/r0000101001001001001_0001_wfi10_f158_cal.asdf,wfi10,eval,10,34,0.000043470,1
libasdf_gwcs,../roman/.data/build21/r0000101001001001001_0001_wfi10_f158_cal.asdf,wfi10,eval,10,35,0.000043313,1
libasdf_gwcs,../roman/.data/build21/r0000101001001001001_0001_wfi10_f158_cal.asdf,wfi10,eval,10,36,0.000043370,1
libasdf_gwcs,../roman/.data/build21/r0000101001001001001_0001_wfi10_f158_cal.asdf,wfi10,eval,10,37,0.000044834,1
libasdf_gwcs,../roman/.data/build21/r0000101001001001001_0001_wfi10_f158_cal.asdf,wfi10,eval,10,38,0.000043611,1
libasdf_gwcs,../roman/.data/build21/r0000101001001001001_0001_wfi10_f158_cal.asdf,wfi10,eval,10,39,0.000043606,1
libasdf_gwcs,../roman/.data/build21/r0000101001001001001_0001_wfi10_f158_cal.asdf,wfi10,eval,10,40,0.000043475,1
libasdf_gwcs,../roman/.data/build21/r0000101001001001001_0001_wfi10_f158_cal.asdf,wfi10,eval,10,41,0.000043133,1
libasdf_gwcs,../roman/.data/build21/r0000101001001001001_0001_wfi10_f158_cal.asdf,wfi10,eval,10,42,0.000043322,1
libasdf_gwcs,../roman/.data/build21/r0000101001001001001_0001_wfi10_f158_cal.asdf,wfi10,eval,10,43,0.000043234,1
libasdf_gwcs,../roman/.data/build21/r0000101001001001001_0001_wfi10_f158_cal.asdf,wfi10,eval,10,44,0.000043299,1
libasdf_gwcs,../roman/.data/build21/r0000101001001001001_0001_wfi10_f158_cal.asdf,wfi10,eval,10,45,0.000043240,1
libasdf_gwcs,../roman/.data/build21/r0000101001001001001_0001_wfi10_f158_cal.asdf,wfi10,eval,10,46,0.000043319,1
libasdf_gwcs,../roman/.data/build21/r0000101001001001001_0001_wfi10_f158_cal.asdf,wfi10,eval,10,47,0.000043273,1
libasdf_gwcs,../roman/.data/build21/r0000101001001001001_0001_wfi10_f158_cal.asdf,wfi10,eval,10,48,0.000043446,1
libasdf_gwcs,../roman/.data/build21/r0000101001001001001_0001_wfi10_f158_cal.asdf,wfi10,eval,10,49,0.000043455,1
libasdf_gwcs,../roman/.data/build21/r0000101001001001001_0001_wfi10_f158_cal.asdf,wfi10,eval,100,0,0.000339878,1
libasdf_gwcs,../roman/.data/build21/r0000101001001001001_0001_wfi10_f158_cal.asdf,wfi10,eval,100,1,0.000147711,1
libasdf_gwcs,../roman/.data/build21/r0000101001001001001_0001_wfi10_f158_cal.asdf,wfi10,eval,100,2,0.000088369,1
libasdf_gwcs,../roman/.data/build21/r0000101001001001001_0001_wfi10_f158_cal.asdf,wfi10,eval,100,3,0.000086661,1
libasdf_gwcs,../roman/.data/build21/r0000101001001001001_0001_wfi10_f158_cal.asdf,wfi10,eval,100,4,0.000086476,1
libasdf_gwcs,../roman/.data/build21/r0000101001001001001_0001_wfi10_f158_cal.asdf,wfi10,eval,100,5,0.000086412,1
libasdf_gwcs,../roman/.data/build21/r0000101001001001001_0001_wfi10_f158_cal.asdf,wfi10,eval,100,6,0.000086334,1
libasdf_gwcs,../roman/.data/build21/r0000101001001001001_0001_wfi10_f158_cal.asdf,wfi10,eval,100,7,0.000086058,1
libasdf_gwcs,../roman/.data/build21/r0000101001001001001_0001_wfi10_f158_cal.asdf,wfi10,eval,100,8,0.000156209,1
libasdf_gwcs,../roman/.data/build21/r0000101001001001001_0001_wfi10_f158_cal.asdf,wfi10,eval,100,9,0.000084810,1
libasdf_gwcs,../roman/.data/build21/r0000101001001001001_0001_wfi10_f158_cal.asdf,wfi10,eval,100,10,0.000083478,1
libasdf_gwcs,../roman/.data/build21/r0000101001001001001_0001_wfi10_f158_cal.asdf,wfi10,eval,100,11,0.000083354,1
libasdf_gwcs,../roman/.data/build21/r0000101001001001001_0001_wfi10_f158_cal.asdf,wfi10,eval,100,12,0.000083689,1
libasdf_gwcs,../roman/.data/build21/r0000101001001001001_0001_wfi10_f158_cal.asdf,wfi10,eval,100,13,0.000083633,1
libasdf_gwcs,../roman/.data/build21/r0000101001001001001_0001_wfi10_f158_cal.asdf,wfi10,eval,100,14,0.000083635,1
libasdf_gwcs,../roman/.data/build21/r0000101001001001001_0001_wfi10_f158_cal.asdf,wfi10,eval,100,15,0.000124429,1
libasdf_gwcs,../roman/.data/build21/r0000101001001001001_0001_wfi10_f158_cal.asdf,wfi10,eval,100,16,0.000083488,1
libasdf_gwcs,../roman/.data/build21/r0000101001001001001_0001_wfi10_f158_cal.asdf,wfi10,eval,100,17,0.000162335,1
libasdf_gwcs,../roman/.data/build21/r0000101001001001001_0001_wfi10_f158_cal.asdf,wfi10,eval,100,18,0.000125043,1
libasdf_gwcs,../roman/.data/build21/r0000101001001001001_0001_wfi10_f158_cal.asdf,wfi10,eval,100,19,0.000086888,1
libasdf_gwcs,../roman/.data/build21/r0000101001001001001_0001_wfi10_f158_cal.asdf,wfi10,eval,100,20,0.000086037,1
libasdf_gwcs,../roman/.data/build21/r0000101001001001001_0001_wfi10_f158_cal.asdf,wfi10,eval,100,21,0.000086364,1
libasdf_gwcs,../roman/.data/build21/r0000101001001001001_0001_wfi10_f158_cal.asdf,wfi10,eval,100,22,0.000086136,1
libasdf_gwcs,../roman/.data/build21/r0000101001001001001_0001_wfi10_f158_cal.asdf,wfi10,eval,100,23,0.000086471,1
libasdf_gwcs,../roman/.data/build21/r0000101001001001001_0001_wfi10_f158_cal.asdf,wfi10,eval,100,24,0.000085881,1
libasdf_gwcs,../roman/.data/build21/r0000101001001001001_0001_wfi10_f158_cal.asdf,wfi10,eval,100,25,0.000086361,1
libasdf_gwcs,../roman/.data/build21/r0000101001001001001_0001_wfi10_f158_cal.asdf,wfi10,eval,100,26,0.000086668,1
libasdf_gwcs,../roman/.data/build21/r0000101001001001001_0001_wfi10_f158_cal.asdf,wfi10,eval,100,27,0.000086318,1
libasdf_gwcs,../roman/.data/build21/r0000101001001001001_0001_wfi10_f158_cal.asdf,wfi10,eval,100,28,0.000143152,1
libasdf_gwcs,../roman/.data/build21/r0000101001001001001_0001_wfi10_f158_cal.asdf,wfi10,eval,100,29,0.000101311,1
libasdf_gwcs,../roman/.data/build21/r0000101001001001001_0001_wfi10_f158_cal.asdf,wfi10,eval,1000,0,0.000593612,1
libasdf_gwcs,../roman/.data/build21/r0000101001001001001_0001_wfi10_f158_cal.asdf,wfi10,eval,1000,1,0.000495527,1
libasdf_gwcs,../roman/.data/build21/r0000101001001001001_0001_wfi10_f158_cal.asdf,wfi10,eval,1000,2,0.000442538,1
libasdf_gwcs,../roman/.data/build21/r0000101001001001001_0001_wfi10_f158_cal.asdf,wfi10,eval,1000,3,0.000546803,1
libasdf_gwcs,../roman/.data/build21/r0000101001001001001_0001_wfi10_f158_cal.asdf,wfi10,eval,1000,4,0.000505943,1
libasdf_gwcs,../roman/.data/build21/r0000101001001001001_0001_wfi10_f158_cal.asdf,wfi10,eval,1000,5,0.000532481,1
libasdf_gwcs,../roman/.data/build21/r0000101001001001001_0001_wfi10_f158_cal.asdf,wfi10,eval,1000,6,0.000456281,1
libasdf_gwcs,../roman/.data/build21/r0000101001001001001_0001_wfi10_f158_cal.asdf,wfi10,eval,1000,7,0.000513078,1
libasdf_gwcs,../roman/.data/build21/r0000101001001001001_0001_wfi10_f158_cal.asdf,wfi10,eval,1000,8,0.000455313,1
libasdf_gwcs,../roman/.data/build21/r0000101001001001001_0001_wfi10_f158_cal.asdf,wfi10,eval,1000,9,0.000514872,1
libasdf_gwcs,../roman/.data/build21/r0000101001001001001_0001_wfi10_f158_cal.asdf,wfi10,eval,1000,10,0.000442942,1
libasdf_gwcs,../roman/.data/build21/r0000101001001001001_0001_wfi10_f158_cal.asdf,wfi10,eval,1000,11,0.000494206,1
libasdf_gwcs,../roman/.data/build21/r0000101001001001001_0001_wfi10_f158_cal.asdf,wfi10,eval,1000,12,0.000444286,1
libasdf_gwcs,../roman/.data/build21/r0000101001001001001_0001_wfi10_f158_cal.asdf,wfi10,eval,1000,13,0.000510991,1
libasdf_gwcs,../roman/.data/build21/r0000101001001001001_0001_wfi10_f158_cal.asdf,wfi10,eval,1000,14,0.000456635,1
libasdf_gwcs,../roman/.data/build21/r0000101001001001001_0001_wfi10_f158_cal.asdf,wfi10,eval,10000,0,0.006105350,1
libasdf_gwcs,../roman/.data/build21/r0000101001001001001_0001_wfi10_f158_cal.asdf,wfi10,eval,10000,1,0.006378495,1
libasdf_gwcs,../roman/.data/build21/r0000101001001001001_0001_wfi10_f158_cal.asdf,wfi10,eval,10000,2,0.006272111,1
libasdf_gwcs,../roman/.data/build21/r0000101001001001001_0001_wfi10_f158_cal.asdf,wfi10,eval,10000,3,0.006203948,1
libasdf_gwcs,../roman/.data/build21/r0000101001001001001_0001_wfi10_f158_cal.asdf,wfi10,eval,10000,4,0.006199040,1
libasdf_gwcs,../roman/.data/build21/r0000101001001001001_0001_wfi10_f158_cal.asdf,wfi10,eval,10000,5,0.005771942,1
libasdf_gwcs,../roman/.data/build21/r0000101001001001001_0001_wfi10_f158_cal.asdf,wfi10,eval,10000,6,0.005678465,1
libasdf_gwcs,../roman/.data/build21/r0000101001001001001_0001_wfi10_f158_cal.asdf,wfi10,eval,10000,7,0.005741700,1
libasdf_gwcs,../roman/.data/build21/r0000101001001001001_0001_wfi10_f158_cal.asdf,wfi10,eval,100000,0,0.062770455,1
libasdf_gwcs,../roman/.data/build21/r0000101001001001001_0001_wfi10_f158_cal.asdf,wfi10,eval,100000,1,0.061932963,1
libasdf_gwcs,../roman/.data/build21/r0000101001001001001_0001_wfi10_f158_cal.asdf,wfi10,eval,100000,2,0.060583727,1
libasdf_gwcs,../roman/.data/build21/r0000101001001001001_0001_wfi10_f158_cal.asdf,wfi10,eval,100000,3,0.061150484,1
libasdf_gwcs,../roman/.data/build21/r0000101001001001001_0001_wfi10_f158_cal.asdf,wfi10,eval,100000,4,0.060551846,1
libasdf_gwcs,../roman/.data/build21/r0000101001001001001_0001_wfi10_f158_cal.asdf,wfi10,eval,1000000,0,0.636554636,1
libasdf_gwcs,../roman/.data/build21/r0000101001001001001_0001_wfi10_f158_cal.asdf,wfi10,eval,1000000,1,0.670235316,1
libasdf_gwcs,../roman/.data/build21/r0000101001001001001_0001_wfi10_f158_cal.asdf,wfi10,eval,1000000,2,0.651541607,1
libasdf_gwcs,../roman/.data/build21/r0000101001001001001_0001_wfi10_f158_cal.asdf,wfi10,eval,10000000,0,6.704261881,1
libasdf_gwcs,../roman/.data/build21/r0000101001001001001_0001_wfi10_f158_cal.asdf,wfi10,eval,10000000,1,6.318125432,1
libasdf_gwcs,../roman/.data/build21/r0000101001001001001_0001_wfi10_f158_cal.asdf,wfi10,eval,16711744,0,10.545617252,1
libasdf_gwcs,../roman/.data/build21/r0000101001001001001_0001_wfi10_f158_cal.asdf,wfi10,eval,16711744,1,11.593669331,1
libasdf_gwcs,../roman/.data/build21/r0000101001001001001_0001_wfi11_f158_cal.asdf,wfi11,parse_cold,0,0,0.021709878,1
libasdf_gwcs,../roman/.data/build21/r0000101001001001001_0001_wfi11_f158_cal.asdf,wfi11,parse_hot,0,0,0.009390500,1
libasdf_gwcs,../roman/.data/build21/r0000101001001001001_0001_wfi11_f158_cal.asdf,wfi11,eval,1,0,0.000062117,1
libasdf_gwcs,../roman/.data/build21/r0000101001001001001_0001_wfi11_f158_cal.asdf,wfi11,eval,1,1,0.000044649,1
libasdf_gwcs,../roman/.data/build21/r0000101001001001001_0001_wfi11_f158_cal.asdf,wfi11,eval,1,2,0.000043145,1
libasdf_gwcs,../roman/.data/build21/r0000101001001001001_0001_wfi11_f158_cal.asdf,wfi11,eval,1,3,0.000042546,1
libasdf_gwcs,../roman/.data/build21/r0000101001001001001_0001_wfi11_f158_cal.asdf,wfi11,eval,1,4,0.000042394,1
libasdf_gwcs,../roman/.data/build21/r0000101001001001001_0001_wfi11_f158_cal.asdf,wfi11,eval,1,5,0.000042364,1
libasdf_gwcs,../roman/.data/build21/r0000101001001001001_0001_wfi11_f158_cal.asdf,wfi11,eval,1,6,0.000042206,1
libasdf_gwcs,../roman/.data/build21/r0000101001001001001_0001_wfi11_f158_cal.asdf,wfi11,eval,1,7,0.000042276,1
libasdf_gwcs,../roman/.data/build21/r0000101001001001001_0001_wfi11_f158_cal.asdf,wfi11,eval,1,8,0.000063733,1
libasdf_gwcs,../roman/.data/build21/r0000101001001001001_0001_wfi11_f158_cal.asdf,wfi11,eval,1,9,0.000047392,1
libasdf_gwcs,../roman/.data/build21/r0000101001001001001_0001_wfi11_f158_cal.asdf,wfi11,eval,1,10,0.000081195,1
libasdf_gwcs,../roman/.data/build21/r0000101001001001001_0001_wfi11_f158_cal.asdf,wfi11,eval,1,11,0.000043160,1
libasdf_gwcs,../roman/.data/build21/r0000101001001001001_0001_wfi11_f158_cal.asdf,wfi11,eval,1,12,0.000042466,1
libasdf_gwcs,../roman/.data/build21/r0000101001001001001_0001_wfi11_f158_cal.asdf,wfi11,eval,1,13,0.000042340,1
libasdf_gwcs,../roman/.data/build21/r0000101001001001001_0001_wfi11_f158_cal.asdf,wfi11,eval,1,14,0.000042317,1
libasdf_gwcs,../roman/.data/build21/r0000101001001001001_0001_wfi11_f158_cal.asdf,wfi11,eval,1,15,0.000042541,1
libasdf_gwcs,../roman/.data/build21/r0000101001001001001_0001_wfi11_f158_cal.asdf,wfi11,eval,1,16,0.000042384,1
libasdf_gwcs,../roman/.data/build21/r0000101001001001001_0001_wfi11_f158_cal.asdf,wfi11,eval,1,17,0.000042450,1
libasdf_gwcs,../roman/.data/build21/r0000101001001001001_0001_wfi11_f158_cal.asdf,wfi11,eval,1,18,0.000042257,1
libasdf_gwcs,../roman/.data/build21/r0000101001001001001_0001_wfi11_f158_cal.asdf,wfi11,eval,1,19,0.000042476,1
libasdf_gwcs,../roman/.data/build21/r0000101001001001001_0001_wfi11_f158_cal.asdf,wfi11,eval,1,20,0.000042374,1
libasdf_gwcs,../roman/.data/build21/r0000101001001001001_0001_wfi11_f158_cal.asdf,wfi11,eval,1,21,0.000042377,1
libasdf_gwcs,../roman/.data/build21/r0000101001001001001_0001_wfi11_f158_cal.asdf,wfi11,eval,1,22,0.000042181,1
libasdf_gwcs,../roman/.data/build21/r0000101001001001001_0001_wfi11_f158_cal.asdf,wfi11,eval,1,23,0.000042329,1
libasdf_gwcs,../roman/.data/build21/r0000101001001001001_0001_wfi11_f158_cal.asdf,wfi11,eval,1,24,0.000042332,1
libasdf_gwcs,../roman/.data/build21/r0000101001001001001_0001_wfi11_f158_cal.asdf,wfi11,eval,1,25,0.000042305,1
libasdf_gwcs,../roman/.data/build21/r0000101001001001001_0001_wfi11_f158_cal.asdf,wfi11,eval,1,26,0.000042224,1
libasdf_gwcs,../roman/.data/build21/r0000101001001001001_0001_wfi11_f158_cal.asdf,wfi11,eval,1,27,0.000042139,1
libasdf_gwcs,../roman/.data/build21/r0000101001001001001_0001_wfi11_f158_cal.asdf,wfi11,eval,1,28,0.000042409,1
libasdf_gwcs,../roman/.data/build21/r0000101001001001001_0001_wfi11_f158_cal.asdf,wfi11,eval,1,29,0.000042293,1
libasdf_gwcs,../roman/.data/build21/r0000101001001001001_0001_wfi11_f158_cal.asdf,wfi11,eval,1,30,0.000042417,1
libasdf_gwcs,../roman/.data/build21/r0000101001001001001_0001_wfi11_f158_cal.asdf,wfi11,eval,1,31,0.000042493,1
libasdf_gwcs,../roman/.data/build21/r0000101001001001001_0001_wfi11_f158_cal.asdf,wfi11,eval,1,32,0.000077573,1
libasdf_gwcs,../roman/.data/build21/r0000101001001001001_0001_wfi11_f158_cal.asdf,wfi11,eval,1,33,0.000060183,1
libasdf_gwcs,../roman/.data/build21/r0000101001001001001_0001_wfi11_f158_cal.asdf,wfi11,eval,1,34,0.000042729,1
libasdf_gwcs,../roman/.data/build21/r0000101001001001001_0001_wfi11_f158_cal.asdf,wfi11,eval,1,35,0.000042547,1
libasdf_gwcs,../roman/.data/build21/r0000101001001001001_0001_wfi11_f158_cal.asdf,wfi11,eval,1,36,0.000042304,1
libasdf_gwcs,../roman/.data/build21/r0000101001001001001_0001_wfi11_f158_cal.asdf,wfi11,eval,1,37,0.000043777,1
libasdf_gwcs,../roman/.data/build21/r0000101001001001001_0001_wfi11_f158_cal.asdf,wfi11,eval,1,38,0.000042352,1
libasdf_gwcs,../roman/.data/build21/r0000101001001001001_0001_wfi11_f158_cal.asdf,wfi11,eval,1,39,0.000042557,1
libasdf_gwcs,../roman/.data/build21/r0000101001001001001_0001_wfi11_f158_cal.asdf,wfi11,eval,1,40,0.000042596,1
libasdf_gwcs,../roman/.data/build21/r0000101001001001001_0001_wfi11_f158_cal.asdf,wfi11,eval,1,41,0.000062387,1
libasdf_gwcs,../roman/.data/build21/r0000101001001001001_0001_wfi11_f158_cal.asdf,wfi11,eval,1,42,0.000059301,1
libasdf_gwcs,../roman/.data/build21/r0000101001001001001_0001_wfi11_f158_cal.asdf,wfi11,eval,1,43,0.000074238,1
libasdf_gwcs,../roman/.data/build21/r0000101001001001001_0001_wfi11_f158_cal.asdf,wfi11,eval,1,44,0.000047827,1
libasdf_gwcs,../roman/.data/build21/r0000101001001001001_0001_wfi11_f158_cal.asdf,wfi11,eval,1,45,0.000092572,1
libasdf_gwcs,../roman/.data/build21/r0000101001001001001_0001_wfi11_f158_cal.asdf,wfi11,eval,1,46,0.000079331,1
libasdf_gwcs,../roman/.data/build21/r0000101001001001001_0001_wfi11_f158_cal.asdf,wfi11,eval,1,47,0.000063455,1
libasdf_gwcs,../roman/.data/build21/r0000101001001001001_0001_wfi11_f158_cal.asdf,wfi11,eval,1,48,0.000042443,1
libasdf_gwcs,../roman/.data/build21/r0000101001001001001_0001_wfi11_f158_cal.asdf,wfi11,eval,1,49,0.000042235,1
libasdf_gwcs,../roman/.data/build21/r0000101001001001001_0001_wfi11_f158_cal.asdf,wfi11,eval,10,0,0.000133616,1
libasdf_gwcs,../roman/.data/build21/r0000101001001001001_0001_wfi11_f158_cal.asdf,wfi11,eval,10,1,0.000048627,1
libasdf_gwcs,../roman/.data/build21/r0000101001001001001_0001_wfi11_f158_cal.asdf,wfi11,eval,10,2,0.000048011,1
libasdf_gwcs,../roman/.data/build21/r0000101001001001001_0001_wfi11_f158_cal.asdf,wfi11,eval,10,3,0.000047377,1
libasdf_gwcs,../roman/.data/build21/r0000101001001001001_0001_wfi11_f158_cal.asdf,wfi11,eval,10,4,0.000068571,1
libasdf_gwcs,../roman/.data/build21/r0000101001001001001_0001_wfi11_f158_cal.asdf,wfi11,eval,10,5,0.000105259,1
libasdf_gwcs,../roman/.data/build21/r0000101001001001001_0001_wfi11_f158_cal.asdf,wfi11,eval,10,6,0.000047300,1
libasdf_gwcs,../roman/.data/build21/r0000101001001001001_0001_wfi11_f158_cal.asdf,wfi11,eval,10,7,0.000047313,1
libasdf_gwcs,../roman/.data/build21/r0000101001001001001_0001_wfi11_f158_cal.asdf,wfi11,eval,10,8,0.000047177,1
libasdf_gwcs,../roman/.data/build21/r0000101001001001001_0001_wfi11_f158_cal.asdf,wfi11,eval,10,9,0.000047402,1
libasdf_gwcs,../roman/.data/build21/r0000101001001001001_0001_wfi11_f158_cal.asdf,wfi11,eval,10,10,0.000047307,1
libasdf_gwcs,../roman/.data/build21/r0000101001001001001_0001_wfi11_f158_cal.asdf,wfi11,eval,10,11,0.000047008,1
libasdf_gwcs,../roman/.data/build21/r0000101001001001001_0001_wfi11_f158_cal.asdf,wfi11,eval,10,12,0.000047312,1
libasdf_gwcs,../roman/.data/build21/r0000101001001001001_0001_wfi11_f158_cal.asdf,wfi11,eval,10,13,0.000047512,1
libasdf_gwcs,../roman/.data/build21/r0000101001001001001_0001_wfi11_f158_cal.asdf,wfi11,eval,10,14,0.000047204,1
libasdf_gwcs,../roman/.data/build21/r0000101001001001001_0001_wfi11_f158_cal.asdf,wfi11,eval,10,15,0.000047394,1
libasdf_gwcs,../roman/.data/build21/r0000101001001001001_0001_wfi11_f158_cal.asdf,wfi11,eval,10,16,0.000079360,1
libasdf_gwcs,../roman/.data/build21/r0000101001001001001_0001_wfi11_f158_cal.asdf,wfi11,eval,10,17,0.000086442,1
libasdf_gwcs,../roman/.data/build21/r0000101001001001001_0001_wfi11_f158_cal.asdf,wfi11,eval,10,18,0.000047365,1
libasdf_gwcs,../roman/.data/build21/r0000101001001001001_0001_wfi11_f158_cal.asdf,wfi11,eval,10,19,0.000047532,1
libasdf_gwcs,../roman/.data/build21/r0000101001001001001_0001_wfi11_f158_cal.asdf,wfi11,eval,10,20,0.000047337,1
libasdf_gwcs,../roman/.data/build21/r0000101001001001001_0001_wfi11_f158_cal.asdf,wfi11,eval,10,21,0.000047442,1
libasdf_gwcs,../roman/.data/build21/r0000101001001001001_0001_wfi11_f158_cal.asdf,wfi11,eval,10,22,0.000047325,1
libasdf_gwcs,../roman/.data/build21/r0000101001001001001_0001_wfi11_f158_cal.asdf,wfi11,eval,10,23,0.000047219,1
libasdf_gwcs,../roman/.data/build21/r0000101001001001001_0001_wfi11_f158_cal.asdf,wfi11,eval,10,24,0.000047317,1
libasdf_gwcs,../roman/.data/build21/r0000101001001001001_0001_wfi11_f158_cal.asdf,wfi11,eval,10,25,0.000047374,1
libasdf_gwcs,../roman/.data/build21/r0000101001001001001_0001_wfi11_f158_cal.asdf,wfi11,eval,10,26,0.000047430,1
libasdf_gwcs,../roman/.data/build21/r0000101001001001001_0001_wfi11_f158_cal.asdf,wfi11,eval,10,27,0.000047394,1
libasdf_gwcs,../roman/.data/build21/r0000101001001001001_0001_wfi11_f158_cal.asdf,wfi11,eval,10,28,0.000047472,1
libasdf_gwcs,../roman/.data/build21/r0000101001001001001_0001_wfi11_f158_cal.asdf,wfi11,eval,10,29,0.000047269,1
libasdf_gwcs,../roman/.data/build21/r0000101001001001001_0001_wfi11_f158_cal.asdf,wfi11,eval,10,30,0.000047296,1
libasdf_gwcs,../roman/.data/build21/r0000101001001001001_0001_wfi11_f158_cal.asdf,wfi11,eval,10,31,0.000047330,1
libasdf_gwcs,../roman/.data/build21/r0000101001001001001_0001_wfi11_f158_cal.asdf,wfi11,eval,10,32,0.000047430,1
libasdf_gwcs,../roman/.data/build21/r0000101001001001001_0001_wfi11_f158_cal.asdf,wfi11,eval,10,33,0.000047400,1
libasdf_gwcs,../roman/.data/build21/r0000101001001001001_0001_wfi11_f158_cal.asdf,wfi11,eval,10,34,0.000047166,1
libasdf_gwcs,../roman/.data/build21/r0000101001001001001_0001_wfi11_f158_cal.asdf,wfi11,eval,10,35,0.000047257,1
libasdf_gwcs,../roman/.data/build21/r0000101001001001001_0001_wfi11_f158_cal.asdf,wfi11,eval,10,36,0.000111367,1
libasdf_gwcs,../roman/.data/build21/r0000101001001001001_0001_wfi11_f158_cal.asdf,wfi11,eval,10,37,0.000049139,1
libasdf_gwcs,../roman/.data/build21/r0000101001001001001_0001_wfi11_f158_cal.asdf,wfi11,eval,10,38,0.000047558,1
libasdf_gwcs,../roman/.data/build21/r0000101001001001001_0001_wfi11_f158_cal.asdf,wfi11,eval,10,39,0.000047429,1
libasdf_gwcs,../roman/.data/build21/r0000101001001001001_0001_wfi11_f158_cal.asdf,wfi11,eval,10,40,0.000047552,1
libasdf_gwcs,../roman/.data/build21/r0000101001001001001_0001_wfi11_f158_cal.asdf,wfi11,eval,10,41,0.000047397,1
libasdf_gwcs,../roman/.data/build21/r0000101001001001001_0001_wfi11_f158_cal.asdf,wfi11,eval,10,42,0.000047586,1
libasdf_gwcs,../roman/.data/build21/r0000101001001001001_0001_wfi11_f158_cal.asdf,wfi11,eval,10,43,0.000047413,1
libasdf_gwcs,../roman/.data/build21/r0000101001001001001_0001_wfi11_f158_cal.asdf,wfi11,eval,10,44,0.000047242,1
libasdf_gwcs,../roman/.data/build21/r0000101001001001001_0001_wfi11_f158_cal.asdf,wfi11,eval,10,45,0.000047243,1
libasdf_gwcs,../roman/.data/build21/r0000101001001001001_0001_wfi11_f158_cal.asdf,wfi11,eval,10,46,0.000047518,1
libasdf_gwcs,../roman/.data/build21/r0000101001001001001_0001_wfi11_f158_cal.asdf,wfi11,eval,10,47,0.000047626,1
libasdf_gwcs,../roman/.data/build21/r0000101001001001001_0001_wfi11_f158_cal.asdf,wfi11,eval,10,48,0.000047487,1
libasdf_gwcs,../roman/.data/build21/r0000101001001001001_0001_wfi11_f158_cal.asdf,wfi11,eval,10,49,0.000047566,1
libasdf_gwcs,../roman/.data/build21/r0000101001001001001_0001_wfi11_f158_cal.asdf,wfi11,eval,100,0,0.000132969,1
libasdf_gwcs,../roman/.data/build21/r0000101001001001001_0001_wfi11_f158_cal.asdf,wfi11,eval,100,1,0.000088719,1
libasdf_gwcs,../roman/.data/build21/r0000101001001001001_0001_wfi11_f158_cal.asdf,wfi11,eval,100,2,0.000157339,1
libasdf_gwcs,../roman/.data/build21/r0000101001001001001_0001_wfi11_f158_cal.asdf,wfi11,eval,100,3,0.000105482,1
libasdf_gwcs,../roman/.data/build21/r0000101001001001001_0001_wfi11_f158_cal.asdf,wfi11,eval,100,4,0.000086746,1
libasdf_gwcs,../roman/.data/build21/r0000101001001001001_0001_wfi11_f158_cal.asdf,wfi11,eval,100,5,0.000086353,1
libasdf_gwcs,../roman/.data/build21/r0000101001001001001_0001_wfi11_f158_cal.asdf,wfi11,eval,100,6,0.000086120,1
libasdf_gwcs,../roman/.data/build21/r0000101001001001001_0001_wfi11_f158_cal.asdf,wfi11,eval,100,7,0.000085999,1
libasdf_gwcs,../roman/.data/build21/r0000101001001001001_0001_wfi11_f158_cal.asdf,wfi11,eval,100,8,0.000086200,1
libasdf_gwcs,../roman/.data/build21/r0000101001001001001_0001_wfi11_f158_cal.asdf,wfi11,eval,100,9,0.000085873,1
libasdf_gwcs,../roman/.data/build21/r0000101001001001001_0001_wfi11_f158_cal.asdf,wfi11,eval,100,10,0.000086332,1
libasdf_gwcs,../roman/.data/build21/r0000101001001001001_0001_wfi11_f158_cal.asdf,wfi11,eval,100,11,0.000086519,1
libasdf_gwcs,../roman/.data/build21/r0000101001001001001_0001_wfi11_f158_cal.asdf,wfi11,eval,100,12,0.000120515,1
libasdf_gwcs,../roman/.data/build21/r0000101001001001001_0001_wfi11_f158_cal.asdf,wfi11,eval,100,13,0.000122102,1
libasdf_gwcs,../roman/.data/build21/r0000101001001001001_0001_wfi11_f158_cal.asdf,wfi11,eval,100,14,0.000086346,1
libasdf_gwcs,../roman/.data/build21/r0000101001001001001_0001_wfi11_f158_cal.asdf,wfi11,eval,100,15,0.000086137,1
libasdf_gwcs,../roman/.data/build21/r0000101001001001001_0001_wfi11_f158_cal.asdf,wfi11,eval,100,16,0.000086504,1
libasdf_gwcs,../roman/.data/build21/r0000101001001001001_0001_wfi11_f158_cal.asdf,wfi11,eval,100,17,0.000085989,1
libasdf_gwcs,../roman/.data/build21/r0000101001001001001_0001_wfi11_f158_cal.asdf,wfi11,eval,100,18,0.000086061,1
libasdf_gwcs,../roman/.data/build21/r0000101001001001001_0001_wfi11_f158_cal.asdf,wfi11,eval,100,19,0.000086023,1
libasdf_gwcs,../roman/.data/build21/r0000101001001001001_0001_wfi11_f158_cal.asdf,wfi11,eval,100,20,0.000085901,1
libasdf_gwcs,../roman/.data/build21/r0000101001001001001_0001_wfi11_f158_cal.asdf,wfi11,eval,100,21,0.000085943,1
libasdf_gwcs,../roman/.data/build21/r0000101001001001001_0001_wfi11_f158_cal.asdf,wfi11,eval,100,22,0.000086118,1
libasdf_gwcs,../roman/.data/build21/r0000101001001001001_0001_wfi11_f158_cal.asdf,wfi11,eval,100,23,0.000156710,1
libasdf_gwcs,../roman/.data/build21/r0000101001001001001_0001_wfi11_f158_cal.asdf,wfi11,eval,100,24,0.000088910,1
libasdf_gwcs,../roman/.data/build21/r0000101001001001001_0001_wfi11_f158_cal.asdf,wfi11,eval,100,25,0.000128921,1
libasdf_gwcs,../roman/.data/build21/r0000101001001001001_0001_wfi11_f158_cal.asdf,wfi11,eval,100,26,0.000089144,1
libasdf_gwcs,../roman/.data/build21/r0000101001001001001_0001_wfi11_f158_cal.asdf,wfi11,eval,100,27,0.000089249,1
libasdf_gwcs,../roman/.data/build21/r0000101001001001001_0001_wfi11_f158_cal.asdf,wfi11,eval,100,28,0.000181994,1
libasdf_gwcs,../roman/.data/build21/r0000101001001001001_0001_wfi11_f158_cal.asdf,wfi11,eval,100,29,0.000136041,1
libasdf_gwcs,../roman/.data/build21/r0000101001001001001_0001_wfi11_f158_cal.asdf,wfi11,eval,1000,0,0.000728302,1
libasdf_gwcs,../roman/.data/build21/r0000101001001001001_0001_wfi11_f158_cal.asdf,wfi11,eval,1000,1,0.000497396,1
libasdf_gwcs,../roman/.data/build21/r0000101001001001001_0001_wfi11_f158_cal.asdf,wfi11,eval,1000,2,0.000444342,1
libasdf_gwcs,../roman/.data/build21/r0000101001001001001_0001_wfi11_f158_cal.asdf,wfi11,eval,1000,3,0.000473219,1
libasdf_gwcs,../roman/.data/build21/r0000101001001001001_0001_wfi11_f158_cal.asdf,wfi11,eval,1000,4,0.000500376,1
libasdf_gwcs,../roman/.data/build21/r0000101001001001001_0001_wfi11_f158_cal.asdf,wfi11,eval,1000,5,0.000454397,1
libasdf_gwcs,../roman/.data/build21/r0000101001001001001_0001_wfi11_f158_cal.asdf,wfi11,eval,1000,6,0.000895862,1
libasdf_gwcs,../roman/.data/build21/r0000101001001001001_0001_wfi11_f158_cal.asdf,wfi11,eval,1000,7,0.001235321,1
libasdf_gwcs,../roman/.data/build21/r0000101001001001001_0001_wfi11_f158_cal.asdf,wfi11,eval,1000,8,0.001118003,1
libasdf_gwcs,../roman/.data/build21/r0000101001001001001_0001_wfi11_f158_cal.asdf,wfi11,eval,1000,9,0.000899469,1
libasdf_gwcs,../roman/.data/build21/r0000101001001001001_0001_wfi11_f158_cal.asdf,wfi11,eval,1000,10,0.000782716,1
libasdf_gwcs,../roman/.data/build21/r0000101001001001001_0001_wfi11_f158_cal.asdf,wfi11,eval,1000,11,0.000814581,1
libasdf_gwcs,../roman/.data/build21/r0000101001001001001_0001_wfi11_f158_cal.asdf,wfi11,eval,1000,12,0.000545777,1
libasdf_gwcs,../roman/.data/build21/r0000101001001001001_0001_wfi11_f158_cal.asdf,wfi11,eval,1000,13,0.000431379,1
libasdf_gwcs,../roman/.data/build21/r0000101001001001001_0001_wfi11_f158_cal.asdf,wfi11,eval,1000,14,0.000479095,1
libasdf_gwcs,../roman/.data/build21/r0000101001001001001_0001_wfi11_f158_cal.asdf,wfi11,eval,10000,0,0.006145152,1
libasdf_gwcs,../roman/.data/build21/r0000101001001001001_0001_wfi11_f158_cal.asdf,wfi11,eval,10000,1,0.006291669,1
libasdf_gwcs,../roman/.data/build21/r0000101001001001001_0001_wfi11_f158_cal.asdf,wfi11,eval,10000,2,0.006309755,1
libasdf_gwcs,../roman/.data/build21/r0000101001001001001_0001_wfi11_f158_cal.asdf,wfi11,eval,10000,3,0.005991550,1
libasdf_gwcs,../roman/.data/build21/r0000101001001001001_0001_wfi11_f158_cal.asdf,wfi11,eval,10000,4,0.006208317,1
libasdf_gwcs,../roman/.data/build21/r0000101001001001001_0001_wfi11_f158_cal.asdf,wfi11,eval,10000,5,0.006091875,1
libasdf_gwcs,../roman/.data/build21/r0000101001001001001_0001_wfi11_f158_cal.asdf,wfi11,eval,10000,6,0.006003696,1
libasdf_gwcs,../roman/.data/build21/r0000101001001001001_0001_wfi11_f158_cal.asdf,wfi11,eval,10000,7,0.006034612,1
libasdf_gwcs,../roman/.data/build21/r0000101001001001001_0001_wfi11_f158_cal.asdf,wfi11,eval,100000,0,0.062084034,1
libasdf_gwcs,../roman/.data/build21/r0000101001001001001_0001_wfi11_f158_cal.asdf,wfi11,eval,100000,1,0.066284067,1
libasdf_gwcs,../roman/.data/build21/r0000101001001001001_0001_wfi11_f158_cal.asdf,wfi11,eval,100000,2,0.068495784,1
libasdf_gwcs,../roman/.data/build21/r0000101001001001001_0001_wfi11_f158_cal.asdf,wfi11,eval,100000,3,0.065766531,1
libasdf_gwcs,../roman/.data/build21/r0000101001001001001_0001_wfi11_f158_cal.asdf,wfi11,eval,100000,4,0.067999264,1
libasdf_gwcs,../roman/.data/build21/r0000101001001001001_0001_wfi11_f158_cal.asdf,wfi11,eval,1000000,0,0.627185822,1
libasdf_gwcs,../roman/.data/build21/r0000101001001001001_0001_wfi11_f158_cal.asdf,wfi11,eval,1000000,1,0.632076604,1
libasdf_gwcs,../roman/.data/build21/r0000101001001001001_0001_wfi11_f158_cal.asdf,wfi11,eval,1000000,2,0.634052840,1
libasdf_gwcs,../roman/.data/build21/r0000101001001001001_0001_wfi11_f158_cal.asdf,wfi11,eval,10000000,0,6.432419459,1
libasdf_gwcs,../roman/.data/build21/r0000101001001001001_0001_wfi11_f158_cal.asdf,wfi11,eval,10000000,1,6.358735404,1
libasdf_gwcs,../roman/.data/build21/r0000101001001001001_0001_wfi11_f158_cal.asdf,wfi11,eval,16711744,0,10.420308284,1
libasdf_gwcs,../roman/.data/build21/r0000101001001001001_0001_wfi11_f158_cal.asdf,wfi11,eval,16711744,1,11.261723442,1
libasdf_gwcs,../roman/.data/build21/r0000101001001001001_0001_wfi12_f158_cal.asdf,wfi12,parse_cold,0,0,0.022888417,1
libasdf_gwcs,../roman/.data/build21/r0000101001001001001_0001_wfi12_f158_cal.asdf,wfi12,parse_hot,0,0,0.009323887,1
libasdf_gwcs,../roman/.data/build21/r0000101001001001001_0001_wfi12_f158_cal.asdf,wfi12,eval,1,0,0.000118401,1
libasdf_gwcs,../roman/.data/build21/r0000101001001001001_0001_wfi12_f158_cal.asdf,wfi12,eval,1,1,0.000044462,1
libasdf_gwcs,../roman/.data/build21/r0000101001001001001_0001_wfi12_f158_cal.asdf,wfi12,eval,1,2,0.000061908,1
libasdf_gwcs,../roman/.data/build21/r0000101001001001001_0001_wfi12_f158_cal.asdf,wfi12,eval,1,3,0.000041259,1
libasdf_gwcs,../roman/.data/build21/r0000101001001001001_0001_wfi12_f158_cal.asdf,wfi12,eval,1,4,0.000052649,1
libasdf_gwcs,../roman/.data/build21/r0000101001001001001_0001_wfi12_f158_cal.asdf,wfi12,eval,1,5,0.000039462,1
libasdf_gwcs,../roman/.data/build21/r0000101001001001001_0001_wfi12_f158_cal.asdf,wfi12,eval,1,6,0.000058400,1
libasdf_gwcs,../roman/.data/build21/r0000101001001001001_0001_wfi12_f158_cal.asdf,wfi12,eval,1,7,0.000053339,1
libasdf_gwcs,../roman/.data/build21/r0000101001001001001_0001_wfi12_f158_cal.asdf,wfi12,eval,1,8,0.000058532,1
libasdf_gwcs,../roman/.data/build21/r0000101001001001001_0001_wfi12_f158_cal.asdf,wfi12,eval,1,9,0.000052873,1
libasdf_gwcs,../roman/.data/build21/r0000101001001001001_0001_wfi12_f158_cal.asdf,wfi12,eval,1,10,0.000039502,1
libasdf_gwcs,../roman/.data/build21/r0000101001001001001_0001_wfi12_f158_cal.asdf,wfi12,eval,1,11,0.000039480,1
libasdf_gwcs,../roman/.data/build21/r0000101001001001001_0001_wfi12_f158_cal.asdf,wfi12,eval,1,12,0.000039615,1
libasdf_gwcs,../roman/.data/build21/r0000101001001001001_0001_wfi12_f158_cal.asdf,wfi12,eval,1,13,0.000039558,1
libasdf_gwcs,../roman/.data/build21/r0000101001001001001_0001_wfi12_f158_cal.asdf,wfi12,eval,1,14,0.000039468,1
libasdf_gwcs,../roman/.data/build21/r0000101001001001001_0001_wfi12_f158_cal.asdf,wfi12,eval,1,15,0.000039455,1
libasdf_gwcs,../roman/.data/build21/r0000101001001001001_0001_wfi12_f158_cal.asdf,wfi12,eval,1,16,0.000066143,1
libasdf_gwcs,../roman/.data/build21/r0000101001001001001_0001_wfi12_f158_cal.asdf,wfi12,eval,1,17,0.000091872,1
libasdf_gwcs,../roman/.data/build21/r0000101001001001001_0001_wfi12_f158_cal.asdf,wfi12,eval,1,18,0.000069000,1
libasdf_gwcs,../roman/.data/build21/r0000101001001001001_0001_wfi12_f158_cal.asdf,wfi12,eval,1,19,0.000039998,1
libasdf_gwcs,../roman/.data/build21/r0000101001001001001_0001_wfi12_f158_cal.asdf,wfi12,eval,1,20,0.000039699,1
libasdf_gwcs,../roman/.data/build21/r0000101001001001001_0001_wfi12_f158_cal.asdf,wfi12,eval,1,21,0.000053274,1
libasdf_gwcs,../roman/.data/build21/r0000101001001001001_0001_wfi12_f158_cal.asdf,wfi12,eval,1,22,0.000053279,1
libasdf_gwcs,../roman/.data/build21/r0000101001001001001_0001_wfi12_f158_cal.asdf,wfi12,eval,1,23,0.000039571,1
libasdf_gwcs,../roman/.data/build21/r0000101001001001001_0001_wfi12_f158_cal.asdf,wfi12,eval,1,24,0.000039701,1
libasdf_gwcs,../roman/.data/build21/r0000101001001001001_0001_wfi12_f158_cal.asdf,wfi12,eval,1,25,0.000039880,1
libasdf_gwcs,../roman/.data/build21/r0000101001001001001_0001_wfi12_f158_cal.asdf,wfi12,eval,1,26,0.000039667,1
libasdf_gwcs,../roman/.data/build21/r0000101001001001001_0001_wfi12_f158_cal.asdf,wfi12,eval,1,27,0.000039755,1
libasdf_gwcs,../roman/.data/build21/r0000101001001001001_0001_wfi12_f158_cal.asdf,wfi12,eval,1,28,0.000039703,1
libasdf_gwcs,../roman/.data/build21/r0000101001001001001_0001_wfi12_f158_cal.asdf,wfi12,eval,1,29,0.000039651,1
libasdf_gwcs,../roman/.data/build21/r0000101001001001001_0001_wfi12_f158_cal.asdf,wfi12,eval,1,30,0.000039633,1
libasdf_gwcs,../roman/.data/build21/r0000101001001001001_0001_wfi12_f158_cal.asdf,wfi12,eval,1,31,0.000039588,1
libasdf_gwcs,../roman/.data/build21/r0000101001001001001_0001_wfi12_f158_cal.asdf,wfi12,eval,1,32,0.000039748,1
libasdf_gwcs,../roman/.data/build21/r0000101001001001001_0001_wfi12_f158_cal.asdf,wfi12,eval,1,33,0.000039783,1
libasdf_gwcs,../roman/.data/build21/r0000101001001001001_0001_wfi12_f158_cal.asdf,wfi12,eval,1,34,0.000039564,1
libasdf_gwcs,../roman/.data/build21/r0000101001001001001_0001_wfi12_f158_cal.asdf,wfi12,eval,1,35,0.000039672,1
libasdf_gwcs,../roman/.data/build21/r0000101001001001001_0001_wfi12_f158_cal.asdf,wfi12,eval,1,36,0.000039668,1
libasdf_gwcs,../roman/.data/build21/r0000101001001001001_0001_wfi12_f158_cal.asdf,wfi12,eval,1,37,0.000041394,1
libasdf_gwcs,../roman/.data/build21/r0000101001001001001_0001_wfi12_f158_cal.asdf,wfi12,eval,1,38,0.000086371,1
libasdf_gwcs,../roman/.data/build21/r0000101001001001001_0001_wfi12_f158_cal.asdf,wfi12,eval,1,39,0.000058908,1
libasdf_gwcs,../roman/.data/build21/r0000101001001001001_0001_wfi12_f158_cal.asdf,wfi12,eval,1,40,0.000041137,1
libasdf_gwcs,../roman/.data/build21/r0000101001001001001_0001_wfi12_f158_cal.asdf,wfi12,eval,1,41,0.000055372,1
libasdf_gwcs,../roman/.data/build21/r0000101001001001001_0001_wfi12_f158_cal.asdf,wfi12,eval,1,42,0.000066459,1
libasdf_gwcs,../roman/.data/build21/r0000101001001001001_0001_wfi12_f158_cal.asdf,wfi12,eval,1,43,0.000063187,1
libasdf_gwcs,../roman/.data/build21/r0000101001001001001_0001_wfi12_f158_cal.asdf,wfi12,eval,1,44,0.000045808,1
libasdf_gwcs,../roman/.data/build21/r0000101001001001001_0001_wfi12_f158_cal.asdf,wfi12,eval,1,45,0.000077480,1
libasdf_gwcs,../roman/.data/build21/r0000101001001001001_0001_wfi12_f158_cal.asdf,wfi12,eval,1,46,0.000045887,1
libasdf_gwcs,../roman/.data/build21/r0000101001001001001_0001_wfi12_f158_cal.asdf,wfi12,eval,1,47,0.000069335,1
libasdf_gwcs,../roman/.data/build21/r0000101001001001001_0001_wfi12_f158_cal.asdf,wfi12,eval,1,48,0.000066802,1
libasdf_gwcs,../roman/.data/build21/r0000101001001001001_0001_wfi12_f158_cal.asdf,wfi12,eval,1,49,0.000045964,1
libasdf_gwcs,../roman/.data/build21/r0000101001001001001_0001_wfi12_f158_cal.asdf,wfi12,eval,10,0,0.000057247,1
libasdf_gwcs,../roman/.data/build21/r0000101001001001001_0001_wfi12_f158_cal.asdf,wfi12,eval,10,1,0.000051768,1
libasdf_gwcs,../roman/.data/build21/r0000101001001001001_0001_wfi12_f158_cal.asdf,wfi12,eval,10,2,0.000051081,1
libasdf_gwcs,../roman/.data/build21/r0000101001001001001_0001_wfi12_f158_cal.asdf,wfi12,eval,10,3,0.000051268,1
libasdf_gwcs,../roman/.data/build21/r0000101001001001001_0001_wfi12_f158_cal.asdf,wfi12,eval,10,4,0.000051061,1
libasdf_gwcs,../roman/.data/build21/r0000101001001001001_0001_wfi12_f158_cal.asdf,wfi12,eval,10,5,0.000058894,1
libasdf_gwcs,../roman/.data/build21/r0000101001001001001_0001_wfi12_f158_cal.asdf,wfi12,eval,10,6,0.000102556,1
libasdf_gwcs,../roman/.data/build21/r0000101001001001001_0001_wfi12_f158_cal.asdf,wfi12,eval,10,7,0.000051073,1
libasdf_gwcs,../roman/.data/build21/r0000101001001001001_0001_wfi12_f158_cal.asdf,wfi12,eval,10,8,0.000050934,1
libasdf_gwcs,../roman/.data/build21/r0000101001001001001_0001_wfi12_f158_cal.asdf,wfi12,eval,10,9,0.000050887,1
libasdf_gwcs,../roman/.data/build21/r0000101001001001001_0001_wfi12_f158_cal.asdf,wfi12,eval,10,10,0.000050760,1
libasdf_gwcs,../roman/.data/build21/r0000101001001001001_0001_wfi12_f158_cal.asdf,wfi12,eval,10,11,0.000051196,1
libasdf_gwcs,../roman/.data/build21/r0000101001001001001_0001_wfi12_f158_cal.asdf,wfi12,eval,10,12,0.000050757,1
libasdf_gwcs,../roman/.data/build21/r0000101001001001001_0001_wfi12_f158_cal.asdf,wfi12,eval,10,13,0.000050631,1
libasdf_gwcs,../roman/.data/build21/r0000101001001001001_0001_wfi12_f158_cal.asdf,wfi12,eval,10,14,0.000050644,1
libasdf_gwcs,../roman/.data/build21/r0000101001001001001_0001_wfi12_f158_cal.asdf,wfi12,eval,10,15,0.000050837,1
libasdf_gwcs,../roman/.data/build21/r0000101001001001001_0001_wfi12_f158_cal.asdf,wfi12,eval,10,16,0.000051004,1
libasdf_gwcs,../roman/.data/build21/r0000101001001001001_0001_wfi12_f158_cal.asdf,wfi12,eval,10,17,0.000050582,1
libasdf_gwcs,../roman/.data/build21/r0000101001001001001_0001_wfi12_f158_cal.asdf,wfi12,eval,10,18,0.000050823,1
libasdf_gwcs,../roman/.data/build21/r0000101001001001001_0001_wfi12_f158_cal.asdf,wfi12,eval,10,19,0.000051048,1
libasdf_gwcs,../roman/.data/build21/r0000101001001001001_0001_wfi12_f158_cal.asdf,wfi12,eval,10,20,0.000050740,1
libasdf_gwcs,../roman/.data/build21/r0000101001001001001_0001_wfi12_f158_cal.asdf,wfi12,eval,10,21,0.000050933,1
libasdf_gwcs,../roman/.data/build21/r0000101001001001001_0001_wfi12_f158_cal.asdf,wfi12,eval,10,22,0.000050872,1
libasdf_gwcs,../roman/.data/build21/r0000101001001001001_0001_wfi12_f158_cal.asdf,wfi12,eval,10,23,0.000123193,1
libasdf_gwcs,../roman/.data/build21/r0000101001001001001_0001_wfi12_f158_cal.asdf,wfi12,eval,10,24,0.000052039,1
libasdf_gwcs,../roman/.data/build21/r0000101001001001001_0001_wfi12_f158_cal.asdf,wfi12,eval,10,25,0.000051683,1
libasdf_gwcs,../roman/.data/build21/r0000101001001001001_0001_wfi12_f158_cal.asdf,wfi12,eval,10,26,0.000050699,1
libasdf_gwcs,../roman/.data/build21/r0000101001001001001_0001_wfi12_f158_cal.asdf,wfi12,eval,10,27,0.000050950,1
libasdf_gwcs,../roman/.data/build21/r0000101001001001001_0001_wfi12_f158_cal.asdf,wfi12,eval,10,28,0.000050964,1
libasdf_gwcs,../roman/.data/build21/r0000101001001001001_0001_wfi12_f158_cal.asdf,wfi12,eval,10,29,0.000050911,1
libasdf_gwcs,../roman/.data/build21/r0000101001001001001_0001_wfi12_f158_cal.asdf,wfi12,eval,10,30,0.000050837,1
libasdf_gwcs,../roman/.data/build21/r0000101001001001001_0001_wfi12_f158_cal.asdf,wfi12,eval,10,31,0.000050783,1
libasdf_gwcs,../roman/.data/build21/r0000101001001001001_0001_wfi12_f158_cal.asdf,wfi12,eval,10,32,0.000051098,1
libasdf_gwcs,../roman/.data/build21/r0000101001001001001_0001_wfi12_f158_cal.asdf,wfi12,eval,10,33,0.000051311,1
libasdf_gwcs,../roman/.data/build21/r0000101001001001001_0001_wfi12_f158_cal.asdf,wfi12,eval,10,34,0.000050996,1
libasdf_gwcs,../roman/.data/build21/r0000101001001001001_0001_wfi12_f158_cal.asdf,wfi12,eval,10,35,0.000050584,1
libasdf_gwcs,../roman/.data/build21/r0000101001001001001_0001_wfi12_f158_cal.asdf,wfi12,eval,10,36,0.000051018,1
libasdf_gwcs,../roman/.data/build21/r0000101001001001001_0001_wfi12_f158_cal.asdf,wfi12,eval,10,37,0.000052736,1
libasdf_gwcs,../roman/.data/build21/r0000101001001001001_0001_wfi12_f158_cal.asdf,wfi12,eval,10,38,0.000051297,1
libasdf_gwcs,../roman/.data/build21/r0000101001001001001_0001_wfi12_f158_cal.asdf,wfi12,eval,10,39,0.000050924,1
libasdf_gwcs,../roman/.data/build21/r0000101001001001001_0001_wfi12_f158_cal.asdf,wfi12,eval,10,40,0.000050696,1
libasdf_gwcs,../roman/.data/build21/r0000101001001001001_0001_wfi12_f158_cal.asdf,wfi12,eval,10,41,0.000051145,1
libasdf_gwcs,../roman/.data/build21/r0000101001001001001_0001_wfi12_f158_cal.asdf,wfi12,eval,10,42,0.000111930,1
libasdf_gwcs,../roman/.data/build21/r0000101001001001001_0001_wfi12_f158_cal.asdf,wfi12,eval,10,43,0.000052138,1
libasdf_gwcs,../roman/.data/build21/r0000101001001001001_0001_wfi12_f158_cal.asdf,wfi12,eval,10,44,0.000050954,1
libasdf_gwcs,../roman/.data/build21/r0000101001001001001_0001_wfi12_f158_cal.asdf,wfi12,eval,10,45,0.000051386,1
libasdf_gwcs,../roman/.data/build21/r0000101001001001001_0001_wfi12_f158_cal.asdf,wfi12,eval,10,46,0.000050795,1
libasdf_gwcs,../roman/.data/build21/r0000101001001001001_0001_wfi12_f158_cal.asdf,wfi12,eval,10,47,0.000051197,1
libasdf_gwcs,../roman/.data/build21/r0000101001001001001_0001_wfi12_f158_cal.asdf,wfi12,eval,10,48,0.000050895,1
libasdf_gwcs,../roman/.data/build21/r0000101001001001001_0001_wfi12_f158_cal.asdf,wfi12,eval,10,49,0.000051039,1
libasdf_gwcs,../roman/.data/build21/r0000101001001001001_0001_wfi12_f158_cal.asdf,wfi12,eval,100,0,0.000258780,1
libasdf_gwcs,../roman/.data/build21/r0000101001001001001_0001_wfi12_f158_cal.asdf,wfi12,eval,100,1,0.000133545,1
libasdf_gwcs,../roman/.data/build21/r0000101001001001001_0001_wfi12_f158_cal.asdf,wfi12,eval,100,2,0.000106087,1
libasdf_gwcs,../roman/.data/build21/r0000101001001001001_0001_wfi12_f158_cal.asdf,wfi12,eval,100,3,0.000131524,1
libasdf_gwcs,../roman/.data/build21/r0000101001001001001_0001_wfi12_f158_cal.asdf,wfi12,eval,100,4,0.000095716,1
libasdf_gwcs,../roman/.data/build21/r0000101001001001001_0001_wfi12_f158_cal.asdf,wfi12,eval,100,5,0.000094480,1
libasdf_gwcs,../roman/.data/build21/r0000101001001001001_0001_wfi12_f158_cal.asdf,wfi12,eval,100,6,0.000094444,1
libasdf_gwcs,../roman/.data/build21/r0000101001001001001_0001_wfi12_f158_cal.asdf,wfi12,eval,100,7,0.000093948,1
libasdf_gwcs,../roman/.data/build21/r0000101001001001001_0001_wfi12_f158_cal.asdf,wfi12,eval,100,8,0.000094082,1
libasdf_gwcs,../roman/.data/build21/r0000101001001001001_0001_wfi12_f158_cal.asdf,wfi12,eval,100,9,0.000093840,1
libasdf_gwcs,../roman/.data/build21/r0000101001001001001_0001_wfi12_f158_cal.asdf,wfi12,eval,100,10,0.000093632,1
libasdf_gwcs,../roman/.data/build21/r0000101001001001001_0001_wfi12_f158_cal.asdf,wfi12,eval,100,11,0.000093891,1
libasdf_gwcs,../roman/.data/build21/r0000101001001001001_0001_wfi12_f158_cal.asdf,wfi12,eval,100,12,0.000094164,1
libasdf_gwcs,../roman/.data/build21/r0000101001001001001_0001_wfi12_f158_cal.asdf,wfi12,eval,100,13,0.000148168,1
libasdf_gwcs,../roman/.data/build21/r0000101001001001001_0001_wfi12_f158_cal.asdf,wfi12,eval,100,14,0.000094459,1
libasdf_gwcs,../roman/.data/build21/r0000101001001001001_0001_wfi12_f158_cal.asdf,wfi12,eval,100,15,0.000109208,1
libasdf_gwcs,../roman/.data/build21/r0000101001001001001_0001_wfi12_f158_cal.asdf,wfi12,eval,100,16,0.000083649,1
libasdf_gwcs,../roman/.data/build21/r0000101001001001001_0001_wfi12_f158_cal.asdf,wfi12,eval,100,17,0.000083376,1
libasdf_gwcs,../roman/.data/build21/r0000101001001001001_0001_wfi12_f158_cal.asdf,wfi12,eval,100,18,0.000084055,1
libasdf_gwcs,../roman/.data/build21/r0000101001001001001_0001_wfi12_f158_cal.asdf,wfi12,eval,100,19,0.000127699,1
libasdf_gwcs,../roman/.data/build21/r0000101001001001001_0001_wfi12_f158_cal.asdf,wfi12,eval,100,20,0.000084241,1
libasdf_gwcs,../roman/.data/build21/r0000101001001001001_0001_wfi12_f158_cal.asdf,wfi12,eval,100,21,0.000083854,1
libasdf_gwcs,../roman/.data/build21/r0000101001001001001_0001_wfi12_f158_cal.asdf,wfi12,eval,100,22,0.000083967,1
libasdf_gwcs,../roman/.data/build21/r0000101001001001001_0001_wfi12_f158_cal.asdf,wfi12,eval,100,23,0.000159151,1
libasdf_gwcs,../roman/.data/build21/r0000101001001001001_0001_wfi12_f158_cal.asdf,wfi12,eval,100,24,0.000101165,1
libasdf_gwcs,../roman/.data/build21/r0000101001001001001_0001_wfi12_f158_cal.asdf,wfi12,eval,100,25,0.000108996,1
libasdf_gwcs,../roman/.data/build21/r0000101001001001001_0001_wfi12_f158_cal.asdf,wfi12,eval,100,26,0.000107273,1
libasdf_gwcs,../roman/.data/build21/r0000101001001001001_0001_wfi12_f158_cal.asdf,wfi12,eval,100,27,0.000110460,1
libasdf_gwcs,../roman/.data/build21/r0000101001001001001_0001_wfi12_f158_cal.asdf,wfi12,eval,100,28,0.000106276,1
libasdf_gwcs,../roman/.data/build21/r0000101001001001001_0001_wfi12_f158_cal.asdf,wfi12,eval,100,29,0.000083778,1
libasdf_gwcs,../roman/.data/build21/r0000101001001001001_0001_wfi12_f158_cal.asdf,wfi12,eval,1000,0,0.000795979,1
libasdf_gwcs,../roman/.data/build21/r0000101001001001001_0001_wfi12_f158_cal.asdf,wfi12,eval,1000,1,0.000468995,1
libasdf_gwcs,../roman/.data/build21/r0000101001001001001_0001_wfi12_f158_cal.asdf,wfi12,eval,1000,2,0.000505194,1
libasdf_gwcs,../roman/.data/build21/r0000101001001001001_0001_wfi12_f158_cal.asdf,wfi12,eval,1000,3,0.000521807,1
libasdf_gwcs,../roman/.data/build21/r0000101001001001001_0001_wfi12_f158_cal.asdf,wfi12,eval,1000,4,0.000467286,1
libasdf_gwcs,../roman/.data/build21/r0000101001001001001_0001_wfi12_f158_cal.asdf,wfi12,eval,1000,5,0.000429094,1
libasdf_gwcs,../roman/.data/build21/r0000101001001001001_0001_wfi12_f158_cal.asdf,wfi12,eval,1000,6,0.001071169,1
libasdf_gwcs,../roman/.data/build21/r0000101001001001001_0001_wfi12_f158_cal.asdf,wfi12,eval,1000,7,0.000479962,1
libasdf_gwcs,../roman/.data/build21/r0000101001001001001_0001_wfi12_f158_cal.asdf,wfi12,eval,1000,8,0.000462553,1
libasdf_gwcs,../roman/.data/build21/r0000101001001001001_0001_wfi12_f158_cal.asdf,wfi12,eval,1000,9,0.000497277,1
libasdf_gwcs,../roman/.data/build21/r0000101001001001001_0001_wfi12_f158_cal.asdf,wfi12,eval,1000,10,0.000455054,1
libasdf_gwcs,../roman/.data/build21/r0000101001001001001_0001_wfi12_f158_cal.asdf,wfi12,eval,1000,11,0.000499199,1
libasdf_gwcs,../roman/.data/build21/r0000101001001001001_0001_wfi12_f158_cal.asdf,wfi12,eval,1000,12,0.000453908,1
libasdf_gwcs,../roman/.data/build21/r0000101001001001001_0001_wfi12_f158_cal.asdf,wfi12,eval,1000,13,0.000502109,1
libasdf_gwcs,../roman/.data/build21/r0000101001001001001_0001_wfi12_f158_cal.asdf,wfi12,eval,1000,14,0.000495556,1
libasdf_gwcs,../roman/.data/build21/r0000101001001001001_0001_wfi12_f158_cal.asdf,wfi12,eval,10000,0,0.006041662,1
libasdf_gwcs,../roman/.data/build21/r0000101001001001001_0001_wfi12_f158_cal.asdf,wfi12,eval,10000,1,0.006243310,1
libasdf_gwcs,../roman/.data/build21/r0000101001001001001_0001_wfi12_f158_cal.asdf,wfi12,eval,10000,2,0.007396984,1
libasdf_gwcs,../roman/.data/build21/r0000101001001001001_0001_wfi12_f158_cal.asdf,wfi12,eval,10000,3,0.005945466,1
libasdf_gwcs,../roman/.data/build21/r0000101001001001001_0001_wfi12_f158_cal.asdf,wfi12,eval,10000,4,0.005833278,1
libasdf_gwcs,../roman/.data/build21/r0000101001001001001_0001_wfi12_f158_cal.asdf,wfi12,eval,10000,5,0.005736042,1
libasdf_gwcs,../roman/.data/build21/r0000101001001001001_0001_wfi12_f158_cal.asdf,wfi12,eval,10000,6,0.005730305,1
libasdf_gwcs,../roman/.data/build21/r0000101001001001001_0001_wfi12_f158_cal.asdf,wfi12,eval,10000,7,0.005725599,1
libasdf_gwcs,../roman/.data/build21/r0000101001001001001_0001_wfi12_f158_cal.asdf,wfi12,eval,100000,0,0.064145941,1
libasdf_gwcs,../roman/.data/build21/r0000101001001001001_0001_wfi12_f158_cal.asdf,wfi12,eval,100000,1,0.062392018,1
libasdf_gwcs,../roman/.data/build21/r0000101001001001001_0001_wfi12_f158_cal.asdf,wfi12,eval,100000,2,0.062046666,1
libasdf_gwcs,../roman/.data/build21/r0000101001001001001_0001_wfi12_f158_cal.asdf,wfi12,eval,100000,3,0.062346206,1
libasdf_gwcs,../roman/.data/build21/r0000101001001001001_0001_wfi12_f158_cal.asdf,wfi12,eval,100000,4,0.062816010,1
libasdf_gwcs,../roman/.data/build21/r0000101001001001001_0001_wfi12_f158_cal.asdf,wfi12,eval,1000000,0,0.661791320,1
libasdf_gwcs,../roman/.data/build21/r0000101001001001001_0001_wfi12_f158_cal.asdf,wfi12,eval,1000000,1,0.693542535,1
libasdf_gwcs,../roman/.data/build21/r0000101001001001001_0001_wfi12_f158_cal.asdf,wfi12,eval,1000000,2,0.672686731,1
libasdf_gwcs,../roman/.data/build21/r0000101001001001001_0001_wfi12_f158_cal.asdf,wfi12,eval,10000000,0,6.367957144,1
libasdf_gwcs,../roman/.data/build21/r0000101001001001001_0001_wfi12_f158_cal.asdf,wfi12,eval,10000000,1,6.268460144,1
libasdf_gwcs,../roman/.data/build21/r0000101001001001001_0001_wfi12_f158_cal.asdf,wfi12,eval,16711744,0,10.649754655,1
libasdf_gwcs,../roman/.data/build21/r0000101001001001001_0001_wfi12_f158_cal.asdf,wfi12,eval,16711744,1,10.790149168,1
libasdf_gwcs,../roman/.data/build21/r0000101001001001001_0001_wfi13_f158_cal.asdf,wfi13,parse_cold,0,0,0.079346341,1
libasdf_gwcs,../roman/.data/build21/r0000101001001001001_0001_wfi13_f158_cal.asdf,wfi13,parse_hot,0,0,0.013870784,1
libasdf_gwcs,../roman/.data/build21/r0000101001001001001_0001_wfi13_f158_cal.asdf,wfi13,eval,1,0,0.000080439,1
libasdf_gwcs,../roman/.data/build21/r0000101001001001001_0001_wfi13_f158_cal.asdf,wfi13,eval,1,1,0.000064045,1
libasdf_gwcs,../roman/.data/build21/r0000101001001001001_0001_wfi13_f158_cal.asdf,wfi13,eval,1,2,0.000063699,1
libasdf_gwcs,../roman/.data/build21/r0000101001001001001_0001_wfi13_f158_cal.asdf,wfi13,eval,1,3,0.000055188,1
libasdf_gwcs,../roman/.data/build21/r0000101001001001001_0001_wfi13_f158_cal.asdf,wfi13,eval,1,4,0.000054750,1
libasdf_gwcs,../roman/.data/build21/r0000101001001001001_0001_wfi13_f158_cal.asdf,wfi13,eval,1,5,0.000070836,1
libasdf_gwcs,../roman/.data/build21/r0000101001001001001_0001_wfi13_f158_cal.asdf,wfi13,eval,1,6,0.000056435,1
libasdf_gwcs,../roman/.data/build21/r0000101001001001001_0001_wfi13_f158_cal.asdf,wfi13,eval,1,7,0.000054849,1
libasdf_gwcs,../roman/.data/build21/r0000101001001001001_0001_wfi13_f158_cal.asdf,wfi13,eval,1,8,0.000054413,1
libasdf_gwcs,../roman/.data/build21/r0000101001001001001_0001_wfi13_f158_cal.asdf,wfi13,eval,1,9,0.000054513,1
libasdf_gwcs,../roman/.data/build21/r0000101001001001001_0001_wfi13_f158_cal.asdf,wfi13,eval,1,10,0.000054256,1
libasdf_gwcs,../roman/.data/build21/r0000101001001001001_0001_wfi13_f158_cal.asdf,wfi13,eval,1,11,0.000054445,1
libasdf_gwcs,../roman/.data/build21/r0000101001001001001_0001_wfi13_f158_cal.asdf,wfi13,eval,1,12,0.000054203,1
libasdf_gwcs,../roman/.data/build21/r0000101001001001001_0001_wfi13_f158_cal.asdf,wfi13,eval,1,13,0.000054359,1
libasdf_gwcs,../roman/.data/build21/r0000101001001001001_0001_wfi13_f158_cal.asdf,wfi13,eval,1,14,0.000054332,1
libasdf_gwcs,../roman/.data/build21/r0000101001001001001_0001_wfi13_f158_cal.asdf,wfi13,eval,1,15,0.000054158,1
libasdf_gwcs,../roman/.data/build21/r0000101001001001001_0001_wfi13_f158_cal.asdf,wfi13,eval,1,16,0.000054117,1
libasdf_gwcs,../roman/.data/build21/r0000101001001001001_0001_wfi13_f158_cal.asdf,wfi13,eval,1,17,0.000054306,1
libasdf_gwcs,../roman/.data/build21/r0000101001001001001_0001_wfi13_f158_cal.asdf,wfi13,eval,1,18,0.000054331,1
libasdf_gwcs,../roman/.data/build21/r0000101001001001001_0001_wfi13_f158_cal.asdf,wfi13,eval,1,19,0.000054311,1
libasdf_gwcs,../roman/.data/build21/r0000101001001001001_0001_wfi13_f158_cal.asdf,wfi13,eval,1,20,0.000054359,1
libasdf_gwcs,../roman/.data/build21/r0000101001001001001_0001_wfi13_f158_cal.asdf,wfi13,eval,1,21,0.000054409,1
libasdf_gwcs,../roman/.data/build21/r0000101001001001001_0001_wfi13_f158_cal.asdf,wfi13,eval,1,22,0.000062875,1
libasdf_gwcs,../roman/.data/build21/r0000101001001001001_0001_wfi13_f158_cal.asdf,wfi13,eval,1,23,0.000090893,1
libasdf_gwcs,../roman/.data/build21/r0000101001001001001_0001_wfi13_f158_cal.asdf,wfi13,eval,1,24,0.000056036,1
libasdf_gwcs,../roman/.data/build21/r0000101001001001001_0001_wfi13_f158_cal.asdf,wfi13,eval,1,25,0.000054540,1
libasdf_gwcs,../roman/.data/build21/r0000101001001001001_0001_wfi13_f158_cal.asdf,wfi13,eval,1,26,0.000054628,1
libasdf_gwcs,../roman/.data/build21/r0000101001001001001_0001_wfi13_f158_cal.asdf,wfi13,eval,1,27,0.000064364,1
libasdf_gwcs,../roman/.data/build21/r0000101001001001001_0001_wfi13_f158_cal.asdf,wfi13,eval,1,28,0.000047507,1
libasdf_gwcs,../roman/.data/build21/r0000101001001001001_0001_wfi13_f158_cal.asdf,wfi13,eval,1,29,0.000047370,1
libasdf_gwcs,../roman/.data/build21/r0000101001001001001_0001_wfi13_f158_cal.asdf,wfi13,eval,1,30,0.000047456,1
libasdf_gwcs,../roman/.data/build21/r0000101001001001001_0001_wfi13_f158_cal.asdf,wfi13,eval,1,31,0.000047376,1
libasdf_gwcs,../roman/.data/build21/r0000101001001001001_0001_wfi13_f158_cal.asdf,wfi13,eval,1,32,0.000047442,1
libasdf_gwcs,../roman/.data/build21/r0000101001001001001_0001_wfi13_f158_cal.asdf,wfi13,eval,1,33,0.000047260,1
libasdf_gwcs,../roman/.data/build21/r0000101001001001001_0001_wfi13_f158_cal.asdf,wfi13,eval,1,34,0.000047304,1
libasdf_gwcs,../roman/.data/build21/r0000101001001001001_0001_wfi13_f158_cal.asdf,wfi13,eval,1,35,0.000047269,1
libasdf_gwcs,../roman/.data/build21/r0000101001001001001_0001_wfi13_f158_cal.asdf,wfi13,eval,1,36,0.000047287,1
libasdf_gwcs,../roman/.data/build21/r0000101001001001001_0001_wfi13_f158_cal.asdf,wfi13,eval,1,37,0.000049535,1
libasdf_gwcs,../roman/.data/build21/r0000101001001001001_0001_wfi13_f158_cal.asdf,wfi13,eval,1,38,0.000047761,1
libasdf_gwcs,../roman/.data/build21/r0000101001001001001_0001_wfi13_f158_cal.asdf,wfi13,eval,1,39,0.000047654,1
libasdf_gwcs,../roman/.data/build21/r0000101001001001001_0001_wfi13_f158_cal.asdf,wfi13,eval,1,40,0.000047463,1
libasdf_gwcs,../roman/.data/build21/r0000101001001001001_0001_wfi13_f158_cal.asdf,wfi13,eval,1,41,0.000047276,1
libasdf_gwcs,../roman/.data/build21/r0000101001001001001_0001_wfi13_f158_cal.asdf,wfi13,eval,1,42,0.000059872,1
libasdf_gwcs,../roman/.data/build21/r0000101001001001001_0001_wfi13_f158_cal.asdf,wfi13,eval,1,43,0.000048215,1
libasdf_gwcs,../roman/.data/build21/r0000101001001001001_0001_wfi13_f158_cal.asdf,wfi13,eval,1,44,0.000047788,1
libasdf_gwcs,../roman/.data/build21/r0000101001001001001_0001_wfi13_f158_cal.asdf,wfi13,eval,1,45,0.000047429,1
libasdf_gwcs,../roman/.data/build21/r0000101001001001001_0001_wfi13_f158_cal.asdf,wfi13,eval,1,46,0.000047229,1
libasdf_gwcs,../roman/.data/build21/r0000101001001001001_0001_wfi13_f158_cal.asdf,wfi13,eval,1,47,0.000047710,1
libasdf_gwcs,../roman/.data/build21/r0000101001001001001_0001_wfi13_f158_cal.asdf,wfi13,eval,1,48,0.000047587,1
libasdf_gwcs,../roman/.data/build21/r0000101001001001001_0001_wfi13_f158_cal.asdf,wfi13,eval,1,49,0.000047564,1
libasdf_gwcs,../roman/.data/build21/r0000101001001001001_0001_wfi13_f158_cal.asdf,wfi13,eval,10,0,0.000064234,1
libasdf_gwcs,../roman/.data/build21/r0000101001001001001_0001_wfi13_f158_cal.asdf,wfi13,eval,10,1,0.000084414,1
libasdf_gwcs,../roman/.data/build21/r0000101001001001001_0001_wfi13_f158_cal.asdf,wfi13,eval,10,2,0.000271345,1
libasdf_gwcs,../roman/.data/build21/r0000101001001001001_0001_wfi13_f158_cal.asdf,wfi13,eval,10,3,0.000202593,1
libasdf_gwcs,../roman/.data/build21/r0000101001001001001_0001_wfi13_f158_cal.asdf,wfi13,eval,10,4,0.000070723,1
libasdf_gwcs,../roman/.data/build21/r0000101001001001001_0001_wfi13_f158_cal.asdf,wfi13,eval,10,5,0.000052558,1
libasdf_gwcs,../roman/.data/build21/r0000101001001001001_0001_wfi13_f158_cal.asdf,wfi13,eval,10,6,0.000052087,1
libasdf_gwcs,../roman/.data/build21/r0000101001001001001_0001_wfi13_f158_cal.asdf,wfi13,eval,10,7,0.000052036,1
libasdf_gwcs,../roman/.data/build21/r0000101001001001001_0001_wfi13_f158_cal.asdf,wfi13,eval,10,8,0.000051857,1
libasdf_gwcs,../roman/.data/build21/r0000101001001001001_0001_wfi13_f158_cal.asdf,wfi13,eval,10,9,0.000051862,1
libasdf_gwcs,../roman/.data/build21/r0000101001001001001_0001_wfi13_f158_cal.asdf,wfi13,eval,10,10,0.000052040,1
libasdf_gwcs,../roman/.data/build21/r0000101001001001001_0001_wfi13_f158_cal.asdf,wfi13,eval,10,11,0.000052067,1
libasdf_gwcs,../roman/.data/build21/r0000101001001001001_0001_wfi13_f158_cal.asdf,wfi13,eval,10,12,0.000052136,1
libasdf_gwcs,../roman/.data/build21/r0000101001001001001_0001_wfi13_f158_cal.asdf,wfi13,eval,10,13,0.000051890,1
libasdf_gwcs,../roman/.data/build21/r0000101001001001001_0001_wfi13_f158_cal.asdf,wfi13,eval,10,14,0.000051868,1
libasdf_gwcs,../roman/.data/build21/r0000101001001001001_0001_wfi13_f158_cal.asdf,wfi13,eval,10,15,0.000052045,1
libasdf_gwcs,../roman/.data/build21/r0000101001001001001_0001_wfi13_f158_cal.asdf,wfi13,eval,10,16,0.000052343,1
libasdf_gwcs,../roman/.data/build21/r0000101001001001001_0001_wfi13_f158_cal.asdf,wfi13,eval,10,17,0.000051823,1
libasdf_gwcs,../roman/.data/build21/r0000101001001001001_0001_wfi13_f158_cal.asdf,wfi13,eval,10,18,0.000051847,1
libasdf_gwcs,../roman/.data/build21/r0000101001001001001_0001_wfi13_f158_cal.asdf,wfi13,eval,10,19,0.000051664,1
libasdf_gwcs,../roman/.data/build21/r0000101001001001001_0001_wfi13_f158_cal.asdf,wfi13,eval,10,20,0.000052039,1
libasdf_gwcs,../roman/.data/build21/r0000101001001001001_0001_wfi13_f158_cal.asdf,wfi13,eval,10,21,0.000051787,1
libasdf_gwcs,../roman/.data/build21/r0000101001001001001_0001_wfi13_f158_cal.asdf,wfi13,eval,10,22,0.000087726,1
libasdf_gwcs,../roman/.data/build21/r0000101001001001001_0001_wfi13_f158_cal.asdf,wfi13,eval,10,23,0.000069833,1
libasdf_gwcs,../roman/.data/build21/r0000101001001001001_0001_wfi13_f158_cal.asdf,wfi13,eval,10,24,0.000051741,1
libasdf_gwcs,../roman/.data/build21/r0000101001001001001_0001_wfi13_f158_cal.asdf,wfi13,eval,10,25,0.000051858,1
libasdf_gwcs,../roman/.data/build21/r0000101001001001001_0001_wfi13_f158_cal.asdf,wfi13,eval,10,26,0.000051883,1
libasdf_gwcs,../roman/.data/build21/r0000101001001001001_0001_wfi13_f158_cal.asdf,wfi13,eval,10,27,0.000051787,1
libasdf_gwcs,../roman/.data/build21/r0000101001001001001_0001_wfi13_f158_cal.asdf,wfi13,eval,10,28,0.000051675,1
libasdf_gwcs,../roman/.data/build21/r0000101001001001001_0001_wfi13_f158_cal.asdf,wfi13,eval,10,29,0.000052234,1
libasdf_gwcs,../roman/.data/build21/r0000101001001001001_0001_wfi13_f158_cal.asdf,wfi13,eval,10,30,0.000051877,1
libasdf_gwcs,../roman/.data/build21/r0000101001001001001_0001_wfi13_f158_cal.asdf,wfi13,eval,10,31,0.000051883,1
libasdf_gwcs,../roman/.data/build21/r0000101001001001001_0001_wfi13_f158_cal.asdf,wfi13,eval,10,32,0.000051667,1
libasdf_gwcs,../roman/.data/build21/r0000101001001001001_0001_wfi13_f158_cal.asdf,wfi13,eval,10,33,0.000051805,1
libasdf_gwcs,../roman/.data/build21/r0000101001001001001_0001_wfi13_f158_cal.asdf,wfi13,eval,10,34,0.000051858,1
libasdf_gwcs,../roman/.data/build21/r0000101001001001001_0001_wfi13_f158_cal.asdf,wfi13,eval,10,35,0.000051907,1
libasdf_gwcs,../roman/.data/build21/r0000101001001001001_0001_wfi13_f158_cal.asdf,wfi13,eval,10,36,0.000051850,1
libasdf_gwcs,../roman/.data/build21/r0000101001001001001_0001_wfi13_f158_cal.asdf,wfi13,eval,10,37,0.000053844,1
libasdf_gwcs,../roman/.data/build21/r0000101001001001001_0001_wfi13_f158_cal.asdf,wfi13,eval,10,38,0.000052175,1
libasdf_gwcs,../roman/.data/build21/r0000101001001001001_0001_wfi13_f158_cal.asdf,wfi13,eval,10,39,0.000052103,1
libasdf_gwcs,../roman/.data/build21/r0000101001001001001_0001_wfi13_f158_cal.asdf,wfi13,eval,10,40,0.000083778,1
libasdf_gwcs,../roman/.data/build21/r0000101001001001001_0001_wfi13_f158_cal.asdf,wfi13,eval,10,41,0.000069260,1
libasdf_gwcs,../roman/.data/build21/r0000101001001001001_0001_wfi13_f158_cal.asdf,wfi13,eval,10,42,0.000052091,1
libasdf_gwcs,../roman/.data/build21/r0000101001001001001_0001_wfi13_f158_cal.asdf,wfi13,eval,10,43,0.000052024,1
libasdf_gwcs,../roman/.data/build21/r0000101001001001001_0001_wfi13_f158_cal.asdf,wfi13,eval,10,44,0.000051865,1
libasdf_gwcs,../roman/.data/build21/r0000101001001001001_0001_wfi13_f158_cal.asdf,wfi13,eval,10,45,0.000051955,1
libasdf_gwcs,../roman/.data/build21/r0000101001001001001_0001_wfi13_f158_cal.asdf,wfi13,eval,10,46,0.000052141,1
libasdf_gwcs,../roman/.data/build21/r0000101001001001001_0001_wfi13_f158_cal.asdf,wfi13,eval,10,47,0.000052433,1
libasdf_gwcs,../roman/.data/build21/r0000101001001001001_0001_wfi13_f158_cal.asdf,wfi13,eval,10,48,0.000051988,1
libasdf_gwcs,../roman/.data/build21/r0000101001001001001_0001_wfi13_f158_cal.asdf,wfi13,eval,10,49,0.000052379,1
libasdf_gwcs,../roman/.data/build21/r0000101001001001001_0001_wfi13_f158_cal.asdf,wfi13,eval,100,0,0.000435379,1
libasdf_gwcs,../roman/.data/build21/r0000101001001001001_0001_wfi13_f158_cal.asdf,wfi13,eval,100,1,0.000104228,1
libasdf_gwcs,../roman/.data/build21/r0000101001001001001_0001_wfi13_f158_cal.asdf,wfi13,eval,100,2,0.000099831,1
libasdf_gwcs,../roman/.data/build21/r0000101001001001001_0001_wfi13_f158_cal.asdf,wfi13,eval,100,3,0.000109357,1
libasdf_gwcs,../roman/.data/build21/r0000101001001001001_0001_wfi13_f158_cal.asdf,wfi13,eval,100,4,0.000087148,1
libasdf_gwcs,../roman/.data/build21/r0000101001001001001_0001_wfi13_f158_cal.asdf,wfi13,eval,100,5,0.000087023,1
libasdf_gwcs,../roman/.data/build21/r0000101001001001001_0001_wfi13_f158_cal.asdf,wfi13,eval,100,6,0.000086748,1
libasdf_gwcs,../roman/.data/build21/r0000101001001001001_0001_wfi13_f158_cal.asdf,wfi13,eval,100,7,0.000086664,1
libasdf_gwcs,../roman/.data/build21/r0000101001001001001_0001_wfi13_f158_cal.asdf,wfi13,eval,100,8,0.000086434,1
libasdf_gwcs,../roman/.data/build21/r0000101001001001001_0001_wfi13_f158_cal.asdf,wfi13,eval,100,9,0.000086963,1
libasdf_gwcs,../roman/.data/build21/r0000101001001001001_0001_wfi13_f158_cal.asdf,wfi13,eval,100,10,0.000086584,1
libasdf_gwcs,../roman/.data/build21/r0000101001001001001_0001_wfi13_f158_cal.asdf,wfi13,eval,100,11,0.000136834,1
libasdf_gwcs,../roman/.data/build21/r0000101001001001001_0001_wfi13_f158_cal.asdf,wfi13,eval,100,12,0.000087404,1
libasdf_gwcs,../roman/.data/build21/r0000101001001001001_0001_wfi13_f158_cal.asdf,wfi13,eval,100,13,0.000086678,1
libasdf_gwcs,../roman/.data/build21/r0000101001001001001_0001_wfi13_f158_cal.asdf,wfi13,eval,100,14,0.000086320,1
libasdf_gwcs,../roman/.data/build21/r0000101001001001001_0001_wfi13_f158_cal.asdf,wfi13,eval,100,15,0.000086145,1
libasdf_gwcs,../roman/.data/build21/r0000101001001001001_0001_wfi13_f158_cal.asdf,wfi13,eval,100,16,0.000086716,1
libasdf_gwcs,../roman/.data/build21/r0000101001001001001_0001_wfi13_f158_cal.asdf,wfi13,eval,100,17,0.000086134,1
libasdf_gwcs,../roman/.data/build21/r0000101001001001001_0001_wfi13_f158_cal.asdf,wfi13,eval,100,18,0.000086278,1
libasdf_gwcs,../roman/.data/build21/r0000101001001001001_0001_wfi13_f158_cal.asdf,wfi13,eval,100,19,0.000086799,1
libasdf_gwcs,../roman/.data/build21/r0000101001001001001_0001_wfi13_f158_cal.asdf,wfi13,eval,100,20,0.000086260,1
libasdf_gwcs,../roman/.data/build21/r0000101001001001001_0001_wfi13_f158_cal.asdf,wfi13,eval,100,21,0.000086689,1
libasdf_gwcs,../roman/.data/build21/r0000101001001001001_0001_wfi13_f158_cal.asdf,wfi13,eval,100,22,0.000147763,1
libasdf_gwcs,../roman/.data/build21/r0000101001001001001_0001_wfi13_f158_cal.asdf,wfi13,eval,100,23,0.000106524,1
libasdf_gwcs,../roman/.data/build21/r0000101001001001001_0001_wfi13_f158_cal.asdf,wfi13,eval,100,24,0.000108863,1
libasdf_gwcs,../roman/.data/build21/r0000101001001001001_0001_wfi13_f158_cal.asdf,wfi13,eval,100,25,0.000103231,1
libasdf_gwcs,../roman/.data/build21/r0000101001001001001_0001_wfi13_f158_cal.asdf,wfi13,eval,100,26,0.000087016,1
libasdf_gwcs,../roman/.data/build21/r0000101001001001001_0001_wfi13_f158_cal.asdf,wfi13,eval,100,27,0.000154705,1
libasdf_gwcs,../roman/.data/build21/r0000101001001001001_0001_wfi13_f158_cal.asdf,wfi13,eval,100,28,0.000106164,1
libasdf_gwcs,../roman/.data/build21/r0000101001001001001_0001_wfi13_f158_cal.asdf,wfi13,eval,100,29,0.000086871,1
libasdf_gwcs,../roman/.data/build21/r0000101001001001001_0001_wfi13_f158_cal.asdf,wfi13,eval,1000,0,0.000866598,1
libasdf_gwcs,../roman/.data/build21/r0000101001001001001_0001_wfi13_f158_cal.asdf,wfi13,eval,1000,1,0.000529031,1
libasdf_gwcs,../roman/.data/build21/r0000101001001001001_0001_wfi13_f158_cal.asdf,wfi13,eval,1000,2,0.000447943,1
libasdf_gwcs,../roman/.data/build21/r0000101001001001001_0001_wfi13_f158_cal.asdf,wfi13,eval,1000,3,0.000615569,1
libasdf_gwcs,../roman/.data/build21/r0000101001001001001_0001_wfi13_f158_cal.asdf,wfi13,eval,1000,4,0.000485765,1
libasdf_gwcs,../roman/.data/build21/r0000101001001001001_0001_wfi13_f158_cal.asdf,wfi13,eval,1000,5,0.000501567,1
libasdf_gwcs,../roman/.data/build21/r0000101001001001001_0001_wfi13_f158_cal.asdf,wfi13,eval,1000,6,0.000420413,1
libasdf_gwcs,../roman/.data/build21/r0000101001001001001_0001_wfi13_f158_cal.asdf,wfi13,eval,1000,7,0.000501803,1
libasdf_gwcs,../roman/.data/build21/r0000101001001001001_0001_wfi13_f158_cal.asdf,wfi13,eval,1000,8,0.000419397,1
libasdf_gwcs,../roman/.data/build21/r0000101001001001001_0001_wfi13_f158_cal.asdf,wfi13,eval,1000,9,0.000538068,1
libasdf_gwcs,../roman/.data/build21/r0000101001001001001_0001_wfi13_f158_cal.asdf,wfi13,eval,1000,10,0.000419903,1
libasdf_gwcs,../roman/.data/build21/r0000101001001001001_0001_wfi13_f158_cal.asdf,wfi13,eval,1000,11,0.000479017,1
libasdf_gwcs,../roman/.data/build21/r0000101001001001001_0001_wfi13_f158_cal.asdf,wfi13,eval,1000,12,0.000554735,1
libasdf_gwcs,../roman/.data/build21/r0000101001001001001_0001_wfi13_f158_cal.asdf,wfi13,eval,1000,13,0.000497984,1
libasdf_gwcs,../roman/.data/build21/r0000101001001001001_0001_wfi13_f158_cal.asdf,wfi13,eval,1000,14,0.000421228,1
libasdf_gwcs,../roman/.data/build21/r0000101001001001001_0001_wfi13_f158_cal.asdf,wfi13,eval,10000,0,0.005994760,1
libasdf_gwcs,../roman/.data/build21/r0000101001001001001_0001_wfi13_f158_cal.asdf,wfi13,eval,10000,1,0.005483241,1
libasdf_gwcs,../roman/.data/build21/r0000101001001001001_0001_wfi13_f158_cal.asdf,wfi13,eval,10000,2,0.007410948,1
libasdf_gwcs,../roman/.data/build21/r0000101001001001001_0001_wfi13_f158_cal.asdf,wfi13,eval,10000,3,0.006207633,1
libasdf_gwcs,../roman/.data/build21/r0000101001001001001_0001_wfi13_f158_cal.asdf,wfi13,eval,10000,4,0.006267878,1
libasdf_gwcs,../roman/.data/build21/r0000101001001001001_0001_wfi13_f158_cal.asdf,wfi13,eval,10000,5,0.005710767,1
libasdf_gwcs,../roman/.data/build21/r0000101001001001001_0001_wfi13_f158_cal.asdf,wfi13,eval,10000,6,0.005709380,1
libasdf_gwcs,../roman/.data/build21/r0000101001001001001_0001_wfi13_f158_cal.asdf,wfi13,eval,10000,7,0.006062540,1
libasdf_gwcs,../roman/.data/build21/r0000101001001001001_0001_wfi13_f158_cal.asdf,wfi13,eval,100000,0,0.060769735,1
libasdf_gwcs,../roman/.data/build21/r0000101001001001001_0001_wfi13_f158_cal.asdf,wfi13,eval,100000,1,0.061216756,1
libasdf_gwcs,../roman/.data/build21/r0000101001001001001_0001_wfi13_f158_cal.asdf,wfi13,eval,100000,2,0.062204289,1
libasdf_gwcs,../roman/.data/build21/r0000101001001001001_0001_wfi13_f158_cal.asdf,wfi13,eval,100000,3,0.061086550,1
libasdf_gwcs,../roman/.data/build21/r0000101001001001001_0001_wfi13_f158_cal.asdf,wfi13,eval,100000,4,0.061764693,1
libasdf_gwcs,../roman/.data/build21/r0000101001001001001_0001_wfi13_f158_cal.asdf,wfi13,eval,1000000,0,0.644252059,1
libasdf_gwcs,../roman/.data/build21/r0000101001001001001_0001_wfi13_f158_cal.asdf,wfi13,eval,1000000,1,0.622904493,1
libasdf_gwcs,../roman/.data/build21/r0000101001001001001_0001_wfi13_f158_cal.asdf,wfi13,eval,1000000,2,0.681364822,1
libasdf_gwcs,../roman/.data/build21/r0000101001001001001_0001_wfi13_f158_cal.asdf,wfi13,eval,10000000,0,6.469436944,1
libasdf_gwcs,../roman/.data/build21/r0000101001001001001_0001_wfi13_f158_cal.asdf,wfi13,eval,10000000,1,6.407935307,1
libasdf_gwcs,../roman/.data/build21/r0000101001001001001_0001_wfi13_f158_cal.asdf,wfi13,eval,16711744,0,10.905335394,1
libasdf_gwcs,../roman/.data/build21/r0000101001001001001_0001_wfi13_f158_cal.asdf,wfi13,eval,16711744,1,10.516208938,1
libasdf_gwcs,../roman/.data/build21/r0000101001001001001_0001_wfi14_f158_cal.asdf,wfi14,parse_cold,0,0,0.023046922,1
libasdf_gwcs,../roman/.data/build21/r0000101001001001001_0001_wfi14_f158_cal.asdf,wfi14,parse_hot,0,0,0.010782693,1
libasdf_gwcs,../roman/.data/build21/r0000101001001001001_0001_wfi14_f158_cal.asdf,wfi14,eval,1,0,0.000074291,1
libasdf_gwcs,../roman/.data/build21/r0000101001001001001_0001_wfi14_f158_cal.asdf,wfi14,eval,1,1,0.000066074,1
libasdf_gwcs,../roman/.data/build21/r0000101001001001001_0001_wfi14_f158_cal.asdf,wfi14,eval,1,2,0.000048041,1
libasdf_gwcs,../roman/.data/build21/r0000101001001001001_0001_wfi14_f158_cal.asdf,wfi14,eval,1,3,0.000040133,1
libasdf_gwcs,../roman/.data/build21/r0000101001001001001_0001_wfi14_f158_cal.asdf,wfi14,eval,1,4,0.000039856,1
libasdf_gwcs,../roman/.data/build21/r0000101001001001001_0001_wfi14_f158_cal.asdf,wfi14,eval,1,5,0.000071272,1
libasdf_gwcs,../roman/.data/build21/r0000101001001001001_0001_wfi14_f158_cal.asdf,wfi14,eval,1,6,0.000041302,1
libasdf_gwcs,../roman/.data/build21/r0000101001001001001_0001_wfi14_f158_cal.asdf,wfi14,eval,1,7,0.000040814,1
libasdf_gwcs,../roman/.data/build21/r0000101001001001001_0001_wfi14_f158_cal.asdf,wfi14,eval,1,8,0.000084783,1
libasdf_gwcs,../roman/.data/build21/r0000101001001001001_0001_wfi14_f158_cal.asdf,wfi14,eval,1,9,0.000039662,1
libasdf_gwcs,../roman/.data/build21/r0000101001001001001_0001_wfi14_f158_cal.asdf,wfi14,eval,1,10,0.000039502,1
libasdf_gwcs,../roman/.data/build21/r0000101001001001001_0001_wfi14_f158_cal.asdf,wfi14,eval,1,11,0.000039520,1
libasdf_gwcs,../roman/.data/build21/r0000101001001001001_0001_wfi14_f158_cal.asdf,wfi14,eval,1,12,0.000039636,1
libasdf_gwcs,../roman/.data/build21/r0000101001001001001_0001_wfi14_f158_cal.asdf,wfi14,eval,1,13,0.000039528,1
libasdf_gwcs,../roman/.data/build21/r0000101001001001001_0001_wfi14_f158_cal.asdf,wfi14,eval,1,14,0.000039496,1
libasdf_gwcs,../roman/.data/build21/r0000101001001001001_0001_wfi14_f158_cal.asdf,wfi14,eval,1,15,0.000039643,1
libasdf_gwcs,../roman/.data/build21/r0000101001001001001_0001_wfi14_f158_cal.asdf,wfi14,eval,1,16,0.000039759,1
libasdf_gwcs,../roman/.data/build21/r0000101001001001001_0001_wfi14_f158_cal.asdf,wfi14,eval,1,17,0.000039619,1
libasdf_gwcs,../roman/.data/build21/r0000101001001001001_0001_wfi14_f158_cal.asdf,wfi14,eval,1,18,0.000039471,1
libasdf_gwcs,../roman/.data/build21/r0000101001001001001_0001_wfi14_f158_cal.asdf,wfi14,eval,1,19,0.000039705,1
libasdf_gwcs,../roman/.data/build21/r0000101001001001001_0001_wfi14_f158_cal.asdf,wfi14,eval,1,20,0.000039702,1
libasdf_gwcs,../roman/.data/build21/r0000101001001001001_0001_wfi14_f158_cal.asdf,wfi14,eval,1,21,0.000039593,1
libasdf_gwcs,../roman/.data/build21/r0000101001001001001_0001_wfi14_f158_cal.asdf,wfi14,eval,1,22,0.000040032,1
libasdf_gwcs,../roman/.data/build21/r0000101001001001001_0001_wfi14_f158_cal.asdf,wfi14,eval,1,23,0.000039496,1
libasdf_gwcs,../roman/.data/build21/r0000101001001001001_0001_wfi14_f158_cal.asdf,wfi14,eval,1,24,0.000039488,1
libasdf_gwcs,../roman/.data/build21/r0000101001001001001_0001_wfi14_f158_cal.asdf,wfi14,eval,1,25,0.000039582,1
libasdf_gwcs,../roman/.data/build21/r0000101001001001001_0001_wfi14_f158_cal.asdf,wfi14,eval,1,26,0.000039401,1
libasdf_gwcs,../roman/.data/build21/r0000101001001001001_0001_wfi14_f158_cal.asdf,wfi14,eval,1,27,0.000075900,1
libasdf_gwcs,../roman/.data/build21/r0000101001001001001_0001_wfi14_f158_cal.asdf,wfi14,eval,1,28,0.000070291,1
libasdf_gwcs,../roman/.data/build21/r0000101001001001001_0001_wfi14_f158_cal.asdf,wfi14,eval,1,29,0.000039981,1
libasdf_gwcs,../roman/.data/build21/r0000101001001001001_0001_wfi14_f158_cal.asdf,wfi14,eval,1,30,0.000039818,1
libasdf_gwcs,../roman/.data/build21/r0000101001001001001_0001_wfi14_f158_cal.asdf,wfi14,eval,1,31,0.000039721,1
libasdf_gwcs,../roman/.data/build21/r0000101001001001001_0001_wfi14_f158_cal.asdf,wfi14,eval,1,32,0.000039618,1
libasdf_gwcs,../roman/.data/build21/r0000101001001001001_0001_wfi14_f158_cal.asdf,wfi14,eval,1,33,0.000039596,1
libasdf_gwcs,../roman/.data/build21/r0000101001001001001_0001_wfi14_f158_cal.asdf,wfi14,eval,1,34,0.000039628,1
libasdf_gwcs,../roman/.data/build21/r0000101001001001001_0001_wfi14_f158_cal.asdf,wfi14,eval,1,35,0.000039703,1
libasdf_gwcs,../roman/.data/build21/r0000101001001001001_0001_wfi14_f158_cal.asdf,wfi14,eval,1,36,0.000039750,1
libasdf_gwcs,../roman/.data/build21/r0000101001001001001_0001_wfi14_f158_cal.asdf,wfi14,eval,1,37,0.000041621,1
libasdf_gwcs,../roman/.data/build21/r0000101001001001001_0001_wfi14_f158_cal.asdf,wfi14,eval,1,38,0.000040086,1
libasdf_gwcs,../roman/.data/build21/r0000101001001001001_0001_wfi14_f158_cal.asdf,wfi14,eval,1,39,0.000039937,1
libasdf_gwcs,../roman/.data/build21/r0000101001001001001_0001_wfi14_f158_cal.asdf,wfi14,eval,1,40,0.000039748,1
libasdf_gwcs,../roman/.data/build21/r0000101001001001001_0001_wfi14_f158_cal.asdf,wfi14,eval,1,41,0.000039850,1
libasdf_gwcs,../roman/.data/build21/r0000101001001001001_0001_wfi14_f158_cal.asdf,wfi14,eval,1,42,0.000039611,1
libasdf_gwcs,../roman/.data/build21/r0000101001001001001_0001_wfi14_f158_cal.asdf,wfi14,eval,1,43,0.000039805,1
libasdf_gwcs,../roman/.data/build21/r0000101001001001001_0001_wfi14_f158_cal.asdf,wfi14,eval,1,44,0.000039962,1
libasdf_gwcs,../roman/.data/build21/r0000101001001001001_0001_wfi14_f158_cal.asdf,wfi14,eval,1,45,0.000039843,1
libasdf_gwcs,../roman/.data/build21/r0000101001001001001_0001_wfi14_f158_cal.asdf,wfi14,eval,1,46,0.000039876,1
libasdf_gwcs,../roman/.data/build21/r0000101001001001001_0001_wfi14_f158_cal.asdf,wfi14,eval,1,47,0.000039736,1
libasdf_gwcs,../roman/.data/build21/r0000101001001001001_0001_wfi14_f158_cal.asdf,wfi14,eval,1,48,0.000039781,1
libasdf_gwcs,../roman/.data/build21/r0000101001001001001_0001_wfi14_f158_cal.asdf,wfi14,eval,1,49,0.000039966,1
libasdf_gwcs,../roman/.data/build21/r0000101001001001001_0001_wfi14_f158_cal.asdf,wfi14,eval,10,0,0.000054940,1
libasdf_gwcs,../roman/.data/build21/r0000101001001001001_0001_wfi14_f158_cal.asdf,wfi14,eval,10,1,0.000060190,1
libasdf_gwcs,../roman/.data/build21/r0000101001001001001_0001_wfi14_f158_cal.asdf,wfi14,eval,10,2,0.000045093,1
libasdf_gwcs,../roman/.data/build21/r0000101001001001001_0001_wfi14_f158_cal.asdf,wfi14,eval,10,3,0.000060192,1
libasdf_gwcs,../roman/.data/build21/r0000101001001001001_0001_wfi14_f158_cal.asdf,wfi14,eval,10,4,0.000071877,1
libasdf_gwcs,../roman/.data/build21/r0000101001001001001_0001_wfi14_f158_cal.asdf,wfi14,eval,10,5,0.000067325,1
libasdf_gwcs,../roman/.data/build21/r0000101001001001001_0001_wfi14_f158_cal.asdf,wfi14,eval,10,6,0.000113452,1
libasdf_gwcs,../roman/.data/build21/r0000101001001001001_0001_wfi14_f158_cal.asdf,wfi14,eval,10,7,0.000091870,1
libasdf_gwcs,../roman/.data/build21/r0000101001001001001_0001_wfi14_f158_cal.asdf,wfi14,eval,10,8,0.000084543,1
libasdf_gwcs,../roman/.data/build21/r0000101001001001001_0001_wfi14_f158_cal.asdf,wfi14,eval,10,9,0.000090122,1
libasdf_gwcs,../roman/.data/build21/r0000101001001001001_0001_wfi14_f158_cal.asdf,wfi14,eval,10,10,0.000069691,1
libasdf_gwcs,../roman/.data/build21/r0000101001001001001_0001_wfi14_f158_cal.asdf,wfi14,eval,10,11,0.000050381,1
libasdf_gwcs,../roman/.data/build21/r0000101001001001001_0001_wfi14_f158_cal.asdf,wfi14,eval,10,12,0.000050201,1
libasdf_gwcs,../roman/.data/build21/r0000101001001001001_0001_wfi14_f158_cal.asdf,wfi14,eval,10,13,0.000087084,1
libasdf_gwcs,../roman/.data/build21/r0000101001001001001_0001_wfi14_f158_cal.asdf,wfi14,eval,10,14,0.000087345,1
libasdf_gwcs,../roman/.data/build21/r0000101001001001001_0001_wfi14_f158_cal.asdf,wfi14,eval,10,15,0.000044364,1
libasdf_gwcs,../roman/.data/build21/r0000101001001001001_0001_wfi14_f158_cal.asdf,wfi14,eval,10,16,0.000043549,1
libasdf_gwcs,../roman/.data/build21/r0000101001001001001_0001_wfi14_f158_cal.asdf,wfi14,eval,10,17,0.000043442,1
libasdf_gwcs,../roman/.data/build21/r0000101001001001001_0001_wfi14_f158_cal.asdf,wfi14,eval,10,18,0.000043492,1
libasdf_gwcs,../roman/.data/build21/r0000101001001001001_0001_wfi14_f158_cal.asdf,wfi14,eval,10,19,0.000043282,1
libasdf_gwcs,../roman/.data/build21/r0000101001001001001_0001_wfi14_f158_cal.asdf,wfi14,eval,10,20,0.000043658,1
libasdf_gwcs,../roman/.data/build21/r0000101001001001001_0001_wfi14_f158_cal.asdf,wfi14,eval,10,21,0.000043401,1
libasdf_gwcs,../roman/.data/build21/r0000101001001001001_0001_wfi14_f158_cal.asdf,wfi14,eval,10,22,0.000043381,1
libasdf_gwcs,../roman/.data/build21/r0000101001001001001_0001_wfi14_f158_cal.asdf,wfi14,eval,10,23,0.000043279,1
libasdf_gwcs,../roman/.data/build21/r0000101001001001001_0001_wfi14_f158_cal.asdf,wfi14,eval,10,24,0.000043255,1
libasdf_gwcs,../roman/.data/build21/r0000101001001001001_0001_wfi14_f158_cal.asdf,wfi14,eval,10,25,0.000043253,1
libasdf_gwcs,../roman/.data/build21/r0000101001001001001_0001_wfi14_f158_cal.asdf,wfi14,eval,10,26,0.000043311,1
libasdf_gwcs,../roman/.data/build21/r0000101001001001001_0001_wfi14_f158_cal.asdf,wfi14,eval,10,27,0.000043087,1
libasdf_gwcs,../roman/.data/build21/r0000101001001001001_0001_wfi14_f158_cal.asdf,wfi14,eval,10,28,0.000043187,1
libasdf_gwcs,../roman/.data/build21/r0000101001001001001_0001_wfi14_f158_cal.asdf,wfi14,eval,10,29,0.000043223,1
libasdf_gwcs,../roman/.data/build21/r0000101001001001001_0001_wfi14_f158_cal.asdf,wfi14,eval,10,30,0.000043388,1
libasdf_gwcs,../roman/.data/build21/r0000101001001001001_0001_wfi14_f158_cal.asdf,wfi14,eval,10,31,0.000043179,1
libasdf_gwcs,../roman/.data/build21/r0000101001001001001_0001_wfi14_f158_cal.asdf,wfi14,eval,10,32,0.000043334,1
libasdf_gwcs,../roman/.data/build21/r0000101001001001001_0001_wfi14_f158_cal.asdf,wfi14,eval,10,33,0.000043171,1
libasdf_gwcs,../roman/.data/build21/r0000101001001001001_0001_wfi14_f158_cal.asdf,wfi14,eval,10,34,0.000047346,1
libasdf_gwcs,../roman/.data/build21/r0000101001001001001_0001_wfi14_f158_cal.asdf,wfi14,eval,10,35,0.000079123,1
libasdf_gwcs,../roman/.data/build21/r0000101001001001001_0001_wfi14_f158_cal.asdf,wfi14,eval,10,36,0.000066976,1
libasdf_gwcs,../roman/.data/build21/r0000101001001001001_0001_wfi14_f158_cal.asdf,wfi14,eval,10,37,0.000044643,1
libasdf_gwcs,../roman/.data/build21/r0000101001001001001_0001_wfi14_f158_cal.asdf,wfi14,eval,10,38,0.000043599,1
libasdf_gwcs,../roman/.data/build21/r0000101001001001001_0001_wfi14_f158_cal.asdf,wfi14,eval,10,39,0.000043381,1
libasdf_gwcs,../roman/.data/build21/r0000101001001001001_0001_wfi14_f158_cal.asdf,wfi14,eval,10,40,0.000043305,1
libasdf_gwcs,../roman/.data/build21/r0000101001001001001_0001_wfi14_f158_cal.asdf,wfi14,eval,10,41,0.000043333,1
libasdf_gwcs,../roman/.data/build21/r0000101001001001001_0001_wfi14_f158_cal.asdf,wfi14,eval,10,42,0.000043312,1
libasdf_gwcs,../roman/.data/build21/r0000101001001001001_0001_wfi14_f158_cal.asdf,wfi14,eval,10,43,0.000043351,1
libasdf_gwcs,../roman/.data/build21/r0000101001001001001_0001_wfi14_f158_cal.asdf,wfi14,eval,10,44,0.000043250,1
libasdf_gwcs,../roman/.data/build21/r0000101001001001001_0001_wfi14_f158_cal.asdf,wfi14,eval,10,45,0.000043175,1
libasdf_gwcs,../roman/.data/build21/r0000101001001001001_0001_wfi14_f158_cal.asdf,wfi14,eval,10,46,0.000043320,1
libasdf_gwcs,../roman/.data/build21/r0000101001001001001_0001_wfi14_f158_cal.asdf,wfi14,eval,10,47,0.000043359,1
libasdf_gwcs,../roman/.data/build21/r0000101001001001001_0001_wfi14_f158_cal.asdf,wfi14,eval,10,48,0.000043302,1
libasdf_gwcs,../roman/.data/build21/r0000101001001001001_0001_wfi14_f158_cal.asdf,wfi14,eval,10,49,0.000043323,1
libasdf_gwcs,../roman/.data/build21/r0000101001001001001_0001_wfi14_f158_cal.asdf,wfi14,eval,100,0,0.000323883,1
libasdf_gwcs,../roman/.data/build21/r0000101001001001001_0001_wfi14_f158_cal.asdf,wfi14,eval,100,1,0.000172595,1
libasdf_gwcs,../roman/.data/build21/r0000101001001001001_0001_wfi14_f158_cal.asdf,wfi14,eval,100,2,0.000128264,1
libasdf_gwcs,../roman/.data/build21/r0000101001001001001_0001_wfi14_f158_cal.asdf,wfi14,eval,100,3,0.000081983,1
libasdf_gwcs,../roman/.data/build21/r0000101001001001001_0001_wfi14_f158_cal.asdf,wfi14,eval,100,4,0.000081695,1
libasdf_gwcs,../roman/.data/build21/r0000101001001001001_0001_wfi14_f158_cal.asdf,wfi14,eval,100,5,0.000081785,1
libasdf_gwcs,../roman/.data/build21/r0000101001001001001_0001_wfi14_f158_cal.asdf,wfi14,eval,100,6,0.000081564,1
libasdf_gwcs,../roman/.data/build21/r0000101001001001001_0001_wfi14_f158_cal.asdf,wfi14,eval,100,7,0.000081548,1
libasdf_gwcs,../roman/.data/build21/r0000101001001001001_0001_wfi14_f158_cal.asdf,wfi14,eval,100,8,0.000081307,1
libasdf_gwcs,../roman/.data/build21/r0000101001001001001_0001_wfi14_f158_cal.asdf,wfi14,eval,100,9,0.000081378,1
libasdf_gwcs,../roman/.data/build21/r0000101001001001001_0001_wfi14_f158_cal.asdf,wfi14,eval,100,10,0.000147101,1
libasdf_gwcs,../roman/.data/build21/r0000101001001001001_0001_wfi14_f158_cal.asdf,wfi14,eval,100,11,0.000119206,1
libasdf_gwcs,../roman/.data/build21/r0000101001001001001_0001_wfi14_f158_cal.asdf,wfi14,eval,100,12,0.000084068,1
libasdf_gwcs,../roman/.data/build21/r0000101001001001001_0001_wfi14_f158_cal.asdf,wfi14,eval,100,13,0.000084418,1
libasdf_gwcs,../roman/.data/build21/r0000101001001001001_0001_wfi14_f158_cal.asdf,wfi14,eval,100,14,0.000083815,1
libasdf_gwcs,../roman/.data/build21/r0000101001001001001_0001_wfi14_f158_cal.asdf,wfi14,eval,100,15,0.000083949,1
libasdf_gwcs,../roman/.data/build21/r0000101001001001001_0001_wfi14_f158_cal.asdf,wfi14,eval,100,16,0.000084153,1
libasdf_gwcs,../roman/.data/build21/r0000101001001001001_0001_wfi14_f158_cal.asdf,wfi14,eval,100,17,0.000084153,1
libasdf_gwcs,../roman/.data/build21/r0000101001001001001_0001_wfi14_f158_cal.asdf,wfi14,eval,100,18,0.000084078,1
libasdf_gwcs,../roman/.data/build21/r0000101001001001001_0001_wfi14_f158_cal.asdf,wfi14,eval,100,19,0.000084080,1
libasdf_gwcs,../roman/.data/build21/r0000101001001001001_0001_wfi14_f158_cal.asdf,wfi14,eval,100,20,0.000083964,1
libasdf_gwcs,../roman/.data/build21/r0000101001001001001_0001_wfi14_f158_cal.asdf,wfi14,eval,100,21,0.000142178,1
libasdf_gwcs,../roman/.data/build21/r0000101001001001001_0001_wfi14_f158_cal.asdf,wfi14,eval,100,22,0.000084293,1
libasdf_gwcs,../roman/.data/build21/r0000101001001001001_0001_wfi14_f158_cal.asdf,wfi14,eval,100,23,0.000084426,1
libasdf_gwcs,../roman/.data/build21/r0000101001001001001_0001_wfi14_f158_cal.asdf,wfi14,eval,100,24,0.000083740,1
libasdf_gwcs,../roman/.data/build21/r0000101001001001001_0001_wfi14_f158_cal.asdf,wfi14,eval,100,25,0.000083683,1
libasdf_gwcs,../roman/.data/build21/r0000101001001001001_0001_wfi14_f158_cal.asdf,wfi14,eval,100,26,0.000083808,1
libasdf_gwcs,../roman/.data/build21/r0000101001001001001_0001_wfi14_f158_cal.asdf,wfi14,eval,100,27,0.000083824,1
libasdf_gwcs,../roman/.data/build21/r0000101001001001001_0001_wfi14_f158_cal.asdf,wfi14,eval,100,28,0.000083436,1
libasdf_gwcs,../roman/.data/build21/r0000101001001001001_0001_wfi14_f158_cal.asdf,wfi14,eval,100,29,0.000083686,1
libasdf_gwcs,../roman/.data/build21/r0000101001001001001_0001_wfi14_f158_cal.asdf,wfi14,eval,1000,0,0.000708552,1
libasdf_gwcs,../roman/.data/build21/r0000101001001001001_0001_wfi14_f158_cal.asdf,wfi14,eval,1000,1,0.000594944,1
libasdf_gwcs,../roman/.data/build21/r0000101001001001001_0001_wfi14_f158_cal.asdf,wfi14,eval,1000,2,0.000652467,1
libasdf_gwcs,../roman/.data/build21/r0000101001001001001_0001_wfi14_f158_cal.asdf,wfi14,eval,1000,3,0.000537897,1
libasdf_gwcs,../roman/.data/build21/r0000101001001001001_0001_wfi14_f158_cal.asdf,wfi14,eval,1000,4,0.000456209,1
libasdf_gwcs,../roman/.data/build21/r0000101001001001001_0001_wfi14_f158_cal.asdf,wfi14,eval,1000,5,0.000622030,1
libasdf_gwcs,../roman/.data/build21/r0000101001001001001_0001_wfi14_f158_cal.asdf,wfi14,eval,1000,6,0.000534645,1
libasdf_gwcs,../roman/.data/build21/r0000101001001001001_0001_wfi14_f158_cal.asdf,wfi14,eval,1000,7,0.000525349,1
libasdf_gwcs,../roman/.data/build21/r0000101001001001001_0001_wfi14_f158_cal.asdf,wfi14,eval,1000,8,0.000530446,1
libasdf_gwcs,../roman/.data/build21/r0000101001001001001_0001_wfi14_f158_cal.asdf,wfi14,eval,1000,9,0.000513426,1
libasdf_gwcs,../roman/.data/build21/r0000101001001001001_0001_wfi14_f158_cal.asdf,wfi14,eval,1000,10,0.000455712,1
libasdf_gwcs,../roman/.data/build21/r0000101001001001001_0001_wfi14_f158_cal.asdf,wfi14,eval,1000,11,0.000512081,1
libasdf_gwcs,../roman/.data/build21/r0000101001001001001_0001_wfi14_f158_cal.asdf,wfi14,eval,1000,12,0.000500049,1
libasdf_gwcs,../roman/.data/build21/r0000101001001001001_0001_wfi14_f158_cal.asdf,wfi14,eval,1000,13,0.000475125,1
libasdf_gwcs,../roman/.data/build21/r0000101001001001001_0001_wfi14_f158_cal.asdf,wfi14,eval,1000,14,0.000420426,1
libasdf_gwcs,../roman/.data/build21/r0000101001001001001_0001_wfi14_f158_cal.asdf,wfi14,eval,10000,0,0.006174230,1
libasdf_gwcs,../roman/.data/build21/r0000101001001001001_0001_wfi14_f158_cal.asdf,wfi14,eval,10000,1,0.006193807,1
libasdf_gwcs,../roman/.data/build21/r0000101001001001001_0001_wfi14_f158_cal.asdf,wfi14,eval,10000,2,0.006196363,1
libasdf_gwcs,../roman/.data/build21/r0000101001001001001_0001_wfi14_f158_cal.asdf,wfi14,eval,10000,3,0.005866955,1
libasdf_gwcs,../roman/.data/build21/r0000101001001001001_0001_wfi14_f158_cal.asdf,wfi14,eval,10000,4,0.006419084,1
libasdf_gwcs,../roman/.data/build21/r0000101001001001001_0001_wfi14_f158_cal.asdf,wfi14,eval,10000,5,0.005812728,1
libasdf_gwcs,../roman/.data/build21/r0000101001001001001_0001_wfi14_f158_cal.asdf,wfi14,eval,10000,6,0.005804039,1
libasdf_gwcs,../roman/.data/build21/r0000101001001001001_0001_wfi14_f158_cal.asdf,wfi14,eval,10000,7,0.006067283,1
libasdf_gwcs,../roman/.data/build21/r0000101001001001001_0001_wfi14_f158_cal.asdf,wfi14,eval,100000,0,0.083649981,1
libasdf_gwcs,../roman/.data/build21/r0000101001001001001_0001_wfi14_f158_cal.asdf,wfi14,eval,100000,1,0.066069155,1
libasdf_gwcs,../roman/.data/build21/r0000101001001001001_0001_wfi14_f158_cal.asdf,wfi14,eval,100000,2,0.064662120,1
libasdf_gwcs,../roman/.data/build21/r0000101001001001001_0001_wfi14_f158_cal.asdf,wfi14,eval,100000,3,0.062536946,1
libasdf_gwcs,../roman/.data/build21/r0000101001001001001_0001_wfi14_f158_cal.asdf,wfi14,eval,100000,4,0.064181005,1
libasdf_gwcs,../roman/.data/build21/r0000101001001001001_0001_wfi14_f158_cal.asdf,wfi14,eval,1000000,0,0.632493396,1
libasdf_gwcs,../roman/.data/build21/r0000101001001001001_0001_wfi14_f158_cal.asdf,wfi14,eval,1000000,1,0.663375948,1
libasdf_gwcs,../roman/.data/build21/r0000101001001001001_0001_wfi14_f158_cal.asdf,wfi14,eval,1000000,2,0.654401690,1
libasdf_gwcs,../roman/.data/build21/r0000101001001001001_0001_wfi14_f158_cal.asdf,wfi14,eval,10000000,0,6.435466017,1
libasdf_gwcs,../roman/.data/build21/r0000101001001001001_0001_wfi14_f158_cal.asdf,wfi14,eval,10000000,1,6.471521475,1
libasdf_gwcs,../roman/.data/build21/r0000101001001001001_0001_wfi14_f158_cal.asdf,wfi14,eval,16711744,0,10.871783017,1
libasdf_gwcs,../roman/.data/build21/r0000101001001001001_0001_wfi14_f158_cal.asdf,wfi14,eval,16711744,1,11.719867622,1
libasdf_gwcs,../roman/.data/build21/r0000101001001001001_0001_wfi15_f158_cal.asdf,wfi15,parse_cold,0,0,0.016535247,1
libasdf_gwcs,../roman/.data/build21/r0000101001001001001_0001_wfi15_f158_cal.asdf,wfi15,parse_hot,0,0,0.006786851,1
libasdf_gwcs,../roman/.data/build21/r0000101001001001001_0001_wfi15_f158_cal.asdf,wfi15,eval,1,0,0.000026776,1
libasdf_gwcs,../roman/.data/build21/r0000101001001001001_0001_wfi15_f158_cal.asdf,wfi15,eval,1,1,0.000016353,1
libasdf_gwcs,../roman/.data/build21/r0000101001001001001_0001_wfi15_f158_cal.asdf,wfi15,eval,1,2,0.000015861,1
libasdf_gwcs,../roman/.data/build21/r0000101001001001001_0001_wfi15_f158_cal.asdf,wfi15,eval,1,3,0.000016537,1
libasdf_gwcs,../roman/.data/build21/r0000101001001001001_0001_wfi15_f158_cal.asdf,wfi15,eval,1,4,0.000018700,1
libasdf_gwcs,../roman/.data/build21/r0000101001001001001_0001_wfi15_f158_cal.asdf,wfi15,eval,1,5,0.000016505,1
libasdf_gwcs,../roman/.data/build21/r0000101001001001001_0001_wfi15_f158_cal.asdf,wfi15,eval,1,6,0.000015371,1
libasdf_gwcs,../roman/.data/build21/r0000101001001001001_0001_wfi15_f158_cal.asdf,wfi15,eval,1,7,0.000015362,1
libasdf_gwcs,../roman/.data/build21/r0000101001001001001_0001_wfi15_f158_cal.asdf,wfi15,eval,1,8,0.000015659,1
libasdf_gwcs,../roman/.data/build21/r0000101001001001001_0001_wfi15_f158_cal.asdf,wfi15,eval,1,9,0.000015256,1
libasdf_gwcs,../roman/.data/build21/r0000101001001001001_0001_wfi15_f158_cal.asdf,wfi15,eval,1,10,0.000015188,1
libasdf_gwcs,../roman/.data/build21/r0000101001001001001_0001_wfi15_f158_cal.asdf,wfi15,eval,1,11,0.000015320,1
libasdf_gwcs,../roman/.data/build21/r0000101001001001001_0001_wfi15_f158_cal.asdf,wfi15,eval,1,12,0.000015195,1
libasdf_gwcs,../roman/.data/build21/r0000101001001001001_0001_wfi15_f158_cal.asdf,wfi15,eval,1,13,0.000015178,1
libasdf_gwcs,../roman/.data/build21/r0000101001001001001_0001_wfi15_f158_cal.asdf,wfi15,eval,1,14,0.000015204,1
libasdf_gwcs,../roman/.data/build21/r0000101001001001001_0001_wfi15_f158_cal.asdf,wfi15,eval,1,15,0.000015286,1
libasdf_gwcs,../roman/.data/build21/r0000101001001001001_0001_wfi15_f158_cal.asdf,wfi15,eval,1,16,0.000015177,1
libasdf_gwcs,../roman/.data/build21/r0000101001001001001_0001_wfi15_f158_cal.asdf,wfi15,eval,1,17,0.000015181,1
libasdf_gwcs,../roman/.data/build21/r0000101001001001001_0001_wfi15_f158_cal.asdf,wfi15,eval,1,18,0.000015301,1
libasdf_gwcs,../roman/.data/build21/r0000101001001001001_0001_wfi15_f158_cal.asdf,wfi15,eval,1,19,0.000015240,1
libasdf_gwcs,../roman/.data/build21/r0000101001001001001_0001_wfi15_f158_cal.asdf,wfi15,eval,1,20,0.000015150,1
libasdf_gwcs,../roman/.data/build21/r0000101001001001001_0001_wfi15_f158_cal.asdf,wfi15,eval,1,21,0.000015263,1
libasdf_gwcs,../roman/.data/build21/r0000101001001001001_0001_wfi15_f158_cal.asdf,wfi15,eval,1,22,0.000015151,1
libasdf_gwcs,../roman/.data/build21/r0000101001001001001_0001_wfi15_f158_cal.asdf,wfi15,eval,1,23,0.000015244,1
libasdf_gwcs,../roman/.data/build21/r0000101001001001001_0001_wfi15_f158_cal.asdf,wfi15,eval,1,24,0.000015242,1
libasdf_gwcs,../roman/.data/build21/r0000101001001001001_0001_wfi15_f158_cal.asdf,wfi15,eval,1,25,0.000015183,1
libasdf_gwcs,../roman/.data/build21/r0000101001001001001_0001_wfi15_f158_cal.asdf,wfi15,eval,1,26,0.000015130,1
libasdf_gwcs,../roman/.data/build21/r0000101001001001001_0001_wfi15_f158_cal.asdf,wfi15,eval,1,27,0.000015234,1
libasdf_gwcs,../roman/.data/build21/r0000101001001001001_0001_wfi15_f158_cal.asdf,wfi15,eval,1,28,0.000015160,1
libasdf_gwcs,../roman/.data/build21/r0000101001001001001_0001_wfi15_f158_cal.asdf,wfi15,eval,1,29,0.000015226,1
libasdf_gwcs,../roman/.data/build21/r0000101001001001001_0001_wfi15_f158_cal.asdf,wfi15,eval,1,30,0.000015308,1
libasdf_gwcs,../roman/.data/build21/r0000101001001001001_0001_wfi15_f158_cal.asdf,wfi15,eval,1,31,0.000015082,1
libasdf_gwcs,../roman/.data/build21/r0000101001001001001_0001_wfi15_f158_cal.asdf,wfi15,eval,1,32,0.000015152,1
libasdf_gwcs,../roman/.data/build21/r0000101001001001001_0001_wfi15_f158_cal.asdf,wfi15,eval,1,33,0.000015302,1
libasdf_gwcs,../roman/.data/build21/r0000101001001001001_0001_wfi15_f158_cal.asdf,wfi15,eval,1,34,0.000015269,1
libasdf_gwcs,../roman/.data/build21/r0000101001001001001_0001_wfi15_f158_cal.asdf,wfi15,eval,1,35,0.000015179,1
libasdf_gwcs,../roman/.data/build21/r0000101001001001001_0001_wfi15_f158_cal.asdf,wfi15,eval,1,36,0.000015201,1
libasdf_gwcs,../roman/.data/build21/r0000101001001001001_0001_wfi15_f158_cal.asdf,wfi15,eval,1,37,0.000016523,1
libasdf_gwcs,../roman/.data/build21/r0000101001001001001_0001_wfi15_f158_cal.asdf,wfi15,eval,1,38,0.000045111,1
libasdf_gwcs,../roman/.data/build21/r0000101001001001001_0001_wfi15_f158_cal.asdf,wfi15,eval,1,39,0.000030841,1
libasdf_gwcs,../roman/.data/build21/r0000101001001001001_0001_wfi15_f158_cal.asdf,wfi15,eval,1,40,0.000015478,1
libasdf_gwcs,../roman/.data/build21/r0000101001001001001_0001_wfi15_f158_cal.asdf,wfi15,eval,1,41,0.000015348,1
libasdf_gwcs,../roman/.data/build21/r0000101001001001001_0001_wfi15_f158_cal.asdf,wfi15,eval,1,42,0.000015344,1
libasdf_gwcs,../roman/.data/build21/r0000101001001001001_0001_wfi15_f158_cal.asdf,wfi15,eval,1,43,0.000015305,1
libasdf_gwcs,../roman/.data/build21/r0000101001001001001_0001_wfi15_f158_cal.asdf,wfi15,eval,1,44,0.000015272,1
libasdf_gwcs,../roman/.data/build21/r0000101001001001001_0001_wfi15_f158_cal.asdf,wfi15,eval,1,45,0.000015245,1
libasdf_gwcs,../roman/.data/build21/r0000101001001001001_0001_wfi15_f158_cal.asdf,wfi15,eval,1,46,0.000015366,1
libasdf_gwcs,../roman/.data/build21/r0000101001001001001_0001_wfi15_f158_cal.asdf,wfi15,eval,1,47,0.000015234,1
libasdf_gwcs,../roman/.data/build21/r0000101001001001001_0001_wfi15_f158_cal.asdf,wfi15,eval,1,48,0.000015593,1
libasdf_gwcs,../roman/.data/build21/r0000101001001001001_0001_wfi15_f158_cal.asdf,wfi15,eval,1,49,0.000015267,1
libasdf_gwcs,../roman/.data/build21/r0000101001001001001_0001_wfi15_f158_cal.asdf,wfi15,eval,10,0,0.000019763,1
libasdf_gwcs,../roman/.data/build21/r0000101001001001001_0001_wfi15_f158_cal.asdf,wfi15,eval,10,1,0.000060138,1
libasdf_gwcs,../roman/.data/build21/r0000101001001001001_0001_wfi15_f158_cal.asdf,wfi15,eval,10,2,0.000036996,1
libasdf_gwcs,../roman/.data/build21/r0000101001001001001_0001_wfi15_f158_cal.asdf,wfi15,eval,10,3,0.000018205,1
libasdf_gwcs,../roman/.data/build21/r0000101001001001001_0001_wfi15_f158_cal.asdf,wfi15,eval,10,4,0.000017921,1
libasdf_gwcs,../roman/.data/build21/r0000101001001001001_0001_wfi15_f158_cal.asdf,wfi15,eval,10,5,0.000036988,1
libasdf_gwcs,../roman/.data/build21/r0000101001001001001_0001_wfi15_f158_cal.asdf,wfi15,eval,10,6,0.000020090,1
libasdf_gwcs,../roman/.data/build21/r0000101001001001001_0001_wfi15_f158_cal.asdf,wfi15,eval,10,7,0.000019930,1
libasdf_gwcs,../roman/.data/build21/r0000101001001001001_0001_wfi15_f158_cal.asdf,wfi15,eval,10,8,0.000019833,1
libasdf_gwcs,../roman/.data/build21/r0000101001001001001_0001_wfi15_f158_cal.asdf,wfi15,eval,10,9,0.000019692,1
libasdf_gwcs,../roman/.data/build21/r0000101001001001001_0001_wfi15_f158_cal.asdf,wfi15,eval,10,10,0.000020054,1
libasdf_gwcs,../roman/.data/build21/r0000101001001001001_0001_wfi15_f158_cal.asdf,wfi15,eval,10,11,0.000019919,1
libasdf_gwcs,../roman/.data/build21/r0000101001001001001_0001_wfi15_f158_cal.asdf,wfi15,eval,10,12,0.000019866,1
libasdf_gwcs,../roman/.data/build21/r0000101001001001001_0001_wfi15_f158_cal.asdf,wfi15,eval,10,13,0.000030686,1
libasdf_gwcs,../roman/.data/build21/r0000101001001001001_0001_wfi15_f158_cal.asdf,wfi15,eval,10,14,0.000023221,1
libasdf_gwcs,../roman/.data/build21/r0000101001001001001_0001_wfi15_f158_cal.asdf,wfi15,eval,10,15,0.000038198,1
libasdf_gwcs,../roman/.data/build21/r0000101001001001001_0001_wfi15_f158_cal.asdf,wfi15,eval,10,16,0.000020824,1
libasdf_gwcs,../roman/.data/build21/r0000101001001001001_0001_wfi15_f158_cal.asdf,wfi15,eval,10,17,0.000019993,1
libasdf_gwcs,../roman/.data/build21/r0000101001001001001_0001_wfi15_f158_cal.asdf,wfi15,eval,10,18,0.000020003,1
libasdf_gwcs,../roman/.data/build21/r0000101001001001001_0001_wfi15_f158_cal.asdf,wfi15,eval,10,19,0.000019951,1
libasdf_gwcs,../roman/.data/build21/r0000101001001001001_0001_wfi15_f158_cal.asdf,wfi15,eval,10,20,0.000031738,1
libasdf_gwcs,../roman/.data/build21/r0000101001001001001_0001_wfi15_f158_cal.asdf,wfi15,eval,10,21,0.000017661,1
libasdf_gwcs,../roman/.data/build21/r0000101001001001001_0001_wfi15_f158_cal.asdf,wfi15,eval,10,22,0.000017588,1
libasdf_gwcs,../roman/.data/build21/r0000101001001001001_0001_wfi15_f158_cal.asdf,wfi15,eval,10,23,0.000038151,1
libasdf_gwcs,../roman/.data/build21/r0000101001001001001_0001_wfi15_f158_cal.asdf,wfi15,eval,10,24,0.000019903,1
libasdf_gwcs,../roman/.data/build21/r0000101001001001001_0001_wfi15_f158_cal.asdf,wfi15,eval,10,25,0.000019870,1
libasdf_gwcs,../roman/.data/build21/r0000101001001001001_0001_wfi15_f158_cal.asdf,wfi15,eval,10,26,0.000019865,1
libasdf_gwcs,../roman/.data/build21/r0000101001001001001_0001_wfi15_f158_cal.asdf,wfi15,eval,10,27,0.000019845,1
libasdf_gwcs,../roman/.data/build21/r0000101001001001001_0001_wfi15_f158_cal.asdf,wfi15,eval,10,28,0.000019855,1
libasdf_gwcs,../roman/.data/build21/r0000101001001001001_0001_wfi15_f158_cal.asdf,wfi15,eval,10,29,0.000019926,1
libasdf_gwcs,../roman/.data/build21/r0000101001001001001_0001_wfi15_f158_cal.asdf,wfi15,eval,10,30,0.000036689,1
libasdf_gwcs,../roman/.data/build21/r0000101001001001001_0001_wfi15_f158_cal.asdf,wfi15,eval,10,31,0.000021012,1
libasdf_gwcs,../roman/.data/build21/r0000101001001001001_0001_wfi15_f158_cal.asdf,wfi15,eval,10,32,0.000032889,1
libasdf_gwcs,../roman/.data/build21/r0000101001001001001_0001_wfi15_f158_cal.asdf,wfi15,eval,10,33,0.000017836,1
libasdf_gwcs,../roman/.data/build21/r0000101001001001001_0001_wfi15_f158_cal.asdf,wfi15,eval,10,34,0.000017703,1
libasdf_gwcs,../roman/.data/build21/r0000101001001001001_0001_wfi15_f158_cal.asdf,wfi15,eval,10,35,0.000017778,1
libasdf_gwcs,../roman/.data/build21/r0000101001001001001_0001_wfi15_f158_cal.asdf,wfi15,eval,10,36,0.000017741,1
libasdf_gwcs,../roman/.data/build21/r0000101001001001001_0001_wfi15_f158_cal.asdf,wfi15,eval,10,37,0.000018779,1
libasdf_gwcs,../roman/.data/build21/r0000101001001001001_0001_wfi15_f158_cal.asdf,wfi15,eval,10,38,0.000017912,1
libasdf_gwcs,../roman/.data/build21/r0000101001001001001_0001_wfi15_f158_cal.asdf,wfi15,eval,10,39,0.000017792,1
libasdf_gwcs,../roman/.data/build21/r0000101001001001001_0001_wfi15_f158_cal.asdf,wfi15,eval,10,40,0.000017763,1
libasdf_gwcs,../roman/.data/build21/r0000101001001001001_0001_wfi15_f158_cal.asdf,wfi15,eval,10,41,0.000017733,1
libasdf_gwcs,../roman/.data/build21/r0000101001001001001_0001_wfi15_f158_cal.asdf,wfi15,eval,10,42,0.000017702,1
libasdf_gwcs,../roman/.data/build21/r0000101001001001001_0001_wfi15_f158_cal.asdf,wfi15,eval,10,43,0.000017596,1
libasdf_gwcs,../roman/.data/build21/r0000101001001001001_0001_wfi15_f158_cal.asdf,wfi15,eval,10,44,0.000017752,1
libasdf_gwcs,../roman/.data/build21/r0000101001001001001_0001_wfi15_f158_cal.asdf,wfi15,eval,10,45,0.000017640,1
libasdf_gwcs,../roman/.data/build21/r0000101001001001001_0001_wfi15_f158_cal.asdf,wfi15,eval,10,46,0.000017673,1
libasdf_gwcs,../roman/.data/build21/r0000101001001001001_0001_wfi15_f158_cal.asdf,wfi15,eval,10,47,0.000017739,1
libasdf_gwcs,../roman/.data/build21/r0000101001001001001_0001_wfi15_f158_cal.asdf,wfi15,eval,10,48,0.000017758,1
libasdf_gwcs,../roman/.data/build21/r0000101001001001001_0001_wfi15_f158_cal.asdf,wfi15,eval,10,49,0.000017821,1
libasdf_gwcs,../roman/.data/build21/r0000101001001001001_0001_wfi15_f158_cal.asdf,wfi15,eval,100,0,0.000127241,1
libasdf_gwcs,../roman/.data/build21/r0000101001001001001_0001_wfi15_f158_cal.asdf,wfi15,eval,100,1,0.000083109,1
libasdf_gwcs,../roman/.data/build21/r0000101001001001001_0001_wfi15_f158_cal.asdf,wfi15,eval,100,2,0.000092604,1
libasdf_gwcs,../roman/.data/build21/r0000101001001001001_0001_wfi15_f158_cal.asdf,wfi15,eval,100,3,0.000058773,1
libasdf_gwcs,../roman/.data/build21/r0000101001001001001_0001_wfi15_f158_cal.asdf,wfi15,eval,100,4,0.000088324,1
libasdf_gwcs,../roman/.data/build21/r0000101001001001001_0001_wfi15_f158_cal.asdf,wfi15,eval,100,5,0.000051671,1
libasdf_gwcs,../roman/.data/build21/r0000101001001001001_0001_wfi15_f158_cal.asdf,wfi15,eval,100,6,0.000051717,1
libasdf_gwcs,../roman/.data/build21/r0000101001001001001_0001_wfi15_f158_cal.asdf,wfi15,eval,100,7,0.000069996,1
libasdf_gwcs,../roman/.data/build21/r0000101001001001001_0001_wfi15_f158_cal.asdf,wfi15,eval,100,8,0.000079835,1
libasdf_gwcs,../roman/.data/build21/r0000101001001001001_0001_wfi15_f158_cal.asdf,wfi15,eval,100,9,0.000042940,1
libasdf_gwcs,../roman/.data/build21/r0000101001001001001_0001_wfi15_f158_cal.asdf,wfi15,eval,100,10,0.000042871,1
libasdf_gwcs,../roman/.data/build21/r0000101001001001001_0001_wfi15_f158_cal.asdf,wfi15,eval,100,11,0.000043027,1
libasdf_gwcs,../roman/.data/build21/r0000101001001001001_0001_wfi15_f158_cal.asdf,wfi15,eval,100,12,0.000043062,1
libasdf_gwcs,../roman/.data/build21/r0000101001001001001_0001_wfi15_f158_cal.asdf,wfi15,eval,100,13,0.000043064,1
libasdf_gwcs,../roman/.data/build21/r0000101001001001001_0001_wfi15_f158_cal.asdf,wfi15,eval,100,14,0.000043039,1
libasdf_gwcs,../roman/.data/build21/r0000101001001001001_0001_wfi15_f158_cal.asdf,wfi15,eval,100,15,0.000043000,1
libasdf_gwcs,../roman/.data/build21/r0000101001001001001_0001_wfi15_f158_cal.asdf,wfi15,eval,100,16,0.000042950,1
libasdf_gwcs,../roman/.data/build21/r0000101001001001001_0001_wfi15_f158_cal.asdf,wfi15,eval,100,17,0.000043137,1
libasdf_gwcs,../roman/.data/build21/r0000101001001001001_0001_wfi15_f158_cal.asdf,wfi15,eval,100,18,0.000042907,1
libasdf_gwcs,../roman/.data/build21/r0000101001001001001_0001_wfi15_f158_cal.asdf,wfi15,eval,100,19,0.000042992,1
libasdf_gwcs,../roman/.data/build21/r0000101001001001001_0001_wfi15_f158_cal.asdf,wfi15,eval,100,20,0.000043158,1
libasdf_gwcs,../roman/.data/build21/r0000101001001001001_0001_wfi15_f158_cal.asdf,wfi15,eval,100,21,0.000043044,1
libasdf_gwcs,../roman/.data/build21/r0000101001001001001_0001_wfi15_f158_cal.asdf,wfi15,eval,100,22,0.000042997,1
libasdf_gwcs,../roman/.data/build21/r0000101001001001001_0001_wfi15_f158_cal.asdf,wfi15,eval,100,23,0.000043018,1
libasdf_gwcs,../roman/.data/build21/r0000101001001001001_0001_wfi15_f158_cal.asdf,wfi15,eval,100,24,0.000043034,1
libasdf_gwcs,../roman/.data/build21/r0000101001001001001_0001_wfi15_f158_cal.asdf,wfi15,eval,100,25,0.000043160,1
libasdf_gwcs,../roman/.data/build21/r0000101001001001001_0001_wfi15_f158_cal.asdf,wfi15,eval,100,26,0.000043094,1
libasdf_gwcs,../roman/.data/build21/r0000101001001001001_0001_wfi15_f158_cal.asdf,wfi15,eval,100,27,0.000043035,1
libasdf_gwcs,../roman/.data/build21/r0000101001001001001_0001_wfi15_f158_cal.asdf,wfi15,eval,100,28,0.000043072,1
libasdf_gwcs,../roman/.data/build21/r0000101001001001001_0001_wfi15_f158_cal.asdf,wfi15,eval,100,29,0.000084637,1
libasdf_gwcs,../roman/.data/build21/r0000101001001001001_0001_wfi15_f158_cal.asdf,wfi15,eval,1000,0,0.000325510,1
libasdf_gwcs,../roman/.data/build21/r0000101001001001001_0001_wfi15_f158_cal.asdf,wfi15,eval,1000,1,0.000277157,1
libasdf_gwcs,../roman/.data/build21/r0000101001001001001_0001_wfi15_f158_cal.asdf,wfi15,eval,1000,2,0.000320320,1
libasdf_gwcs,../roman/.data/build21/r0000101001001001001_0001_wfi15_f158_cal.asdf,wfi15,eval,1000,3,0.000314772,1
libasdf_gwcs,../roman/.data/build21/r0000101001001001001_0001_wfi15_f158_cal.asdf,wfi15,eval,1000,4,0.000324738,1
libasdf_gwcs,../roman/.data/build21/r0000101001001001001_0001_wfi15_f158_cal.asdf,wfi15,eval,1000,5,0.000276010,1
libasdf_gwcs,../roman/.data/build21/r0000101001001001001_0001_wfi15_f158_cal.asdf,wfi15,eval,1000,6,0.000356258,1
libasdf_gwcs,../roman/.data/build21/r0000101001001001001_0001_wfi15_f158_cal.asdf,wfi15,eval,1000,7,0.000276625,1
libasdf_gwcs,../roman/.data/build21/r0000101001001001001_0001_wfi15_f158_cal.asdf,wfi15,eval,1000,8,0.000275315,1
libasdf_gwcs,../roman/.data/build21/r0000101001001001001_0001_wfi15_f158_cal.asdf,wfi15,eval,1000,9,0.000369499,1
libasdf_gwcs,../roman/.data/build21/r0000101001001001001_0001_wfi15_f158_cal.asdf,wfi15,eval,1000,10,0.000297779,1
libasdf_gwcs,../roman/.data/build21/r0000101001001001001_0001_wfi15_f158_cal.asdf,wfi15,eval,1000,11,0.000297130,1
libasdf_gwcs,../roman/.data/build21/r0000101001001001001_0001_wfi15_f158_cal.asdf,wfi15,eval,1000,12,0.000350065,1
libasdf_gwcs,../roman/.data/build21/r0000101001001001001_0001_wfi15_f158_cal.asdf,wfi15,eval,1000,13,0.000278459,1
libasdf_gwcs,../roman/.data/build21/r0000101001001001001_0001_wfi15_f158_cal.asdf,wfi15,eval,1000,14,0.000355319,1
libasdf_gwcs,../roman/.data/build21/r0000101001001001001_0001_wfi15_f158_cal.asdf,wfi15,eval,10000,0,0.003524958,1
libasdf_gwcs,../roman/.data/build21/r0000101001001001001_0001_wfi15_f158_cal.asdf,wfi15,eval,10000,1,0.003173565,1
libasdf_gwcs,../roman/.data/build21/r0000101001001001001_0001_wfi15_f158_cal.asdf,wfi15,eval,10000,2,0.003213527,1
libasdf_gwcs,../roman/.data/build21/r0000101001001001001_0001_wfi15_f158_cal.asdf,wfi15,eval,10000,3,0.003208653,1
libasdf_gwcs,../roman/.data/build21/r0000101001001001001_0001_wfi15_f158_cal.asdf,wfi15,eval,10000,4,0.003163356,1
libasdf_gwcs,../roman/.data/build21/r0000101001001001001_0001_wfi15_f158_cal.asdf,wfi15,eval,10000,5,0.003201971,1
libasdf_gwcs,../roman/.data/build21/r0000101001001001001_0001_wfi15_f158_cal.asdf,wfi15,eval,10000,6,0.003242798,1
libasdf_gwcs,../roman/.data/build21/r0000101001001001001_0001_wfi15_f158_cal.asdf,wfi15,eval,10000,7,0.004152823,1
libasdf_gwcs,../roman/.data/build21/r0000101001001001001_0001_wfi15_f158_cal.asdf,wfi15,eval,100000,0,0.034862809,1
libasdf_gwcs,../roman/.data/build21/r0000101001001001001_0001_wfi15_f158_cal.asdf,wfi15,eval,100000,1,0.033574631,1
libasdf_gwcs,../roman/.data/build21/r0000101001001001001_0001_wfi15_f158_cal.asdf,wfi15,eval,100000,2,0.034429394,1
libasdf_gwcs,../roman/.data/build21/r0000101001001001001_0001_wfi15_f158_cal.asdf,wfi15,eval,100000,3,0.033867299,1
libasdf_gwcs,../roman/.data/build21/r0000101001001001001_0001_wfi15_f158_cal.asdf,wfi15,eval,100000,4,0.034575252,1
libasdf_gwcs,../roman/.data/build21/r0000101001001001001_0001_wfi15_f158_cal.asdf,wfi15,eval,1000000,0,0.384693903,1
libasdf_gwcs,../roman/.data/build21/r0000101001001001001_0001_wfi15_f158_cal.asdf,wfi15,eval,1000000,1,0.363942341,1
libasdf_gwcs,../roman/.data/build21/r0000101001001001001_0001_wfi15_f158_cal.asdf,wfi15,eval,1000000,2,0.352549285,1
libasdf_gwcs,../roman/.data/build21/r0000101001001001001_0001_wfi15_f158_cal.asdf,wfi15,eval,10000000,0,3.400505837,1
libasdf_gwcs,../roman/.data/build21/r0000101001001001001_0001_wfi15_f158_cal.asdf,wfi15,eval,10000000,1,3.463297683,1
libasdf_gwcs,../roman/.data/build21/r0000101001001001001_0001_wfi15_f158_cal.asdf,wfi15,eval,16711744,0,5.558953274,1
libasdf_gwcs,../roman/.data/build21/r0000101001001001001_0001_wfi15_f158_cal.asdf,wfi15,eval,16711744,1,5.571608134,1
libasdf_gwcs,../roman/.data/build21/r0000101001001001001_0001_wfi16_f158_cal.asdf,wfi16,parse_cold,0,0,0.018413869,1
libasdf_gwcs,../roman/.data/build21/r0000101001001001001_0001_wfi16_f158_cal.asdf,wfi16,parse_hot,0,0,0.012670201,1
libasdf_gwcs,../roman/.data/build21/r0000101001001001001_0001_wfi16_f158_cal.asdf,wfi16,eval,1,0,0.000094053,1
libasdf_gwcs,../roman/.data/build21/r0000101001001001001_0001_wfi16_f158_cal.asdf,wfi16,eval,1,1,0.000138564,1
libasdf_gwcs,../roman/.data/build21/r0000101001001001001_0001_wfi16_f158_cal.asdf,wfi16,eval,1,2,0.000204060,1
libasdf_gwcs,../roman/.data/build21/r0000101001001001001_0001_wfi16_f158_cal.asdf,wfi16,eval,1,3,0.000163726,1
libasdf_gwcs,../roman/.data/build21/r0000101001001001001_0001_wfi16_f158_cal.asdf,wfi16,eval,1,4,0.000065666,1
libasdf_gwcs,../roman/.data/build21/r0000101001001001001_0001_wfi16_f158_cal.asdf,wfi16,eval,1,5,0.000046298,1
libasdf_gwcs,../roman/.data/build21/r0000101001001001001_0001_wfi16_f158_cal.asdf,wfi16,eval,1,6,0.000045977,1
libasdf_gwcs,../roman/.data/build21/r0000101001001001001_0001_wfi16_f158_cal.asdf,wfi16,eval,1,7,0.000045942,1
libasdf_gwcs,../roman/.data/build21/r0000101001001001001_0001_wfi16_f158_cal.asdf,wfi16,eval,1,8,0.000070035,1
libasdf_gwcs,../roman/.data/build21/r0000101001001001001_0001_wfi16_f158_cal.asdf,wfi16,eval,1,9,0.000104328,1
libasdf_gwcs,../roman/.data/build21/r0000101001001001001_0001_wfi16_f158_cal.asdf,wfi16,eval,1,10,0.000163759,1
libasdf_gwcs,../roman/.data/build21/r0000101001001001001_0001_wfi16_f158_cal.asdf,wfi16,eval,1,11,0.000133106,1
libasdf_gwcs,../roman/.data/build21/r0000101001001001001_0001_wfi16_f158_cal.asdf,wfi16,eval,1,12,0.000041329,1
libasdf_gwcs,../roman/.data/build21/r0000101001001001001_0001_wfi16_f158_cal.asdf,wfi16,eval,1,13,0.000040092,1
libasdf_gwcs,../roman/.data/build21/r0000101001001001001_0001_wfi16_f158_cal.asdf,wfi16,eval,1,14,0.000039802,1
libasdf_gwcs,../roman/.data/build21/r0000101001001001001_0001_wfi16_f158_cal.asdf,wfi16,eval,1,15,0.000039666,1
libasdf_gwcs,../roman/.data/build21/r0000101001001001001_0001_wfi16_f158_cal.asdf,wfi16,eval,1,16,0.000039718,1
libasdf_gwcs,../roman/.data/build21/r0000101001001001001_0001_wfi16_f158_cal.asdf,wfi16,eval,1,17,0.000039504,1
libasdf_gwcs,../roman/.data/build21/r0000101001001001001_0001_wfi16_f158_cal.asdf,wfi16,eval,1,18,0.000076240,1
libasdf_gwcs,../roman/.data/build21/r0000101001001001001_0001_wfi16_f158_cal.asdf,wfi16,eval,1,19,0.000066194,1
libasdf_gwcs,../roman/.data/build21/r0000101001001001001_0001_wfi16_f158_cal.asdf,wfi16,eval,1,20,0.000057347,1
libasdf_gwcs,../roman/.data/build21/r0000101001001001001_0001_wfi16_f158_cal.asdf,wfi16,eval,1,21,0.000039500,1
libasdf_gwcs,../roman/.data/build21/r0000101001001001001_0001_wfi16_f158_cal.asdf,wfi16,eval,1,22,0.000039556,1
libasdf_gwcs,../roman/.data/build21/r0000101001001001001_0001_wfi16_f158_cal.asdf,wfi16,eval,1,23,0.000039537,1
libasdf_gwcs,../roman/.data/build21/r0000101001001001001_0001_wfi16_f158_cal.asdf,wfi16,eval,1,24,0.000039632,1
libasdf_gwcs,../roman/.data/build21/r0000101001001001001_0001_wfi16_f158_cal.asdf,wfi16,eval,1,25,0.000039512,1
libasdf_gwcs,../roman/.data/build21/r0000101001001001001_0001_wfi16_f158_cal.asdf,wfi16,eval,1,26,0.000039571,1
libasdf_gwcs,../roman/.data/build21/r0000101001001001001_0001_wfi16_f158_cal.asdf,wfi16,eval,1,27,0.000039564,1
libasdf_gwcs,../roman/.data/build21/r0000101001001001001_0001_wfi16_f158_cal.asdf,wfi16,eval,1,28,0.000039590,1
libasdf_gwcs,../roman/.data/build21/r0000101001001001001_0001_wfi16_f158_cal.asdf,wfi16,eval,1,29,0.000039524,1
libasdf_gwcs,../roman/.data/build21/r0000101001001001001_0001_wfi16_f158_cal.asdf,wfi16,eval,1,30,0.000039462,1
libasdf_gwcs,../roman/.data/build21/r0000101001001001001_0001_wfi16_f158_cal.asdf,wfi16,eval,1,31,0.000039757,1
libasdf_gwcs,../roman/.data/build21/r0000101001001001001_0001_wfi16_f158_cal.asdf,wfi16,eval,1,32,0.000039537,1
libasdf_gwcs,../roman/.data/build21/r0000101001001001001_0001_wfi16_f158_cal.asdf,wfi16,eval,1,33,0.000058832,1
libasdf_gwcs,../roman/.data/build21/r0000101001001001001_0001_wfi16_f158_cal.asdf,wfi16,eval,1,34,0.000053404,1
libasdf_gwcs,../roman/.data/build21/r0000101001001001001_0001_wfi16_f158_cal.asdf,wfi16,eval,1,35,0.000089889,1
libasdf_gwcs,../roman/.data/build21/r0000101001001001001_0001_wfi16_f158_cal.asdf,wfi16,eval,1,36,0.000081052,1
libasdf_gwcs,../roman/.data/build21/r0000101001001001001_0001_wfi16_f158_cal.asdf,wfi16,eval,1,37,0.000148172,1
libasdf_gwcs,../roman/.data/build21/r0000101001001001001_0001_wfi16_f158_cal.asdf,wfi16,eval,1,38,0.000185944,1
libasdf_gwcs,../roman/.data/build21/r0000101001001001001_0001_wfi16_f158_cal.asdf,wfi16,eval,1,39,0.000124351,1
libasdf_gwcs,../roman/.data/build21/r0000101001001001001_0001_wfi16_f158_cal.asdf,wfi16,eval,1,40,0.000100077,1
libasdf_gwcs,../roman/.data/build21/r0000101001001001001_0001_wfi16_f158_cal.asdf,wfi16,eval,1,41,0.000065031,1
libasdf_gwcs,../roman/.data/build21/r0000101001001001001_0001_wfi16_f158_cal.asdf,wfi16,eval,1,42,0.000046123,1
libasdf_gwcs,../roman/.data/build21/r0000101001001001001_0001_wfi16_f158_cal.asdf,wfi16,eval,1,43,0.000046013,1
libasdf_gwcs,../roman/.data/build21/r0000101001001001001_0001_wfi16_f158_cal.asdf,wfi16,eval,1,44,0.000045867,1
libasdf_gwcs,../roman/.data/build21/r0000101001001001001_0001_wfi16_f158_cal.asdf,wfi16,eval,1,45,0.000045883,1
libasdf_gwcs,../roman/.data/build21/r0000101001001001001_0001_wfi16_f158_cal.asdf,wfi16,eval,1,46,0.000045978,1
libasdf_gwcs,../roman/.data/build21/r0000101001001001001_0001_wfi16_f158_cal.asdf,wfi16,eval,1,47,0.000068763,1
libasdf_gwcs,../roman/.data/build21/r0000101001001001001_0001_wfi16_f158_cal.asdf,wfi16,eval,1,48,0.000048974,1
libasdf_gwcs,../roman/.data/build21/r0000101001001001001_0001_wfi16_f158_cal.asdf,wfi16,eval,1,49,0.000059015,1
libasdf_gwcs,../roman/.data/build21/r0000101001001001001_0001_wfi16_f158_cal.asdf,wfi16,eval,10,0,0.000081650,1
libasdf_gwcs,../roman/.data/build21/r0000101001001001001_0001_wfi16_f158_cal.asdf,wfi16,eval,10,1,0.000051271,1
libasdf_gwcs,../roman/.data/build21/r0000101001001001001_0001_wfi16_f158_cal.asdf,wfi16,eval,10,2,0.000050400,1
libasdf_gwcs,../roman/.data/build21/r0000101001001001001_0001_wfi16_f158_cal.asdf,wfi16,eval,10,3,0.000050192,1
libasdf_gwcs,../roman/.data/build21/r0000101001001001001_0001_wfi16_f158_cal.asdf,wfi16,eval,10,4,0.000050493,1
libasdf_gwcs,../roman/.data/build21/r0000101001001001001_0001_wfi16_f158_cal.asdf,wfi16,eval,10,5,0.000050195,1
libasdf_gwcs,../roman/.data/build21/r0000101001001001001_0001_wfi16_f158_cal.asdf,wfi16,eval,10,6,0.000059927,1
libasdf_gwcs,../roman/.data/build21/r0000101001001001001_0001_wfi16_f158_cal.asdf,wfi16,eval,10,7,0.000051363,1
libasdf_gwcs,../roman/.data/build21/r0000101001001001001_0001_wfi16_f158_cal.asdf,wfi16,eval,10,8,0.000062573,1
libasdf_gwcs,../roman/.data/build21/r0000101001001001001_0001_wfi16_f158_cal.asdf,wfi16,eval,10,9,0.000153726,1
libasdf_gwcs,../roman/.data/build21/r0000101001001001001_0001_wfi16_f158_cal.asdf,wfi16,eval,10,10,0.000083540,1
libasdf_gwcs,../roman/.data/build21/r0000101001001001001_0001_wfi16_f158_cal.asdf,wfi16,eval,10,11,0.000153374,1
libasdf_gwcs,../roman/.data/build21/r0000101001001001001_0001_wfi16_f158_cal.asdf,wfi16,eval,10,12,0.000152687,1
libasdf_gwcs,../roman/.data/build21/r0000101001001001001_0001_wfi16_f158_cal.asdf,wfi16,eval,10,13,0.000068267,1
libasdf_gwcs,../roman/.data/build21/r0000101001001001001_0001_wfi16_f158_cal.asdf,wfi16,eval,10,14,0.000050499,1
libasdf_gwcs,../roman/.data/build21/r0000101001001001001_0001_wfi16_f158_cal.asdf,wfi16,eval,10,15,0.000050224,1
libasdf_gwcs,../roman/.data/build21/r0000101001001001001_0001_wfi16_f158_cal.asdf,wfi16,eval,10,16,0.000050288,1
libasdf_gwcs,../roman/.data/build21/r0000101001001001001_0001_wfi16_f158_cal.asdf,wfi16,eval,10,17,0.000050604,1
libasdf_gwcs,../roman/.data/build21/r0000101001001001001_0001_wfi16_f158_cal.asdf,wfi16,eval,10,18,0.000050102,1
libasdf_gwcs,../roman/.data/build21/r0000101001001001001_0001_wfi16_f158_cal.asdf,wfi16,eval,10,19,0.000050132,1
libasdf_gwcs,../roman/.data/build21/r0000101001001001001_0001_wfi16_f158_cal.asdf,wfi16,eval,10,20,0.000050210,1
libasdf_gwcs,../roman/.data/build21/r0000101001001001001_0001_wfi16_f158_cal.asdf,wfi16,eval,10,21,0.000050370,1
libasdf_gwcs,../roman/.data/build21/r0000101001001001001_0001_wfi16_f158_cal.asdf,wfi16,eval,10,22,0.000062601,1
libasdf_gwcs,../roman/.data/build21/r0000101001001001001_0001_wfi16_f158_cal.asdf,wfi16,eval,10,23,0.000043441,1
libasdf_gwcs,../roman/.data/build21/r0000101001001001001_0001_wfi16_f158_cal.asdf,wfi16,eval,10,24,0.000043526,1
libasdf_gwcs,../roman/.data/build21/r0000101001001001001_0001_wfi16_f158_cal.asdf,wfi16,eval,10,25,0.000043435,1
libasdf_gwcs,../roman/.data/build21/r0000101001001001001_0001_wfi16_f158_cal.asdf,wfi16,eval,10,26,0.000043656,1
libasdf_gwcs,../roman/.data/build21/r0000101001001001001_0001_wfi16_f158_cal.asdf,wfi16,eval,10,27,0.000043519,1
libasdf_gwcs,../roman/.data/build21/r0000101001001001001_0001_wfi16_f158_cal.asdf,wfi16,eval,10,28,0.000043418,1
libasdf_gwcs,../roman/.data/build21/r0000101001001001001_0001_wfi16_f158_cal.asdf,wfi16,eval,10,29,0.000043488,1
libasdf_gwcs,../roman/.data/build21/r0000101001001001001_0001_wfi16_f158_cal.asdf,wfi16,eval,10,30,0.000043327,1
libasdf_gwcs,../roman/.data/build21/r0000101001001001001_0001_wfi16_f158_cal.asdf,wfi16,eval,10,31,0.000100874,1
libasdf_gwcs,../roman/.data/build21/r0000101001001001001_0001_wfi16_f158_cal.asdf,wfi16,eval,10,32,0.000063774,1
libasdf_gwcs,../roman/.data/build21/r0000101001001001001_0001_wfi16_f158_cal.asdf,wfi16,eval,10,33,0.000043666,1
libasdf_gwcs,../roman/.data/build21/r0000101001001001001_0001_wfi16_f158_cal.asdf,wfi16,eval,10,34,0.000043383,1
libasdf_gwcs,../roman/.data/build21/r0000101001001001001_0001_wfi16_f158_cal.asdf,wfi16,eval,10,35,0.000043444,1
libasdf_gwcs,../roman/.data/build21/r0000101001001001001_0001_wfi16_f158_cal.asdf,wfi16,eval,10,36,0.000043261,1
libasdf_gwcs,../roman/.data/build21/r0000101001001001001_0001_wfi16_f158_cal.asdf,wfi16,eval,10,37,0.000045191,1
libasdf_gwcs,../roman/.data/build21/r0000101001001001001_0001_wfi16_f158_cal.asdf,wfi16,eval,10,38,0.000043567,1
libasdf_gwcs,../roman/.data/build21/r0000101001001001001_0001_wfi16_f158_cal.asdf,wfi16,eval,10,39,0.000043508,1
libasdf_gwcs,../roman/.data/build21/r0000101001001001001_0001_wfi16_f158_cal.asdf,wfi16,eval,10,40,0.000043437,1
libasdf_gwcs,../roman/.data/build21/r0000101001001001001_0001_wfi16_f158_cal.asdf,wfi16,eval,10,41,0.000061695,1
libasdf_gwcs,../roman/.data/build21/r0000101001001001001_0001_wfi16_f158_cal.asdf,wfi16,eval,10,42,0.000050225,1
libasdf_gwcs,../roman/.data/build21/r0000101001001001001_0001_wfi16_f158_cal.asdf,wfi16,eval,10,43,0.000061597,1
libasdf_gwcs,../roman/.data/build21/r0000101001001001001_0001_wfi16_f158_cal.asdf,wfi16,eval,10,44,0.000043476,1
libasdf_gwcs,../roman/.data/build21/r0000101001001001001_0001_wfi16_f158_cal.asdf,wfi16,eval,10,45,0.000043357,1
libasdf_gwcs,../roman/.data/build21/r0000101001001001001_0001_wfi16_f158_cal.asdf,wfi16,eval,10,46,0.000043419,1
libasdf_gwcs,../roman/.data/build21/r0000101001001001001_0001_wfi16_f158_cal.asdf,wfi16,eval,10,47,0.000043356,1
libasdf_gwcs,../roman/.data/build21/r0000101001001001001_0001_wfi16_f158_cal.asdf,wfi16,eval,10,48,0.000043357,1
libasdf_gwcs,../roman/.data/build21/r0000101001001001001_0001_wfi16_f158_cal.asdf,wfi16,eval,10,49,0.000043341,1
libasdf_gwcs,../roman/.data/build21/r0000101001001001001_0001_wfi16_f158_cal.asdf,wfi16,eval,100,0,0.000368298,1
libasdf_gwcs,../roman/.data/build21/r0000101001001001001_0001_wfi16_f158_cal.asdf,wfi16,eval,100,1,0.000113946,1
libasdf_gwcs,../roman/.data/build21/r0000101001001001001_0001_wfi16_f158_cal.asdf,wfi16,eval,100,2,0.000110763,1
libasdf_gwcs,../roman/.data/build21/r0000101001001001001_0001_wfi16_f158_cal.asdf,wfi16,eval,100,3,0.000106474,1
libasdf_gwcs,../roman/.data/build21/r0000101001001001001_0001_wfi16_f158_cal.asdf,wfi16,eval,100,4,0.000084476,1
libasdf_gwcs,../roman/.data/build21/r0000101001001001001_0001_wfi16_f158_cal.asdf,wfi16,eval,100,5,0.000083767,1
libasdf_gwcs,../roman/.data/build21/r0000101001001001001_0001_wfi16_f158_cal.asdf,wfi16,eval,100,6,0.000107077,1
libasdf_gwcs,../roman/.data/build21/r0000101001001001001_0001_wfi16_f158_cal.asdf,wfi16,eval,100,7,0.000143639,1
libasdf_gwcs,../roman/.data/build21/r0000101001001001001_0001_wfi16_f158_cal.asdf,wfi16,eval,100,8,0.000083704,1
libasdf_gwcs,../roman/.data/build21/r0000101001001001001_0001_wfi16_f158_cal.asdf,wfi16,eval,100,9,0.000083652,1
libasdf_gwcs,../roman/.data/build21/r0000101001001001001_0001_wfi16_f158_cal.asdf,wfi16,eval,100,10,0.000083555,1
libasdf_gwcs,../roman/.data/build21/r0000101001001001001_0001_wfi16_f158_cal.asdf,wfi16,eval,100,11,0.000083753,1
libasdf_gwcs,../roman/.data/build21/r0000101001001001001_0001_wfi16_f158_cal.asdf,wfi16,eval,100,12,0.000084351,1
libasdf_gwcs,../roman/.data/build21/r0000101001001001001_0001_wfi16_f158_cal.asdf,wfi16,eval,100,13,0.000084296,1
libasdf_gwcs,../roman/.data/build21/r0000101001001001001_0001_wfi16_f158_cal.asdf,wfi16,eval,100,14,0.000110317,1
libasdf_gwcs,../roman/.data/build21/r0000101001001001001_0001_wfi16_f158_cal.asdf,wfi16,eval,100,15,0.000103696,1
libasdf_gwcs,../roman/.data/build21/r0000101001001001001_0001_wfi16_f158_cal.asdf,wfi16,eval,100,16,0.000084040,1
libasdf_gwcs,../roman/.data/build21/r0000101001001001001_0001_wfi16_f158_cal.asdf,wfi16,eval,100,17,0.000136514,1
libasdf_gwcs,../roman/.data/build21/r0000101001001001001_0001_wfi16_f158_cal.asdf,wfi16,eval,100,18,0.000111210,1
libasdf_gwcs,../roman/.data/build21/r0000101001001001001_0001_wfi16_f158_cal.asdf,wfi16,eval,100,19,0.000083901,1
libasdf_gwcs,../roman/.data/build21/r0000101001001001001_0001_wfi16_f158_cal.asdf,wfi16,eval,100,20,0.000083709,1
libasdf_gwcs,../roman/.data/build21/r0000101001001001001_0001_wfi16_f158_cal.asdf,wfi16,eval,100,21,0.000110907,1
libasdf_gwcs,../roman/.data/build21/r0000101001001001001_0001_wfi16_f158_cal.asdf,wfi16,eval,100,22,0.000093915,1
libasdf_gwcs,../roman/.data/build21/r0000101001001001001_0001_wfi16_f158_cal.asdf,wfi16,eval,100,23,0.000094455,1
libasdf_gwcs,../roman/.data/build21/r0000101001001001001_0001_wfi16_f158_cal.asdf,wfi16,eval,100,24,0.000094914,1
libasdf_gwcs,../roman/.data/build21/r0000101001001001001_0001_wfi16_f158_cal.asdf,wfi16,eval,100,25,0.000105836,1
libasdf_gwcs,../roman/.data/build21/r0000101001001001001_0001_wfi16_f158_cal.asdf,wfi16,eval,100,26,0.000084332,1
libasdf_gwcs,../roman/.data/build21/r0000101001001001001_0001_wfi16_f158_cal.asdf,wfi16,eval,100,27,0.000117848,1
libasdf_gwcs,../roman/.data/build21/r0000101001001001001_0001_wfi16_f158_cal.asdf,wfi16,eval,100,28,0.000127027,1
libasdf_gwcs,../roman/.data/build21/r0000101001001001001_0001_wfi16_f158_cal.asdf,wfi16,eval,100,29,0.000083514,1
libasdf_gwcs,../roman/.data/build21/r0000101001001001001_0001_wfi16_f158_cal.asdf,wfi16,eval,1000,0,0.000867231,1
libasdf_gwcs,../roman/.data/build21/r0000101001001001001_0001_wfi16_f158_cal.asdf,wfi16,eval,1000,1,0.000678060,1
libasdf_gwcs,../roman/.data/build21/r0000101001001001001_0001_wfi16_f158_cal.asdf,wfi16,eval,1000,2,0.000511860,1
libasdf_gwcs,../roman/.data/build21/r0000101001001001001_0001_wfi16_f158_cal.asdf,wfi16,eval,1000,3,0.000432312,1
libasdf_gwcs,../roman/.data/build21/r0000101001001001001_0001_wfi16_f158_cal.asdf,wfi16,eval,1000,4,0.000504252,1
libasdf_gwcs,../roman/.data/build21/r0000101001001001001_0001_wfi16_f158_cal.asdf,wfi16,eval,1000,5,0.000456460,1
libasdf_gwcs,../roman/.data/build21/r0000101001001001001_0001_wfi16_f158_cal.asdf,wfi16,eval,1000,6,0.000591768,1
libasdf_gwcs,../roman/.data/build21/r0000101001001001001_0001_wfi16_f158_cal.asdf,wfi16,eval,1000,7,0.000501605,1
libasdf_gwcs,../roman/.data/build21/r0000101001001001001_0001_wfi16_f158_cal.asdf,wfi16,eval,1000,8,0.000530994,1
libasdf_gwcs,../roman/.data/build21/r0000101001001001001_0001_wfi16_f158_cal.asdf,wfi16,eval,1000,9,0.000430766,1
libasdf_gwcs,../roman/.data/build21/r0000101001001001001_0001_wfi16_f158_cal.asdf,wfi16,eval,1000,10,0.000475914,1
libasdf_gwcs,../roman/.data/build21/r0000101001001001001_0001_wfi16_f158_cal.asdf,wfi16,eval,1000,11,0.000568625,1
libasdf_gwcs,../roman/.data/build21/r0000101001001001001_0001_wfi16_f158_cal.asdf,wfi16,eval,1000,12,0.000573424,1
libasdf_gwcs,../roman/.data/build21/r0000101001001001001_0001_wfi16_f158_cal.asdf,wfi16,eval,1000,13,0.000516863,1
libasdf_gwcs,../roman/.data/build21/r0000101001001001001_0001_wfi16_f158_cal.asdf,wfi16,eval,1000,14,0.000640012,1
libasdf_gwcs,../roman/.data/build21/r0000101001001001001_0001_wfi16_f158_cal.asdf,wfi16,eval,10000,0,0.006311377,1
libasdf_gwcs,../roman/.data/build21/r0000101001001001001_0001_wfi16_f158_cal.asdf,wfi16,eval,10000,1,0.006118863,1
libasdf_gwcs,../roman/.data/build21/r0000101001001001001_0001_wfi16_f158_cal.asdf,wfi16,eval,10000,2,0.006588341,1
libasdf_gwcs,../roman/.data/build21/r0000101001001001001_0001_wfi16_f158_cal.asdf,wfi16,eval,10000,3,0.005970098,1
libasdf_gwcs,../roman/.data/build21/r0000101001001001001_0001_wfi16_f158_cal.asdf,wfi16,eval,10000,4,0.005827911,1
libasdf_gwcs,../roman/.data/build21/r0000101001001001001_0001_wfi16_f158_cal.asdf,wfi16,eval,10000,5,0.006816382,1
libasdf_gwcs,../roman/.data/build21/r0000101001001001001_0001_wfi16_f158_cal.asdf,wfi16,eval,10000,6,0.005805313,1
libasdf_gwcs,../roman/.data/build21/r0000101001001001001_0001_wfi16_f158_cal.asdf,wfi16,eval,10000,7,0.005958875,1
libasdf_gwcs,../roman/.data/build21/r0000101001001001001_0001_wfi16_f158_cal.asdf,wfi16,eval,100000,0,0.064286592,1
libasdf_gwcs,../roman/.data/build21/r0000101001001001001_0001_wfi16_f158_cal.asdf,wfi16,eval,100000,1,0.063450471,1
libasdf_gwcs,../roman/.data/build21/r0000101001001001001_0001_wfi16_f158_cal.asdf,wfi16,eval,100000,2,0.060888696,1
libasdf_gwcs,../roman/.data/build21/r0000101001001001001_0001_wfi16_f158_cal.asdf,wfi16,eval,100000,3,0.060838667,1
libasdf_gwcs,../roman/.data/build21/r0000101001001001001_0001_wfi16_f158_cal.asdf,wfi16,eval,100000,4,0.060098947,1
libasdf_gwcs,../roman/.data/build21/r0000101001001001001_0001_wfi16_f158_cal.asdf,wfi16,eval,1000000,0,0.639476609,1
libasdf_gwcs,../roman/.data/build21/r0000101001001001001_0001_wfi16_f158_cal.asdf,wfi16,eval,1000000,1,0.626900245,1
libasdf_gwcs,../roman/.data/build21/r0000101001001001001_0001_wfi16_f158_cal.asdf,wfi16,eval,1000000,2,0.633688825,1
libasdf_gwcs,../roman/.data/build21/r0000101001001001001_0001_wfi16_f158_cal.asdf,wfi16,eval,10000000,0,6.253522987,1
libasdf_gwcs,../roman/.data/build21/r0000101001001001001_0001_wfi16_f158_cal.asdf,wfi16,eval,10000000,1,6.621939754,1
libasdf_gwcs,../roman/.data/build21/r0000101001001001001_0001_wfi16_f158_cal.asdf,wfi16,eval,16711744,0,12.749079538,1
libasdf_gwcs,../roman/.data/build21/r0000101001001001001_0001_wfi16_f158_cal.asdf,wfi16,eval,16711744,1,11.926853423,1
libasdf_gwcs,../roman/.data/build21/r0000101001001001001_0001_wfi17_f158_cal.asdf,wfi17,parse_cold,0,0,0.019985745,1
libasdf_gwcs,../roman/.data/build21/r0000101001001001001_0001_wfi17_f158_cal.asdf,wfi17,parse_hot,0,0,0.010260832,1
libasdf_gwcs,../roman/.data/build21/r0000101001001001001_0001_wfi17_f158_cal.asdf,wfi17,eval,1,0,0.000061379,1
libasdf_gwcs,../roman/.data/build21/r0000101001001001001_0001_wfi17_f158_cal.asdf,wfi17,eval,1,1,0.000047080,1
libasdf_gwcs,../roman/.data/build21/r0000101001001001001_0001_wfi17_f158_cal.asdf,wfi17,eval,1,2,0.000053936,1
libasdf_gwcs,../roman/.data/build21/r0000101001001001001_0001_wfi17_f158_cal.asdf,wfi17,eval,1,3,0.000042736,1
libasdf_gwcs,../roman/.data/build21/r0000101001001001001_0001_wfi17_f158_cal.asdf,wfi17,eval,1,4,0.000042092,1
libasdf_gwcs,../roman/.data/build21/r0000101001001001001_0001_wfi17_f158_cal.asdf,wfi17,eval,1,5,0.000042078,1
libasdf_gwcs,../roman/.data/build21/r0000101001001001001_0001_wfi17_f158_cal.asdf,wfi17,eval,1,6,0.000070726,1
libasdf_gwcs,../roman/.data/build21/r0000101001001001001_0001_wfi17_f158_cal.asdf,wfi17,eval,1,7,0.000056269,1
libasdf_gwcs,../roman/.data/build21/r0000101001001001001_0001_wfi17_f158_cal.asdf,wfi17,eval,1,8,0.000042110,1
libasdf_gwcs,../roman/.data/build21/r0000101001001001001_0001_wfi17_f158_cal.asdf,wfi17,eval,1,9,0.000041827,1
libasdf_gwcs,../roman/.data/build21/r0000101001001001001_0001_wfi17_f158_cal.asdf,wfi17,eval,1,10,0.000041844,1
libasdf_gwcs,../roman/.data/build21/r0000101001001001001_0001_wfi17_f158_cal.asdf,wfi17,eval,1,11,0.000041940,1
libasdf_gwcs,../roman/.data/build21/r0000101001001001001_0001_wfi17_f158_cal.asdf,wfi17,eval,1,12,0.000041881,1
libasdf_gwcs,../roman/.data/build21/r0000101001001001001_0001_wfi17_f158_cal.asdf,wfi17,eval,1,13,0.000041717,1
libasdf_gwcs,../roman/.data/build21/r0000101001001001001_0001_wfi17_f158_cal.asdf,wfi17,eval,1,14,0.000042061,1
libasdf_gwcs,../roman/.data/build21/r0000101001001001001_0001_wfi17_f158_cal.asdf,wfi17,eval,1,15,0.000054189,1
libasdf_gwcs,../roman/.data/build21/r0000101001001001001_0001_wfi17_f158_cal.asdf,wfi17,eval,1,16,0.000070372,1
libasdf_gwcs,../roman/.data/build21/r0000101001001001001_0001_wfi17_f158_cal.asdf,wfi17,eval,1,17,0.000047032,1
libasdf_gwcs,../roman/.data/build21/r0000101001001001001_0001_wfi17_f158_cal.asdf,wfi17,eval,1,18,0.000046140,1
libasdf_gwcs,../roman/.data/build21/r0000101001001001001_0001_wfi17_f158_cal.asdf,wfi17,eval,1,19,0.000058110,1
libasdf_gwcs,../roman/.data/build21/r0000101001001001001_0001_wfi17_f158_cal.asdf,wfi17,eval,1,20,0.000040946,1
libasdf_gwcs,../roman/.data/build21/r0000101001001001001_0001_wfi17_f158_cal.asdf,wfi17,eval,1,21,0.000040791,1
libasdf_gwcs,../roman/.data/build21/r0000101001001001001_0001_wfi17_f158_cal.asdf,wfi17,eval,1,22,0.000040677,1
libasdf_gwcs,../roman/.data/build21/r0000101001001001001_0001_wfi17_f158_cal.asdf,wfi17,eval,1,23,0.000040628,1
libasdf_gwcs,../roman/.data/build21/r0000101001001001001_0001_wfi17_f158_cal.asdf,wfi17,eval,1,24,0.000040530,1
libasdf_gwcs,../roman/.data/build21/r0000101001001001001_0001_wfi17_f158_cal.asdf,wfi17,eval,1,25,0.000040732,1
libasdf_gwcs,../roman/.data/build21/r0000101001001001001_0001_wfi17_f158_cal.asdf,wfi17,eval,1,26,0.000040582,1
libasdf_gwcs,../roman/.data/build21/r0000101001001001001_0001_wfi17_f158_cal.asdf,wfi17,eval,1,27,0.000040606,1
libasdf_gwcs,../roman/.data/build21/r0000101001001001001_0001_wfi17_f158_cal.asdf,wfi17,eval,1,28,0.000040443,1
libasdf_gwcs,../roman/.data/build21/r0000101001001001001_0001_wfi17_f158_cal.asdf,wfi17,eval,1,29,0.000040601,1
libasdf_gwcs,../roman/.data/build21/r0000101001001001001_0001_wfi17_f158_cal.asdf,wfi17,eval,1,30,0.000040688,1
libasdf_gwcs,../roman/.data/build21/r0000101001001001001_0001_wfi17_f158_cal.asdf,wfi17,eval,1,31,0.000040474,1
libasdf_gwcs,../roman/.data/build21/r0000101001001001001_0001_wfi17_f158_cal.asdf,wfi17,eval,1,32,0.000040478,1
libasdf_gwcs,../roman/.data/build21/r0000101001001001001_0001_wfi17_f158_cal.asdf,wfi17,eval,1,33,0.000040547,1
libasdf_gwcs,../roman/.data/build21/r0000101001001001001_0001_wfi17_f158_cal.asdf,wfi17,eval,1,34,0.000040769,1
libasdf_gwcs,../roman/.data/build21/r0000101001001001001_0001_wfi17_f158_cal.asdf,wfi17,eval,1,35,0.000040710,1
libasdf_gwcs,../roman/.data/build21/r0000101001001001001_0001_wfi17_f158_cal.asdf,wfi17,eval,1,36,0.000040639,1
libasdf_gwcs,../roman/.data/build21/r0000101001001001001_0001_wfi17_f158_cal.asdf,wfi17,eval,1,37,0.000042922,1
libasdf_gwcs,../roman/.data/build21/r0000101001001001001_0001_wfi17_f158_cal.asdf,wfi17,eval,1,38,0.000040968,1
libasdf_gwcs,../roman/.data/build21/r0000101001001001001_0001_wfi17_f158_cal.asdf,wfi17,eval,1,39,0.000090047,1
libasdf_gwcs,../roman/.data/build21/r0000101001001001001_0001_wfi17_f158_cal.asdf,wfi17,eval,1,40,0.000191295,1
libasdf_gwcs,../roman/.data/build21/r0000101001001001001_0001_wfi17_f158_cal.asdf,wfi17,eval,1,41,0.000074701,1
libasdf_gwcs,../roman/.data/build21/r0000101001001001001_0001_wfi17_f158_cal.asdf,wfi17,eval,1,42,0.000108226,1
libasdf_gwcs,../roman/.data/build21/r0000101001001001001_0001_wfi17_f158_cal.asdf,wfi17,eval,1,43,0.000066099,1
libasdf_gwcs,../roman/.data/build21/r0000101001001001001_0001_wfi17_f158_cal.asdf,wfi17,eval,1,44,0.000100720,1
libasdf_gwcs,../roman/.data/build21/r0000101001001001001_0001_wfi17_f158_cal.asdf,wfi17,eval,1,45,0.000047230,1
libasdf_gwcs,../roman/.data/build21/r0000101001001001001_0001_wfi17_f158_cal.asdf,wfi17,eval,1,46,0.000046223,1
libasdf_gwcs,../roman/.data/build21/r0000101001001001001_0001_wfi17_f158_cal.asdf,wfi17,eval,1,47,0.000061537,1
libasdf_gwcs,../roman/.data/build21/r0000101001001001001_0001_wfi17_f158_cal.asdf,wfi17,eval,1,48,0.000040703,1
libasdf_gwcs,../roman/.data/build21/r0000101001001001001_0001_wfi17_f158_cal.asdf,wfi17,eval,1,49,0.000040793,1
libasdf_gwcs,../roman/.data/build21/r0000101001001001001_0001_wfi17_f158_cal.asdf,wfi17,eval,10,0,0.000169591,1
libasdf_gwcs,../roman/.data/build21/r0000101001001001001_0001_wfi17_f158_cal.asdf,wfi17,eval,10,1,0.000069275,1
libasdf_gwcs,../roman/.data/build21/r0000101001001001001_0001_wfi17_f158_cal.asdf,wfi17,eval,10,2,0.000186570,1
libasdf_gwcs,../roman/.data/build21/r0000101001001001001_0001_wfi17_f158_cal.asdf,wfi17,eval,10,3,0.000052139,1
libasdf_gwcs,../roman/.data/build21/r0000101001001001001_0001_wfi17_f158_cal.asdf,wfi17,eval,10,4,0.000064816,1
libasdf_gwcs,../roman/.data/build21/r0000101001001001001_0001_wfi17_f158_cal.asdf,wfi17,eval,10,5,0.000044673,1
libasdf_gwcs,../roman/.data/build21/r0000101001001001001_0001_wfi17_f158_cal.asdf,wfi17,eval,10,6,0.000044730,1
libasdf_gwcs,../roman/.data/build21/r0000101001001001001_0001_wfi17_f158_cal.asdf,wfi17,eval,10,7,0.000044471,1
libasdf_gwcs,../roman/.data/build21/r0000101001001001001_0001_wfi17_f158_cal.asdf,wfi17,eval,10,8,0.000044583,1
libasdf_gwcs,../roman/.data/build21/r0000101001001001001_0001_wfi17_f158_cal.asdf,wfi17,eval,10,9,0.000044605,1
libasdf_gwcs,../roman/.data/build21/r0000101001001001001_0001_wfi17_f158_cal.asdf,wfi17,eval,10,10,0.000047187,1
libasdf_gwcs,../roman/.data/build21/r0000101001001001001_0001_wfi17_f158_cal.asdf,wfi17,eval,10,11,0.000202974,1
libasdf_gwcs,../roman/.data/build21/r0000101001001001001_0001_wfi17_f158_cal.asdf,wfi17,eval,10,12,0.000116344,1
libasdf_gwcs,../roman/.data/build21/r0000101001001001001_0001_wfi17_f158_cal.asdf,wfi17,eval,10,13,0.000067046,1
libasdf_gwcs,../roman/.data/build21/r0000101001001001001_0001_wfi17_f158_cal.asdf,wfi17,eval,10,14,0.000044834,1
libasdf_gwcs,../roman/.data/build21/r0000101001001001001_0001_wfi17_f158_cal.asdf,wfi17,eval,10,15,0.000044678,1
libasdf_gwcs,../roman/.data/build21/r0000101001001001001_0001_wfi17_f158_cal.asdf,wfi17,eval,10,16,0.000044675,1
libasdf_gwcs,../roman/.data/build21/r0000101001001001001_0001_wfi17_f158_cal.asdf,wfi17,eval,10,17,0.000136308,1
libasdf_gwcs,../roman/.data/build21/r0000101001001001001_0001_wfi17_f158_cal.asdf,wfi17,eval,10,18,0.000045381,1
libasdf_gwcs,../roman/.data/build21/r0000101001001001001_0001_wfi17_f158_cal.asdf,wfi17,eval,10,19,0.000044778,1
libasdf_gwcs,../roman/.data/build21/r0000101001001001001_0001_wfi17_f158_cal.asdf,wfi17,eval,10,20,0.000044555,1
libasdf_gwcs,../roman/.data/build21/r0000101001001001001_0001_wfi17_f158_cal.asdf,wfi17,eval,10,21,0.000044422,1
libasdf_gwcs,../roman/.data/build21/r0000101001001001001_0001_wfi17_f158_cal.asdf,wfi17,eval,10,22,0.000044441,1
libasdf_gwcs,../roman/.data/build21/r0000101001001001001_0001_wfi17_f158_cal.asdf,wfi17,eval,10,23,0.000044564,1
libasdf_gwcs,../roman/.data/build21/r0000101001001001001_0001_wfi17_f158_cal.asdf,wfi17,eval,10,24,0.000044792,1
libasdf_gwcs,../roman/.data/build21/r0000101001001001001_0001_wfi17_f158_cal.asdf,wfi17,eval,10,25,0.000044528,1
libasdf_gwcs,../roman/.data/build21/r0000101001001001001_0001_wfi17_f158_cal.asdf,wfi17,eval,10,26,0.000044548,1
libasdf_gwcs,../roman/.data/build21/r0000101001001001001_0001_wfi17_f158_cal.asdf,wfi17,eval,10,27,0.000193413,1
libasdf_gwcs,../roman/.data/build21/r0000101001001001001_0001_wfi17_f158_cal.asdf,wfi17,eval,10,28,0.000078871,1
libasdf_gwcs,../roman/.data/build21/r0000101001001001001_0001_wfi17_f158_cal.asdf,wfi17,eval,10,29,0.000066391,1
libasdf_gwcs,../roman/.data/build21/r0000101001001001001_0001_wfi17_f158_cal.asdf,wfi17,eval,10,30,0.000044872,1
libasdf_gwcs,../roman/.data/build21/r0000101001001001001_0001_wfi17_f158_cal.asdf,wfi17,eval,10,31,0.000044525,1
libasdf_gwcs,../roman/.data/build21/r0000101001001001001_0001_wfi17_f158_cal.asdf,wfi17,eval,10,32,0.000044841,1
libasdf_gwcs,../roman/.data/build21/r0000101001001001001_0001_wfi17_f158_cal.asdf,wfi17,eval,10,33,0.000044606,1
libasdf_gwcs,../roman/.data/build21/r0000101001001001001_0001_wfi17_f158_cal.asdf,wfi17,eval,10,34,0.000100607,1
libasdf_gwcs,../roman/.data/build21/r0000101001001001001_0001_wfi17_f158_cal.asdf,wfi17,eval,10,35,0.000053075,1
libasdf_gwcs,../roman/.data/build21/r0000101001001001001_0001_wfi17_f158_cal.asdf,wfi17,eval,10,36,0.000045242,1
libasdf_gwcs,../roman/.data/build21/r0000101001001001001_0001_wfi17_f158_cal.asdf,wfi17,eval,10,37,0.000046588,1
libasdf_gwcs,../roman/.data/build21/r0000101001001001001_0001_wfi17_f158_cal.asdf,wfi17,eval,10,38,0.000044839,1
libasdf_gwcs,../roman/.data/build21/r0000101001001001001_0001_wfi17_f158_cal.asdf,wfi17,eval,10,39,0.000044709,1
libasdf_gwcs,../roman/.data/build21/r0000101001001001001_0001_wfi17_f158_cal.asdf,wfi17,eval,10,40,0.000070957,1
libasdf_gwcs,../roman/.data/build21/r0000101001001001001_0001_wfi17_f158_cal.asdf,wfi17,eval,10,41,0.000064488,1
libasdf_gwcs,../roman/.data/build21/r0000101001001001001_0001_wfi17_f158_cal.asdf,wfi17,eval,10,42,0.000044568,1
libasdf_gwcs,../roman/.data/build21/r0000101001001001001_0001_wfi17_f158_cal.asdf,wfi17,eval,10,43,0.000045138,1
libasdf_gwcs,../roman/.data/build21/r0000101001001001001_0001_wfi17_f158_cal.asdf,wfi17,eval,10,44,0.000044562,1
libasdf_gwcs,../roman/.data/build21/r0000101001001001001_0001_wfi17_f158_cal.asdf,wfi17,eval,10,45,0.000076140,1
libasdf_gwcs,../roman/.data/build21/r0000101001001001001_0001_wfi17_f158_cal.asdf,wfi17,eval,10,46,0.000054685,1
libasdf_gwcs,../roman/.data/build21/r0000101001001001001_0001_wfi17_f158_cal.asdf,wfi17,eval,10,47,0.000081952,1
libasdf_gwcs,../roman/.data/build21/r0000101001001001001_0001_wfi17_f158_cal.asdf,wfi17,eval,10,48,0.000044703,1
libasdf_gwcs,../roman/.data/build21/r0000101001001001001_0001_wfi17_f158_cal.asdf,wfi17,eval,10,49,0.000044393,1
libasdf_gwcs,../roman/.data/build21/r0000101001001001001_0001_wfi17_f158_cal.asdf,wfi17,eval,100,0,0.000424651,1
libasdf_gwcs,../roman/.data/build21/r0000101001001001001_0001_wfi17_f158_cal.asdf,wfi17,eval,100,1,0.000108224,1
libasdf_gwcs,../roman/.data/build21/r0000101001001001001_0001_wfi17_f158_cal.asdf,wfi17,eval,100,2,0.000085759,1
libasdf_gwcs,../roman/.data/build21/r0000101001001001001_0001_wfi17_f158_cal.asdf,wfi17,eval,100,3,0.000085368,1
libasdf_gwcs,../roman/.data/build21/r0000101001001001001_0001_wfi17_f158_cal.asdf,wfi17,eval,100,4,0.000152391,1
libasdf_gwcs,../roman/.data/build21/r0000101001001001001_0001_wfi17_f158_cal.asdf,wfi17,eval,100,5,0.000085033,1
libasdf_gwcs,../roman/.data/build21/r0000101001001001001_0001_wfi17_f158_cal.asdf,wfi17,eval,100,6,0.000107963,1
libasdf_gwcs,../roman/.data/build21/r0000101001001001001_0001_wfi17_f158_cal.asdf,wfi17,eval,100,7,0.000101279,1
libasdf_gwcs,../roman/.data/build21/r0000101001001001001_0001_wfi17_f158_cal.asdf,wfi17,eval,100,8,0.000083778,1
libasdf_gwcs,../roman/.data/build21/r0000101001001001001_0001_wfi17_f158_cal.asdf,wfi17,eval,100,9,0.000083826,1
libasdf_gwcs,../roman/.data/build21/r0000101001001001001_0001_wfi17_f158_cal.asdf,wfi17,eval,100,10,0.000084323,1
libasdf_gwcs,../roman/.data/build21/r0000101001001001001_0001_wfi17_f158_cal.asdf,wfi17,eval,100,11,0.000083926,1
libasdf_gwcs,../roman/.data/build21/r0000101001001001001_0001_wfi17_f158_cal.asdf,wfi17,eval,100,12,0.000083726,1
libasdf_gwcs,../roman/.data/build21/r0000101001001001001_0001_wfi17_f158_cal.asdf,wfi17,eval,100,13,0.000084105,1
libasdf_gwcs,../roman/.data/build21/r0000101001001001001_0001_wfi17_f158_cal.asdf,wfi17,eval,100,14,0.000119520,1
libasdf_gwcs,../roman/.data/build21/r0000101001001001001_0001_wfi17_f158_cal.asdf,wfi17,eval,100,15,0.000112598,1
libasdf_gwcs,../roman/.data/build21/r0000101001001001001_0001_wfi17_f158_cal.asdf,wfi17,eval,100,16,0.000094376,1
libasdf_gwcs,../roman/.data/build21/r0000101001001001001_0001_wfi17_f158_cal.asdf,wfi17,eval,100,17,0.000119446,1
libasdf_gwcs,../roman/.data/build21/r0000101001001001001_0001_wfi17_f158_cal.asdf,wfi17,eval,100,18,0.000131967,1
libasdf_gwcs,../roman/.data/build21/r0000101001001001001_0001_wfi17_f158_cal.asdf,wfi17,eval,100,19,0.000112357,1
libasdf_gwcs,../roman/.data/build21/r0000101001001001001_0001_wfi17_f158_cal.asdf,wfi17,eval,100,20,0.000083565,1
libasdf_gwcs,../roman/.data/build21/r0000101001001001001_0001_wfi17_f158_cal.asdf,wfi17,eval,100,21,0.000083626,1
libasdf_gwcs,../roman/.data/build21/r0000101001001001001_0001_wfi17_f158_cal.asdf,wfi17,eval,100,22,0.000083699,1
libasdf_gwcs,../roman/.data/build21/r0000101001001001001_0001_wfi17_f158_cal.asdf,wfi17,eval,100,23,0.000101453,1
libasdf_gwcs,../roman/.data/build21/r0000101001001001001_0001_wfi17_f158_cal.asdf,wfi17,eval,100,24,0.000171612,1
libasdf_gwcs,../roman/.data/build21/r0000101001001001001_0001_wfi17_f158_cal.asdf,wfi17,eval,100,25,0.000086911,1
libasdf_gwcs,../roman/.data/build21/r0000101001001001001_0001_wfi17_f158_cal.asdf,wfi17,eval,100,26,0.000086132,1
libasdf_gwcs,../roman/.data/build21/r0000101001001001001_0001_wfi17_f158_cal.asdf,wfi17,eval,100,27,0.000086334,1
libasdf_gwcs,../roman/.data/build21/r0000101001001001001_0001_wfi17_f158_cal.asdf,wfi17,eval,100,28,0.000086016,1
libasdf_gwcs,../roman/.data/build21/r0000101001001001001_0001_wfi17_f158_cal.asdf,wfi17,eval,100,29,0.000086359,1
libasdf_gwcs,../roman/.data/build21/r0000101001001001001_0001_wfi17_f158_cal.asdf,wfi17,eval,1000,0,0.000617060,1
libasdf_gwcs,../roman/.data/build21/r0000101001001001001_0001_wfi17_f158_cal.asdf,wfi17,eval,1000,1,0.000481500,1
libasdf_gwcs,../roman/.data/build21/r0000101001001001001_0001_wfi17_f158_cal.asdf,wfi17,eval,1000,2,0.000618358,1
libasdf_gwcs,../roman/.data/build21/r0000101001001001001_0001_wfi17_f158_cal.asdf,wfi17,eval,1000,3,0.000445096,1
libasdf_gwcs,../roman/.data/build21/r0000101001001001001_0001_wfi17_f158_cal.asdf,wfi17,eval,1000,4,0.000594779,1
libasdf_gwcs,../roman/.data/build21/r0000101001001001001_0001_wfi17_f158_cal.asdf,wfi17,eval,1000,5,0.000473728,1
libasdf_gwcs,../roman/.data/build21/r0000101001001001001_0001_wfi17_f158_cal.asdf,wfi17,eval,1000,6,0.000533475,1
libasdf_gwcs,../roman/.data/build21/r0000101001001001001_0001_wfi17_f158_cal.asdf,wfi17,eval,1000,7,0.000456350,1
libasdf_gwcs,../roman/.data/build21/r0000101001001001001_0001_wfi17_f158_cal.asdf,wfi17,eval,1000,8,0.000510497,1
libasdf_gwcs,../roman/.data/build21/r0000101001001001001_0001_wfi17_f158_cal.asdf,wfi17,eval,1000,9,0.000454885,1
libasdf_gwcs,../roman/.data/build21/r0000101001001001001_0001_wfi17_f158_cal.asdf,wfi17,eval,1000,10,0.000607382,1
libasdf_gwcs,../roman/.data/build21/r0000101001001001001_0001_wfi17_f158_cal.asdf,wfi17,eval,1000,11,0.000488296,1
libasdf_gwcs,../roman/.data/build21/r0000101001001001001_0001_wfi17_f158_cal.asdf,wfi17,eval,1000,12,0.000517149,1
libasdf_gwcs,../roman/.data/build21/r0000101001001001001_0001_wfi17_f158_cal.asdf,wfi17,eval,1000,13,0.000468260,1
libasdf_gwcs,../roman/.data/build21/r0000101001001001001_0001_wfi17_f158_cal.asdf,wfi17,eval,1000,14,0.000517327,1
libasdf_gwcs,../roman/.data/build21/r0000101001001001001_0001_wfi17_f158_cal.asdf,wfi17,eval,10000,0,0.006547177,1
libasdf_gwcs,../roman/.data/build21/r0000101001001001001_0001_wfi17_f158_cal.asdf,wfi17,eval,10000,1,0.006826088,1
libasdf_gwcs,../roman/.data/build21/r0000101001001001001_0001_wfi17_f158_cal.asdf,wfi17,eval,10000,2,0.006672494,1
libasdf_gwcs,../roman/.data/build21/r0000101001001001001_0001_wfi17_f158_cal.asdf,wfi17,eval,10000,3,0.007938967,1
libasdf_gwcs,../roman/.data/build21/r0000101001001001001_0001_wfi17_f158_cal.asdf,wfi17,eval,10000,4,0.006926598,1
libasdf_gwcs,../roman/.data/build21/r0000101001001001001_0001_wfi17_f158_cal.asdf,wfi17,eval,10000,5,0.007663625,1
libasdf_gwcs,../roman/.data/build21/r0000101001001001001_0001_wfi17_f158_cal.asdf,wfi17,eval,10000,6,0.006567427,1
libasdf_gwcs,../roman/.data/build21/r0000101001001001001_0001_wfi17_f158_cal.asdf,wfi17,eval,10000,7,0.006038196,1
libasdf_gwcs,../roman/.data/build21/r0000101001001001001_0001_wfi17_f158_cal.asdf,wfi17,eval,100000,0,0.065983810,1
libasdf_gwcs,../roman/.data/build21/r0000101001001001001_0001_wfi17_f158_cal.asdf,wfi17,eval,100000,1,0.063410006,1
libasdf_gwcs,../roman/.data/build21/r0000101001001001001_0001_wfi17_f158_cal.asdf,wfi17,eval,100000,2,0.063072704,1
libasdf_gwcs,../roman/.data/build21/r0000101001001001001_0001_wfi17_f158_cal.asdf,wfi17,eval,100000,3,0.062621278,1
libasdf_gwcs,../roman/.data/build21/r0000101001001001001_0001_wfi17_f158_cal.asdf,wfi17,eval,100000,4,0.064953213,1
libasdf_gwcs,../roman/.data/build21/r0000101001001001001_0001_wfi17_f158_cal.asdf,wfi17,eval,1000000,0,0.654317200,1
libasdf_gwcs,../roman/.data/build21/r0000101001001001001_0001_wfi17_f158_cal.asdf,wfi17,eval,1000000,1,0.643558943,1
libasdf_gwcs,../roman/.data/build21/r0000101001001001001_0001_wfi17_f158_cal.asdf,wfi17,eval,1000000,2,0.670957920,1
libasdf_gwcs,../roman/.data/build21/r0000101001001001001_0001_wfi17_f158_cal.asdf,wfi17,eval,10000000,0,6.438611864,1
libasdf_gwcs,../roman/.data/build21/r0000101001001001001_0001_wfi17_f158_cal.asdf,wfi17,eval,10000000,1,6.209611379,1
libasdf_gwcs,../roman/.data/build21/r0000101001001001001_0001_wfi17_f158_cal.asdf,wfi17,eval,16711744,0,10.839604295,1
libasdf_gwcs,../roman/.data/build21/r0000101001001001001_0001_wfi17_f158_cal.asdf,wfi17,eval,16711744,1,10.922712062,1
libasdf_gwcs,../roman/.data/build21/r0000101001001001001_0001_wfi18_f158_cal.asdf,wfi18,parse_cold,0,0,0.019996364,1
libasdf_gwcs,../roman/.data/build21/r0000101001001001001_0001_wfi18_f158_cal.asdf,wfi18,parse_hot,0,0,0.010599628,1
libasdf_gwcs,../roman/.data/build21/r0000101001001001001_0001_wfi18_f158_cal.asdf,wfi18,eval,1,0,0.000121097,1
libasdf_gwcs,../roman/.data/build21/r0000101001001001001_0001_wfi18_f158_cal.asdf,wfi18,eval,1,1,0.000055881,1
libasdf_gwcs,../roman/.data/build21/r0000101001001001001_0001_wfi18_f158_cal.asdf,wfi18,eval,1,2,0.000058590,1
libasdf_gwcs,../roman/.data/build21/r0000101001001001001_0001_wfi18_f158_cal.asdf,wfi18,eval,1,3,0.000046439,1
libasdf_gwcs,../roman/.data/build21/r0000101001001001001_0001_wfi18_f158_cal.asdf,wfi18,eval,1,4,0.000045943,1
libasdf_gwcs,../roman/.data/build21/r0000101001001001001_0001_wfi18_f158_cal.asdf,wfi18,eval,1,5,0.000045843,1
libasdf_gwcs,../roman/.data/build21/r0000101001001001001_0001_wfi18_f158_cal.asdf,wfi18,eval,1,6,0.000069169,1
libasdf_gwcs,../roman/.data/build21/r0000101001001001001_0001_wfi18_f158_cal.asdf,wfi18,eval,1,7,0.000066118,1
libasdf_gwcs,../roman/.data/build21/r0000101001001001001_0001_wfi18_f158_cal.asdf,wfi18,eval,1,8,0.000080403,1
libasdf_gwcs,../roman/.data/build21/r0000101001001001001_0001_wfi18_f158_cal.asdf,wfi18,eval,1,9,0.000065249,1
libasdf_gwcs,../roman/.data/build21/r0000101001001001001_0001_wfi18_f158_cal.asdf,wfi18,eval,1,10,0.000046095,1
libasdf_gwcs,../roman/.data/build21/r0000101001001001001_0001_wfi18_f158_cal.asdf,wfi18,eval,1,11,0.000045941,1
libasdf_gwcs,../roman/.data/build21/r0000101001001001001_0001_wfi18_f158_cal.asdf,wfi18,eval,1,12,0.000045618,1
libasdf_gwcs,../roman/.data/build21/r0000101001001001001_0001_wfi18_f158_cal.asdf,wfi18,eval,1,13,0.000045788,1
libasdf_gwcs,../roman/.data/build21/r0000101001001001001_0001_wfi18_f158_cal.asdf,wfi18,eval,1,14,0.000045496,1
libasdf_gwcs,../roman/.data/build21/r0000101001001001001_0001_wfi18_f158_cal.asdf,wfi18,eval,1,15,0.000045663,1
libasdf_gwcs,../roman/.data/build21/r0000101001001001001_0001_wfi18_f158_cal.asdf,wfi18,eval,1,16,0.000045706,1
libasdf_gwcs,../roman/.data/build21/r0000101001001001001_0001_wfi18_f158_cal.asdf,wfi18,eval,1,17,0.000045829,1
libasdf_gwcs,../roman/.data/build21/r0000101001001001001_0001_wfi18_f158_cal.asdf,wfi18,eval,1,18,0.000045652,1
libasdf_gwcs,../roman/.data/build21/r0000101001001001001_0001_wfi18_f158_cal.asdf,wfi18,eval,1,19,0.000055525,1
libasdf_gwcs,../roman/.data/build21/r0000101001001001001_0001_wfi18_f158_cal.asdf,wfi18,eval,1,20,0.000040858,1
libasdf_gwcs,../roman/.data/build21/r0000101001001001001_0001_wfi18_f158_cal.asdf,wfi18,eval,1,21,0.000040767,1
libasdf_gwcs,../roman/.data/build21/r0000101001001001001_0001_wfi18_f158_cal.asdf,wfi18,eval,1,22,0.000040759,1
libasdf_gwcs,../roman/.data/build21/r0000101001001001001_0001_wfi18_f158_cal.asdf,wfi18,eval,1,23,0.000040751,1
libasdf_gwcs,../roman/.data/build21/r0000101001001001001_0001_wfi18_f158_cal.asdf,wfi18,eval,1,24,0.000040618,1
libasdf_gwcs,../roman/.data/build21/r0000101001001001001_0001_wfi18_f158_cal.asdf,wfi18,eval,1,25,0.000040685,1
libasdf_gwcs,../roman/.data/build21/r0000101001001001001_0001_wfi18_f158_cal.asdf,wfi18,eval,1,26,0.000040648,1
libasdf_gwcs,../roman/.data/build21/r0000101001001001001_0001_wfi18_f158_cal.asdf,wfi18,eval,1,27,0.000040752,1
libasdf_gwcs,../roman/.data/build21/r0000101001001001001_0001_wfi18_f158_cal.asdf,wfi18,eval,1,28,0.000071667,1
libasdf_gwcs,../roman/.data/build21/r0000101001001001001_0001_wfi18_f158_cal.asdf,wfi18,eval,1,29,0.000058751,1
libasdf_gwcs,../roman/.data/build21/r0000101001001001001_0001_wfi18_f158_cal.asdf,wfi18,eval,1,30,0.000040838,1
libasdf_gwcs,../roman/.data/build21/r0000101001001001001_0001_wfi18_f158_cal.asdf,wfi18,eval,1,31,0.000040730,1
libasdf_gwcs,../roman/.data/build21/r0000101001001001001_0001_wfi18_f158_cal.asdf,wfi18,eval,1,32,0.000040663,1
libasdf_gwcs,../roman/.data/build21/r0000101001001001001_0001_wfi18_f158_cal.asdf,wfi18,eval,1,33,0.000040701,1
libasdf_gwcs,../roman/.data/build21/r0000101001001001001_0001_wfi18_f158_cal.asdf,wfi18,eval,1,34,0.000040743,1
libasdf_gwcs,../roman/.data/build21/r0000101001001001001_0001_wfi18_f158_cal.asdf,wfi18,eval,1,35,0.000040734,1
libasdf_gwcs,../roman/.data/build21/r0000101001001001001_0001_wfi18_f158_cal.asdf,wfi18,eval,1,36,0.000040578,1
libasdf_gwcs,../roman/.data/build21/r0000101001001001001_0001_wfi18_f158_cal.asdf,wfi18,eval,1,37,0.000042368,1
libasdf_gwcs,../roman/.data/build21/r0000101001001001001_0001_wfi18_f158_cal.asdf,wfi18,eval,1,38,0.000041156,1
libasdf_gwcs,../roman/.data/build21/r0000101001001001001_0001_wfi18_f158_cal.asdf,wfi18,eval,1,39,0.000041148,1
libasdf_gwcs,../roman/.data/build21/r0000101001001001001_0001_wfi18_f158_cal.asdf,wfi18,eval,1,40,0.000041022,1
libasdf_gwcs,../roman/.data/build21/r0000101001001001001_0001_wfi18_f158_cal.asdf,wfi18,eval,1,41,0.000040621,1
libasdf_gwcs,../roman/.data/build21/r0000101001001001001_0001_wfi18_f158_cal.asdf,wfi18,eval,1,42,0.000040743,1
libasdf_gwcs,../roman/.data/build21/r0000101001001001001_0001_wfi18_f158_cal.asdf,wfi18,eval,1,43,0.000040606,1
libasdf_gwcs,../roman/.data/build21/r0000101001001001001_0001_wfi18_f158_cal.asdf,wfi18,eval,1,44,0.000040545,1
libasdf_gwcs,../roman/.data/build21/r0000101001001001001_0001_wfi18_f158_cal.asdf,wfi18,eval,1,45,0.000040719,1
libasdf_gwcs,../roman/.data/build21/r0000101001001001001_0001_wfi18_f158_cal.asdf,wfi18,eval,1,46,0.000040767,1
libasdf_gwcs,../roman/.data/build21/r0000101001001001001_0001_wfi18_f158_cal.asdf,wfi18,eval,1,47,0.000040682,1
libasdf_gwcs,../roman/.data/build21/r0000101001001001001_0001_wfi18_f158_cal.asdf,wfi18,eval,1,48,0.000040793,1
libasdf_gwcs,../roman/.data/build21/r0000101001001001001_0001_wfi18_f158_cal.asdf,wfi18,eval,1,49,0.000040506,1
libasdf_gwcs,../roman/.data/build21/r0000101001001001001_0001_wfi18_f158_cal.asdf,wfi18,eval,10,0,0.000081670,1
libasdf_gwcs,../roman/.data/build21/r0000101001001001001_0001_wfi18_f158_cal.asdf,wfi18,eval,10,1,0.000051862,1
libasdf_gwcs,../roman/.data/build21/r0000101001001001001_0001_wfi18_f158_cal.asdf,wfi18,eval,10,2,0.000051420,1
libasdf_gwcs,../roman/.data/build21/r0000101001001001001_0001_wfi18_f158_cal.asdf,wfi18,eval,10,3,0.000052264,1
libasdf_gwcs,../roman/.data/build21/r0000101001001001001_0001_wfi18_f158_cal.asdf,wfi18,eval,10,4,0.000114341,1
libasdf_gwcs,../roman/.data/build21/r0000101001001001001_0001_wfi18_f158_cal.asdf,wfi18,eval,10,5,0.000095732,1
libasdf_gwcs,../roman/.data/build21/r0000101001001001001_0001_wfi18_f158_cal.asdf,wfi18,eval,10,6,0.000110309,1
libasdf_gwcs,../roman/.data/build21/r0000101001001001001_0001_wfi18_f158_cal.asdf,wfi18,eval,10,7,0.000115133,1
libasdf_gwcs,../roman/.data/build21/r0000101001001001001_0001_wfi18_f158_cal.asdf,wfi18,eval,10,8,0.000120779,1
libasdf_gwcs,../roman/.data/build21/r0000101001001001001_0001_wfi18_f158_cal.asdf,wfi18,eval,10,9,0.000046734,1
libasdf_gwcs,../roman/.data/build21/r0000101001001001001_0001_wfi18_f158_cal.asdf,wfi18,eval,10,10,0.000045883,1
libasdf_gwcs,../roman/.data/build21/r0000101001001001001_0001_wfi18_f158_cal.asdf,wfi18,eval,10,11,0.000045608,1
libasdf_gwcs,../roman/.data/build21/r0000101001001001001_0001_wfi18_f158_cal.asdf,wfi18,eval,10,12,0.000045320,1
libasdf_gwcs,../roman/.data/build21/r0000101001001001001_0001_wfi18_f158_cal.asdf,wfi18,eval,10,13,0.000045788,1
libasdf_gwcs,../roman/.data/build21/r0000101001001001001_0001_wfi18_f158_cal.asdf,wfi18,eval,10,14,0.000086294,1
libasdf_gwcs,../roman/.data/build21/r0000101001001001001_0001_wfi18_f158_cal.asdf,wfi18,eval,10,15,0.000082553,1
libasdf_gwcs,../roman/.data/build21/r0000101001001001001_0001_wfi18_f158_cal.asdf,wfi18,eval,10,16,0.000061737,1
libasdf_gwcs,../roman/.data/build21/r0000101001001001001_0001_wfi18_f158_cal.asdf,wfi18,eval,10,17,0.000044356,1
libasdf_gwcs,../roman/.data/build21/r0000101001001001001_0001_wfi18_f158_cal.asdf,wfi18,eval,10,18,0.000044166,1
libasdf_gwcs,../roman/.data/build21/r0000101001001001001_0001_wfi18_f158_cal.asdf,wfi18,eval,10,19,0.000044259,1
libasdf_gwcs,../roman/.data/build21/r0000101001001001001_0001_wfi18_f158_cal.asdf,wfi18,eval,10,20,0.000044117,1
libasdf_gwcs,../roman/.data/build21/r0000101001001001001_0001_wfi18_f158_cal.asdf,wfi18,eval,10,21,0.000044142,1
libasdf_gwcs,../roman/.data/build21/r0000101001001001001_0001_wfi18_f158_cal.asdf,wfi18,eval,10,22,0.000044325,1
libasdf_gwcs,../roman/.data/build21/r0000101001001001001_0001_wfi18_f158_cal.asdf,wfi18,eval,10,23,0.000043954,1
libasdf_gwcs,../roman/.data/build21/r0000101001001001001_0001_wfi18_f158_cal.asdf,wfi18,eval,10,24,0.000044342,1
libasdf_gwcs,../roman/.data/build21/r0000101001001001001_0001_wfi18_f158_cal.asdf,wfi18,eval,10,25,0.000044371,1
libasdf_gwcs,../roman/.data/build21/r0000101001001001001_0001_wfi18_f158_cal.asdf,wfi18,eval,10,26,0.000044229,1
libasdf_gwcs,../roman/.data/build21/r0000101001001001001_0001_wfi18_f158_cal.asdf,wfi18,eval,10,27,0.000044031,1
libasdf_gwcs,../roman/.data/build21/r0000101001001001001_0001_wfi18_f158_cal.asdf,wfi18,eval,10,28,0.000071864,1
libasdf_gwcs,../roman/.data/build21/r0000101001001001001_0001_wfi18_f158_cal.asdf,wfi18,eval,10,29,0.000217400,1
libasdf_gwcs,../roman/.data/build21/r0000101001001001001_0001_wfi18_f158_cal.asdf,wfi18,eval,10,30,0.000072006,1
libasdf_gwcs,../roman/.data/build21/r0000101001001001001_0001_wfi18_f158_cal.asdf,wfi18,eval,10,31,0.000045022,1
libasdf_gwcs,../roman/.data/build21/r0000101001001001001_0001_wfi18_f158_cal.asdf,wfi18,eval,10,32,0.000044307,1
libasdf_gwcs,../roman/.data/build21/r0000101001001001001_0001_wfi18_f158_cal.asdf,wfi18,eval,10,33,0.000044153,1
libasdf_gwcs,../roman/.data/build21/r0000101001001001001_0001_wfi18_f158_cal.asdf,wfi18,eval,10,34,0.000044238,1
libasdf_gwcs,../roman/.data/build21/r0000101001001001001_0001_wfi18_f158_cal.asdf,wfi18,eval,10,35,0.000044328,1
libasdf_gwcs,../roman/.data/build21/r0000101001001001001_0001_wfi18_f158_cal.asdf,wfi18,eval,10,36,0.000044322,1
libasdf_gwcs,../roman/.data/build21/r0000101001001001001_0001_wfi18_f158_cal.asdf,wfi18,eval,10,37,0.000072762,1
libasdf_gwcs,../roman/.data/build21/r0000101001001001001_0001_wfi18_f158_cal.asdf,wfi18,eval,10,38,0.000065807,1
libasdf_gwcs,../roman/.data/build21/r0000101001001001001_0001_wfi18_f158_cal.asdf,wfi18,eval,10,39,0.000044826,1
libasdf_gwcs,../roman/.data/build21/r0000101001001001001_0001_wfi18_f158_cal.asdf,wfi18,eval,10,40,0.000043971,1
libasdf_gwcs,../roman/.data/build21/r0000101001001001001_0001_wfi18_f158_cal.asdf,wfi18,eval,10,41,0.000044219,1
libasdf_gwcs,../roman/.data/build21/r0000101001001001001_0001_wfi18_f158_cal.asdf,wfi18,eval,10,42,0.000044212,1
libasdf_gwcs,../roman/.data/build21/r0000101001001001001_0001_wfi18_f158_cal.asdf,wfi18,eval,10,43,0.000044133,1
libasdf_gwcs,../roman/.data/build21/r0000101001001001001_0001_wfi18_f158_cal.asdf,wfi18,eval,10,44,0.000044389,1
libasdf_gwcs,../roman/.data/build21/r0000101001001001001_0001_wfi18_f158_cal.asdf,wfi18,eval,10,45,0.000044150,1
libasdf_gwcs,../roman/.data/build21/r0000101001001001001_0001_wfi18_f158_cal.asdf,wfi18,eval,10,46,0.000044359,1
libasdf_gwcs,../roman/.data/build21/r0000101001001001001_0001_wfi18_f158_cal.asdf,wfi18,eval,10,47,0.000044032,1
libasdf_gwcs,../roman/.data/build21/r0000101001001001001_0001_wfi18_f158_cal.asdf,wfi18,eval,10,48,0.000043890,1
libasdf_gwcs,../roman/.data/build21/r0000101001001001001_0001_wfi18_f158_cal.asdf,wfi18,eval,10,49,0.000083802,1
libasdf_gwcs,../roman/.data/build21/r0000101001001001001_0001_wfi18_f158_cal.asdf,wfi18,eval,100,0,0.000307455,1
libasdf_gwcs,../roman/.data/build21/r0000101001001001001_0001_wfi18_f158_cal.asdf,wfi18,eval,100,1,0.000098680,1
libasdf_gwcs,../roman/.data/build21/r0000101001001001001_0001_wfi18_f158_cal.asdf,wfi18,eval,100,2,0.000128144,1
libasdf_gwcs,../roman/.data/build21/r0000101001001001001_0001_wfi18_f158_cal.asdf,wfi18,eval,100,3,0.000105442,1
libasdf_gwcs,../roman/.data/build21/r0000101001001001001_0001_wfi18_f158_cal.asdf,wfi18,eval,100,4,0.000082792,1
libasdf_gwcs,../roman/.data/build21/r0000101001001001001_0001_wfi18_f158_cal.asdf,wfi18,eval,100,5,0.000082211,1
libasdf_gwcs,../roman/.data/build21/r0000101001001001001_0001_wfi18_f158_cal.asdf,wfi18,eval,100,6,0.000081961,1
libasdf_gwcs,../roman/.data/build21/r0000101001001001001_0001_wfi18_f158_cal.asdf,wfi18,eval,100,7,0.000121490,1
libasdf_gwcs,../roman/.data/build21/r0000101001001001001_0001_wfi18_f158_cal.asdf,wfi18,eval,100,8,0.000095565,1
libasdf_gwcs,../roman/.data/build21/r0000101001001001001_0001_wfi18_f158_cal.asdf,wfi18,eval,100,9,0.000094713,1
libasdf_gwcs,../roman/.data/build21/r0000101001001001001_0001_wfi18_f158_cal.asdf,wfi18,eval,100,10,0.000094721,1
libasdf_gwcs,../roman/.data/build21/r0000101001001001001_0001_wfi18_f158_cal.asdf,wfi18,eval,100,11,0.000099579,1
libasdf_gwcs,../roman/.data/build21/r0000101001001001001_0001_wfi18_f158_cal.asdf,wfi18,eval,100,12,0.000081940,1
libasdf_gwcs,../roman/.data/build21/r0000101001001001001_0001_wfi18_f158_cal.asdf,wfi18,eval,100,13,0.000081807,1
libasdf_gwcs,../roman/.data/build21/r0000101001001001001_0001_wfi18_f158_cal.asdf,wfi18,eval,100,14,0.000082284,1
libasdf_gwcs,../roman/.data/build21/r0000101001001001001_0001_wfi18_f158_cal.asdf,wfi18,eval,100,15,0.000081966,1
libasdf_gwcs,../roman/.data/build21/r0000101001001001001_0001_wfi18_f158_cal.asdf,wfi18,eval,100,16,0.000081999,1
libasdf_gwcs,../roman/.data/build21/r0000101001001001001_0001_wfi18_f158_cal.asdf,wfi18,eval,100,17,0.000081848,1
libasdf_gwcs,../roman/.data/build21/r0000101001001001001_0001_wfi18_f158_cal.asdf,wfi18,eval,100,18,0.000126584,1
libasdf_gwcs,../roman/.data/build21/r0000101001001001001_0001_wfi18_f158_cal.asdf,wfi18,eval,100,19,0.000118839,1
libasdf_gwcs,../roman/.data/build21/r0000101001001001001_0001_wfi18_f158_cal.asdf,wfi18,eval,100,20,0.000082030,1
libasdf_gwcs,../roman/.data/build21/r0000101001001001001_0001_wfi18_f158_cal.asdf,wfi18,eval,100,21,0.000081943,1
libasdf_gwcs,../roman/.data/build21/r0000101001001001001_0001_wfi18_f158_cal.asdf,wfi18,eval,100,22,0.000082339,1
libasdf_gwcs,../roman/.data/build21/r0000101001001001001_0001_wfi18_f158_cal.asdf,wfi18,eval,100,23,0.000081851,1
libasdf_gwcs,../roman/.data/build21/r0000101001001001001_0001_wfi18_f158_cal.asdf,wfi18,eval,100,24,0.000082314,1
libasdf_gwcs,../roman/.data/build21/r0000101001001001001_0001_wfi18_f158_cal.asdf,wfi18,eval,100,25,0.000082266,1
libasdf_gwcs,../roman/.data/build21/r0000101001001001001_0001_wfi18_f158_cal.asdf,wfi18,eval,100,26,0.000081621,1
libasdf_gwcs,../roman/.data/build21/r0000101001001001001_0001_wfi18_f158_cal.asdf,wfi18,eval,100,27,0.000081964,1
libasdf_gwcs,../roman/.data/build21/r0000101001001001001_0001_wfi18_f158_cal.asdf,wfi18,eval,100,28,0.000081914,1
libasdf_gwcs,../roman/.data/build21/r0000101001001001001_0001_wfi18_f158_cal.asdf,wfi18,eval,100,29,0.000200027,1
libasdf_gwcs,../roman/.data/build21/r0000101001001001001_0001_wfi18_f158_cal.asdf,wfi18,eval,1000,0,0.001213103,1
libasdf_gwcs,../roman/.data/build21/r0000101001001001001_0001_wfi18_f158_cal.asdf,wfi18,eval,1000,1,0.000877279,1
libasdf_gwcs,../roman/.data/build21/r0000101001001001001_0001_wfi18_f158_cal.asdf,wfi18,eval,1000,2,0.001034970,1
libasdf_gwcs,../roman/.data/build21/r0000101001001001001_0001_wfi18_f158_cal.asdf,wfi18,eval,1000,3,0.000958536,1
libasdf_gwcs,../roman/.data/build21/r0000101001001001001_0001_wfi18_f158_cal.asdf,wfi18,eval,1000,4,0.000954106,1
libasdf_gwcs,../roman/.data/build21/r0000101001001001001_0001_wfi18_f158_cal.asdf,wfi18,eval,1000,5,0.001000869,1
libasdf_gwcs,../roman/.data/build21/r0000101001001001001_0001_wfi18_f158_cal.asdf,wfi18,eval,1000,6,0.001027348,1
libasdf_gwcs,../roman/.data/build21/r0000101001001001001_0001_wfi18_f158_cal.asdf,wfi18,eval,1000,7,0.000538209,1
libasdf_gwcs,../roman/.data/build21/r0000101001001001001_0001_wfi18_f158_cal.asdf,wfi18,eval,1000,8,0.000974347,1
libasdf_gwcs,../roman/.data/build21/r0000101001001001001_0001_wfi18_f158_cal.asdf,wfi18,eval,1000,9,0.000969368,1
libasdf_gwcs,../roman/.data/build21/r0000101001001001001_0001_wfi18_f158_cal.asdf,wfi18,eval,1000,10,0.000627562,1
libasdf_gwcs,../roman/.data/build21/r0000101001001001001_0001_wfi18_f158_cal.asdf,wfi18,eval,1000,11,0.000600171,1
libasdf_gwcs,../roman/.data/build21/r0000101001001001001_0001_wfi18_f158_cal.asdf,wfi18,eval,1000,12,0.000523922,1
libasdf_gwcs,../roman/.data/build21/r0000101001001001001_0001_wfi18_f158_cal.asdf,wfi18,eval,1000,13,0.000532152,1
libasdf_gwcs,../roman/.data/build21/r0000101001001001001_0001_wfi18_f158_cal.asdf,wfi18,eval,1000,14,0.000474631,1
libasdf_gwcs,../roman/.data/build21/r0000101001001001001_0001_wfi18_f158_cal.asdf,wfi18,eval,10000,0,0.006352303,1
libasdf_gwcs,../roman/.data/build21/r0000101001001001001_0001_wfi18_f158_cal.asdf,wfi18,eval,10000,1,0.006586948,1
libasdf_gwcs,../roman/.data/build21/r0000101001001001001_0001_wfi18_f158_cal.asdf,wfi18,eval,10000,2,0.006091146,1
libasdf_gwcs,../roman/.data/build21/r0000101001001001001_0001_wfi18_f158_cal.asdf,wfi18,eval,10000,3,0.006138538,1
libasdf_gwcs,../roman/.data/build21/r0000101001001001001_0001_wfi18_f158_cal.asdf,wfi18,eval,10000,4,0.006049101,1
libasdf_gwcs,../roman/.data/build21/r0000101001001001001_0001_wfi18_f158_cal.asdf,wfi18,eval,10000,5,0.006047870,1
libasdf_gwcs,../roman/.data/build21/r0000101001001001001_0001_wfi18_f158_cal.asdf,wfi18,eval,10000,6,0.005880544,1
libasdf_gwcs,../roman/.data/build21/r0000101001001001001_0001_wfi18_f158_cal.asdf,wfi18,eval,10000,7,0.005917016,1
libasdf_gwcs,../roman/.data/build21/r0000101001001001001_0001_wfi18_f158_cal.asdf,wfi18,eval,100000,0,0.063893917,1
libasdf_gwcs,../roman/.data/build21/r0000101001001001001_0001_wfi18_f158_cal.asdf,wfi18,eval,100000,1,0.062188873,1
libasdf_gwcs,../roman/.data/build21/r0000101001001001001_0001_wfi18_f158_cal.asdf,wfi18,eval,100000,2,0.062939479,1
libasdf_gwcs,../roman/.data/build21/r0000101001001001001_0001_wfi18_f158_cal.asdf,wfi18,eval,100000,3,0.064917116,1
libasdf_gwcs,../roman/.data/build21/r0000101001001001001_0001_wfi18_f158_cal.asdf,wfi18,eval,100000,4,0.062457563,1
libasdf_gwcs,../roman/.data/build21/r0000101001001001001_0001_wfi18_f158_cal.asdf,wfi18,eval,1000000,0,0.634446440,1
libasdf_gwcs,../roman/.data/build21/r0000101001001001001_0001_wfi18_f158_cal.asdf,wfi18,eval,1000000,1,0.628577655,1
libasdf_gwcs,../roman/.data/build21/r0000101001001001001_0001_wfi18_f158_cal.asdf,wfi18,eval,1000000,2,0.667864709,1
libasdf_gwcs,../roman/.data/build21/r0000101001001001001_0001_wfi18_f158_cal.asdf,wfi18,eval,10000000,0,6.583221264,1
libasdf_gwcs,../roman/.data/build21/r0000101001001001001_0001_wfi18_f158_cal.asdf,wfi18,eval,10000000,1,6.237369674,1
libasdf_gwcs,../roman/.data/build21/r0000101001001001001_0001_wfi18_f158_cal.asdf,wfi18,eval,16711744,0,10.241757305,1
libasdf_gwcs,../roman/.data/build21/r0000101001001001001_0001_wfi18_f158_cal.asdf,wfi18,eval,16711744,1,10.833022847,1
