library,file,detector,phase,n_points,rep,time_s,blas_threads
gwcs,../roman/.data/build21/r0000101001001001001_0001_wfi01_f158_cal.asdf,wfi01,parse_cold,0,0,2.511290967,8
gwcs,../roman/.data/build21/r0000101001001001001_0001_wfi01_f158_cal.asdf,wfi01,parse_hot,0,0,1.174770937,8
gwcs,../roman/.data/build21/r0000101001001001001_0001_wfi01_f158_cal.asdf,wfi01,eval,1,0,0.005246127,8
gwcs,../roman/.data/build21/r0000101001001001001_0001_wfi01_f158_cal.asdf,wfi01,eval,1,1,0.005738698,8
gwcs,../roman/.data/build21/r0000101001001001001_0001_wfi01_f158_cal.asdf,wfi01,eval,1,2,0.004281370,8
gwcs,../roman/.data/build21/r0000101001001001001_0001_wfi01_f158_cal.asdf,wfi01,eval,1,3,0.004170667,8
gwcs,../roman/.data/build21/r0000101001001001001_0001_wfi01_f158_cal.asdf,wfi01,eval,1,4,0.004495685,8
gwcs,../roman/.data/build21/r0000101001001001001_0001_wfi01_f158_cal.asdf,wfi01,eval,1,5,0.003963794,8
gwcs,../roman/.data/build21/r0000101001001001001_0001_wfi01_f158_cal.asdf,wfi01,eval,1,6,0.003938175,8
gwcs,../roman/.data/build21/r0000101001001001001_0001_wfi01_f158_cal.asdf,wfi01,eval,1,7,0.003970113,8
gwcs,../roman/.data/build21/r0000101001001001001_0001_wfi01_f158_cal.asdf,wfi01,eval,1,8,0.003918590,8
gwcs,../roman/.data/build21/r0000101001001001001_0001_wfi01_f158_cal.asdf,wfi01,eval,1,9,0.003827998,8
gwcs,../roman/.data/build21/r0000101001001001001_0001_wfi01_f158_cal.asdf,wfi01,eval,1,10,0.004053187,8
gwcs,../roman/.data/build21/r0000101001001001001_0001_wfi01_f158_cal.asdf,wfi01,eval,1,11,0.003881775,8
gwcs,../roman/.data/build21/r0000101001001001001_0001_wfi01_f158_cal.asdf,wfi01,eval,1,12,0.004133247,8
gwcs,../roman/.data/build21/r0000101001001001001_0001_wfi01_f158_cal.asdf,wfi01,eval,1,13,0.004908944,8
gwcs,../roman/.data/build21/r0000101001001001001_0001_wfi01_f158_cal.asdf,wfi01,eval,1,14,0.004070276,8
gwcs,../roman/.data/build21/r0000101001001001001_0001_wfi01_f158_cal.asdf,wfi01,eval,1,15,0.003919460,8
gwcs,../roman/.data/build21/r0000101001001001001_0001_wfi01_f158_cal.asdf,wfi01,eval,1,16,0.003890683,8
gwcs,../roman/.data/build21/r0000101001001001001_0001_wfi01_f158_cal.asdf,wfi01,eval,1,17,0.003975132,8
gwcs,../roman/.data/build21/r0000101001001001001_0001_wfi01_f158_cal.asdf,wfi01,eval,1,18,0.003933446,8
gwcs,../roman/.data/build21/r0000101001001001001_0001_wfi01_f158_cal.asdf,wfi01,eval,1,19,0.003781288,8
gwcs,../roman/.data/build21/r0000101001001001001_0001_wfi01_f158_cal.asdf,wfi01,eval,1,20,0.003921839,8
gwcs,../roman/.data/build21/r0000101001001001001_0001_wfi01_f158_cal.asdf,wfi01,eval,1,21,0.003656151,8
gwcs,../roman/.data/build21/r0000101001001001001_0001_wfi01_f158_cal.asdf,wfi01,eval,1,22,0.003938489,8
gwcs,../roman/.data/build21/r0000101001001001001_0001_wfi01_f158_cal.asdf,wfi01,eval,1,23,0.003962870,8
gwcs,../roman/.data/build21/r0000101001001001001_0001_wfi01_f158_cal.asdf,wfi01,eval,1,24,0.003798155,8
gwcs,../roman/.data/build21/r0000101001001001001_0001_wfi01_f158_cal.asdf,wfi01,eval,1,25,0.004268088,8
gwcs,../roman/.data/build21/r0000101001001001001_0001_wfi01_f158_cal.asdf,wfi01,eval,1,26,0.003978068,8
gwcs,../roman/.data/build21/r0000101001001001001_0001_wfi01_f158_cal.asdf,wfi01,eval,1,27,0.003864472,8
gwcs,../roman/.data/build21/r0000101001001001001_0001_wfi01_f158_cal.asdf,wfi01,eval,1,28,0.004001706,8
gwcs,../roman/.data/build21/r0000101001001001001_0001_wfi01_f158_cal.asdf,wfi01,eval,1,29,0.004127496,8
gwcs,../roman/.data/build21/r0000101001001001001_0001_wfi01_f158_cal.asdf,wfi01,eval,1,30,0.004022482,8
gwcs,../roman/.data/build21/r0000101001001001001_0001_wfi01_f158_cal.asdf,wfi01,eval,1,31,0.004088188,8
gwcs,../roman/.data/build21/r0000101001001001001_0001_wfi01_f158_cal.asdf,wfi01,eval,1,32,0.003979072,8
gwcs,../roman/.data/build21/r0000101001001001001_0001_wfi01_f158_cal.asdf,wfi01,eval,1,33,0.004667420,8
gwcs,../roman/.data/build21/r0000101001001001001_0001_wfi01_f158_cal.asdf,wfi01,eval,1,34,0.003864404,8
gwcs,../roman/.data/build21/r0000101001001001001_0001_wfi01_f158_cal.asdf,wfi01,eval,1,35,0.003972256,8
gwcs,../roman/.data/build21/r0000101001001001001_0001_wfi01_f158_cal.asdf,wfi01,eval,1,36,0.004042231,8
gwcs,../roman/.data/build21/r0000101001001001001_0001_wfi01_f158_cal.asdf,wfi01,eval,1,37,0.003962952,8
gwcs,../roman/.data/build21/r0000101001001001001_0001_wfi01_f158_cal.asdf,wfi01,eval,1,38,0.005847233,8
gwcs,../roman/.data/build21/r0000101001001001001_0001_wfi01_f158_cal.asdf,wfi01,eval,1,39,0.005443861,8
gwcs,../roman/.data/build21/r0000101001001001001_0001_wfi01_f158_cal.asdf,wfi01,eval,1,40,0.003857835,8
gwcs,../roman/.data/build21/r0000101001001001001_0001_wfi01_f158_cal.asdf,wfi01,eval,1,41,0.004171322,8
gwcs,../roman/.data/build21/r0000101001001001001_0001_wfi01_f158_cal.asdf,wfi01,eval,1,42,0.003924047,8
gwcs,../roman/.data/build21/r0000101001001001001_0001_wfi01_f158_cal.asdf,wfi01,eval,1,43,0.003767190,8
gwcs,../roman/.data/build21/r0000101001001001001_0001_wfi01_f158_cal.asdf,wfi01,eval,1,44,0.003970707,8
gwcs,../roman/.data/build21/r0000101001001001001_0001_wfi01_f158_cal.asdf,wfi01,eval,1,45,0.003777334,8
gwcs,../roman/.data/build21/r0000101001001001001_0001_wfi01_f158_cal.asdf,wfi01,eval,1,46,0.004235788,8
gwcs,../roman/.data/build21/r0000101001001001001_0001_wfi01_f158_cal.asdf,wfi01,eval,1,47,0.003992881,8
gwcs,../roman/.data/build21/r0000101001001001001_0001_wfi01_f158_cal.asdf,wfi01,eval,1,48,0.003801738,8
gwcs,../roman/.data/build21/r0000101001001001001_0001_wfi01_f158_cal.asdf,wfi01,eval,1,49,0.003998443,8
gwcs,../roman/.data/build21/r0000101001001001001_0001_wfi01_f158_cal.asdf,wfi01,eval,10,0,0.004880799,8
gwcs,../roman/.data/build21/r0000101001001001001_0001_wfi01_f158_cal.asdf,wfi01,eval,10,1,0.004926462,8
gwcs,../roman/.data/build21/r0000101001001001001_0001_wfi01_f158_cal.asdf,wfi01,eval,10,2,0.005255754,8
gwcs,../roman/.data/build21/r0000101001001001001_0001_wfi01_f158_cal.asdf,wfi01,eval,10,3,0.003980211,8
gwcs,../roman/.data/build21/r0000101001001001001_0001_wfi01_f158_cal.asdf,wfi01,eval,10,4,0.004194632,8
gwcs,../roman/.data/build21/r0000101001001001001_0001_wfi01_f158_cal.asdf,wfi01,eval,10,5,0.004657478,8
gwcs,../roman/.data/build21/r0000101001001001001_0001_wfi01_f158_cal.asdf,wfi01,eval,10,6,0.004848050,8
gwcs,../roman/.data/build21/r0000101001001001001_0001_wfi01_f158_cal.asdf,wfi01,eval,10,7,0.004118725,8
gwcs,../roman/.data/build21/r0000101001001001001_0001_wfi01_f158_cal.asdf,wfi01,eval,10,8,0.003989697,8
gwcs,../roman/.data/build21/r0000101001001001001_0001_wfi01_f158_cal.asdf,wfi01,eval,10,9,0.004131290,8
gwcs,../roman/.data/build21/r0000101001001001001_0001_wfi01_f158_cal.asdf,wfi01,eval,10,10,0.003970850,8
gwcs,../roman/.data/build21/r0000101001001001001_0001_wfi01_f158_cal.asdf,wfi01,eval,10,11,0.004078405,8
gwcs,../roman/.data/build21/r0000101001001001001_0001_wfi01_f158_cal.asdf,wfi01,eval,10,12,0.004633917,8
gwcs,../roman/.data/build21/r0000101001001001001_0001_wfi01_f158_cal.asdf,wfi01,eval,10,13,0.004123542,8
gwcs,../roman/.data/build21/r0000101001001001001_0001_wfi01_f158_cal.asdf,wfi01,eval,10,14,0.004393383,8
gwcs,../roman/.data/build21/r0000101001001001001_0001_wfi01_f158_cal.asdf,wfi01,eval,10,15,0.004127654,8
gwcs,../roman/.data/build21/r0000101001001001001_0001_wfi01_f158_cal.asdf,wfi01,eval,10,16,0.003997697,8
gwcs,../roman/.data/build21/r0000101001001001001_0001_wfi01_f158_cal.asdf,wfi01,eval,10,17,0.004131806,8
gwcs,../roman/.data/build21/r0000101001001001001_0001_wfi01_f158_cal.asdf,wfi01,eval,10,18,0.004026528,8
gwcs,../roman/.data/build21/r0000101001001001001_0001_wfi01_f158_cal.asdf,wfi01,eval,10,19,0.003928077,8
gwcs,../roman/.data/build21/r0000101001001001001_0001_wfi01_f158_cal.asdf,wfi01,eval,10,20,0.004003336,8
gwcs,../roman/.data/build21/r0000101001001001001_0001_wfi01_f158_cal.asdf,wfi01,eval,10,21,0.004824506,8
gwcs,../roman/.data/build21/r0000101001001001001_0001_wfi01_f158_cal.asdf,wfi01,eval,10,22,0.004124718,8
gwcs,../roman/.data/build21/r0000101001001001001_0001_wfi01_f158_cal.asdf,wfi01,eval,10,23,0.004019899,8
gwcs,../roman/.data/build21/r0000101001001001001_0001_wfi01_f158_cal.asdf,wfi01,eval,10,24,0.003989709,8
gwcs,../roman/.data/build21/r0000101001001001001_0001_wfi01_f158_cal.asdf,wfi01,eval,10,25,0.004229941,8
gwcs,../roman/.data/build21/r0000101001001001001_0001_wfi01_f158_cal.asdf,wfi01,eval,10,26,0.004204617,8
gwcs,../roman/.data/build21/r0000101001001001001_0001_wfi01_f158_cal.asdf,wfi01,eval,10,27,0.003945378,8
gwcs,../roman/.data/build21/r0000101001001001001_0001_wfi01_f158_cal.asdf,wfi01,eval,10,28,0.003992833,8
gwcs,../roman/.data/build21/r0000101001001001001_0001_wfi01_f158_cal.asdf,wfi01,eval,10,29,0.004114947,8
gwcs,../roman/.data/build21/r0000101001001001001_0001_wfi01_f158_cal.asdf,wfi01,eval,10,30,0.004066971,8
gwcs,../roman/.data/build21/r0000101001001001001_0001_wfi01_f158_cal.asdf,wfi01,eval,10,31,0.004118864,8
gwcs,../roman/.data/build21/r0000101001001001001_0001_wfi01_f158_cal.asdf,wfi01,eval,10,32,0.003970802,8
gwcs,../roman/.data/build21/r0000101001001001001_0001_wfi01_f158_cal.asdf,wfi01,eval,10,33,0.004114668,8
gwcs,../roman/.data/build21/r0000101001001001001_0001_wfi01_f158_cal.asdf,wfi01,eval,10,34,0.004166641,8
gwcs,../roman/.data/build21/r0000101001001001001_0001_wfi01_f158_cal.asdf,wfi01,eval,10,35,0.003961083,8
gwcs,../roman/.data/build21/r0000101001001001001_0001_wfi01_f158_cal.asdf,wfi01,eval,10,36,0.004946793,8
gwcs,../roman/.data/build21/r0000101001001001001_0001_wfi01_f158_cal.asdf,wfi01,eval,10,37,0.004477182,8
gwcs,../roman/.data/build21/r0000101001001001001_0001_wfi01_f158_cal.asdf,wfi01,eval,10,38,0.004744392,8
gwcs,../roman/.data/build21/r0000101001001001001_0001_wfi01_f158_cal.asdf,wfi01,eval,10,39,0.004194126,8
gwcs,../roman/.data/build21/r0000101001001001001_0001_wfi01_f158_cal.asdf,wfi01,eval,10,40,0.004031668,8
gwcs,../roman/.data/build21/r0000101001001001001_0001_wfi01_f158_cal.asdf,wfi01,eval,10,41,0.004977510,8
gwcs,../roman/.data/build21/r0000101001001001001_0001_wfi01_f158_cal.asdf,wfi01,eval,10,42,0.004085300,8
gwcs,../roman/.data/build21/r0000101001001001001_0001_wfi01_f158_cal.asdf,wfi01,eval,10,43,0.003978990,8
gwcs,../roman/.data/build21/r0000101001001001001_0001_wfi01_f158_cal.asdf,wfi01,eval,10,44,0.004053537,8
gwcs,../roman/.data/build21/r0000101001001001001_0001_wfi01_f158_cal.asdf,wfi01,eval,10,45,0.003891242,8
gwcs,../roman/.data/build21/r0000101001001001001_0001_wfi01_f158_cal.asdf,wfi01,eval,10,46,0.004030323,8
gwcs,../roman/.data/build21/r0000101001001001001_0001_wfi01_f158_cal.asdf,wfi01,eval,10,47,0.004089776,8
gwcs,../roman/.data/build21/r0000101001001001001_0001_wfi01_f158_cal.asdf,wfi01,eval,10,48,0.004129816,8
gwcs,../roman/.data/build21/r0000101001001001001_0001_wfi01_f158_cal.asdf,wfi01,eval,10,49,0.004066230,8
gwcs,../roman/.data/build21/r0000101001001001001_0001_wfi01_f158_cal.asdf,wfi01,eval,100,0,0.004825694,8
gwcs,../roman/.data/build21/r0000101001001001001_0001_wfi01_f158_cal.asdf,wfi01,eval,100,1,0.004767189,8
gwcs,../roman/.data/build21/r0000101001001001001_0001_wfi01_f158_cal.asdf,wfi01,eval,100,2,0.004453011,8
gwcs,../roman/.data/build21/r0000101001001001001_0001_wfi01_f158_cal.asdf,wfi01,eval,100,3,0.003960568,8
gwcs,../roman/.data/build21/r0000101001001001001_0001_wfi01_f158_cal.asdf,wfi01,eval,100,4,0.005321858,8
gwcs,../roman/.data/build21/r0000101001001001001_0001_wfi01_f158_cal.asdf,wfi01,eval,100,5,0.004649786,8
gwcs,../roman/.data/build21/r0000101001001001001_0001_wfi01_f158_cal.asdf,wfi01,eval,100,6,0.004075507,8
gwcs,../roman/.data/build21/r0000101001001001001_0001_wfi01_f158_cal.asdf,wfi01,eval,100,7,0.004280350,8
gwcs,../roman/.data/build21/r0000101001001001001_0001_wfi01_f158_cal.asdf,wfi01,eval,100,8,0.004125895,8
gwcs,../roman/.data/build21/r0000101001001001001_0001_wfi01_f158_cal.asdf,wfi01,eval,100,9,0.004386537,8
gwcs,../roman/.data/build21/r0000101001001001001_0001_wfi01_f158_cal.asdf,wfi01,eval,100,10,0.005185764,8
gwcs,../roman/.data/build21/r0000101001001001001_0001_wfi01_f158_cal.asdf,wfi01,eval,100,11,0.004508091,8
gwcs,../roman/.data/build21/r0000101001001001001_0001_wfi01_f158_cal.asdf,wfi01,eval,100,12,0.004479934,8
gwcs,../roman/.data/build21/r0000101001001001001_0001_wfi01_f158_cal.asdf,wfi01,eval,100,13,0.004348353,8
gwcs,../roman/.data/build21/r0000101001001001001_0001_wfi01_f158_cal.asdf,wfi01,eval,100,14,0.004272296,8
gwcs,../roman/.data/build21/r0000101001001001001_0001_wfi01_f158_cal.asdf,wfi01,eval,100,15,0.004359416,8
gwcs,../roman/.data/build21/r0000101001001001001_0001_wfi01_f158_cal.asdf,wfi01,eval,100,16,0.004184799,8
gwcs,../roman/.data/build21/r0000101001001001001_0001_wfi01_f158_cal.asdf,wfi01,eval,100,17,0.004259523,8
gwcs,../roman/.data/build21/r0000101001001001001_0001_wfi01_f158_cal.asdf,wfi01,eval,100,18,0.004247806,8
gwcs,../roman/.data/build21/r0000101001001001001_0001_wfi01_f158_cal.asdf,wfi01,eval,100,19,0.004198327,8
gwcs,../roman/.data/build21/r0000101001001001001_0001_wfi01_f158_cal.asdf,wfi01,eval,100,20,0.004179260,8
gwcs,../roman/.data/build21/r0000101001001001001_0001_wfi01_f158_cal.asdf,wfi01,eval,100,21,0.004301351,8
gwcs,../roman/.data/build21/r0000101001001001001_0001_wfi01_f158_cal.asdf,wfi01,eval,100,22,0.004199565,8
gwcs,../roman/.data/build21/r0000101001001001001_0001_wfi01_f158_cal.asdf,wfi01,eval,100,23,0.004267794,8
gwcs,../roman/.data/build21/r0000101001001001001_0001_wfi01_f158_cal.asdf,wfi01,eval,100,24,0.004094018,8
gwcs,../roman/.data/build21/r0000101001001001001_0001_wfi01_f158_cal.asdf,wfi01,eval,100,25,0.006970048,8
gwcs,../roman/.data/build21/r0000101001001001001_0001_wfi01_f158_cal.asdf,wfi01,eval,100,26,0.005064046,8
gwcs,../roman/.data/build21/r0000101001001001001_0001_wfi01_f158_cal.asdf,wfi01,eval,100,27,0.004070872,8
gwcs,../roman/.data/build21/r0000101001001001001_0001_wfi01_f158_cal.asdf,wfi01,eval,100,28,0.005702894,8
gwcs,../roman/.data/build21/r0000101001001001001_0001_wfi01_f158_cal.asdf,wfi01,eval,100,29,0.005105481,8
gwcs,../roman/.data/build21/r0000101001001001001_0001_wfi01_f158_cal.asdf,wfi01,eval,1000,0,0.005461497,8
gwcs,../roman/.data/build21/r0000101001001001001_0001_wfi01_f158_cal.asdf,wfi01,eval,1000,1,0.005338332,8
gwcs,../roman/.data/build21/r0000101001001001001_0001_wfi01_f158_cal.asdf,wfi01,eval,1000,2,0.004924933,8
gwcs,../roman/.data/build21/r0000101001001001001_0001_wfi01_f158_cal.asdf,wfi01,eval,1000,3,0.004834943,8
gwcs,../roman/.data/build21/r0000101001001001001_0001_wfi01_f158_cal.asdf,wfi01,eval,1000,4,0.004450119,8
gwcs,../roman/.data/build21/r0000101001001001001_0001_wfi01_f158_cal.asdf,wfi01,eval,1000,5,0.004380037,8
gwcs,../roman/.data/build21/r0000101001001001001_0001_wfi01_f158_cal.asdf,wfi01,eval,1000,6,0.004545989,8
gwcs,../roman/.data/build21/r0000101001001001001_0001_wfi01_f158_cal.asdf,wfi01,eval,1000,7,0.004298228,8
gwcs,../roman/.data/build21/r0000101001001001001_0001_wfi01_f158_cal.asdf,wfi01,eval,1000,8,0.004954906,8
gwcs,../roman/.data/build21/r0000101001001001001_0001_wfi01_f158_cal.asdf,wfi01,eval,1000,9,0.004561298,8
gwcs,../roman/.data/build21/r0000101001001001001_0001_wfi01_f158_cal.asdf,wfi01,eval,1000,10,0.004858600,8
gwcs,../roman/.data/build21/r0000101001001001001_0001_wfi01_f158_cal.asdf,wfi01,eval,1000,11,0.005248916,8
gwcs,../roman/.data/build21/r0000101001001001001_0001_wfi01_f158_cal.asdf,wfi01,eval,1000,12,0.004767841,8
gwcs,../roman/.data/build21/r0000101001001001001_0001_wfi01_f158_cal.asdf,wfi01,eval,1000,13,0.004563252,8
gwcs,../roman/.data/build21/r0000101001001001001_0001_wfi01_f158_cal.asdf,wfi01,eval,1000,14,0.004931162,8
gwcs,../roman/.data/build21/r0000101001001001001_0001_wfi01_f158_cal.asdf,wfi01,eval,10000,0,0.008237315,8
gwcs,../roman/.data/build21/r0000101001001001001_0001_wfi01_f158_cal.asdf,wfi01,eval,10000,1,0.008592018,8
gwcs,../roman/.data/build21/r0000101001001001001_0001_wfi01_f158_cal.asdf,wfi01,eval,10000,2,0.007579083,8
gwcs,../roman/.data/build21/r0000101001001001001_0001_wfi01_f158_cal.asdf,wfi01,eval,10000,3,0.007179174,8
gwcs,../roman/.data/build21/r0000101001001001001_0001_wfi01_f158_cal.asdf,wfi01,eval,10000,4,0.008308488,8
gwcs,../roman/.data/build21/r0000101001001001001_0001_wfi01_f158_cal.asdf,wfi01,eval,10000,5,0.007149986,8
gwcs,../roman/.data/build21/r0000101001001001001_0001_wfi01_f158_cal.asdf,wfi01,eval,10000,6,0.006844060,8
gwcs,../roman/.data/build21/r0000101001001001001_0001_wfi01_f158_cal.asdf,wfi01,eval,10000,7,0.007091071,8
gwcs,../roman/.data/build21/r0000101001001001001_0001_wfi01_f158_cal.asdf,wfi01,eval,100000,0,0.038023697,8
gwcs,../roman/.data/build21/r0000101001001001001_0001_wfi01_f158_cal.asdf,wfi01,eval,100000,1,0.032513562,8
gwcs,../roman/.data/build21/r0000101001001001001_0001_wfi01_f158_cal.asdf,wfi01,eval,100000,2,0.030324527,8
gwcs,../roman/.data/build21/r0000101001001001001_0001_wfi01_f158_cal.asdf,wfi01,eval,100000,3,0.030828295,8
gwcs,../roman/.data/build21/r0000101001001001001_0001_wfi01_f158_cal.asdf,wfi01,eval,100000,4,0.029654804,8
gwcs,../roman/.data/build21/r0000101001001001001_0001_wfi01_f158_cal.asdf,wfi01,eval,1000000,0,0.428210446,8
gwcs,../roman/.data/build21/r0000101001001001001_0001_wfi01_f158_cal.asdf,wfi01,eval,1000000,1,0.410115467,8
gwcs,../roman/.data/build21/r0000101001001001001_0001_wfi01_f158_cal.asdf,wfi01,eval,1000000,2,0.406571191,8
gwcs,../roman/.data/build21/r0000101001001001001_0001_wfi02_f158_cal.asdf,wfi02,parse_cold,0,0,1.318263544,8
gwcs,../roman/.data/build21/r0000101001001001001_0001_wfi02_f158_cal.asdf,wfi02,parse_hot,0,0,1.287497233,8
gwcs,../roman/.data/build21/r0000101001001001001_0001_wfi02_f158_cal.asdf,wfi02,eval,1,0,0.004979233,8
gwcs,../roman/.data/build21/r0000101001001001001_0001_wfi02_f158_cal.asdf,wfi02,eval,1,1,0.006451739,8
gwcs,../roman/.data/build21/r0000101001001001001_0001_wfi02_f158_cal.asdf,wfi02,eval,1,2,0.004294218,8
gwcs,../roman/.data/build21/r0000101001001001001_0001_wfi02_f158_cal.asdf,wfi02,eval,1,3,0.004213327,8
gwcs,../roman/.data/build21/r0000101001001001001_0001_wfi02_f158_cal.asdf,wfi02,eval,1,4,0.004970364,8
gwcs,../roman/.data/build21/r0000101001001001001_0001_wfi02_f158_cal.asdf,wfi02,eval,1,5,0.004098433,8
gwcs,../roman/.data/build21/r0000101001001001001_0001_wfi02_f158_cal.asdf,wfi02,eval,1,6,0.004120070,8
gwcs,../roman/.data/build21/r0000101001001001001_0001_wfi02_f158_cal.asdf,wfi02,eval,1,7,0.003940684,8
gwcs,../roman/.data/build21/r0000101001001001001_0001_wfi02_f158_cal.asdf,wfi02,eval,1,8,0.004193095,8
gwcs,../roman/.data/build21/r0000101001001001001_0001_wfi02_f158_cal.asdf,wfi02,eval,1,9,0.004074000,8
gwcs,../roman/.data/build21/r0000101001001001001_0001_wfi02_f158_cal.asdf,wfi02,eval,1,10,0.003874451,8
gwcs,../roman/.data/build21/r0000101001001001001_0001_wfi02_f158_cal.asdf,wfi02,eval,1,11,0.004031025,8
gwcs,../roman/.data/build21/r0000101001001001001_0001_wfi02_f158_cal.asdf,wfi02,eval,1,12,0.003928210,8
gwcs,../roman/.data/build21/r0000101001001001001_0001_wfi02_f158_cal.asdf,wfi02,eval,1,13,0.003712825,8
gwcs,../roman/.data/build21/r0000101001001001001_0001_wfi02_f158_cal.asdf,wfi02,eval,1,14,0.003855321,8
gwcs,../roman/.data/build21/r0000101001001001001_0001_wfi02_f158_cal.asdf,wfi02,eval,1,15,0.004273281,8
gwcs,../roman/.data/build21/r0000101001001001001_0001_wfi02_f158_cal.asdf,wfi02,eval,1,16,0.003792321,8
gwcs,../roman/.data/build21/r0000101001001001001_0001_wfi02_f158_cal.asdf,wfi02,eval,1,17,0.003891710,8
gwcs,../roman/.data/build21/r0000101001001001001_0001_wfi02_f158_cal.asdf,wfi02,eval,1,18,0.004043456,8
gwcs,../roman/.data/build21/r0000101001001001001_0001_wfi02_f158_cal.asdf,wfi02,eval,1,19,0.004044972,8
gwcs,../roman/.data/build21/r0000101001001001001_0001_wfi02_f158_cal.asdf,wfi02,eval,1,20,0.003947184,8
gwcs,../roman/.data/build21/r0000101001001001001_0001_wfi02_f158_cal.asdf,wfi02,eval,1,21,0.005042697,8
gwcs,../roman/.data/build21/r0000101001001001001_0001_wfi02_f158_cal.asdf,wfi02,eval,1,22,0.003996735,8
gwcs,../roman/.data/build21/r0000101001001001001_0001_wfi02_f158_cal.asdf,wfi02,eval,1,23,0.004012381,8
gwcs,../roman/.data/build21/r0000101001001001001_0001_wfi02_f158_cal.asdf,wfi02,eval,1,24,0.004039167,8
gwcs,../roman/.data/build21/r0000101001001001001_0001_wfi02_f158_cal.asdf,wfi02,eval,1,25,0.003944461,8
gwcs,../roman/.data/build21/r0000101001001001001_0001_wfi02_f158_cal.asdf,wfi02,eval,1,26,0.004009077,8
gwcs,../roman/.data/build21/r0000101001001001001_0001_wfi02_f158_cal.asdf,wfi02,eval,1,27,0.003812534,8
gwcs,../roman/.data/build21/r0000101001001001001_0001_wfi02_f158_cal.asdf,wfi02,eval,1,28,0.003964410,8
gwcs,../roman/.data/build21/r0000101001001001001_0001_wfi02_f158_cal.asdf,wfi02,eval,1,29,0.004104055,8
gwcs,../roman/.data/build21/r0000101001001001001_0001_wfi02_f158_cal.asdf,wfi02,eval,1,30,0.004186333,8
gwcs,../roman/.data/build21/r0000101001001001001_0001_wfi02_f158_cal.asdf,wfi02,eval,1,31,0.004045042,8
gwcs,../roman/.data/build21/r0000101001001001001_0001_wfi02_f158_cal.asdf,wfi02,eval,1,32,0.003854361,8
gwcs,../roman/.data/build21/r0000101001001001001_0001_wfi02_f158_cal.asdf,wfi02,eval,1,33,0.003958535,8
gwcs,../roman/.data/build21/r0000101001001001001_0001_wfi02_f158_cal.asdf,wfi02,eval,1,34,0.005512477,8
gwcs,../roman/.data/build21/r0000101001001001001_0001_wfi02_f158_cal.asdf,wfi02,eval,1,35,0.003832522,8
gwcs,../roman/.data/build21/r0000101001001001001_0001_wfi02_f158_cal.asdf,wfi02,eval,1,36,0.003851654,8
gwcs,../roman/.data/build21/r0000101001001001001_0001_wfi02_f158_cal.asdf,wfi02,eval,1,37,0.003895320,8
gwcs,../roman/.data/build21/r0000101001001001001_0001_wfi02_f158_cal.asdf,wfi02,eval,1,38,0.004089149,8
gwcs,../roman/.data/build21/r0000101001001001001_0001_wfi02_f158_cal.asdf,wfi02,eval,1,39,0.004151863,8
gwcs,../roman/.data/build21/r0000101001001001001_0001_wfi02_f158_cal.asdf,wfi02,eval,1,40,0.003999276,8
gwcs,../roman/.data/build21/r0000101001001001001_0001_wfi02_f158_cal.asdf,wfi02,eval,1,41,0.005065512,8
gwcs,../roman/.data/build21/r0000101001001001001_0001_wfi02_f158_cal.asdf,wfi02,eval,1,42,0.004074571,8
gwcs,../roman/.data/build21/r0000101001001001001_0001_wfi02_f158_cal.asdf,wfi02,eval,1,43,0.003951367,8
gwcs,../roman/.data/build21/r0000101001001001001_0001_wfi02_f158_cal.asdf,wfi02,eval,1,44,0.004090297,8
gwcs,../roman/.data/build21/r0000101001001001001_0001_wfi02_f158_cal.asdf,wfi02,eval,1,45,0.003793950,8
gwcs,../roman/.data/build21/r0000101001001001001_0001_wfi02_f158_cal.asdf,wfi02,eval,1,46,0.003959141,8
gwcs,../roman/.data/build21/r0000101001001001001_0001_wfi02_f158_cal.asdf,wfi02,eval,1,47,0.003993154,8
gwcs,../roman/.data/build21/r0000101001001001001_0001_wfi02_f158_cal.asdf,wfi02,eval,1,48,0.003946491,8
gwcs,../roman/.data/build21/r0000101001001001001_0001_wfi02_f158_cal.asdf,wfi02,eval,1,49,0.003888510,8
gwcs,../roman/.data/build21/r0000101001001001001_0001_wfi02_f158_cal.asdf,wfi02,eval,10,0,0.005861452,8
gwcs,../roman/.data/build21/r0000101001001001001_0001_wfi02_f158_cal.asdf,wfi02,eval,10,1,0.004388470,8
gwcs,../roman/.data/build21/r0000101001001001001_0001_wfi02_f158_cal.asdf,wfi02,eval,10,2,0.004730226,8
gwcs,../roman/.data/build21/r0000101001001001001_0001_wfi02_f158_cal.asdf,wfi02,eval,10,3,0.004122031,8
gwcs,../roman/.data/build21/r0000101001001001001_0001_wfi02_f158_cal.asdf,wfi02,eval,10,4,0.004170858,8
gwcs,../roman/.data/build21/r0000101001001001001_0001_wfi02_f158_cal.asdf,wfi02,eval,10,5,0.004125566,8
gwcs,../roman/.data/build21/r0000101001001001001_0001_wfi02_f158_cal.asdf,wfi02,eval,10,6,0.003826886,8
gwcs,../roman/.data/build21/r0000101001001001001_0001_wfi02_f158_cal.asdf,wfi02,eval,10,7,0.003982267,8
gwcs,../roman/.data/build21/r0000101001001001001_0001_wfi02_f158_cal.asdf,wfi02,eval,10,8,0.003963899,8
gwcs,../roman/.data/build21/r0000101001001001001_0001_wfi02_f158_cal.asdf,wfi02,eval,10,9,0.004216079,8
gwcs,../roman/.data/build21/r0000101001001001001_0001_wfi02_f158_cal.asdf,wfi02,eval,10,10,0.004728643,8
gwcs,../roman/.data/build21/r0000101001001001001_0001_wfi02_f158_cal.asdf,wfi02,eval,10,11,0.003835826,8
gwcs,../roman/.data/build21/r0000101001001001001_0001_wfi02_f158_cal.asdf,wfi02,eval,10,12,0.004702742,8
gwcs,../roman/.data/build21/r0000101001001001001_0001_wfi02_f158_cal.asdf,wfi02,eval,10,13,0.007387817,8
gwcs,../roman/.data/build21/r0000101001001001001_0001_wfi02_f158_cal.asdf,wfi02,eval,10,14,0.004038318,8
gwcs,../roman/.data/build21/r0000101001001001001_0001_wfi02_f158_cal.asdf,wfi02,eval,10,15,0.004107366,8
gwcs,../roman/.data/build21/r0000101001001001001_0001_wfi02_f158_cal.asdf,wfi02,eval,10,16,0.003989734,8
gwcs,../roman/.data/build21/r0000101001001001001_0001_wfi02_f158_cal.asdf,wfi02,eval,10,17,0.004250225,8
gwcs,../roman/.data/build21/r0000101001001001001_0001_wfi02_f158_cal.asdf,wfi02,eval,10,18,0.004762510,8
gwcs,../roman/.data/build21/r0000101001001001001_0001_wfi02_f158_cal.asdf,wfi02,eval,10,19,0.004250831,8
gwcs,../roman/.data/build21/r0000101001001001001_0001_wfi02_f158_cal.asdf,wfi02,eval,10,20,0.004093160,8
gwcs,../roman/.data/build21/r0000101001001001001_0001_wfi02_f158_cal.asdf,wfi02,eval,10,21,0.005389507,8
gwcs,../roman/.data/build21/r0000101001001001001_0001_wfi02_f158_cal.asdf,wfi02,eval,10,22,0.003848525,8
gwcs,../roman/.data/build21/r0000101001001001001_0001_wfi02_f158_cal.asdf,wfi02,eval,10,23,0.004127347,8
gwcs,../roman/.data/build21/r0000101001001001001_0001_wfi02_f158_cal.asdf,wfi02,eval,10,24,0.003926774,8
gwcs,../roman/.data/build21/r0000101001001001001_0001_wfi02_f158_cal.asdf,wfi02,eval,10,25,0.004217374,8
gwcs,../roman/.data/build21/r0000101001001001001_0001_wfi02_f158_cal.asdf,wfi02,eval,10,26,0.004156504,8
gwcs,../roman/.data/build21/r0000101001001001001_0001_wfi02_f158_cal.asdf,wfi02,eval,10,27,0.003956350,8
gwcs,../roman/.data/build21/r0000101001001001001_0001_wfi02_f158_cal.asdf,wfi02,eval,10,28,0.004122484,8
gwcs,../roman/.data/build21/r0000101001001001001_0001_wfi02_f158_cal.asdf,wfi02,eval,10,29,0.004796301,8
gwcs,../roman/.data/build21/r0000101001001001001_0001_wfi02_f158_cal.asdf,wfi02,eval,10,30,0.004003963,8
gwcs,../roman/.data/build21/r0000101001001001001_0001_wfi02_f158_cal.asdf,wfi02,eval,10,31,0.004160386,8
gwcs,../roman/.data/build21/r0000101001001001001_0001_wfi02_f158_cal.asdf,wfi02,eval,10,32,0.004058961,8
gwcs,../roman/.data/build21/r0000101001001001001_0001_wfi02_f158_cal.asdf,wfi02,eval,10,33,0.004062782,8
gwcs,../roman/.data/build21/r0000101001001001001_0001_wfi02_f158_cal.asdf,wfi02,eval,10,34,0.004112449,8
gwcs,../roman/.data/build21/r0000101001001001001_0001_wfi02_f158_cal.asdf,wfi02,eval,10,35,0.004031325,8
gwcs,../roman/.data/build21/r0000101001001001001_0001_wfi02_f158_cal.asdf,wfi02,eval,10,36,0.004153907,8
gwcs,../roman/.data/build21/r0000101001001001001_0001_wfi02_f158_cal.asdf,wfi02,eval,10,37,0.004029099,8
gwcs,../roman/.data/build21/r0000101001001001001_0001_wfi02_f158_cal.asdf,wfi02,eval,10,38,0.004152805,8
gwcs,../roman/.data/build21/r0000101001001001001_0001_wfi02_f158_cal.asdf,wfi02,eval,10,39,0.004109466,8
gwcs,../roman/.data/build21/r0000101001001001001_0001_wfi02_f158_cal.asdf,wfi02,eval,10,40,0.003874994,8
gwcs,../roman/.data/build21/r0000101001001001001_0001_wfi02_f158_cal.asdf,wfi02,eval,10,41,0.003946540,8
gwcs,../roman/.data/build21/r0000101001001001001_0001_wfi02_f158_cal.asdf,wfi02,eval,10,42,0.004082899,8
gwcs,../roman/.data/build21/r0000101001001001001_0001_wfi02_f158_cal.asdf,wfi02,eval,10,43,0.004007459,8
gwcs,../roman/.data/build21/r0000101001001001001_0001_wfi02_f158_cal.asdf,wfi02,eval,10,44,0.004148499,8
gwcs,../roman/.data/build21/r0000101001001001001_0001_wfi02_f158_cal.asdf,wfi02,eval,10,45,0.003983498,8
gwcs,../roman/.data/build21/r0000101001001001001_0001_wfi02_f158_cal.asdf,wfi02,eval,10,46,0.003976935,8
gwcs,../roman/.data/build21/r0000101001001001001_0001_wfi02_f158_cal.asdf,wfi02,eval,10,47,0.003967483,8
gwcs,../roman/.data/build21/r0000101001001001001_0001_wfi02_f158_cal.asdf,wfi02,eval,10,48,0.003998809,8
gwcs,../roman/.data/build21/r0000101001001001001_0001_wfi02_f158_cal.asdf,wfi02,eval,10,49,0.004899292,8
gwcs,../roman/.data/build21/r0000101001001001001_0001_wfi02_f158_cal.asdf,wfi02,eval,100,0,0.005079115,8
gwcs,../roman/.data/build21/r0000101001001001001_0001_wfi02_f158_cal.asdf,wfi02,eval,100,1,0.004440109,8
gwcs,../roman/.data/build21/r0000101001001001001_0001_wfi02_f158_cal.asdf,wfi02,eval,100,2,0.004201686,8
gwcs,../roman/.data/build21/r0000101001001001001_0001_wfi02_f158_cal.asdf,wfi02,eval,100,3,0.004615677,8
gwcs,../roman/.data/build21/r0000101001001001001_0001_wfi02_f158_cal.asdf,wfi02,eval,100,4,0.005422296,8
gwcs,../roman/.data/build21/r0000101001001001001_0001_wfi02_f158_cal.asdf,wfi02,eval,100,5,0.004250451,8
gwcs,../roman/.data/build21/r0000101001001001001_0001_wfi02_f158_cal.asdf,wfi02,eval,100,6,0.003912731,8
gwcs,../roman/.data/build21/r0000101001001001001_0001_wfi02_f158_cal.asdf,wfi02,eval,100,7,0.004164758,8
gwcs,../roman/.data/build21/r0000101001001001001_0001_wfi02_f158_cal.asdf,wfi02,eval,100,8,0.004386310,8
gwcs,../roman/.data/build21/r0000101001001001001_0001_wfi02_f158_cal.asdf,wfi02,eval,100,9,0.004069672,8
gwcs,../roman/.data/build21/r0000101001001001001_0001_wfi02_f158_cal.asdf,wfi02,eval,100,10,0.004215103,8
gwcs,../roman/.data/build21/r0000101001001001001_0001_wfi02_f158_cal.asdf,wfi02,eval,100,11,0.004007944,8
gwcs,../roman/.data/build21/r0000101001001001001_0001_wfi02_f158_cal.asdf,wfi02,eval,100,12,0.004247630,8
gwcs,../roman/.data/build21/r0000101001001001001_0001_wfi02_f158_cal.asdf,wfi02,eval,100,13,0.004253430,8
gwcs,../roman/.data/build21/r0000101001001001001_0001_wfi02_f158_cal.asdf,wfi02,eval,100,14,0.003894101,8
gwcs,../roman/.data/build21/r0000101001001001001_0001_wfi02_f158_cal.asdf,wfi02,eval,100,15,0.004074167,8
gwcs,../roman/.data/build21/r0000101001001001001_0001_wfi02_f158_cal.asdf,wfi02,eval,100,16,0.004374310,8
gwcs,../roman/.data/build21/r0000101001001001001_0001_wfi02_f158_cal.asdf,wfi02,eval,100,17,0.004247583,8
gwcs,../roman/.data/build21/r0000101001001001001_0001_wfi02_f158_cal.asdf,wfi02,eval,100,18,0.005005414,8
gwcs,../roman/.data/build21/r0000101001001001001_0001_wfi02_f158_cal.asdf,wfi02,eval,100,19,0.003826102,8
gwcs,../roman/.data/build21/r0000101001001001001_0001_wfi02_f158_cal.asdf,wfi02,eval,100,20,0.004078907,8
gwcs,../roman/.data/build21/r0000101001001001001_0001_wfi02_f158_cal.asdf,wfi02,eval,100,21,0.006216586,8
gwcs,../roman/.data/build21/r0000101001001001001_0001_wfi02_f158_cal.asdf,wfi02,eval,100,22,0.004297095,8
gwcs,../roman/.data/build21/r0000101001001001001_0001_wfi02_f158_cal.asdf,wfi02,eval,100,23,0.004273749,8
gwcs,../roman/.data/build21/r0000101001001001001_0001_wfi02_f158_cal.asdf,wfi02,eval,100,24,0.004037478,8
gwcs,../roman/.data/build21/r0000101001001001001_0001_wfi02_f158_cal.asdf,wfi02,eval,100,25,0.004165237,8
gwcs,../roman/.data/build21/r0000101001001001001_0001_wfi02_f158_cal.asdf,wfi02,eval,100,26,0.004043028,8
gwcs,../roman/.data/build21/r0000101001001001001_0001_wfi02_f158_cal.asdf,wfi02,eval,100,27,0.003898780,8
gwcs,../roman/.data/build21/r0000101001001001001_0001_wfi02_f158_cal.asdf,wfi02,eval,100,28,0.004128803,8
gwcs,../roman/.data/build21/r0000101001001001001_0001_wfi02_f158_cal.asdf,wfi02,eval,100,29,0.004193210,8
gwcs,../roman/.data/build21/r0000101001001001001_0001_wfi02_f158_cal.asdf,wfi02,eval,1000,0,0.006353928,8
gwcs,../roman/.data/build21/r0000101001001001001_0001_wfi02_f158_cal.asdf,wfi02,eval,1000,1,0.005290885,8
gwcs,../roman/.data/build21/r0000101001001001001_0001_wfi02_f158_cal.asdf,wfi02,eval,1000,2,0.004720093,8
gwcs,../roman/.data/build21/r0000101001001001001_0001_wfi02_f158_cal.asdf,wfi02,eval,1000,3,0.004532273,8
gwcs,../roman/.data/build21/r0000101001001001001_0001_wfi02_f158_cal.asdf,wfi02,eval,1000,4,0.004892060,8
gwcs,../roman/.data/build21/r0000101001001001001_0001_wfi02_f158_cal.asdf,wfi02,eval,1000,5,0.004496605,8
gwcs,../roman/.data/build21/r0000101001001001001_0001_wfi02_f158_cal.asdf,wfi02,eval,1000,6,0.004613018,8
gwcs,../roman/.data/build21/r0000101001001001001_0001_wfi02_f158_cal.asdf,wfi02,eval,1000,7,0.005762029,8
gwcs,../roman/.data/build21/r0000101001001001001_0001_wfi02_f158_cal.asdf,wfi02,eval,1000,8,0.004354003,8
gwcs,../roman/.data/build21/r0000101001001001001_0001_wfi02_f158_cal.asdf,wfi02,eval,1000,9,0.004497331,8
gwcs,../roman/.data/build21/r0000101001001001001_0001_wfi02_f158_cal.asdf,wfi02,eval,1000,10,0.004283532,8
gwcs,../roman/.data/build21/r0000101001001001001_0001_wfi02_f158_cal.asdf,wfi02,eval,1000,11,0.004274652,8
gwcs,../roman/.data/build21/r0000101001001001001_0001_wfi02_f158_cal.asdf,wfi02,eval,1000,12,0.004534252,8
gwcs,../roman/.data/build21/r0000101001001001001_0001_wfi02_f158_cal.asdf,wfi02,eval,1000,13,0.004362237,8
gwcs,../roman/.data/build21/r0000101001001001001_0001_wfi02_f158_cal.asdf,wfi02,eval,1000,14,0.004628345,8
gwcs,../roman/.data/build21/r0000101001001001001_0001_wfi02_f158_cal.asdf,wfi02,eval,10000,0,0.008729372,8
gwcs,../roman/.data/build21/r0000101001001001001_0001_wfi02_f158_cal.asdf,wfi02,eval,10000,1,0.007603358,8
gwcs,../roman/.data/build21/r0000101001001001001_0001_wfi02_f158_cal.asdf,wfi02,eval,10000,2,0.008795884,8
gwcs,../roman/.data/build21/r0000101001001001001_0001_wfi02_f158_cal.asdf,wfi02,eval,10000,3,0.006779619,8
gwcs,../roman/.data/build21/r0000101001001001001_0001_wfi02_f158_cal.asdf,wfi02,eval,10000,4,0.006794466,8
gwcs,../roman/.data/build21/r0000101001001001001_0001_wfi02_f158_cal.asdf,wfi02,eval,10000,5,0.007601685,8
gwcs,../roman/.data/build21/r0000101001001001001_0001_wfi02_f158_cal.asdf,wfi02,eval,10000,6,0.007756714,8
gwcs,../roman/.data/build21/r0000101001001001001_0001_wfi02_f158_cal.asdf,wfi02,eval,10000,7,0.006855587,8
gwcs,../roman/.data/build21/r0000101001001001001_0001_wfi02_f158_cal.asdf,wfi02,eval,100000,0,0.032017019,8
gwcs,../roman/.data/build21/r0000101001001001001_0001_wfi02_f158_cal.asdf,wfi02,eval,100000,1,0.032169307,8
gwcs,../roman/.data/build21/r0000101001001001001_0001_wfi02_f158_cal.asdf,wfi02,eval,100000,2,0.030561316,8
gwcs,../roman/.data/build21/r0000101001001001001_0001_wfi02_f158_cal.asdf,wfi02,eval,100000,3,0.028954980,8
gwcs,../roman/.data/build21/r0000101001001001001_0001_wfi02_f158_cal.asdf,wfi02,eval,100000,4,0.032932108,8
gwcs,../roman/.data/build21/r0000101001001001001_0001_wfi02_f158_cal.asdf,wfi02,eval,1000000,0,0.657786187,8
gwcs,../roman/.data/build21/r0000101001001001001_0001_wfi02_f158_cal.asdf,wfi02,eval,1000000,1,0.542895585,8
gwcs,../roman/.data/build21/r0000101001001001001_0001_wfi02_f158_cal.asdf,wfi02,eval,1000000,2,0.490075418,8
gwcs,../roman/.data/build21/r0000101001001001001_0001_wfi03_f158_cal.asdf,wfi03,parse_cold,0,0,1.193103908,8
gwcs,../roman/.data/build21/r0000101001001001001_0001_wfi03_f158_cal.asdf,wfi03,parse_hot,0,0,0.941562622,8
gwcs,../roman/.data/build21/r0000101001001001001_0001_wfi03_f158_cal.asdf,wfi03,eval,1,0,0.005077325,8
gwcs,../roman/.data/build21/r0000101001001001001_0001_wfi03_f158_cal.asdf,wfi03,eval,1,1,0.004997057,8
gwcs,../roman/.data/build21/r0000101001001001001_0001_wfi03_f158_cal.asdf,wfi03,eval,1,2,0.004947032,8
gwcs,../roman/.data/build21/r0000101001001001001_0001_wfi03_f158_cal.asdf,wfi03,eval,1,3,0.004330530,8
gwcs,../roman/.data/build21/r0000101001001001001_0001_wfi03_f158_cal.asdf,wfi03,eval,1,4,0.004361432,8
gwcs,../roman/.data/build21/r0000101001001001001_0001_wfi03_f158_cal.asdf,wfi03,eval,1,5,0.003970012,8
gwcs,../roman/.data/build21/r0000101001001001001_0001_wfi03_f158_cal.asdf,wfi03,eval,1,6,0.004371140,8
gwcs,../roman/.data/build21/r0000101001001001001_0001_wfi03_f158_cal.asdf,wfi03,eval,1,7,0.005396790,8
gwcs,../roman/.data/build21/r0000101001001001001_0001_wfi03_f158_cal.asdf,wfi03,eval,1,8,0.004398710,8
gwcs,../roman/.data/build21/r0000101001001001001_0001_wfi03_f158_cal.asdf,wfi03,eval,1,9,0.004594744,8
gwcs,../roman/.data/build21/r0000101001001001001_0001_wfi03_f158_cal.asdf,wfi03,eval,1,10,0.004239752,8
gwcs,../roman/.data/build21/r0000101001001001001_0001_wfi03_f158_cal.asdf,wfi03,eval,1,11,0.005251598,8
gwcs,../roman/.data/build21/r0000101001001001001_0001_wfi03_f158_cal.asdf,wfi03,eval,1,12,0.003961713,8
gwcs,../roman/.data/build21/r0000101001001001001_0001_wfi03_f158_cal.asdf,wfi03,eval,1,13,0.004365635,8
gwcs,../roman/.data/build21/r0000101001001001001_0001_wfi03_f158_cal.asdf,wfi03,eval,1,14,0.003992680,8
gwcs,../roman/.data/build21/r0000101001001001001_0001_wfi03_f158_cal.asdf,wfi03,eval,1,15,0.004245020,8
gwcs,../roman/.data/build21/r0000101001001001001_0001_wfi03_f158_cal.asdf,wfi03,eval,1,16,0.004162736,8
gwcs,../roman/.data/build21/r0000101001001001001_0001_wfi03_f158_cal.asdf,wfi03,eval,1,17,0.004153151,8
gwcs,../roman/.data/build21/r0000101001001001001_0001_wfi03_f158_cal.asdf,wfi03,eval,1,18,0.004206903,8
gwcs,../roman/.data/build21/r0000101001001001001_0001_wfi03_f158_cal.asdf,wfi03,eval,1,19,0.003981176,8
gwcs,../roman/.data/build21/r0000101001001001001_0001_wfi03_f158_cal.asdf,wfi03,eval,1,20,0.004188616,8
gwcs,../roman/.data/build21/r0000101001001001001_0001_wfi03_f158_cal.asdf,wfi03,eval,1,21,0.004175615,8
gwcs,../roman/.data/build21/r0000101001001001001_0001_wfi03_f158_cal.asdf,wfi03,eval,1,22,0.004049365,8
gwcs,../roman/.data/build21/r0000101001001001001_0001_wfi03_f158_cal.asdf,wfi03,eval,1,23,0.004165360,8
gwcs,../roman/.data/build21/r0000101001001001001_0001_wfi03_f158_cal.asdf,wfi03,eval,1,24,0.004168349,8
gwcs,../roman/.data/build21/r0000101001001001001_0001_wfi03_f158_cal.asdf,wfi03,eval,1,25,0.004037834,8
gwcs,../roman/.data/build21/r0000101001001001001_0001_wfi03_f158_cal.asdf,wfi03,eval,1,26,0.004053648,8
gwcs,../roman/.data/build21/r0000101001001001001_0001_wfi03_f158_cal.asdf,wfi03,eval,1,27,0.004068987,8
gwcs,../roman/.data/build21/r0000101001001001001_0001_wfi03_f158_cal.asdf,wfi03,eval,1,28,0.005456345,8
gwcs,../roman/.data/build21/r0000101001001001001_0001_wfi03_f158_cal.asdf,wfi03,eval,1,29,0.005190734,8
gwcs,../roman/.data/build21/r0000101001001001001_0001_wfi03_f158_cal.asdf,wfi03,eval,1,30,0.003916085,8
gwcs,../roman/.data/build21/r0000101001001001001_0001_wfi03_f158_cal.asdf,wfi03,eval,1,31,0.005062773,8
gwcs,../roman/.data/build21/r0000101001001001001_0001_wfi03_f158_cal.asdf,wfi03,eval,1,32,0.004103194,8
gwcs,../roman/.data/build21/r0000101001001001001_0001_wfi03_f158_cal.asdf,wfi03,eval,1,33,0.004200401,8
gwcs,../roman/.data/build21/r0000101001001001001_0001_wfi03_f158_cal.asdf,wfi03,eval,1,34,0.004174469,8
gwcs,../roman/.data/build21/r0000101001001001001_0001_wfi03_f158_cal.asdf,wfi03,eval,1,35,0.004093579,8
gwcs,../roman/.data/build21/r0000101001001001001_0001_wfi03_f158_cal.asdf,wfi03,eval,1,36,0.004187664,8
gwcs,../roman/.data/build21/r0000101001001001001_0001_wfi03_f158_cal.asdf,wfi03,eval,1,37,0.004005814,8
gwcs,../roman/.data/build21/r0000101001001001001_0001_wfi03_f158_cal.asdf,wfi03,eval,1,38,0.004262197,8
gwcs,../roman/.data/build21/r0000101001001001001_0001_wfi03_f158_cal.asdf,wfi03,eval,1,39,0.004172787,8
gwcs,../roman/.data/build21/r0000101001001001001_0001_wfi03_f158_cal.asdf,wfi03,eval,1,40,0.003984600,8
gwcs,../roman/.data/build21/r0000101001001001001_0001_wfi03_f158_cal.asdf,wfi03,eval,1,41,0.004244901,8
gwcs,../roman/.data/build21/r0000101001001001001_0001_wfi03_f158_cal.asdf,wfi03,eval,1,42,0.004287866,8
gwcs,../roman/.data/build21/r0000101001001001001_0001_wfi03_f158_cal.asdf,wfi03,eval,1,43,0.004043825,8
gwcs,../roman/.data/build21/r0000101001001001001_0001_wfi03_f158_cal.asdf,wfi03,eval,1,44,0.004178287,8
gwcs,../roman/.data/build21/r0000101001001001001_0001_wfi03_f158_cal.asdf,wfi03,eval,1,45,0.004152371,8
gwcs,../roman/.data/build21/r0000101001001001001_0001_wfi03_f158_cal.asdf,wfi03,eval,1,46,0.004079240,8
gwcs,../roman/.data/build21/r0000101001001001001_0001_wfi03_f158_cal.asdf,wfi03,eval,1,47,0.004337522,8
gwcs,../roman/.data/build21/r0000101001001001001_0001_wfi03_f158_cal.asdf,wfi03,eval,1,48,0.003935624,8
gwcs,../roman/.data/build21/r0000101001001001001_0001_wfi03_f158_cal.asdf,wfi03,eval,1,49,0.005217594,8
gwcs,../roman/.data/build21/r0000101001001001001_0001_wfi03_f158_cal.asdf,wfi03,eval,10,0,0.004870350,8
gwcs,../roman/.data/build21/r0000101001001001001_0001_wfi03_f158_cal.asdf,wfi03,eval,10,1,0.004827135,8
gwcs,../roman/.data/build21/r0000101001001001001_0001_wfi03_f158_cal.asdf,wfi03,eval,10,2,0.004690729,8
gwcs,../roman/.data/build21/r0000101001001001001_0001_wfi03_f158_cal.asdf,wfi03,eval,10,3,0.004287757,8
gwcs,../roman/.data/build21/r0000101001001001001_0001_wfi03_f158_cal.asdf,wfi03,eval,10,4,0.004689961,8
gwcs,../roman/.data/build21/r0000101001001001001_0001_wfi03_f158_cal.asdf,wfi03,eval,10,5,0.004720204,8
gwcs,../roman/.data/build21/r0000101001001001001_0001_wfi03_f158_cal.asdf,wfi03,eval,10,6,0.004692058,8
gwcs,../roman/.data/build21/r0000101001001001001_0001_wfi03_f158_cal.asdf,wfi03,eval,10,7,0.004309875,8
gwcs,../roman/.data/build21/r0000101001001001001_0001_wfi03_f158_cal.asdf,wfi03,eval,10,8,0.004754276,8
gwcs,../roman/.data/build21/r0000101001001001001_0001_wfi03_f158_cal.asdf,wfi03,eval,10,9,0.004089862,8
gwcs,../roman/.data/build21/r0000101001001001001_0001_wfi03_f158_cal.asdf,wfi03,eval,10,10,0.004197749,8
gwcs,../roman/.data/build21/r0000101001001001001_0001_wfi03_f158_cal.asdf,wfi03,eval,10,11,0.004049243,8
gwcs,../roman/.data/build21/r0000101001001001001_0001_wfi03_f158_cal.asdf,wfi03,eval,10,12,0.004185026,8
gwcs,../roman/.data/build21/r0000101001001001001_0001_wfi03_f158_cal.asdf,wfi03,eval,10,13,0.004515713,8
gwcs,../roman/.data/build21/r0000101001001001001_0001_wfi03_f158_cal.asdf,wfi03,eval,10,14,0.004366037,8
gwcs,../roman/.data/build21/r0000101001001001001_0001_wfi03_f158_cal.asdf,wfi03,eval,10,15,0.004328236,8
gwcs,../roman/.data/build21/r0000101001001001001_0001_wfi03_f158_cal.asdf,wfi03,eval,10,16,0.004029682,8
gwcs,../roman/.data/build21/r0000101001001001001_0001_wfi03_f158_cal.asdf,wfi03,eval,10,17,0.004218541,8
gwcs,../roman/.data/build21/r0000101001001001001_0001_wfi03_f158_cal.asdf,wfi03,eval,10,18,0.005237516,8
gwcs,../roman/.data/build21/r0000101001001001001_0001_wfi03_f158_cal.asdf,wfi03,eval,10,19,0.004055452,8
gwcs,../roman/.data/build21/r0000101001001001001_0001_wfi03_f158_cal.asdf,wfi03,eval,10,20,0.004565510,8
gwcs,../roman/.data/build21/r0000101001001001001_0001_wfi03_f158_cal.asdf,wfi03,eval,10,21,0.004216467,8
gwcs,../roman/.data/build21/r0000101001001001001_0001_wfi03_f158_cal.asdf,wfi03,eval,10,22,0.004076766,8
gwcs,../roman/.data/build21/r0000101001001001001_0001_wfi03_f158_cal.asdf,wfi03,eval,10,23,0.004613820,8
gwcs,../roman/.data/build21/r0000101001001001001_0001_wfi03_f158_cal.asdf,wfi03,eval,10,24,0.004020084,8
gwcs,../roman/.data/build21/r0000101001001001001_0001_wfi03_f158_cal.asdf,wfi03,eval,10,25,0.004112691,8
gwcs,../roman/.data/build21/r0000101001001001001_0001_wfi03_f158_cal.asdf,wfi03,eval,10,26,0.004302893,8
gwcs,../roman/.data/build21/r0000101001001001001_0001_wfi03_f158_cal.asdf,wfi03,eval,10,27,0.004093884,8
gwcs,../roman/.data/build21/r0000101001001001001_0001_wfi03_f158_cal.asdf,wfi03,eval,10,28,0.004270141,8
gwcs,../roman/.data/build21/r0000101001001001001_0001_wfi03_f158_cal.asdf,wfi03,eval,10,29,0.004013958,8
gwcs,../roman/.data/build21/r0000101001001001001_0001_wfi03_f158_cal.asdf,wfi03,eval,10,30,0.004207022,8
gwcs,../roman/.data/build21/r0000101001001001001_0001_wfi03_f158_cal.asdf,wfi03,eval,10,31,0.004035732,8
gwcs,../roman/.data/build21/r0000101001001001001_0001_wfi03_f158_cal.asdf,wfi03,eval,10,32,0.003885573,8
gwcs,../roman/.data/build21/r0000101001001001001_0001_wfi03_f158_cal.asdf,wfi03,eval,10,33,0.004392904,8
gwcs,../roman/.data/build21/r0000101001001001001_0001_wfi03_f158_cal.asdf,wfi03,eval,10,34,0.004169357,8
gwcs,../roman/.data/build21/r0000101001001001001_0001_wfi03_f158_cal.asdf,wfi03,eval,10,35,0.004023804,8
gwcs,../roman/.data/build21/r0000101001001001001_0001_wfi03_f158_cal.asdf,wfi03,eval,10,36,0.004083245,8
gwcs,../roman/.data/build21/r0000101001001001001_0001_wfi03_f158_cal.asdf,wfi03,eval,10,37,0.004992602,8
gwcs,../roman/.data/build21/r0000101001001001001_0001_wfi03_f158_cal.asdf,wfi03,eval,10,38,0.003927807,8
gwcs,../roman/.data/build21/r0000101001001001001_0001_wfi03_f158_cal.asdf,wfi03,eval,10,39,0.003998326,8
gwcs,../roman/.data/build21/r0000101001001001001_0001_wfi03_f158_cal.asdf,wfi03,eval,10,40,0.004009519,8
gwcs,../roman/.data/build21/r0000101001001001001_0001_wfi03_f158_cal.asdf,wfi03,eval,10,41,0.004369263,8
gwcs,../roman/.data/build21/r0000101001001001001_0001_wfi03_f158_cal.asdf,wfi03,eval,10,42,0.004071053,8
gwcs,../roman/.data/build21/r0000101001001001001_0001_wfi03_f158_cal.asdf,wfi03,eval,10,43,0.004328148,8
gwcs,../roman/.data/build21/r0000101001001001001_0001_wfi03_f158_cal.asdf,wfi03,eval,10,44,0.004185872,8
gwcs,../roman/.data/build21/r0000101001001001001_0001_wfi03_f158_cal.asdf,wfi03,eval,10,45,0.003962906,8
gwcs,../roman/.data/build21/r0000101001001001001_0001_wfi03_f158_cal.asdf,wfi03,eval,10,46,0.004271227,8
gwcs,../roman/.data/build21/r0000101001001001001_0001_wfi03_f158_cal.asdf,wfi03,eval,10,47,0.004109112,8
gwcs,../roman/.data/build21/r0000101001001001001_0001_wfi03_f158_cal.asdf,wfi03,eval,10,48,0.004016295,8
gwcs,../roman/.data/build21/r0000101001001001001_0001_wfi03_f158_cal.asdf,wfi03,eval,10,49,0.004166800,8
gwcs,../roman/.data/build21/r0000101001001001001_0001_wfi03_f158_cal.asdf,wfi03,eval,100,0,0.004979051,8
gwcs,../roman/.data/build21/r0000101001001001001_0001_wfi03_f158_cal.asdf,wfi03,eval,100,1,0.004591066,8
gwcs,../roman/.data/build21/r0000101001001001001_0001_wfi03_f158_cal.asdf,wfi03,eval,100,2,0.004574639,8
gwcs,../roman/.data/build21/r0000101001001001001_0001_wfi03_f158_cal.asdf,wfi03,eval,100,3,0.004084367,8
gwcs,../roman/.data/build21/r0000101001001001001_0001_wfi03_f158_cal.asdf,wfi03,eval,100,4,0.004260225,8
gwcs,../roman/.data/build21/r0000101001001001001_0001_wfi03_f158_cal.asdf,wfi03,eval,100,5,0.004424661,8
gwcs,../roman/.data/build21/r0000101001001001001_0001_wfi03_f158_cal.asdf,wfi03,eval,100,6,0.004125560,8
gwcs,../roman/.data/build21/r0000101001001001001_0001_wfi03_f158_cal.asdf,wfi03,eval,100,7,0.005447701,8
gwcs,../roman/.data/build21/r0000101001001001001_0001_wfi03_f158_cal.asdf,wfi03,eval,100,8,0.004295218,8
gwcs,../roman/.data/build21/r0000101001001001001_0001_wfi03_f158_cal.asdf,wfi03,eval,100,9,0.003997006,8
gwcs,../roman/.data/build21/r0000101001001001001_0001_wfi03_f158_cal.asdf,wfi03,eval,100,10,0.004055525,8
gwcs,../roman/.data/build21/r0000101001001001001_0001_wfi03_f158_cal.asdf,wfi03,eval,100,11,0.003962879,8
gwcs,../roman/.data/build21/r0000101001001001001_0001_wfi03_f158_cal.asdf,wfi03,eval,100,12,0.004148186,8
gwcs,../roman/.data/build21/r0000101001001001001_0001_wfi03_f158_cal.asdf,wfi03,eval,100,13,0.004229014,8
gwcs,../roman/.data/build21/r0000101001001001001_0001_wfi03_f158_cal.asdf,wfi03,eval,100,14,0.004160199,8
gwcs,../roman/.data/build21/r0000101001001001001_0001_wfi03_f158_cal.asdf,wfi03,eval,100,15,0.004179772,8
gwcs,../roman/.data/build21/r0000101001001001001_0001_wfi03_f158_cal.asdf,wfi03,eval,100,16,0.004097760,8
gwcs,../roman/.data/build21/r0000101001001001001_0001_wfi03_f158_cal.asdf,wfi03,eval,100,17,0.004205649,8
gwcs,../roman/.data/build21/r0000101001001001001_0001_wfi03_f158_cal.asdf,wfi03,eval,100,18,0.004161072,8
gwcs,../roman/.data/build21/r0000101001001001001_0001_wfi03_f158_cal.asdf,wfi03,eval,100,19,0.004007238,8
gwcs,../roman/.data/build21/r0000101001001001001_0001_wfi03_f158_cal.asdf,wfi03,eval,100,20,0.004322049,8
gwcs,../roman/.data/build21/r0000101001001001001_0001_wfi03_f158_cal.asdf,wfi03,eval,100,21,0.004386761,8
gwcs,../roman/.data/build21/r0000101001001001001_0001_wfi03_f158_cal.asdf,wfi03,eval,100,22,0.004045732,8
gwcs,../roman/.data/build21/r0000101001001001001_0001_wfi03_f158_cal.asdf,wfi03,eval,100,23,0.004252497,8
gwcs,../roman/.data/build21/r0000101001001001001_0001_wfi03_f158_cal.asdf,wfi03,eval,100,24,0.003967247,8
gwcs,../roman/.data/build21/r0000101001001001001_0001_wfi03_f158_cal.asdf,wfi03,eval,100,25,0.004322670,8
gwcs,../roman/.data/build21/r0000101001001001001_0001_wfi03_f158_cal.asdf,wfi03,eval,100,26,0.005405246,8
gwcs,../roman/.data/build21/r0000101001001001001_0001_wfi03_f158_cal.asdf,wfi03,eval,100,27,0.004041461,8
gwcs,../roman/.data/build21/r0000101001001001001_0001_wfi03_f158_cal.asdf,wfi03,eval,100,28,0.004151880,8
gwcs,../roman/.data/build21/r0000101001001001001_0001_wfi03_f158_cal.asdf,wfi03,eval,100,29,0.004183887,8
gwcs,../roman/.data/build21/r0000101001001001001_0001_wfi03_f158_cal.asdf,wfi03,eval,1000,0,0.005064860,8
gwcs,../roman/.data/build21/r0000101001001001001_0001_wfi03_f158_cal.asdf,wfi03,eval,1000,1,0.005177842,8
gwcs,../roman/.data/build21/r0000101001001001001_0001_wfi03_f158_cal.asdf,wfi03,eval,1000,2,0.005836810,8
gwcs,../roman/.data/build21/r0000101001001001001_0001_wfi03_f158_cal.asdf,wfi03,eval,1000,3,0.004659929,8
gwcs,../roman/.data/build21/r0000101001001001001_0001_wfi03_f158_cal.asdf,wfi03,eval,1000,4,0.004526336,8
gwcs,../roman/.data/build21/r0000101001001001001_0001_wfi03_f158_cal.asdf,wfi03,eval,1000,5,0.004292144,8
gwcs,../roman/.data/build21/r0000101001001001001_0001_wfi03_f158_cal.asdf,wfi03,eval,1000,6,0.004518716,8
gwcs,../roman/.data/build21/r0000101001001001001_0001_wfi03_f158_cal.asdf,wfi03,eval,1000,7,0.004702527,8
gwcs,../roman/.data/build21/r0000101001001001001_0001_wfi03_f158_cal.asdf,wfi03,eval,1000,8,0.005270079,8
gwcs,../roman/.data/build21/r0000101001001001001_0001_wfi03_f158_cal.asdf,wfi03,eval,1000,9,0.004563126,8
gwcs,../roman/.data/build21/r0000101001001001001_0001_wfi03_f158_cal.asdf,wfi03,eval,1000,10,0.004551417,8
gwcs,../roman/.data/build21/r0000101001001001001_0001_wfi03_f158_cal.asdf,wfi03,eval,1000,11,0.004928199,8
gwcs,../roman/.data/build21/r0000101001001001001_0001_wfi03_f158_cal.asdf,wfi03,eval,1000,12,0.004518487,8
gwcs,../roman/.data/build21/r0000101001001001001_0001_wfi03_f158_cal.asdf,wfi03,eval,1000,13,0.004444415,8
gwcs,../roman/.data/build21/r0000101001001001001_0001_wfi03_f158_cal.asdf,wfi03,eval,1000,14,0.004483749,8
gwcs,../roman/.data/build21/r0000101001001001001_0001_wfi03_f158_cal.asdf,wfi03,eval,10000,0,0.009383169,8
gwcs,../roman/.data/build21/r0000101001001001001_0001_wfi03_f158_cal.asdf,wfi03,eval,10000,1,0.007334591,8
gwcs,../roman/.data/build21/r0000101001001001001_0001_wfi03_f158_cal.asdf,wfi03,eval,10000,2,0.007150397,8
gwcs,../roman/.data/build21/r0000101001001001001_0001_wfi03_f158_cal.asdf,wfi03,eval,10000,3,0.006644057,8
gwcs,../roman/.data/build21/r0000101001001001001_0001_wfi03_f158_cal.asdf,wfi03,eval,10000,4,0.006845090,8
gwcs,../roman/.data/build21/r0000101001001001001_0001_wfi03_f158_cal.asdf,wfi03,eval,10000,5,0.006876918,8
gwcs,../roman/.data/build21/r0000101001001001001_0001_wfi03_f158_cal.asdf,wfi03,eval,10000,6,0.007063031,8
gwcs,../roman/.data/build21/r0000101001001001001_0001_wfi03_f158_cal.asdf,wfi03,eval,10000,7,0.006895835,8
gwcs,../roman/.data/build21/r0000101001001001001_0001_wfi03_f158_cal.asdf,wfi03,eval,100000,0,0.045041530,8
gwcs,../roman/.data/build21/r0000101001001001001_0001_wfi03_f158_cal.asdf,wfi03,eval,100000,1,0.035616623,8
gwcs,../roman/.data/build21/r0000101001001001001_0001_wfi03_f158_cal.asdf,wfi03,eval,100000,2,0.032959121,8
gwcs,../roman/.data/build21/r0000101001001001001_0001_wfi03_f158_cal.asdf,wfi03,eval,100000,3,0.031295455,8
gwcs,../roman/.data/build21/r0000101001001001001_0001_wfi03_f158_cal.asdf,wfi03,eval,100000,4,0.030649491,8
gwcs,../roman/.data/build21/r0000101001001001001_0001_wfi03_f158_cal.asdf,wfi03,eval,1000000,0,0.671104614,8
gwcs,../roman/.data/build21/r0000101001001001001_0001_wfi03_f158_cal.asdf,wfi03,eval,1000000,1,0.656566662,8
gwcs,../roman/.data/build21/r0000101001001001001_0001_wfi03_f158_cal.asdf,wfi03,eval,1000000,2,0.594895042,8
gwcs,../roman/.data/build21/r0000101001001001001_0001_wfi04_f158_cal.asdf,wfi04,parse_cold,0,0,0.961820876,8
gwcs,../roman/.data/build21/r0000101001001001001_0001_wfi04_f158_cal.asdf,wfi04,parse_hot,0,0,1.126895487,8
gwcs,../roman/.data/build21/r0000101001001001001_0001_wfi04_f158_cal.asdf,wfi04,eval,1,0,0.005053182,8
gwcs,../roman/.data/build21/r0000101001001001001_0001_wfi04_f158_cal.asdf,wfi04,eval,1,1,0.004940353,8
gwcs,../roman/.data/build21/r0000101001001001001_0001_wfi04_f158_cal.asdf,wfi04,eval,1,2,0.005030308,8
gwcs,../roman/.data/build21/r0000101001001001001_0001_wfi04_f158_cal.asdf,wfi04,eval,1,3,0.004358557,8
gwcs,../roman/.data/build21/r0000101001001001001_0001_wfi04_f158_cal.asdf,wfi04,eval,1,4,0.004101514,8
gwcs,../roman/.data/build21/r0000101001001001001_0001_wfi04_f158_cal.asdf,wfi04,eval,1,5,0.004147549,8
gwcs,../roman/.data/build21/r0000101001001001001_0001_wfi04_f158_cal.asdf,wfi04,eval,1,6,0.003849927,8
gwcs,../roman/.data/build21/r0000101001001001001_0001_wfi04_f158_cal.asdf,wfi04,eval,1,7,0.004266985,8
gwcs,../roman/.data/build21/r0000101001001001001_0001_wfi04_f158_cal.asdf,wfi04,eval,1,8,0.003896167,8
gwcs,../roman/.data/build21/r0000101001001001001_0001_wfi04_f158_cal.asdf,wfi04,eval,1,9,0.003865289,8
gwcs,../roman/.data/build21/r0000101001001001001_0001_wfi04_f158_cal.asdf,wfi04,eval,1,10,0.004054315,8
gwcs,../roman/.data/build21/r0000101001001001001_0001_wfi04_f158_cal.asdf,wfi04,eval,1,11,0.004149225,8
gwcs,../roman/.data/build21/r0000101001001001001_0001_wfi04_f158_cal.asdf,wfi04,eval,1,12,0.003883297,8
gwcs,../roman/.data/build21/r0000101001001001001_0001_wfi04_f158_cal.asdf,wfi04,eval,1,13,0.003914086,8
gwcs,../roman/.data/build21/r0000101001001001001_0001_wfi04_f158_cal.asdf,wfi04,eval,1,14,0.004243466,8
gwcs,../roman/.data/build21/r0000101001001001001_0001_wfi04_f158_cal.asdf,wfi04,eval,1,15,0.004098066,8
gwcs,../roman/.data/build21/r0000101001001001001_0001_wfi04_f158_cal.asdf,wfi04,eval,1,16,0.004104035,8
gwcs,../roman/.data/build21/r0000101001001001001_0001_wfi04_f158_cal.asdf,wfi04,eval,1,17,0.004032653,8
gwcs,../roman/.data/build21/r0000101001001001001_0001_wfi04_f158_cal.asdf,wfi04,eval,1,18,0.003928711,8
gwcs,../roman/.data/build21/r0000101001001001001_0001_wfi04_f158_cal.asdf,wfi04,eval,1,19,0.004775609,8
gwcs,../roman/.data/build21/r0000101001001001001_0001_wfi04_f158_cal.asdf,wfi04,eval,1,20,0.003620205,8
gwcs,../roman/.data/build21/r0000101001001001001_0001_wfi04_f158_cal.asdf,wfi04,eval,1,21,0.045629777,8
gwcs,../roman/.data/build21/r0000101001001001001_0001_wfi04_f158_cal.asdf,wfi04,eval,1,22,0.004050448,8
gwcs,../roman/.data/build21/r0000101001001001001_0001_wfi04_f158_cal.asdf,wfi04,eval,1,23,0.005589251,8
gwcs,../roman/.data/build21/r0000101001001001001_0001_wfi04_f158_cal.asdf,wfi04,eval,1,24,0.005073190,8
gwcs,../roman/.data/build21/r0000101001001001001_0001_wfi04_f158_cal.asdf,wfi04,eval,1,25,0.004418436,8
gwcs,../roman/.data/build21/r0000101001001001001_0001_wfi04_f158_cal.asdf,wfi04,eval,1,26,0.004624397,8
gwcs,../roman/.data/build21/r0000101001001001001_0001_wfi04_f158_cal.asdf,wfi04,eval,1,27,0.004298180,8
gwcs,../roman/.data/build21/r0000101001001001001_0001_wfi04_f158_cal.asdf,wfi04,eval,1,28,0.004274379,8
gwcs,../roman/.data/build21/r0000101001001001001_0001_wfi04_f158_cal.asdf,wfi04,eval,1,29,0.004811156,8
gwcs,../roman/.data/build21/r0000101001001001001_0001_wfi04_f158_cal.asdf,wfi04,eval,1,30,0.005052596,8
gwcs,../roman/.data/build21/r0000101001001001001_0001_wfi04_f158_cal.asdf,wfi04,eval,1,31,0.004251526,8
gwcs,../roman/.data/build21/r0000101001001001001_0001_wfi04_f158_cal.asdf,wfi04,eval,1,32,0.004401041,8
gwcs,../roman/.data/build21/r0000101001001001001_0001_wfi04_f158_cal.asdf,wfi04,eval,1,33,0.005626850,8
gwcs,../roman/.data/build21/r0000101001001001001_0001_wfi04_f158_cal.asdf,wfi04,eval,1,34,0.004766064,8
gwcs,../roman/.data/build21/r0000101001001001001_0001_wfi04_f158_cal.asdf,wfi04,eval,1,35,0.004316201,8
gwcs,../roman/.data/build21/r0000101001001001001_0001_wfi04_f158_cal.asdf,wfi04,eval,1,36,0.004939132,8
gwcs,../roman/.data/build21/r0000101001001001001_0001_wfi04_f158_cal.asdf,wfi04,eval,1,37,0.004240857,8
gwcs,../roman/.data/build21/r0000101001001001001_0001_wfi04_f158_cal.asdf,wfi04,eval,1,38,0.004764933,8
gwcs,../roman/.data/build21/r0000101001001001001_0001_wfi04_f158_cal.asdf,wfi04,eval,1,39,0.004948257,8
gwcs,../roman/.data/build21/r0000101001001001001_0001_wfi04_f158_cal.asdf,wfi04,eval,1,40,0.004563491,8
gwcs,../roman/.data/build21/r0000101001001001001_0001_wfi04_f158_cal.asdf,wfi04,eval,1,41,0.004669959,8
gwcs,../roman/.data/build21/r0000101001001001001_0001_wfi04_f158_cal.asdf,wfi04,eval,1,42,0.004913025,8
gwcs,../roman/.data/build21/r0000101001001001001_0001_wfi04_f158_cal.asdf,wfi04,eval,1,43,0.005242416,8
gwcs,../roman/.data/build21/r0000101001001001001_0001_wfi04_f158_cal.asdf,wfi04,eval,1,44,0.004365344,8
gwcs,../roman/.data/build21/r0000101001001001001_0001_wfi04_f158_cal.asdf,wfi04,eval,1,45,0.004743943,8
gwcs,../roman/.data/build21/r0000101001001001001_0001_wfi04_f158_cal.asdf,wfi04,eval,1,46,0.005261859,8
gwcs,../roman/.data/build21/r0000101001001001001_0001_wfi04_f158_cal.asdf,wfi04,eval,1,47,0.004829308,8
gwcs,../roman/.data/build21/r0000101001001001001_0001_wfi04_f158_cal.asdf,wfi04,eval,1,48,0.004281350,8
gwcs,../roman/.data/build21/r0000101001001001001_0001_wfi04_f158_cal.asdf,wfi04,eval,1,49,0.004570598,8
gwcs,../roman/.data/build21/r0000101001001001001_0001_wfi04_f158_cal.asdf,wfi04,eval,10,0,0.005584146,8
gwcs,../roman/.data/build21/r0000101001001001001_0001_wfi04_f158_cal.asdf,wfi04,eval,10,1,0.005751337,8
gwcs,../roman/.data/build21/r0000101001001001001_0001_wfi04_f158_cal.asdf,wfi04,eval,10,2,0.004536727,8
gwcs,../roman/.data/build21/r0000101001001001001_0001_wfi04_f158_cal.asdf,wfi04,eval,10,3,0.005997933,8
gwcs,../roman/.data/build21/r0000101001001001001_0001_wfi04_f158_cal.asdf,wfi04,eval,10,4,0.004548018,8
gwcs,../roman/.data/build21/r0000101001001001001_0001_wfi04_f158_cal.asdf,wfi04,eval,10,5,0.004642279,8
gwcs,../roman/.data/build21/r0000101001001001001_0001_wfi04_f158_cal.asdf,wfi04,eval,10,6,0.004783835,8
gwcs,../roman/.data/build21/r0000101001001001001_0001_wfi04_f158_cal.asdf,wfi04,eval,10,7,0.004715805,8
gwcs,../roman/.data/build21/r0000101001001001001_0001_wfi04_f158_cal.asdf,wfi04,eval,10,8,0.004615217,8
gwcs,../roman/.data/build21/r0000101001001001001_0001_wfi04_f158_cal.asdf,wfi04,eval,10,9,0.004885005,8
gwcs,../roman/.data/build21/r0000101001001001001_0001_wfi04_f158_cal.asdf,wfi04,eval,10,10,0.004728433,8
gwcs,../roman/.data/build21/r0000101001001001001_0001_wfi04_f158_cal.asdf,wfi04,eval,10,11,0.004999039,8
gwcs,../roman/.data/build21/r0000101001001001001_0001_wfi04_f158_cal.asdf,wfi04,eval,10,12,0.004808774,8
gwcs,../roman/.data/build21/r0000101001001001001_0001_wfi04_f158_cal.asdf,wfi04,eval,10,13,0.004695046,8
gwcs,../roman/.data/build21/r0000101001001001001_0001_wfi04_f158_cal.asdf,wfi04,eval,10,14,0.004813176,8
gwcs,../roman/.data/build21/r0000101001001001001_0001_wfi04_f158_cal.asdf,wfi04,eval,10,15,0.004774192,8
gwcs,../roman/.data/build21/r0000101001001001001_0001_wfi04_f158_cal.asdf,wfi04,eval,10,16,0.004907729,8
gwcs,../roman/.data/build21/r0000101001001001001_0001_wfi04_f158_cal.asdf,wfi04,eval,10,17,0.004611689,8
gwcs,../roman/.data/build21/r0000101001001001001_0001_wfi04_f158_cal.asdf,wfi04,eval,10,18,0.004413398,8
gwcs,../roman/.data/build21/r0000101001001001001_0001_wfi04_f158_cal.asdf,wfi04,eval,10,19,0.004606295,8
gwcs,../roman/.data/build21/r0000101001001001001_0001_wfi04_f158_cal.asdf,wfi04,eval,10,20,0.004616796,8
gwcs,../roman/.data/build21/r0000101001001001001_0001_wfi04_f158_cal.asdf,wfi04,eval,10,21,0.004482118,8
gwcs,../roman/.data/build21/r0000101001001001001_0001_wfi04_f158_cal.asdf,wfi04,eval,10,22,0.005795145,8
gwcs,../roman/.data/build21/r0000101001001001001_0001_wfi04_f158_cal.asdf,wfi04,eval,10,23,0.004541055,8
gwcs,../roman/.data/build21/r0000101001001001001_0001_wfi04_f158_cal.asdf,wfi04,eval,10,24,0.004844357,8
gwcs,../roman/.data/build21/r0000101001001001001_0001_wfi04_f158_cal.asdf,wfi04,eval,10,25,0.004463561,8
gwcs,../roman/.data/build21/r0000101001001001001_0001_wfi04_f158_cal.asdf,wfi04,eval,10,26,0.004167269,8
gwcs,../roman/.data/build21/r0000101001001001001_0001_wfi04_f158_cal.asdf,wfi04,eval,10,27,0.004446920,8
gwcs,../roman/.data/build21/r0000101001001001001_0001_wfi04_f158_cal.asdf,wfi04,eval,10,28,0.004427589,8
gwcs,../roman/.data/build21/r0000101001001001001_0001_wfi04_f158_cal.asdf,wfi04,eval,10,29,0.004244292,8
gwcs,../roman/.data/build21/r0000101001001001001_0001_wfi04_f158_cal.asdf,wfi04,eval,10,30,0.004305919,8
gwcs,../roman/.data/build21/r0000101001001001001_0001_wfi04_f158_cal.asdf,wfi04,eval,10,31,0.004199556,8
gwcs,../roman/.data/build21/r0000101001001001001_0001_wfi04_f158_cal.asdf,wfi04,eval,10,32,0.004776875,8
gwcs,../roman/.data/build21/r0000101001001001001_0001_wfi04_f158_cal.asdf,wfi04,eval,10,33,0.004398190,8
gwcs,../roman/.data/build21/r0000101001001001001_0001_wfi04_f158_cal.asdf,wfi04,eval,10,34,0.004190304,8
gwcs,../roman/.data/build21/r0000101001001001001_0001_wfi04_f158_cal.asdf,wfi04,eval,10,35,0.004509321,8
gwcs,../roman/.data/build21/r0000101001001001001_0001_wfi04_f158_cal.asdf,wfi04,eval,10,36,0.004185394,8
gwcs,../roman/.data/build21/r0000101001001001001_0001_wfi04_f158_cal.asdf,wfi04,eval,10,37,0.004507654,8
gwcs,../roman/.data/build21/r0000101001001001001_0001_wfi04_f158_cal.asdf,wfi04,eval,10,38,0.004328908,8
gwcs,../roman/.data/build21/r0000101001001001001_0001_wfi04_f158_cal.asdf,wfi04,eval,10,39,0.004242404,8
gwcs,../roman/.data/build21/r0000101001001001001_0001_wfi04_f158_cal.asdf,wfi04,eval,10,40,0.004467795,8
gwcs,../roman/.data/build21/r0000101001001001001_0001_wfi04_f158_cal.asdf,wfi04,eval,10,41,0.005466523,8
gwcs,../roman/.data/build21/r0000101001001001001_0001_wfi04_f158_cal.asdf,wfi04,eval,10,42,0.004302071,8
gwcs,../roman/.data/build21/r0000101001001001001_0001_wfi04_f158_cal.asdf,wfi04,eval,10,43,0.004426240,8
gwcs,../roman/.data/build21/r0000101001001001001_0001_wfi04_f158_cal.asdf,wfi04,eval,10,44,0.004199841,8
gwcs,../roman/.data/build21/r0000101001001001001_0001_wfi04_f158_cal.asdf,wfi04,eval,10,45,0.004444325,8
gwcs,../roman/.data/build21/r0000101001001001001_0001_wfi04_f158_cal.asdf,wfi04,eval,10,46,0.004419248,8
gwcs,../roman/.data/build21/r0000101001001001001_0001_wfi04_f158_cal.asdf,wfi04,eval,10,47,0.004572329,8
gwcs,../roman/.data/build21/r0000101001001001001_0001_wfi04_f158_cal.asdf,wfi04,eval,10,48,0.004466736,8
gwcs,../roman/.data/build21/r0000101001001001001_0001_wfi04_f158_cal.asdf,wfi04,eval,10,49,0.004229108,8
gwcs,../roman/.data/build21/r0000101001001001001_0001_wfi04_f158_cal.asdf,wfi04,eval,100,0,0.005288921,8
gwcs,../roman/.data/build21/r0000101001001001001_0001_wfi04_f158_cal.asdf,wfi04,eval,100,1,0.005160313,8
gwcs,../roman/.data/build21/r0000101001001001001_0001_wfi04_f158_cal.asdf,wfi04,eval,100,2,0.004758725,8
gwcs,../roman/.data/build21/r0000101001001001001_0001_wfi04_f158_cal.asdf,wfi04,eval,100,3,0.005030743,8
gwcs,../roman/.data/build21/r0000101001001001001_0001_wfi04_f158_cal.asdf,wfi04,eval,100,4,0.004889475,8
gwcs,../roman/.data/build21/r0000101001001001001_0001_wfi04_f158_cal.asdf,wfi04,eval,100,5,0.004464000,8
gwcs,../roman/.data/build21/r0000101001001001001_0001_wfi04_f158_cal.asdf,wfi04,eval,100,6,0.004653664,8
gwcs,../roman/.data/build21/r0000101001001001001_0001_wfi04_f158_cal.asdf,wfi04,eval,100,7,0.004334053,8
gwcs,../roman/.data/build21/r0000101001001001001_0001_wfi04_f158_cal.asdf,wfi04,eval,100,8,0.006013619,8
gwcs,../roman/.data/build21/r0000101001001001001_0001_wfi04_f158_cal.asdf,wfi04,eval,100,9,0.006414150,8
gwcs,../roman/.data/build21/r0000101001001001001_0001_wfi04_f158_cal.asdf,wfi04,eval,100,10,0.008598917,8
gwcs,../roman/.data/build21/r0000101001001001001_0001_wfi04_f158_cal.asdf,wfi04,eval,100,11,0.006557205,8
gwcs,../roman/.data/build21/r0000101001001001001_0001_wfi04_f158_cal.asdf,wfi04,eval,100,12,0.004304746,8
gwcs,../roman/.data/build21/r0000101001001001001_0001_wfi04_f158_cal.asdf,wfi04,eval,100,13,0.004279979,8
gwcs,../roman/.data/build21/r0000101001001001001_0001_wfi04_f158_cal.asdf,wfi04,eval,100,14,0.004318079,8
gwcs,../roman/.data/build21/r0000101001001001001_0001_wfi04_f158_cal.asdf,wfi04,eval,100,15,0.004080455,8
gwcs,../roman/.data/build21/r0000101001001001001_0001_wfi04_f158_cal.asdf,wfi04,eval,100,16,0.004132769,8
gwcs,../roman/.data/build21/r0000101001001001001_0001_wfi04_f158_cal.asdf,wfi04,eval,100,17,0.005361770,8
gwcs,../roman/.data/build21/r0000101001001001001_0001_wfi04_f158_cal.asdf,wfi04,eval,100,18,0.004183511,8
gwcs,../roman/.data/build21/r0000101001001001001_0001_wfi04_f158_cal.asdf,wfi04,eval,100,19,0.004226197,8
gwcs,../roman/.data/build21/r0000101001001001001_0001_wfi04_f158_cal.asdf,wfi04,eval,100,20,0.004359795,8
gwcs,../roman/.data/build21/r0000101001001001001_0001_wfi04_f158_cal.asdf,wfi04,eval,100,21,0.004453945,8
gwcs,../roman/.data/build21/r0000101001001001001_0001_wfi04_f158_cal.asdf,wfi04,eval,100,22,0.004237098,8
gwcs,../roman/.data/build21/r0000101001001001001_0001_wfi04_f158_cal.asdf,wfi04,eval,100,23,0.004057632,8
gwcs,../roman/.data/build21/r0000101001001001001_0001_wfi04_f158_cal.asdf,wfi04,eval,100,24,0.004421872,8
gwcs,../roman/.data/build21/r0000101001001001001_0001_wfi04_f158_cal.asdf,wfi04,eval,100,25,0.004524779,8
gwcs,../roman/.data/build21/r0000101001001001001_0001_wfi04_f158_cal.asdf,wfi04,eval,100,26,0.004211166,8
gwcs,../roman/.data/build21/r0000101001001001001_0001_wfi04_f158_cal.asdf,wfi04,eval,100,27,0.004453542,8
gwcs,../roman/.data/build21/r0000101001001001001_0001_wfi04_f158_cal.asdf,wfi04,eval,100,28,0.004135524,8
gwcs,../roman/.data/build21/r0000101001001001001_0001_wfi04_f158_cal.asdf,wfi04,eval,100,29,0.004289314,8
gwcs,../roman/.data/build21/r0000101001001001001_0001_wfi04_f158_cal.asdf,wfi04,eval,1000,0,0.006836330,8
gwcs,../roman/.data/build21/r0000101001001001001_0001_wfi04_f158_cal.asdf,wfi04,eval,1000,1,0.005074991,8
gwcs,../roman/.data/build21/r0000101001001001001_0001_wfi04_f158_cal.asdf,wfi04,eval,1000,2,0.004868841,8
gwcs,../roman/.data/build21/r0000101001001001001_0001_wfi04_f158_cal.asdf,wfi04,eval,1000,3,0.004725294,8
gwcs,../roman/.data/build21/r0000101001001001001_0001_wfi04_f158_cal.asdf,wfi04,eval,1000,4,0.004624343,8
gwcs,../roman/.data/build21/r0000101001001001001_0001_wfi04_f158_cal.asdf,wfi04,eval,1000,5,0.004731504,8
gwcs,../roman/.data/build21/r0000101001001001001_0001_wfi04_f158_cal.asdf,wfi04,eval,1000,6,0.004519577,8
gwcs,../roman/.data/build21/r0000101001001001001_0001_wfi04_f158_cal.asdf,wfi04,eval,1000,7,0.005375925,8
gwcs,../roman/.data/build21/r0000101001001001001_0001_wfi04_f158_cal.asdf,wfi04,eval,1000,8,0.007859784,8
gwcs,../roman/.data/build21/r0000101001001001001_0001_wfi04_f158_cal.asdf,wfi04,eval,1000,9,0.004938895,8
gwcs,../roman/.data/build21/r0000101001001001001_0001_wfi04_f158_cal.asdf,wfi04,eval,1000,10,0.005018632,8
gwcs,../roman/.data/build21/r0000101001001001001_0001_wfi04_f158_cal.asdf,wfi04,eval,1000,11,0.004474623,8
gwcs,../roman/.data/build21/r0000101001001001001_0001_wfi04_f158_cal.asdf,wfi04,eval,1000,12,0.005622579,8
gwcs,../roman/.data/build21/r0000101001001001001_0001_wfi04_f158_cal.asdf,wfi04,eval,1000,13,0.004791181,8
gwcs,../roman/.data/build21/r0000101001001001001_0001_wfi04_f158_cal.asdf,wfi04,eval,1000,14,0.004535176,8
gwcs,../roman/.data/build21/r0000101001001001001_0001_wfi04_f158_cal.asdf,wfi04,eval,10000,0,0.008322588,8
gwcs,../roman/.data/build21/r0000101001001001001_0001_wfi04_f158_cal.asdf,wfi04,eval,10000,1,0.008503715,8
gwcs,../roman/.data/build21/r0000101001001001001_0001_wfi04_f158_cal.asdf,wfi04,eval,10000,2,0.007369489,8
gwcs,../roman/.data/build21/r0000101001001001001_0001_wfi04_f158_cal.asdf,wfi04,eval,10000,3,0.007477046,8
gwcs,../roman/.data/build21/r0000101001001001001_0001_wfi04_f158_cal.asdf,wfi04,eval,10000,4,0.008069834,8
gwcs,../roman/.data/build21/r0000101001001001001_0001_wfi04_f158_cal.asdf,wfi04,eval,10000,5,0.006641084,8
gwcs,../roman/.data/build21/r0000101001001001001_0001_wfi04_f158_cal.asdf,wfi04,eval,10000,6,0.006921796,8
gwcs,../roman/.data/build21/r0000101001001001001_0001_wfi04_f158_cal.asdf,wfi04,eval,10000,7,0.006970973,8
gwcs,../roman/.data/build21/r0000101001001001001_0001_wfi04_f158_cal.asdf,wfi04,eval,100000,0,0.031763839,8
gwcs,../roman/.data/build21/r0000101001001001001_0001_wfi04_f158_cal.asdf,wfi04,eval,100000,1,0.030447403,8
gwcs,../roman/.data/build21/r0000101001001001001_0001_wfi04_f158_cal.asdf,wfi04,eval,100000,2,0.030241317,8
gwcs,../roman/.data/build21/r0000101001001001001_0001_wfi04_f158_cal.asdf,wfi04,eval,100000,3,0.029759862,8
gwcs,../roman/.data/build21/r0000101001001001001_0001_wfi04_f158_cal.asdf,wfi04,eval,100000,4,0.030306396,8
gwcs,../roman/.data/build21/r0000101001001001001_0001_wfi04_f158_cal.asdf,wfi04,eval,1000000,0,0.411761155,8
gwcs,../roman/.data/build21/r0000101001001001001_0001_wfi04_f158_cal.asdf,wfi04,eval,1000000,1,0.411804512,8
gwcs,../roman/.data/build21/r0000101001001001001_0001_wfi04_f158_cal.asdf,wfi04,eval,1000000,2,0.405855170,8
gwcs,../roman/.data/build21/r0000101001001001001_0001_wfi05_f158_cal.asdf,wfi05,parse_cold,0,0,0.890155484,8
gwcs,../roman/.data/build21/r0000101001001001001_0001_wfi05_f158_cal.asdf,wfi05,parse_hot,0,0,0.879495462,8
gwcs,../roman/.data/build21/r0000101001001001001_0001_wfi05_f158_cal.asdf,wfi05,eval,1,0,0.004855949,8
gwcs,../roman/.data/build21/r0000101001001001001_0001_wfi05_f158_cal.asdf,wfi05,eval,1,1,0.005048363,8
gwcs,../roman/.data/build21/r0000101001001001001_0001_wfi05_f158_cal.asdf,wfi05,eval,1,2,0.004394333,8
gwcs,../roman/.data/build21/r0000101001001001001_0001_wfi05_f158_cal.asdf,wfi05,eval,1,3,0.004138510,8
gwcs,../roman/.data/build21/r0000101001001001001_0001_wfi05_f158_cal.asdf,wfi05,eval,1,4,0.004009700,8
gwcs,../roman/.data/build21/r0000101001001001001_0001_wfi05_f158_cal.asdf,wfi05,eval,1,5,0.004054393,8
gwcs,../roman/.data/build21/r0000101001001001001_0001_wfi05_f158_cal.asdf,wfi05,eval,1,6,0.004148258,8
gwcs,../roman/.data/build21/r0000101001001001001_0001_wfi05_f158_cal.asdf,wfi05,eval,1,7,0.004795944,8
gwcs,../roman/.data/build21/r0000101001001001001_0001_wfi05_f158_cal.asdf,wfi05,eval,1,8,0.003934427,8
gwcs,../roman/.data/build21/r0000101001001001001_0001_wfi05_f158_cal.asdf,wfi05,eval,1,9,0.003855543,8
gwcs,../roman/.data/build21/r0000101001001001001_0001_wfi05_f158_cal.asdf,wfi05,eval,1,10,0.004233724,8
gwcs,../roman/.data/build21/r0000101001001001001_0001_wfi05_f158_cal.asdf,wfi05,eval,1,11,0.004189540,8
gwcs,../roman/.data/build21/r0000101001001001001_0001_wfi05_f158_cal.asdf,wfi05,eval,1,12,0.004014455,8
gwcs,../roman/.data/build21/r0000101001001001001_0001_wfi05_f158_cal.asdf,wfi05,eval,1,13,0.004112848,8
gwcs,../roman/.data/build21/r0000101001001001001_0001_wfi05_f158_cal.asdf,wfi05,eval,1,14,0.003975759,8
gwcs,../roman/.data/build21/r0000101001001001001_0001_wfi05_f158_cal.asdf,wfi05,eval,1,15,0.004245840,8
gwcs,../roman/.data/build21/r0000101001001001001_0001_wfi05_f158_cal.asdf,wfi05,eval,1,16,0.004216493,8
gwcs,../roman/.data/build21/r0000101001001001001_0001_wfi05_f158_cal.asdf,wfi05,eval,1,17,0.003939041,8
gwcs,../roman/.data/build21/r0000101001001001001_0001_wfi05_f158_cal.asdf,wfi05,eval,1,18,0.004224171,8
gwcs,../roman/.data/build21/r0000101001001001001_0001_wfi05_f158_cal.asdf,wfi05,eval,1,19,0.004443270,8
gwcs,../roman/.data/build21/r0000101001001001001_0001_wfi05_f158_cal.asdf,wfi05,eval,1,20,0.005945669,8
gwcs,../roman/.data/build21/r0000101001001001001_0001_wfi05_f158_cal.asdf,wfi05,eval,1,21,0.004041644,8
gwcs,../roman/.data/build21/r0000101001001001001_0001_wfi05_f158_cal.asdf,wfi05,eval,1,22,0.004118770,8
gwcs,../roman/.data/build21/r0000101001001001001_0001_wfi05_f158_cal.asdf,wfi05,eval,1,23,0.004160517,8
gwcs,../roman/.data/build21/r0000101001001001001_0001_wfi05_f158_cal.asdf,wfi05,eval,1,24,0.005163073,8
gwcs,../roman/.data/build21/r0000101001001001001_0001_wfi05_f158_cal.asdf,wfi05,eval,1,25,0.003907091,8
gwcs,../roman/.data/build21/r0000101001001001001_0001_wfi05_f158_cal.asdf,wfi05,eval,1,26,0.004174174,8
gwcs,../roman/.data/build21/r0000101001001001001_0001_wfi05_f158_cal.asdf,wfi05,eval,1,27,0.004075102,8
gwcs,../roman/.data/build21/r0000101001001001001_0001_wfi05_f158_cal.asdf,wfi05,eval,1,28,0.004045093,8
gwcs,../roman/.data/build21/r0000101001001001001_0001_wfi05_f158_cal.asdf,wfi05,eval,1,29,0.004030243,8
gwcs,../roman/.data/build21/r0000101001001001001_0001_wfi05_f158_cal.asdf,wfi05,eval,1,30,0.004001350,8
gwcs,../roman/.data/build21/r0000101001001001001_0001_wfi05_f158_cal.asdf,wfi05,eval,1,31,0.004053886,8
gwcs,../roman/.data/build21/r0000101001001001001_0001_wfi05_f158_cal.asdf,wfi05,eval,1,32,0.003928977,8
gwcs,../roman/.data/build21/r0000101001001001001_0001_wfi05_f158_cal.asdf,wfi05,eval,1,33,0.004117401,8
gwcs,../roman/.data/build21/r0000101001001001001_0001_wfi05_f158_cal.asdf,wfi05,eval,1,34,0.004106886,8
gwcs,../roman/.data/build21/r0000101001001001001_0001_wfi05_f158_cal.asdf,wfi05,eval,1,35,0.004067522,8
gwcs,../roman/.data/build21/r0000101001001001001_0001_wfi05_f158_cal.asdf,wfi05,eval,1,36,0.004152836,8
gwcs,../roman/.data/build21/r0000101001001001001_0001_wfi05_f158_cal.asdf,wfi05,eval,1,37,0.004353908,8
gwcs,../roman/.data/build21/r0000101001001001001_0001_wfi05_f158_cal.asdf,wfi05,eval,1,38,0.005029149,8
gwcs,../roman/.data/build21/r0000101001001001001_0001_wfi05_f158_cal.asdf,wfi05,eval,1,39,0.004365002,8
gwcs,../roman/.data/build21/r0000101001001001001_0001_wfi05_f158_cal.asdf,wfi05,eval,1,40,0.004029978,8
gwcs,../roman/.data/build21/r0000101001001001001_0001_wfi05_f158_cal.asdf,wfi05,eval,1,41,0.004517944,8
gwcs,../roman/.data/build21/r0000101001001001001_0001_wfi05_f158_cal.asdf,wfi05,eval,1,42,0.004158469,8
gwcs,../roman/.data/build21/r0000101001001001001_0001_wfi05_f158_cal.asdf,wfi05,eval,1,43,0.003907845,8
gwcs,../roman/.data/build21/r0000101001001001001_0001_wfi05_f158_cal.asdf,wfi05,eval,1,44,0.005111291,8
gwcs,../roman/.data/build21/r0000101001001001001_0001_wfi05_f158_cal.asdf,wfi05,eval,1,45,0.004243576,8
gwcs,../roman/.data/build21/r0000101001001001001_0001_wfi05_f158_cal.asdf,wfi05,eval,1,46,0.004039933,8
gwcs,../roman/.data/build21/r0000101001001001001_0001_wfi05_f158_cal.asdf,wfi05,eval,1,47,0.004142262,8
gwcs,../roman/.data/build21/r0000101001001001001_0001_wfi05_f158_cal.asdf,wfi05,eval,1,48,0.003985594,8
gwcs,../roman/.data/build21/r0000101001001001001_0001_wfi05_f158_cal.asdf,wfi05,eval,1,49,0.004462555,8
gwcs,../roman/.data/build21/r0000101001001001001_0001_wfi05_f158_cal.asdf,wfi05,eval,10,0,0.005620102,8
gwcs,../roman/.data/build21/r0000101001001001001_0001_wfi05_f158_cal.asdf,wfi05,eval,10,1,0.005117992,8
gwcs,../roman/.data/build21/r0000101001001001001_0001_wfi05_f158_cal.asdf,wfi05,eval,10,2,0.004965652,8
gwcs,../roman/.data/build21/r0000101001001001001_0001_wfi05_f158_cal.asdf,wfi05,eval,10,3,0.004242890,8
gwcs,../roman/.data/build21/r0000101001001001001_0001_wfi05_f158_cal.asdf,wfi05,eval,10,4,0.004309809,8
gwcs,../roman/.data/build21/r0000101001001001001_0001_wfi05_f158_cal.asdf,wfi05,eval,10,5,0.004248308,8
gwcs,../roman/.data/build21/r0000101001001001001_0001_wfi05_f158_cal.asdf,wfi05,eval,10,6,0.004185767,8
gwcs,../roman/.data/build21/r0000101001001001001_0001_wfi05_f158_cal.asdf,wfi05,eval,10,7,0.004258872,8
gwcs,../roman/.data/build21/r0000101001001001001_0001_wfi05_f158_cal.asdf,wfi05,eval,10,8,0.004744280,8
gwcs,../roman/.data/build21/r0000101001001001001_0001_wfi05_f158_cal.asdf,wfi05,eval,10,9,0.004933185,8
gwcs,../roman/.data/build21/r0000101001001001001_0001_wfi05_f158_cal.asdf,wfi05,eval,10,10,0.004244117,8
gwcs,../roman/.data/build21/r0000101001001001001_0001_wfi05_f158_cal.asdf,wfi05,eval,10,11,0.004050934,8
gwcs,../roman/.data/build21/r0000101001001001001_0001_wfi05_f158_cal.asdf,wfi05,eval,10,12,0.005380332,8
gwcs,../roman/.data/build21/r0000101001001001001_0001_wfi05_f158_cal.asdf,wfi05,eval,10,13,0.005305135,8
gwcs,../roman/.data/build21/r0000101001001001001_0001_wfi05_f158_cal.asdf,wfi05,eval,10,14,0.004142499,8
gwcs,../roman/.data/build21/r0000101001001001001_0001_wfi05_f158_cal.asdf,wfi05,eval,10,15,0.004133221,8
gwcs,../roman/.data/build21/r0000101001001001001_0001_wfi05_f158_cal.asdf,wfi05,eval,10,16,0.004301740,8
gwcs,../roman/.data/build21/r0000101001001001001_0001_wfi05_f158_cal.asdf,wfi05,eval,10,17,0.004037840,8
gwcs,../roman/.data/build21/r0000101001001001001_0001_wfi05_f158_cal.asdf,wfi05,eval,10,18,0.004282671,8
gwcs,../roman/.data/build21/r0000101001001001001_0001_wfi05_f158_cal.asdf,wfi05,eval,10,19,0.004035846,8
gwcs,../roman/.data/build21/r0000101001001001001_0001_wfi05_f158_cal.asdf,wfi05,eval,10,20,0.004155111,8
gwcs,../roman/.data/build21/r0000101001001001001_0001_wfi05_f158_cal.asdf,wfi05,eval,10,21,0.004320336,8
gwcs,../roman/.data/build21/r0000101001001001001_0001_wfi05_f158_cal.asdf,wfi05,eval,10,22,0.004367763,8
gwcs,../roman/.data/build21/r0000101001001001001_0001_wfi05_f158_cal.asdf,wfi05,eval,10,23,0.004210945,8
gwcs,../roman/.data/build21/r0000101001001001001_0001_wfi05_f158_cal.asdf,wfi05,eval,10,24,0.004048938,8
gwcs,../roman/.data/build21/r0000101001001001001_0001_wfi05_f158_cal.asdf,wfi05,eval,10,25,0.004186124,8
gwcs,../roman/.data/build21/r0000101001001001001_0001_wfi05_f158_cal.asdf,wfi05,eval,10,26,0.004133953,8
gwcs,../roman/.data/build21/r0000101001001001001_0001_wfi05_f158_cal.asdf,wfi05,eval,10,27,0.004127658,8
gwcs,../roman/.data/build21/r0000101001001001001_0001_wfi05_f158_cal.asdf,wfi05,eval,10,28,0.004156474,8
gwcs,../roman/.data/build21/r0000101001001001001_0001_wfi05_f158_cal.asdf,wfi05,eval,10,29,0.004388833,8
gwcs,../roman/.data/build21/r0000101001001001001_0001_wfi05_f158_cal.asdf,wfi05,eval,10,30,0.003989506,8
gwcs,../roman/.data/build21/r0000101001001001001_0001_wfi05_f158_cal.asdf,wfi05,eval,10,31,0.004085757,8
gwcs,../roman/.data/build21/r0000101001001001001_0001_wfi05_f158_cal.asdf,wfi05,eval,10,32,0.005058102,8
gwcs,../roman/.data/build21/r0000101001001001001_0001_wfi05_f158_cal.asdf,wfi05,eval,10,33,0.004057094,8
gwcs,../roman/.data/build21/r0000101001001001001_0001_wfi05_f158_cal.asdf,wfi05,eval,10,34,0.004487461,8
gwcs,../roman/.data/build21/r0000101001001001001_0001_wfi05_f158_cal.asdf,wfi05,eval,10,35,0.004418842,8
gwcs,../roman/.data/build21/r0000101001001001001_0001_wfi05_f158_cal.asdf,wfi05,eval,10,36,0.004481388,8
gwcs,../roman/.data/build21/r0000101001001001001_0001_wfi05_f158_cal.asdf,wfi05,eval,10,37,0.004339797,8
gwcs,../roman/.data/build21/r0000101001001001001_0001_wfi05_f158_cal.asdf,wfi05,eval,10,38,0.003986849,8
gwcs,../roman/.data/build21/r0000101001001001001_0001_wfi05_f158_cal.asdf,wfi05,eval,10,39,0.004116161,8
gwcs,../roman/.data/build21/r0000101001001001001_0001_wfi05_f158_cal.asdf,wfi05,eval,10,40,0.004110038,8
gwcs,../roman/.data/build21/r0000101001001001001_0001_wfi05_f158_cal.asdf,wfi05,eval,10,41,0.004169630,8
gwcs,../roman/.data/build21/r0000101001001001001_0001_wfi05_f158_cal.asdf,wfi05,eval,10,42,0.004127773,8
gwcs,../roman/.data/build21/r0000101001001001001_0001_wfi05_f158_cal.asdf,wfi05,eval,10,43,0.003920601,8
gwcs,../roman/.data/build21/r0000101001001001001_0001_wfi05_f158_cal.asdf,wfi05,eval,10,44,0.004263224,8
gwcs,../roman/.data/build21/r0000101001001001001_0001_wfi05_f158_cal.asdf,wfi05,eval,10,45,0.004464824,8
gwcs,../roman/.data/build21/r0000101001001001001_0001_wfi05_f158_cal.asdf,wfi05,eval,10,46,0.004124105,8
gwcs,../roman/.data/build21/r0000101001001001001_0001_wfi05_f158_cal.asdf,wfi05,eval,10,47,0.004124301,8
gwcs,../roman/.data/build21/r0000101001001001001_0001_wfi05_f158_cal.asdf,wfi05,eval,10,48,0.003975856,8
gwcs,../roman/.data/build21/r0000101001001001001_0001_wfi05_f158_cal.asdf,wfi05,eval,10,49,0.004098072,8
gwcs,../roman/.data/build21/r0000101001001001001_0001_wfi05_f158_cal.asdf,wfi05,eval,100,0,0.005353074,8
gwcs,../roman/.data/build21/r0000101001001001001_0001_wfi05_f158_cal.asdf,wfi05,eval,100,1,0.004901534,8
gwcs,../roman/.data/build21/r0000101001001001001_0001_wfi05_f158_cal.asdf,wfi05,eval,100,2,0.005837146,8
gwcs,../roman/.data/build21/r0000101001001001001_0001_wfi05_f158_cal.asdf,wfi05,eval,100,3,0.004285899,8
gwcs,../roman/.data/build21/r0000101001001001001_0001_wfi05_f158_cal.asdf,wfi05,eval,100,4,0.004087583,8
gwcs,../roman/.data/build21/r0000101001001001001_0001_wfi05_f158_cal.asdf,wfi05,eval,100,5,0.004153452,8
gwcs,../roman/.data/build21/r0000101001001001001_0001_wfi05_f158_cal.asdf,wfi05,eval,100,6,0.004134410,8
gwcs,../roman/.data/build21/r0000101001001001001_0001_wfi05_f158_cal.asdf,wfi05,eval,100,7,0.004175290,8
gwcs,../roman/.data/build21/r0000101001001001001_0001_wfi05_f158_cal.asdf,wfi05,eval,100,8,0.004930296,8
gwcs,../roman/.data/build21/r0000101001001001001_0001_wfi05_f158_cal.asdf,wfi05,eval,100,9,0.005439464,8
gwcs,../roman/.data/build21/r0000101001001001001_0001_wfi05_f158_cal.asdf,wfi05,eval,100,10,0.004356845,8
gwcs,../roman/.data/build21/r0000101001001001001_0001_wfi05_f158_cal.asdf,wfi05,eval,100,11,0.004366070,8
gwcs,../roman/.data/build21/r0000101001001001001_0001_wfi05_f158_cal.asdf,wfi05,eval,100,12,0.004013044,8
gwcs,../roman/.data/build21/r0000101001001001001_0001_wfi05_f158_cal.asdf,wfi05,eval,100,13,0.004193969,8
gwcs,../roman/.data/build21/r0000101001001001001_0001_wfi05_f158_cal.asdf,wfi05,eval,100,14,0.004133250,8
gwcs,../roman/.data/build21/r0000101001001001001_0001_wfi05_f158_cal.asdf,wfi05,eval,100,15,0.004195486,8
gwcs,../roman/.data/build21/r0000101001001001001_0001_wfi05_f158_cal.asdf,wfi05,eval,100,16,0.004106845,8
gwcs,../roman/.data/build21/r0000101001001001001_0001_wfi05_f158_cal.asdf,wfi05,eval,100,17,0.004129896,8
gwcs,../roman/.data/build21/r0000101001001001001_0001_wfi05_f158_cal.asdf,wfi05,eval,100,18,0.004167729,8
gwcs,../roman/.data/build21/r0000101001001001001_0001_wfi05_f158_cal.asdf,wfi05,eval,100,19,0.004057926,8
gwcs,../roman/.data/build21/r0000101001001001001_0001_wfi05_f158_cal.asdf,wfi05,eval,100,20,0.004244215,8
gwcs,../roman/.data/build21/r0000101001001001001_0001_wfi05_f158_cal.asdf,wfi05,eval,100,21,0.005103445,8
gwcs,../roman/.data/build21/r0000101001001001001_0001_wfi05_f158_cal.asdf,wfi05,eval,100,22,0.004034551,8
gwcs,../roman/.data/build21/r0000101001001001001_0001_wfi05_f158_cal.asdf,wfi05,eval,100,23,0.004060624,8
gwcs,../roman/.data/build21/r0000101001001001001_0001_wfi05_f158_cal.asdf,wfi05,eval,100,24,0.004105521,8
gwcs,../roman/.data/build21/r0000101001001001001_0001_wfi05_f158_cal.asdf,wfi05,eval,100,25,0.004099259,8
gwcs,../roman/.data/build21/r0000101001001001001_0001_wfi05_f158_cal.asdf,wfi05,eval,100,26,0.004424370,8
gwcs,../roman/.data/build21/r0000101001001001001_0001_wfi05_f158_cal.asdf,wfi05,eval,100,27,0.004025261,8
gwcs,../roman/.data/build21/r0000101001001001001_0001_wfi05_f158_cal.asdf,wfi05,eval,100,28,0.004257875,8
gwcs,../roman/.data/build21/r0000101001001001001_0001_wfi05_f158_cal.asdf,wfi05,eval,100,29,0.004220325,8
gwcs,../roman/.data/build21/r0000101001001001001_0001_wfi05_f158_cal.asdf,wfi05,eval,1000,0,0.005865332,8
gwcs,../roman/.data/build21/r0000101001001001001_0001_wfi05_f158_cal.asdf,wfi05,eval,1000,1,0.005501089,8
gwcs,../roman/.data/build21/r0000101001001001001_0001_wfi05_f158_cal.asdf,wfi05,eval,1000,2,0.005124610,8
gwcs,../roman/.data/build21/r0000101001001001001_0001_wfi05_f158_cal.asdf,wfi05,eval,1000,3,0.004756488,8
gwcs,../roman/.data/build21/r0000101001001001001_0001_wfi05_f158_cal.asdf,wfi05,eval,1000,4,0.004417037,8
gwcs,../roman/.data/build21/r0000101001001001001_0001_wfi05_f158_cal.asdf,wfi05,eval,1000,5,0.004346267,8
gwcs,../roman/.data/build21/r0000101001001001001_0001_wfi05_f158_cal.asdf,wfi05,eval,1000,6,0.004593829,8
gwcs,../roman/.data/build21/r0000101001001001001_0001_wfi05_f158_cal.asdf,wfi05,eval,1000,7,0.004781953,8
gwcs,../roman/.data/build21/r0000101001001001001_0001_wfi05_f158_cal.asdf,wfi05,eval,1000,8,0.004432891,8
gwcs,../roman/.data/build21/r0000101001001001001_0001_wfi05_f158_cal.asdf,wfi05,eval,1000,9,0.004332616,8
gwcs,../roman/.data/build21/r0000101001001001001_0001_wfi05_f158_cal.asdf,wfi05,eval,1000,10,0.005434294,8
gwcs,../roman/.data/build21/r0000101001001001001_0001_wfi05_f158_cal.asdf,wfi05,eval,1000,11,0.004401643,8
gwcs,../roman/.data/build21/r0000101001001001001_0001_wfi05_f158_cal.asdf,wfi05,eval,1000,12,0.004474574,8
gwcs,../roman/.data/build21/r0000101001001001001_0001_wfi05_f158_cal.asdf,wfi05,eval,1000,13,0.004374741,8
gwcs,../roman/.data/build21/r0000101001001001001_0001_wfi05_f158_cal.asdf,wfi05,eval,1000,14,0.004550390,8
gwcs,../roman/.data/build21/r0000101001001001001_0001_wfi05_f158_cal.asdf,wfi05,eval,10000,0,0.008125445,8
gwcs,../roman/.data/build21/r0000101001001001001_0001_wfi05_f158_cal.asdf,wfi05,eval,10000,1,0.007724896,8
gwcs,../roman/.data/build21/r0000101001001001001_0001_wfi05_f158_cal.asdf,wfi05,eval,10000,2,0.007066221,8
gwcs,../roman/.data/build21/r0000101001001001001_0001_wfi05_f158_cal.asdf,wfi05,eval,10000,3,0.007008410,8
gwcs,../roman/.data/build21/r0000101001001001001_0001_wfi05_f158_cal.asdf,wfi05,eval,10000,4,0.006797986,8
gwcs,../roman/.data/build21/r0000101001001001001_0001_wfi05_f158_cal.asdf,wfi05,eval,10000,5,0.006825870,8
gwcs,../roman/.data/build21/r0000101001001001001_0001_wfi05_f158_cal.asdf,wfi05,eval,10000,6,0.006968991,8
gwcs,../roman/.data/build21/r0000101001001001001_0001_wfi05_f158_cal.asdf,wfi05,eval,10000,7,0.006900667,8
gwcs,../roman/.data/build21/r0000101001001001001_0001_wfi05_f158_cal.asdf,wfi05,eval,100000,0,0.034103020,8
gwcs,../roman/.data/build21/r0000101001001001001_0001_wfi05_f158_cal.asdf,wfi05,eval,100000,1,0.029988186,8
gwcs,../roman/.data/build21/r0000101001001001001_0001_wfi05_f158_cal.asdf,wfi05,eval,100000,2,0.030074951,8
gwcs,../roman/.data/build21/r0000101001001001001_0001_wfi05_f158_cal.asdf,wfi05,eval,100000,3,0.029279144,8
gwcs,../roman/.data/build21/r0000101001001001001_0001_wfi05_f158_cal.asdf,wfi05,eval,100000,4,0.029240001,8
gwcs,../roman/.data/build21/r0000101001001001001_0001_wfi05_f158_cal.asdf,wfi05,eval,1000000,0,0.706181141,8
gwcs,../roman/.data/build21/r0000101001001001001_0001_wfi05_f158_cal.asdf,wfi05,eval,1000000,1,0.608188954,8
gwcs,../roman/.data/build21/r0000101001001001001_0001_wfi05_f158_cal.asdf,wfi05,eval,1000000,2,0.675859431,8
gwcs,../roman/.data/build21/r0000101001001001001_0001_wfi06_f158_cal.asdf,wfi06,parse_cold,0,0,1.108459005,8
gwcs,../roman/.data/build21/r0000101001001001001_0001_wfi06_f158_cal.asdf,wfi06,parse_hot,0,0,0.835748865,8
gwcs,../roman/.data/build21/r0000101001001001001_0001_wfi06_f158_cal.asdf,wfi06,eval,1,0,0.004806944,8
gwcs,../roman/.data/build21/r0000101001001001001_0001_wfi06_f158_cal.asdf,wfi06,eval,1,1,0.004826301,8
gwcs,../roman/.data/build21/r0000101001001001001_0001_wfi06_f158_cal.asdf,wfi06,eval,1,2,0.004191742,8
gwcs,../roman/.data/build21/r0000101001001001001_0001_wfi06_f158_cal.asdf,wfi06,eval,1,3,0.004136417,8
gwcs,../roman/.data/build21/r0000101001001001001_0001_wfi06_f158_cal.asdf,wfi06,eval,1,4,0.004050197,8
gwcs,../roman/.data/build21/r0000101001001001001_0001_wfi06_f158_cal.asdf,wfi06,eval,1,5,0.004159134,8
gwcs,../roman/.data/build21/r0000101001001001001_0001_wfi06_f158_cal.asdf,wfi06,eval,1,6,0.004108661,8
gwcs,../roman/.data/build21/r0000101001001001001_0001_wfi06_f158_cal.asdf,wfi06,eval,1,7,0.004078722,8
gwcs,../roman/.data/build21/r0000101001001001001_0001_wfi06_f158_cal.asdf,wfi06,eval,1,8,0.003886227,8
gwcs,../roman/.data/build21/r0000101001001001001_0001_wfi06_f158_cal.asdf,wfi06,eval,1,9,0.004265219,8
gwcs,../roman/.data/build21/r0000101001001001001_0001_wfi06_f158_cal.asdf,wfi06,eval,1,10,0.003893225,8
gwcs,../roman/.data/build21/r0000101001001001001_0001_wfi06_f158_cal.asdf,wfi06,eval,1,11,0.003999776,8
gwcs,../roman/.data/build21/r0000101001001001001_0001_wfi06_f158_cal.asdf,wfi06,eval,1,12,0.005152100,8
gwcs,../roman/.data/build21/r0000101001001001001_0001_wfi06_f158_cal.asdf,wfi06,eval,1,13,0.003819356,8
gwcs,../roman/.data/build21/r0000101001001001001_0001_wfi06_f158_cal.asdf,wfi06,eval,1,14,0.004125736,8
gwcs,../roman/.data/build21/r0000101001001001001_0001_wfi06_f158_cal.asdf,wfi06,eval,1,15,0.003969950,8
gwcs,../roman/.data/build21/r0000101001001001001_0001_wfi06_f158_cal.asdf,wfi06,eval,1,16,0.003960644,8
gwcs,../roman/.data/build21/r0000101001001001001_0001_wfi06_f158_cal.asdf,wfi06,eval,1,17,0.005324533,8
gwcs,../roman/.data/build21/r0000101001001001001_0001_wfi06_f158_cal.asdf,wfi06,eval,1,18,0.003948363,8
gwcs,../roman/.data/build21/r0000101001001001001_0001_wfi06_f158_cal.asdf,wfi06,eval,1,19,0.004036066,8
gwcs,../roman/.data/build21/r0000101001001001001_0001_wfi06_f158_cal.asdf,wfi06,eval,1,20,0.003798492,8
gwcs,../roman/.data/build21/r0000101001001001001_0001_wfi06_f158_cal.asdf,wfi06,eval,1,21,0.004037524,8
gwcs,../roman/.data/build21/r0000101001001001001_0001_wfi06_f158_cal.asdf,wfi06,eval,1,22,0.005766771,8
gwcs,../roman/.data/build21/r0000101001001001001_0001_wfi06_f158_cal.asdf,wfi06,eval,1,23,0.004035318,8
gwcs,../roman/.data/build21/r0000101001001001001_0001_wfi06_f158_cal.asdf,wfi06,eval,1,24,0.004289677,8
gwcs,../roman/.data/build21/r0000101001001001001_0001_wfi06_f158_cal.asdf,wfi06,eval,1,25,0.004195604,8
gwcs,../roman/.data/build21/r0000101001001001001_0001_wfi06_f158_cal.asdf,wfi06,eval,1,26,0.004204274,8
gwcs,../roman/.data/build21/r0000101001001001001_0001_wfi06_f158_cal.asdf,wfi06,eval,1,27,0.004201388,8
gwcs,../roman/.data/build21/r0000101001001001001_0001_wfi06_f158_cal.asdf,wfi06,eval,1,28,0.003934190,8
gwcs,../roman/.data/build21/r0000101001001001001_0001_wfi06_f158_cal.asdf,wfi06,eval,1,29,0.004216990,8
gwcs,../roman/.data/build21/r0000101001001001001_0001_wfi06_f158_cal.asdf,wfi06,eval,1,30,0.004189763,8
gwcs,../roman/.data/build21/r0000101001001001001_0001_wfi06_f158_cal.asdf,wfi06,eval,1,31,0.005580400,8
gwcs,../roman/.data/build21/r0000101001001001001_0001_wfi06_f158_cal.asdf,wfi06,eval,1,32,0.004403563,8
gwcs,../roman/.data/build21/r0000101001001001001_0001_wfi06_f158_cal.asdf,wfi06,eval,1,33,0.004585116,8
gwcs,../roman/.data/build21/r0000101001001001001_0001_wfi06_f158_cal.asdf,wfi06,eval,1,34,0.004802856,8
gwcs,../roman/.data/build21/r0000101001001001001_0001_wfi06_f158_cal.asdf,wfi06,eval,1,35,0.005052380,8
gwcs,../roman/.data/build21/r0000101001001001001_0001_wfi06_f158_cal.asdf,wfi06,eval,1,36,0.004437818,8
gwcs,../roman/.data/build21/r0000101001001001001_0001_wfi06_f158_cal.asdf,wfi06,eval,1,37,0.003928055,8
gwcs,../roman/.data/build21/r0000101001001001001_0001_wfi06_f158_cal.asdf,wfi06,eval,1,38,0.004113440,8
gwcs,../roman/.data/build21/r0000101001001001001_0001_wfi06_f158_cal.asdf,wfi06,eval,1,39,0.003901657,8
gwcs,../roman/.data/build21/r0000101001001001001_0001_wfi06_f158_cal.asdf,wfi06,eval,1,40,0.004195150,8
gwcs,../roman/.data/build21/r0000101001001001001_0001_wfi06_f158_cal.asdf,wfi06,eval,1,41,0.004241794,8
gwcs,../roman/.data/build21/r0000101001001001001_0001_wfi06_f158_cal.asdf,wfi06,eval,1,42,0.003934832,8
gwcs,../roman/.data/build21/r0000101001001001001_0001_wfi06_f158_cal.asdf,wfi06,eval,1,43,0.003963130,8
gwcs,../roman/.data/build21/r0000101001001001001_0001_wfi06_f158_cal.asdf,wfi06,eval,1,44,0.004032376,8
gwcs,../roman/.data/build21/r0000101001001001001_0001_wfi06_f158_cal.asdf,wfi06,eval,1,45,0.003871807,8
gwcs,../roman/.data/build21/r0000101001001001001_0001_wfi06_f158_cal.asdf,wfi06,eval,1,46,0.004049032,8
gwcs,../roman/.data/build21/r0000101001001001001_0001_wfi06_f158_cal.asdf,wfi06,eval,1,47,0.003933012,8
gwcs,../roman/.data/build21/r0000101001001001001_0001_wfi06_f158_cal.asdf,wfi06,eval,1,48,0.004035772,8
gwcs,../roman/.data/build21/r0000101001001001001_0001_wfi06_f158_cal.asdf,wfi06,eval,1,49,0.004084465,8
gwcs,../roman/.data/build21/r0000101001001001001_0001_wfi06_f158_cal.asdf,wfi06,eval,10,0,0.004880112,8
gwcs,../roman/.data/build21/r0000101001001001001_0001_wfi06_f158_cal.asdf,wfi06,eval,10,1,0.006006346,8
gwcs,../roman/.data/build21/r0000101001001001001_0001_wfi06_f158_cal.asdf,wfi06,eval,10,2,0.004568562,8
gwcs,../roman/.data/build21/r0000101001001001001_0001_wfi06_f158_cal.asdf,wfi06,eval,10,3,0.004126363,8
gwcs,../roman/.data/build21/r0000101001001001001_0001_wfi06_f158_cal.asdf,wfi06,eval,10,4,0.004129640,8
gwcs,../roman/.data/build21/r0000101001001001001_0001_wfi06_f158_cal.asdf,wfi06,eval,10,5,0.003945285,8
gwcs,../roman/.data/build21/r0000101001001001001_0001_wfi06_f158_cal.asdf,wfi06,eval,10,6,0.004134695,8
gwcs,../roman/.data/build21/r0000101001001001001_0001_wfi06_f158_cal.asdf,wfi06,eval,10,7,0.004167241,8
gwcs,../roman/.data/build21/r0000101001001001001_0001_wfi06_f158_cal.asdf,wfi06,eval,10,8,0.004073096,8
gwcs,../roman/.data/build21/r0000101001001001001_0001_wfi06_f158_cal.asdf,wfi06,eval,10,9,0.004218680,8
gwcs,../roman/.data/build21/r0000101001001001001_0001_wfi06_f158_cal.asdf,wfi06,eval,10,10,0.004092872,8
gwcs,../roman/.data/build21/r0000101001001001001_0001_wfi06_f158_cal.asdf,wfi06,eval,10,11,0.004035365,8
gwcs,../roman/.data/build21/r0000101001001001001_0001_wfi06_f158_cal.asdf,wfi06,eval,10,12,0.004097776,8
gwcs,../roman/.data/build21/r0000101001001001001_0001_wfi06_f158_cal.asdf,wfi06,eval,10,13,0.004054928,8
gwcs,../roman/.data/build21/r0000101001001001001_0001_wfi06_f158_cal.asdf,wfi06,eval,10,14,0.004239527,8
gwcs,../roman/.data/build21/r0000101001001001001_0001_wfi06_f158_cal.asdf,wfi06,eval,10,15,0.005113511,8
gwcs,../roman/.data/build21/r0000101001001001001_0001_wfi06_f158_cal.asdf,wfi06,eval,10,16,0.004058815,8
gwcs,../roman/.data/build21/r0000101001001001001_0001_wfi06_f158_cal.asdf,wfi06,eval,10,17,0.004259767,8
gwcs,../roman/.data/build21/r0000101001001001001_0001_wfi06_f158_cal.asdf,wfi06,eval,10,18,0.003999552,8
gwcs,../roman/.data/build21/r0000101001001001001_0001_wfi06_f158_cal.asdf,wfi06,eval,10,19,0.004238470,8
gwcs,../roman/.data/build21/r0000101001001001001_0001_wfi06_f158_cal.asdf,wfi06,eval,10,20,0.005439160,8
gwcs,../roman/.data/build21/r0000101001001001001_0001_wfi06_f158_cal.asdf,wfi06,eval,10,21,0.004374292,8
gwcs,../roman/.data/build21/r0000101001001001001_0001_wfi06_f158_cal.asdf,wfi06,eval,10,22,0.004218488,8
gwcs,../roman/.data/build21/r0000101001001001001_0001_wfi06_f158_cal.asdf,wfi06,eval,10,23,0.004213293,8
gwcs,../roman/.data/build21/r0000101001001001001_0001_wfi06_f158_cal.asdf,wfi06,eval,10,24,0.003898289,8
gwcs,../roman/.data/build21/r0000101001001001001_0001_wfi06_f158_cal.asdf,wfi06,eval,10,25,0.004090350,8
gwcs,../roman/.data/build21/r0000101001001001001_0001_wfi06_f158_cal.asdf,wfi06,eval,10,26,0.003969746,8
gwcs,../roman/.data/build21/r0000101001001001001_0001_wfi06_f158_cal.asdf,wfi06,eval,10,27,0.004464754,8
gwcs,../roman/.data/build21/r0000101001001001001_0001_wfi06_f158_cal.asdf,wfi06,eval,10,28,0.004258413,8
gwcs,../roman/.data/build21/r0000101001001001001_0001_wfi06_f158_cal.asdf,wfi06,eval,10,29,0.004115472,8
gwcs,../roman/.data/build21/r0000101001001001001_0001_wfi06_f158_cal.asdf,wfi06,eval,10,30,0.004206643,8
gwcs,../roman/.data/build21/r0000101001001001001_0001_wfi06_f158_cal.asdf,wfi06,eval,10,31,0.004260717,8
gwcs,../roman/.data/build21/r0000101001001001001_0001_wfi06_f158_cal.asdf,wfi06,eval,10,32,0.005288088,8
gwcs,../roman/.data/build21/r0000101001001001001_0001_wfi06_f158_cal.asdf,wfi06,eval,10,33,0.004869579,8
gwcs,../roman/.data/build21/r0000101001001001001_0001_wfi06_f158_cal.asdf,wfi06,eval,10,34,0.004093229,8
gwcs,../roman/.data/build21/r0000101001001001001_0001_wfi06_f158_cal.asdf,wfi06,eval,10,35,0.004391073,8
gwcs,../roman/.data/build21/r0000101001001001001_0001_wfi06_f158_cal.asdf,wfi06,eval,10,36,0.004194534,8
gwcs,../roman/.data/build21/r0000101001001001001_0001_wfi06_f158_cal.asdf,wfi06,eval,10,37,0.004207184,8
gwcs,../roman/.data/build21/r0000101001001001001_0001_wfi06_f158_cal.asdf,wfi06,eval,10,38,0.004145931,8
gwcs,../roman/.data/build21/r0000101001001001001_0001_wfi06_f158_cal.asdf,wfi06,eval,10,39,0.005257810,8
gwcs,../roman/.data/build21/r0000101001001001001_0001_wfi06_f158_cal.asdf,wfi06,eval,10,40,0.004013398,8
gwcs,../roman/.data/build21/r0000101001001001001_0001_wfi06_f158_cal.asdf,wfi06,eval,10,41,0.004174407,8
gwcs,../roman/.data/build21/r0000101001001001001_0001_wfi06_f158_cal.asdf,wfi06,eval,10,42,0.004112707,8
gwcs,../roman/.data/build21/r0000101001001001001_0001_wfi06_f158_cal.asdf,wfi06,eval,10,43,0.004253702,8
gwcs,../roman/.data/build21/r0000101001001001001_0001_wfi06_f158_cal.asdf,wfi06,eval,10,44,0.004160348,8
gwcs,../roman/.data/build21/r0000101001001001001_0001_wfi06_f158_cal.asdf,wfi06,eval,10,45,0.004022894,8
gwcs,../roman/.data/build21/r0000101001001001001_0001_wfi06_f158_cal.asdf,wfi06,eval,10,46,0.004104118,8
gwcs,../roman/.data/build21/r0000101001001001001_0001_wfi06_f158_cal.asdf,wfi06,eval,10,47,0.004006413,8
gwcs,../roman/.data/build21/r0000101001001001001_0001_wfi06_f158_cal.asdf,wfi06,eval,10,48,0.004111501,8
gwcs,../roman/.data/build21/r0000101001001001001_0001_wfi06_f158_cal.asdf,wfi06,eval,10,49,0.004122107,8
gwcs,../roman/.data/build21/r0000101001001001001_0001_wfi06_f158_cal.asdf,wfi06,eval,100,0,0.005008253,8
gwcs,../roman/.data/build21/r0000101001001001001_0001_wfi06_f158_cal.asdf,wfi06,eval,100,1,0.004965694,8
gwcs,../roman/.data/build21/r0000101001001001001_0001_wfi06_f158_cal.asdf,wfi06,eval,100,2,0.004642678,8
gwcs,../roman/.data/build21/r0000101001001001001_0001_wfi06_f158_cal.asdf,wfi06,eval,100,3,0.004623420,8
gwcs,../roman/.data/build21/r0000101001001001001_0001_wfi06_f158_cal.asdf,wfi06,eval,100,4,0.005057109,8
gwcs,../roman/.data/build21/r0000101001001001001_0001_wfi06_f158_cal.asdf,wfi06,eval,100,5,0.004139668,8
gwcs,../roman/.data/build21/r0000101001001001001_0001_wfi06_f158_cal.asdf,wfi06,eval,100,6,0.004284214,8
gwcs,../roman/.data/build21/r0000101001001001001_0001_wfi06_f158_cal.asdf,wfi06,eval,100,7,0.004947580,8
gwcs,../roman/.data/build21/r0000101001001001001_0001_wfi06_f158_cal.asdf,wfi06,eval,100,8,0.004095634,8
gwcs,../roman/.data/build21/r0000101001001001001_0001_wfi06_f158_cal.asdf,wfi06,eval,100,9,0.005203016,8
gwcs,../roman/.data/build21/r0000101001001001001_0001_wfi06_f158_cal.asdf,wfi06,eval,100,10,0.004225826,8
gwcs,../roman/.data/build21/r0000101001001001001_0001_wfi06_f158_cal.asdf,wfi06,eval,100,11,0.004215932,8
gwcs,../roman/.data/build21/r0000101001001001001_0001_wfi06_f158_cal.asdf,wfi06,eval,100,12,0.004211405,8
gwcs,../roman/.data/build21/r0000101001001001001_0001_wfi06_f158_cal.asdf,wfi06,eval,100,13,0.004163044,8
gwcs,../roman/.data/build21/r0000101001001001001_0001_wfi06_f158_cal.asdf,wfi06,eval,100,14,0.004127048,8
gwcs,../roman/.data/build21/r0000101001001001001_0001_wfi06_f158_cal.asdf,wfi06,eval,100,15,0.004280216,8
gwcs,../roman/.data/build21/r0000101001001001001_0001_wfi06_f158_cal.asdf,wfi06,eval,100,16,0.004035163,8
gwcs,../roman/.data/build21/r0000101001001001001_0001_wfi06_f158_cal.asdf,wfi06,eval,100,17,0.004181240,8
gwcs,../roman/.data/build21/r0000101001001001001_0001_wfi06_f158_cal.asdf,wfi06,eval,100,18,0.004236872,8
gwcs,../roman/.data/build21/r0000101001001001001_0001_wfi06_f158_cal.asdf,wfi06,eval,100,19,0.004248549,8
gwcs,../roman/.data/build21/r0000101001001001001_0001_wfi06_f158_cal.asdf,wfi06,eval,100,20,0.004263264,8
gwcs,../roman/.data/build21/r0000101001001001001_0001_wfi06_f158_cal.asdf,wfi06,eval,100,21,0.004106199,8
gwcs,../roman/.data/build21/r0000101001001001001_0001_wfi06_f158_cal.asdf,wfi06,eval,100,22,0.004377401,8
gwcs,../roman/.data/build21/r0000101001001001001_0001_wfi06_f158_cal.asdf,wfi06,eval,100,23,0.004263699,8
gwcs,../roman/.data/build21/r0000101001001001001_0001_wfi06_f158_cal.asdf,wfi06,eval,100,24,0.004300533,8
gwcs,../roman/.data/build21/r0000101001001001001_0001_wfi06_f158_cal.asdf,wfi06,eval,100,25,0.004508417,8
gwcs,../roman/.data/build21/r0000101001001001001_0001_wfi06_f158_cal.asdf,wfi06,eval,100,26,0.005505361,8
gwcs,../roman/.data/build21/r0000101001001001001_0001_wfi06_f158_cal.asdf,wfi06,eval,100,27,0.005019980,8
gwcs,../roman/.data/build21/r0000101001001001001_0001_wfi06_f158_cal.asdf,wfi06,eval,100,28,0.006065053,8
gwcs,../roman/.data/build21/r0000101001001001001_0001_wfi06_f158_cal.asdf,wfi06,eval,100,29,0.004483594,8
gwcs,../roman/.data/build21/r0000101001001001001_0001_wfi06_f158_cal.asdf,wfi06,eval,1000,0,0.005947155,8
gwcs,../roman/.data/build21/r0000101001001001001_0001_wfi06_f158_cal.asdf,wfi06,eval,1000,1,0.006097031,8
gwcs,../roman/.data/build21/r0000101001001001001_0001_wfi06_f158_cal.asdf,wfi06,eval,1000,2,0.004612750,8
gwcs,../roman/.data/build21/r0000101001001001001_0001_wfi06_f158_cal.asdf,wfi06,eval,1000,3,0.004814609,8
gwcs,../roman/.data/build21/r0000101001001001001_0001_wfi06_f158_cal.asdf,wfi06,eval,1000,4,0.004500637,8
gwcs,../roman/.data/build21/r0000101001001001001_0001_wfi06_f158_cal.asdf,wfi06,eval,1000,5,0.004731325,8
gwcs,../roman/.data/build21/r0000101001001001001_0001_wfi06_f158_cal.asdf,wfi06,eval,1000,6,0.004852387,8
gwcs,../roman/.data/build21/r0000101001001001001_0001_wfi06_f158_cal.asdf,wfi06,eval,1000,7,0.004481945,8
gwcs,../roman/.data/build21/r0000101001001001001_0001_wfi06_f158_cal.asdf,wfi06,eval,1000,8,0.004562479,8
gwcs,../roman/.data/build21/r0000101001001001001_0001_wfi06_f158_cal.asdf,wfi06,eval,1000,9,0.004696965,8
gwcs,../roman/.data/build21/r0000101001001001001_0001_wfi06_f158_cal.asdf,wfi06,eval,1000,10,0.004513155,8
gwcs,../roman/.data/build21/r0000101001001001001_0001_wfi06_f158_cal.asdf,wfi06,eval,1000,11,0.004376817,8
gwcs,../roman/.data/build21/r0000101001001001001_0001_wfi06_f158_cal.asdf,wfi06,eval,1000,12,0.004625404,8
gwcs,../roman/.data/build21/r0000101001001001001_0001_wfi06_f158_cal.asdf,wfi06,eval,1000,13,0.004602133,8
gwcs,../roman/.data/build21/r0000101001001001001_0001_wfi06_f158_cal.asdf,wfi06,eval,1000,14,0.004575195,8
gwcs,../roman/.data/build21/r0000101001001001001_0001_wfi06_f158_cal.asdf,wfi06,eval,10000,0,0.007499290,8
gwcs,../roman/.data/build21/r0000101001001001001_0001_wfi06_f158_cal.asdf,wfi06,eval,10000,1,0.010110540,8
gwcs,../roman/.data/build21/r0000101001001001001_0001_wfi06_f158_cal.asdf,wfi06,eval,10000,2,0.008760791,8
gwcs,../roman/.data/build21/r0000101001001001001_0001_wfi06_f158_cal.asdf,wfi06,eval,10000,3,0.008645235,8
gwcs,../roman/.data/build21/r0000101001001001001_0001_wfi06_f158_cal.asdf,wfi06,eval,10000,4,0.007254009,8
gwcs,../roman/.data/build21/r0000101001001001001_0001_wfi06_f158_cal.asdf,wfi06,eval,10000,5,0.007087646,8
gwcs,../roman/.data/build21/r0000101001001001001_0001_wfi06_f158_cal.asdf,wfi06,eval,10000,6,0.007265417,8
gwcs,../roman/.data/build21/r0000101001001001001_0001_wfi06_f158_cal.asdf,wfi06,eval,10000,7,0.006993900,8
gwcs,../roman/.data/build21/r0000101001001001001_0001_wfi06_f158_cal.asdf,wfi06,eval,100000,0,0.032633374,8
gwcs,../roman/.data/build21/r0000101001001001001_0001_wfi06_f158_cal.asdf,wfi06,eval,100000,1,0.033880087,8
gwcs,../roman/.data/build21/r0000101001001001001_0001_wfi06_f158_cal.asdf,wfi06,eval,100000,2,0.033081850,8
gwcs,../roman/.data/build21/r0000101001001001001_0001_wfi06_f158_cal.asdf,wfi06,eval,100000,3,0.031358268,8
gwcs,../roman/.data/build21/r0000101001001001001_0001_wfi06_f158_cal.asdf,wfi06,eval,100000,4,0.031432624,8
gwcs,../roman/.data/build21/r0000101001001001001_0001_wfi06_f158_cal.asdf,wfi06,eval,1000000,0,0.668944696,8
gwcs,../roman/.data/build21/r0000101001001001001_0001_wfi06_f158_cal.asdf,wfi06,eval,1000000,1,0.571610705,8
gwcs,../roman/.data/build21/r0000101001001001001_0001_wfi06_f158_cal.asdf,wfi06,eval,1000000,2,0.599724310,8
gwcs,../roman/.data/build21/r0000101001001001001_0001_wfi07_f158_cal.asdf,wfi07,parse_cold,0,0,0.890470285,8
gwcs,../roman/.data/build21/r0000101001001001001_0001_wfi07_f158_cal.asdf,wfi07,parse_hot,0,0,0.731846167,8
gwcs,../roman/.data/build21/r0000101001001001001_0001_wfi07_f158_cal.asdf,wfi07,eval,1,0,0.005183063,8
gwcs,../roman/.data/build21/r0000101001001001001_0001_wfi07_f158_cal.asdf,wfi07,eval,1,1,0.005193795,8
gwcs,../roman/.data/build21/r0000101001001001001_0001_wfi07_f158_cal.asdf,wfi07,eval,1,2,0.004617728,8
gwcs,../roman/.data/build21/r0000101001001001001_0001_wfi07_f158_cal.asdf,wfi07,eval,1,3,0.007230023,8
gwcs,../roman/.data/build21/r0000101001001001001_0001_wfi07_f158_cal.asdf,wfi07,eval,1,4,0.004786724,8
gwcs,../roman/.data/build21/r0000101001001001001_0001_wfi07_f158_cal.asdf,wfi07,eval,1,5,0.004471530,8
gwcs,../roman/.data/build21/r0000101001001001001_0001_wfi07_f158_cal.asdf,wfi07,eval,1,6,0.004697477,8
gwcs,../roman/.data/build21/r0000101001001001001_0001_wfi07_f158_cal.asdf,wfi07,eval,1,7,0.004190770,8
gwcs,../roman/.data/build21/r0000101001001001001_0001_wfi07_f158_cal.asdf,wfi07,eval,1,8,0.004453523,8
gwcs,../roman/.data/build21/r0000101001001001001_0001_wfi07_f158_cal.asdf,wfi07,eval,1,9,0.004459557,8
gwcs,../roman/.data/build21/r0000101001001001001_0001_wfi07_f158_cal.asdf,wfi07,eval,1,10,0.004366387,8
gwcs,../roman/.data/build21/r0000101001001001001_0001_wfi07_f158_cal.asdf,wfi07,eval,1,11,0.004523430,8
gwcs,../roman/.data/build21/r0000101001001001001_0001_wfi07_f158_cal.asdf,wfi07,eval,1,12,0.004459832,8
gwcs,../roman/.data/build21/r0000101001001001001_0001_wfi07_f158_cal.asdf,wfi07,eval,1,13,0.004392519,8
gwcs,../roman/.data/build21/r0000101001001001001_0001_wfi07_f158_cal.asdf,wfi07,eval,1,14,0.004499185,8
gwcs,../roman/.data/build21/r0000101001001001001_0001_wfi07_f158_cal.asdf,wfi07,eval,1,15,0.004370306,8
gwcs,../roman/.data/build21/r0000101001001001001_0001_wfi07_f158_cal.asdf,wfi07,eval,1,16,0.004210695,8
gwcs,../roman/.data/build21/r0000101001001001001_0001_wfi07_f158_cal.asdf,wfi07,eval,1,17,0.004312138,8
gwcs,../roman/.data/build21/r0000101001001001001_0001_wfi07_f158_cal.asdf,wfi07,eval,1,18,0.004085388,8
gwcs,../roman/.data/build21/r0000101001001001001_0001_wfi07_f158_cal.asdf,wfi07,eval,1,19,0.005652159,8
gwcs,../roman/.data/build21/r0000101001001001001_0001_wfi07_f158_cal.asdf,wfi07,eval,1,20,0.004226670,8
gwcs,../roman/.data/build21/r0000101001001001001_0001_wfi07_f158_cal.asdf,wfi07,eval,1,21,0.004455779,8
gwcs,../roman/.data/build21/r0000101001001001001_0001_wfi07_f158_cal.asdf,wfi07,eval,1,22,0.004158436,8
gwcs,../roman/.data/build21/r0000101001001001001_0001_wfi07_f158_cal.asdf,wfi07,eval,1,23,0.005997611,8
gwcs,../roman/.data/build21/r0000101001001001001_0001_wfi07_f158_cal.asdf,wfi07,eval,1,24,0.004322399,8
gwcs,../roman/.data/build21/r0000101001001001001_0001_wfi07_f158_cal.asdf,wfi07,eval,1,25,0.004405315,8
gwcs,../roman/.data/build21/r0000101001001001001_0001_wfi07_f158_cal.asdf,wfi07,eval,1,26,0.005613059,8
gwcs,../roman/.data/build21/r0000101001001001001_0001_wfi07_f158_cal.asdf,wfi07,eval,1,27,0.004347960,8
gwcs,../roman/.data/build21/r0000101001001001001_0001_wfi07_f158_cal.asdf,wfi07,eval,1,28,0.004371071,8
gwcs,../roman/.data/build21/r0000101001001001001_0001_wfi07_f158_cal.asdf,wfi07,eval,1,29,0.004219153,8
gwcs,../roman/.data/build21/r0000101001001001001_0001_wfi07_f158_cal.asdf,wfi07,eval,1,30,0.004242882,8
gwcs,../roman/.data/build21/r0000101001001001001_0001_wfi07_f158_cal.asdf,wfi07,eval,1,31,0.004273491,8
gwcs,../roman/.data/build21/r0000101001001001001_0001_wfi07_f158_cal.asdf,wfi07,eval,1,32,0.004627989,8
gwcs,../roman/.data/build21/r0000101001001001001_0001_wfi07_f158_cal.asdf,wfi07,eval,1,33,0.004141892,8
gwcs,../roman/.data/build21/r0000101001001001001_0001_wfi07_f158_cal.asdf,wfi07,eval,1,34,0.004226858,8
gwcs,../roman/.data/build21/r0000101001001001001_0001_wfi07_f158_cal.asdf,wfi07,eval,1,35,0.004244736,8
gwcs,../roman/.data/build21/r0000101001001001001_0001_wfi07_f158_cal.asdf,wfi07,eval,1,36,0.004539391,8
gwcs,../roman/.data/build21/r0000101001001001001_0001_wfi07_f158_cal.asdf,wfi07,eval,1,37,0.004238213,8
gwcs,../roman/.data/build21/r0000101001001001001_0001_wfi07_f158_cal.asdf,wfi07,eval,1,38,0.004153545,8
gwcs,../roman/.data/build21/r0000101001001001001_0001_wfi07_f158_cal.asdf,wfi07,eval,1,39,0.005255280,8
gwcs,../roman/.data/build21/r0000101001001001001_0001_wfi07_f158_cal.asdf,wfi07,eval,1,40,0.004314991,8
gwcs,../roman/.data/build21/r0000101001001001001_0001_wfi07_f158_cal.asdf,wfi07,eval,1,41,0.004264032,8
gwcs,../roman/.data/build21/r0000101001001001001_0001_wfi07_f158_cal.asdf,wfi07,eval,1,42,0.004293548,8
gwcs,../roman/.data/build21/r0000101001001001001_0001_wfi07_f158_cal.asdf,wfi07,eval,1,43,0.004046937,8
gwcs,../roman/.data/build21/r0000101001001001001_0001_wfi07_f158_cal.asdf,wfi07,eval,1,44,0.004393050,8
gwcs,../roman/.data/build21/r0000101001001001001_0001_wfi07_f158_cal.asdf,wfi07,eval,1,45,0.004154971,8
gwcs,../roman/.data/build21/r0000101001001001001_0001_wfi07_f158_cal.asdf,wfi07,eval,1,46,0.004476561,8
gwcs,../roman/.data/build21/r0000101001001001001_0001_wfi07_f158_cal.asdf,wfi07,eval,1,47,0.004716019,8
gwcs,../roman/.data/build21/r0000101001001001001_0001_wfi07_f158_cal.asdf,wfi07,eval,1,48,0.004829872,8
gwcs,../roman/.data/build21/r0000101001001001001_0001_wfi07_f158_cal.asdf,wfi07,eval,1,49,0.004448957,8
gwcs,../roman/.data/build21/r0000101001001001001_0001_wfi07_f158_cal.asdf,wfi07,eval,10,0,0.005183096,8
gwcs,../roman/.data/build21/r0000101001001001001_0001_wfi07_f158_cal.asdf,wfi07,eval,10,1,0.004902959,8
gwcs,../roman/.data/build21/r0000101001001001001_0001_wfi07_f158_cal.asdf,wfi07,eval,10,2,0.004567605,8
gwcs,../roman/.data/build21/r0000101001001001001_0001_wfi07_f158_cal.asdf,wfi07,eval,10,3,0.004680363,8
gwcs,../roman/.data/build21/r0000101001001001001_0001_wfi07_f158_cal.asdf,wfi07,eval,10,4,0.004269130,8
gwcs,../roman/.data/build21/r0000101001001001001_0001_wfi07_f158_cal.asdf,wfi07,eval,10,5,0.004334430,8
gwcs,../roman/.data/build21/r0000101001001001001_0001_wfi07_f158_cal.asdf,wfi07,eval,10,6,0.004090724,8
gwcs,../roman/.data/build21/r0000101001001001001_0001_wfi07_f158_cal.asdf,wfi07,eval,10,7,0.004132769,8
gwcs,../roman/.data/build21/r0000101001001001001_0001_wfi07_f158_cal.asdf,wfi07,eval,10,8,0.005149093,8
gwcs,../roman/.data/build21/r0000101001001001001_0001_wfi07_f158_cal.asdf,wfi07,eval,10,9,0.004043975,8
gwcs,../roman/.data/build21/r0000101001001001001_0001_wfi07_f158_cal.asdf,wfi07,eval,10,10,0.004046502,8
gwcs,../roman/.data/build21/r0000101001001001001_0001_wfi07_f158_cal.asdf,wfi07,eval,10,11,0.004078571,8
gwcs,../roman/.data/build21/r0000101001001001001_0001_wfi07_f158_cal.asdf,wfi07,eval,10,12,0.003882998,8
gwcs,../roman/.data/build21/r0000101001001001001_0001_wfi07_f158_cal.asdf,wfi07,eval,10,13,0.004089885,8
gwcs,../roman/.data/build21/r0000101001001001001_0001_wfi07_f158_cal.asdf,wfi07,eval,10,14,0.003903235,8
gwcs,../roman/.data/build21/r0000101001001001001_0001_wfi07_f158_cal.asdf,wfi07,eval,10,15,0.004096260,8
gwcs,../roman/.data/build21/r0000101001001001001_0001_wfi07_f158_cal.asdf,wfi07,eval,10,16,0.004480463,8
gwcs,../roman/.data/build21/r0000101001001001001_0001_wfi07_f158_cal.asdf,wfi07,eval,10,17,0.004087992,8
gwcs,../roman/.data/build21/r0000101001001001001_0001_wfi07_f158_cal.asdf,wfi07,eval,10,18,0.004143981,8
gwcs,../roman/.data/build21/r0000101001001001001_0001_wfi07_f158_cal.asdf,wfi07,eval,10,19,0.004349896,8
gwcs,../roman/.data/build21/r0000101001001001001_0001_wfi07_f158_cal.asdf,wfi07,eval,10,20,0.004098469,8
gwcs,../roman/.data/build21/r0000101001001001001_0001_wfi07_f158_cal.asdf,wfi07,eval,10,21,0.004276275,8
gwcs,../roman/.data/build21/r0000101001001001001_0001_wfi07_f158_cal.asdf,wfi07,eval,10,22,0.004161868,8
gwcs,../roman/.data/build21/r0000101001001001001_0001_wfi07_f158_cal.asdf,wfi07,eval,10,23,0.004230802,8
gwcs,../roman/.data/build21/r0000101001001001001_0001_wfi07_f158_cal.asdf,wfi07,eval,10,24,0.004193587,8
gwcs,../roman/.data/build21/r0000101001001001001_0001_wfi07_f158_cal.asdf,wfi07,eval,10,25,0.003987922,8
gwcs,../roman/.data/build21/r0000101001001001001_0001_wfi07_f158_cal.asdf,wfi07,eval,10,26,0.004058653,8
gwcs,../roman/.data/build21/r0000101001001001001_0001_wfi07_f158_cal.asdf,wfi07,eval,10,27,0.005241419,8
gwcs,../roman/.data/build21/r0000101001001001001_0001_wfi07_f158_cal.asdf,wfi07,eval,10,28,0.004232216,8
gwcs,../roman/.data/build21/r0000101001001001001_0001_wfi07_f158_cal.asdf,wfi07,eval,10,29,0.004081056,8
gwcs,../roman/.data/build21/r0000101001001001001_0001_wfi07_f158_cal.asdf,wfi07,eval,10,30,0.003958155,8
gwcs,../roman/.data/build21/r0000101001001001001_0001_wfi07_f158_cal.asdf,wfi07,eval,10,31,0.004016208,8
gwcs,../roman/.data/build21/r0000101001001001001_0001_wfi07_f158_cal.asdf,wfi07,eval,10,32,0.004011472,8
gwcs,../roman/.data/build21/r0000101001001001001_0001_wfi07_f158_cal.asdf,wfi07,eval,10,33,0.004131261,8
gwcs,../roman/.data/build21/r0000101001001001001_0001_wfi07_f158_cal.asdf,wfi07,eval,10,34,0.004150909,8
gwcs,../roman/.data/build21/r0000101001001001001_0001_wfi07_f158_cal.asdf,wfi07,eval,10,35,0.003990893,8
gwcs,../roman/.data/build21/r0000101001001001001_0001_wfi07_f158_cal.asdf,wfi07,eval,10,36,0.004113835,8
gwcs,../roman/.data/build21/r0000101001001001001_0001_wfi07_f158_cal.asdf,wfi07,eval,10,37,0.004020901,8
gwcs,../roman/.data/build21/r0000101001001001001_0001_wfi07_f158_cal.asdf,wfi07,eval,10,38,0.003878960,8
gwcs,../roman/.data/build21/r0000101001001001001_0001_wfi07_f158_cal.asdf,wfi07,eval,10,39,0.004082751,8
gwcs,../roman/.data/build21/r0000101001001001001_0001_wfi07_f158_cal.asdf,wfi07,eval,10,40,0.004184948,8
gwcs,../roman/.data/build21/r0000101001001001001_0001_wfi07_f158_cal.asdf,wfi07,eval,10,41,0.004333216,8
gwcs,../roman/.data/build21/r0000101001001001001_0001_wfi07_f158_cal.asdf,wfi07,eval,10,42,0.004302923,8
gwcs,../roman/.data/build21/r0000101001001001001_0001_wfi07_f158_cal.asdf,wfi07,eval,10,43,0.004841135,8
gwcs,../roman/.data/build21/r0000101001001001001_0001_wfi07_f158_cal.asdf,wfi07,eval,10,44,0.004321865,8
gwcs,../roman/.data/build21/r0000101001001001001_0001_wfi07_f158_cal.asdf,wfi07,eval,10,45,0.004276187,8
gwcs,../roman/.data/build21/r0000101001001001001_0001_wfi07_f158_cal.asdf,wfi07,eval,10,46,0.004007913,8
gwcs,../roman/.data/build21/r0000101001001001001_0001_wfi07_f158_cal.asdf,wfi07,eval,10,47,0.005128299,8
gwcs,../roman/.data/build21/r0000101001001001001_0001_wfi07_f158_cal.asdf,wfi07,eval,10,48,0.004173280,8
gwcs,../roman/.data/build21/r0000101001001001001_0001_wfi07_f158_cal.asdf,wfi07,eval,10,49,0.003959508,8
gwcs,../roman/.data/build21/r0000101001001001001_0001_wfi07_f158_cal.asdf,wfi07,eval,100,0,0.005223567,8
gwcs,../roman/.data/build21/r0000101001001001001_0001_wfi07_f158_cal.asdf,wfi07,eval,100,1,0.005415631,8
gwcs,../roman/.data/build21/r0000101001001001001_0001_wfi07_f158_cal.asdf,wfi07,eval,100,2,0.004608365,8
gwcs,../roman/.data/build21/r0000101001001001001_0001_wfi07_f158_cal.asdf,wfi07,eval,100,3,0.004601912,8
gwcs,../roman/.data/build21/r0000101001001001001_0001_wfi07_f158_cal.asdf,wfi07,eval,100,4,0.004556156,8
gwcs,../roman/.data/build21/r0000101001001001001_0001_wfi07_f158_cal.asdf,wfi07,eval,100,5,0.004561719,8
gwcs,../roman/.data/build21/r0000101001001001001_0001_wfi07_f158_cal.asdf,wfi07,eval,100,6,0.004376640,8
gwcs,../roman/.data/build21/r0000101001001001001_0001_wfi07_f158_cal.asdf,wfi07,eval,100,7,0.004287174,8
gwcs,../roman/.data/build21/r0000101001001001001_0001_wfi07_f158_cal.asdf,wfi07,eval,100,8,0.004197092,8
gwcs,../roman/.data/build21/r0000101001001001001_0001_wfi07_f158_cal.asdf,wfi07,eval,100,9,0.003948141,8
gwcs,../roman/.data/build21/r0000101001001001001_0001_wfi07_f158_cal.asdf,wfi07,eval,100,10,0.004238714,8
gwcs,../roman/.data/build21/r0000101001001001001_0001_wfi07_f158_cal.asdf,wfi07,eval,100,11,0.004320870,8
gwcs,../roman/.data/build21/r0000101001001001001_0001_wfi07_f158_cal.asdf,wfi07,eval,100,12,0.004205662,8
gwcs,../roman/.data/build21/r0000101001001001001_0001_wfi07_f158_cal.asdf,wfi07,eval,100,13,0.004318738,8
gwcs,../roman/.data/build21/r0000101001001001001_0001_wfi07_f158_cal.asdf,wfi07,eval,100,14,0.004265608,8
gwcs,../roman/.data/build21/r0000101001001001001_0001_wfi07_f158_cal.asdf,wfi07,eval,100,15,0.004167668,8
gwcs,../roman/.data/build21/r0000101001001001001_0001_wfi07_f158_cal.asdf,wfi07,eval,100,16,0.005246122,8
gwcs,../roman/.data/build21/r0000101001001001001_0001_wfi07_f158_cal.asdf,wfi07,eval,100,17,0.004169635,8
gwcs,../roman/.data/build21/r0000101001001001001_0001_wfi07_f158_cal.asdf,wfi07,eval,100,18,0.004062235,8
gwcs,../roman/.data/build21/r0000101001001001001_0001_wfi07_f158_cal.asdf,wfi07,eval,100,19,0.004286567,8
gwcs,../roman/.data/build21/r0000101001001001001_0001_wfi07_f158_cal.asdf,wfi07,eval,100,20,0.004213907,8
gwcs,../roman/.data/build21/r0000101001001001001_0001_wfi07_f158_cal.asdf,wfi07,eval,100,21,0.004299554,8
gwcs,../roman/.data/build21/r0000101001001001001_0001_wfi07_f158_cal.asdf,wfi07,eval,100,22,0.004282394,8
gwcs,../roman/.data/build21/r0000101001001001001_0001_wfi07_f158_cal.asdf,wfi07,eval,100,23,0.004246232,8
gwcs,../roman/.data/build21/r0000101001001001001_0001_wfi07_f158_cal.asdf,wfi07,eval,100,24,0.004312194,8
gwcs,../roman/.data/build21/r0000101001001001001_0001_wfi07_f158_cal.asdf,wfi07,eval,100,25,0.004106547,8
gwcs,../roman/.data/build21/r0000101001001001001_0001_wfi07_f158_cal.asdf,wfi07,eval,100,26,0.004234917,8
gwcs,../roman/.data/build21/r0000101001001001001_0001_wfi07_f158_cal.asdf,wfi07,eval,100,27,0.006580418,8
gwcs,../roman/.data/build21/r0000101001001001001_0001_wfi07_f158_cal.asdf,wfi07,eval,100,28,0.004817623,8
gwcs,../roman/.data/build21/r0000101001001001001_0001_wfi07_f158_cal.asdf,wfi07,eval,100,29,0.004343450,8
gwcs,../roman/.data/build21/r0000101001001001001_0001_wfi07_f158_cal.asdf,wfi07,eval,1000,0,0.005495988,8
gwcs,../roman/.data/build21/r0000101001001001001_0001_wfi07_f158_cal.asdf,wfi07,eval,1000,1,0.006304754,8
gwcs,../roman/.data/build21/r0000101001001001001_0001_wfi07_f158_cal.asdf,wfi07,eval,1000,2,0.004925649,8
gwcs,../roman/.data/build21/r0000101001001001001_0001_wfi07_f158_cal.asdf,wfi07,eval,1000,3,0.004702131,8
gwcs,../roman/.data/build21/r0000101001001001001_0001_wfi07_f158_cal.asdf,wfi07,eval,1000,4,0.004619341,8
gwcs,../roman/.data/build21/r0000101001001001001_0001_wfi07_f158_cal.asdf,wfi07,eval,1000,5,0.005791861,8
gwcs,../roman/.data/build21/r0000101001001001001_0001_wfi07_f158_cal.asdf,wfi07,eval,1000,6,0.005125236,8
gwcs,../roman/.data/build21/r0000101001001001001_0001_wfi07_f158_cal.asdf,wfi07,eval,1000,7,0.006315025,8
gwcs,../roman/.data/build21/r0000101001001001001_0001_wfi07_f158_cal.asdf,wfi07,eval,1000,8,0.004534177,8
gwcs,../roman/.data/build21/r0000101001001001001_0001_wfi07_f158_cal.asdf,wfi07,eval,1000,9,0.006511741,8
gwcs,../roman/.data/build21/r0000101001001001001_0001_wfi07_f158_cal.asdf,wfi07,eval,1000,10,0.004894567,8
gwcs,../roman/.data/build21/r0000101001001001001_0001_wfi07_f158_cal.asdf,wfi07,eval,1000,11,0.004399231,8
gwcs,../roman/.data/build21/r0000101001001001001_0001_wfi07_f158_cal.asdf,wfi07,eval,1000,12,0.004561945,8
gwcs,../roman/.data/build21/r0000101001001001001_0001_wfi07_f158_cal.asdf,wfi07,eval,1000,13,0.004607980,8
gwcs,../roman/.data/build21/r0000101001001001001_0001_wfi07_f158_cal.asdf,wfi07,eval,1000,14,0.004492676,8
gwcs,../roman/.data/build21/r0000101001001001001_0001_wfi07_f158_cal.asdf,wfi07,eval,10000,0,0.008441554,8
gwcs,../roman/.data/build21/r0000101001001001001_0001_wfi07_f158_cal.asdf,wfi07,eval,10000,1,0.007647830,8
gwcs,../roman/.data/build21/r0000101001001001001_0001_wfi07_f158_cal.asdf,wfi07,eval,10000,2,0.007448001,8
gwcs,../roman/.data/build21/r0000101001001001001_0001_wfi07_f158_cal.asdf,wfi07,eval,10000,3,0.007103142,8
gwcs,../roman/.data/build21/r0000101001001001001_0001_wfi07_f158_cal.asdf,wfi07,eval,10000,4,0.006838099,8
gwcs,../roman/.data/build21/r0000101001001001001_0001_wfi07_f158_cal.asdf,wfi07,eval,10000,5,0.006913708,8
gwcs,../roman/.data/build21/r0000101001001001001_0001_wfi07_f158_cal.asdf,wfi07,eval,10000,6,0.007058428,8
gwcs,../roman/.data/build21/r0000101001001001001_0001_wfi07_f158_cal.asdf,wfi07,eval,10000,7,0.007150140,8
gwcs,../roman/.data/build21/r0000101001001001001_0001_wfi07_f158_cal.asdf,wfi07,eval,100000,0,0.037287881,8
gwcs,../roman/.data/build21/r0000101001001001001_0001_wfi07_f158_cal.asdf,wfi07,eval,100000,1,0.029984761,8
gwcs,../roman/.data/build21/r0000101001001001001_0001_wfi07_f158_cal.asdf,wfi07,eval,100000,2,0.032467264,8
gwcs,../roman/.data/build21/r0000101001001001001_0001_wfi07_f158_cal.asdf,wfi07,eval,100000,3,0.030110774,8
gwcs,../roman/.data/build21/r0000101001001001001_0001_wfi07_f158_cal.asdf,wfi07,eval,100000,4,0.030148894,8
gwcs,../roman/.data/build21/r0000101001001001001_0001_wfi07_f158_cal.asdf,wfi07,eval,1000000,0,0.481732019,8
gwcs,../roman/.data/build21/r0000101001001001001_0001_wfi07_f158_cal.asdf,wfi07,eval,1000000,1,0.443783086,8
gwcs,../roman/.data/build21/r0000101001001001001_0001_wfi07_f158_cal.asdf,wfi07,eval,1000000,2,0.486113723,8
gwcs,../roman/.data/build21/r0000101001001001001_0001_wfi08_f158_cal.asdf,wfi08,parse_cold,0,0,0.736255706,8
gwcs,../roman/.data/build21/r0000101001001001001_0001_wfi08_f158_cal.asdf,wfi08,parse_hot,0,0,0.776454682,8
gwcs,../roman/.data/build21/r0000101001001001001_0001_wfi08_f158_cal.asdf,wfi08,eval,1,0,0.004810391,8
gwcs,../roman/.data/build21/r0000101001001001001_0001_wfi08_f158_cal.asdf,wfi08,eval,1,1,0.005101277,8
gwcs,../roman/.data/build21/r0000101001001001001_0001_wfi08_f158_cal.asdf,wfi08,eval,1,2,0.004507523,8
gwcs,../roman/.data/build21/r0000101001001001001_0001_wfi08_f158_cal.asdf,wfi08,eval,1,3,0.004582080,8
gwcs,../roman/.data/build21/r0000101001001001001_0001_wfi08_f158_cal.asdf,wfi08,eval,1,4,0.004317120,8
gwcs,../roman/.data/build21/r0000101001001001001_0001_wfi08_f158_cal.asdf,wfi08,eval,1,5,0.004162913,8
gwcs,../roman/.data/build21/r0000101001001001001_0001_wfi08_f158_cal.asdf,wfi08,eval,1,6,0.003885072,8
gwcs,../roman/.data/build21/r0000101001001001001_0001_wfi08_f158_cal.asdf,wfi08,eval,1,7,0.004161431,8
gwcs,../roman/.data/build21/r0000101001001001001_0001_wfi08_f158_cal.asdf,wfi08,eval,1,8,0.004078358,8
gwcs,../roman/.data/build21/r0000101001001001001_0001_wfi08_f158_cal.asdf,wfi08,eval,1,9,0.003893964,8
gwcs,../roman/.data/build21/r0000101001001001001_0001_wfi08_f158_cal.asdf,wfi08,eval,1,10,0.004084586,8
gwcs,../roman/.data/build21/r0000101001001001001_0001_wfi08_f158_cal.asdf,wfi08,eval,1,11,0.004884521,8
gwcs,../roman/.data/build21/r0000101001001001001_0001_wfi08_f158_cal.asdf,wfi08,eval,1,12,0.003890409,8
gwcs,../roman/.data/build21/r0000101001001001001_0001_wfi08_f158_cal.asdf,wfi08,eval,1,13,0.004116902,8
gwcs,../roman/.data/build21/r0000101001001001001_0001_wfi08_f158_cal.asdf,wfi08,eval,1,14,0.003947068,8
gwcs,../roman/.data/build21/r0000101001001001001_0001_wfi08_f158_cal.asdf,wfi08,eval,1,15,0.004079180,8
gwcs,../roman/.data/build21/r0000101001001001001_0001_wfi08_f158_cal.asdf,wfi08,eval,1,16,0.004131848,8
gwcs,../roman/.data/build21/r0000101001001001001_0001_wfi08_f158_cal.asdf,wfi08,eval,1,17,0.003815643,8
gwcs,../roman/.data/build21/r0000101001001001001_0001_wfi08_f158_cal.asdf,wfi08,eval,1,18,0.004123286,8
gwcs,../roman/.data/build21/r0000101001001001001_0001_wfi08_f158_cal.asdf,wfi08,eval,1,19,0.003929120,8
gwcs,../roman/.data/build21/r0000101001001001001_0001_wfi08_f158_cal.asdf,wfi08,eval,1,20,0.004138988,8
gwcs,../roman/.data/build21/r0000101001001001001_0001_wfi08_f158_cal.asdf,wfi08,eval,1,21,0.003929074,8
gwcs,../roman/.data/build21/r0000101001001001001_0001_wfi08_f158_cal.asdf,wfi08,eval,1,22,0.003940854,8
gwcs,../roman/.data/build21/r0000101001001001001_0001_wfi08_f158_cal.asdf,wfi08,eval,1,23,0.004163004,8
gwcs,../roman/.data/build21/r0000101001001001001_0001_wfi08_f158_cal.asdf,wfi08,eval,1,24,0.004152222,8
gwcs,../roman/.data/build21/r0000101001001001001_0001_wfi08_f158_cal.asdf,wfi08,eval,1,25,0.004038520,8
gwcs,../roman/.data/build21/r0000101001001001001_0001_wfi08_f158_cal.asdf,wfi08,eval,1,26,0.003980588,8
gwcs,../roman/.data/build21/r0000101001001001001_0001_wfi08_f158_cal.asdf,wfi08,eval,1,27,0.004101940,8
gwcs,../roman/.data/build21/r0000101001001001001_0001_wfi08_f158_cal.asdf,wfi08,eval,1,28,0.005141868,8
gwcs,../roman/.data/build21/r0000101001001001001_0001_wfi08_f158_cal.asdf,wfi08,eval,1,29,0.005056984,8
gwcs,../roman/.data/build21/r0000101001001001001_0001_wfi08_f158_cal.asdf,wfi08,eval,1,30,0.003794993,8
gwcs,../roman/.data/build21/r0000101001001001001_0001_wfi08_f158_cal.asdf,wfi08,eval,1,31,0.003963100,8
gwcs,../roman/.data/build21/r0000101001001001001_0001_wfi08_f158_cal.asdf,wfi08,eval,1,32,0.004018910,8
gwcs,../roman/.data/build21/r0000101001001001001_0001_wfi08_f158_cal.asdf,wfi08,eval,1,33,0.003954844,8
gwcs,../roman/.data/build21/r0000101001001001001_0001_wfi08_f158_cal.asdf,wfi08,eval,1,34,0.004005848,8
gwcs,../roman/.data/build21/r0000101001001001001_0001_wfi08_f158_cal.asdf,wfi08,eval,1,35,0.004011896,8
gwcs,../roman/.data/build21/r0000101001001001001_0001_wfi08_f158_cal.asdf,wfi08,eval,1,36,0.004048605,8
gwcs,../roman/.data/build21/r0000101001001001001_0001_wfi08_f158_cal.asdf,wfi08,eval,1,37,0.004082661,8
gwcs,../roman/.data/build21/r0000101001001001001_0001_wfi08_f158_cal.asdf,wfi08,eval,1,38,0.004066044,8
gwcs,../roman/.data/build21/r0000101001001001001_0001_wfi08_f158_cal.asdf,wfi08,eval,1,39,0.003968993,8
gwcs,../roman/.data/build21/r0000101001001001001_0001_wfi08_f158_cal.asdf,wfi08,eval,1,40,0.003865616,8
gwcs,../roman/.data/build21/r0000101001001001001_0001_wfi08_f158_cal.asdf,wfi08,eval,1,41,0.003948795,8
gwcs,../roman/.data/build21/r0000101001001001001_0001_wfi08_f158_cal.asdf,wfi08,eval,1,42,0.004108874,8
gwcs,../roman/.data/build21/r0000101001001001001_0001_wfi08_f158_cal.asdf,wfi08,eval,1,43,0.003964470,8
gwcs,../roman/.data/build21/r0000101001001001001_0001_wfi08_f158_cal.asdf,wfi08,eval,1,44,0.004170927,8
gwcs,../roman/.data/build21/r0000101001001001001_0001_wfi08_f158_cal.asdf,wfi08,eval,1,45,0.003972515,8
gwcs,../roman/.data/build21/r0000101001001001001_0001_wfi08_f158_cal.asdf,wfi08,eval,1,46,0.004482359,8
gwcs,../roman/.data/build21/r0000101001001001001_0001_wfi08_f158_cal.asdf,wfi08,eval,1,47,0.005011926,8
gwcs,../roman/.data/build21/r0000101001001001001_0001_wfi08_f158_cal.asdf,wfi08,eval,1,48,0.004257360,8
gwcs,../roman/.data/build21/r0000101001001001001_0001_wfi08_f158_cal.asdf,wfi08,eval,1,49,0.007807780,8
gwcs,../roman/.data/build21/r0000101001001001001_0001_wfi08_f158_cal.asdf,wfi08,eval,10,0,0.007259669,8
gwcs,../roman/.data/build21/r0000101001001001001_0001_wfi08_f158_cal.asdf,wfi08,eval,10,1,0.004878340,8
gwcs,../roman/.data/build21/r0000101001001001001_0001_wfi08_f158_cal.asdf,wfi08,eval,10,2,0.004467034,8
gwcs,../roman/.data/build21/r0000101001001001001_0001_wfi08_f158_cal.asdf,wfi08,eval,10,3,0.004112757,8
gwcs,../roman/.data/build21/r0000101001001001001_0001_wfi08_f158_cal.asdf,wfi08,eval,10,4,0.004004781,8
gwcs,../roman/.data/build21/r0000101001001001001_0001_wfi08_f158_cal.asdf,wfi08,eval,10,5,0.004222461,8
gwcs,../roman/.data/build21/r0000101001001001001_0001_wfi08_f158_cal.asdf,wfi08,eval,10,6,0.004034686,8
gwcs,../roman/.data/build21/r0000101001001001001_0001_wfi08_f158_cal.asdf,wfi08,eval,10,7,0.004171664,8
gwcs,../roman/.data/build21/r0000101001001001001_0001_wfi08_f158_cal.asdf,wfi08,eval,10,8,0.004065605,8
gwcs,../roman/.data/build21/r0000101001001001001_0001_wfi08_f158_cal.asdf,wfi08,eval,10,9,0.003875607,8
gwcs,../roman/.data/build21/r0000101001001001001_0001_wfi08_f158_cal.asdf,wfi08,eval,10,10,0.004076884,8
gwcs,../roman/.data/build21/r0000101001001001001_0001_wfi08_f158_cal.asdf,wfi08,eval,10,11,0.004012244,8
gwcs,../roman/.data/build21/r0000101001001001001_0001_wfi08_f158_cal.asdf,wfi08,eval,10,12,0.004075112,8
gwcs,../roman/.data/build21/r0000101001001001001_0001_wfi08_f158_cal.asdf,wfi08,eval,10,13,0.004118809,8
gwcs,../roman/.data/build21/r0000101001001001001_0001_wfi08_f158_cal.asdf,wfi08,eval,10,14,0.004036213,8
gwcs,../roman/.data/build21/r0000101001001001001_0001_wfi08_f158_cal.asdf,wfi08,eval,10,15,0.004056104,8
gwcs,../roman/.data/build21/r0000101001001001001_0001_wfi08_f158_cal.asdf,wfi08,eval,10,16,0.004093724,8
gwcs,../roman/.data/build21/r0000101001001001001_0001_wfi08_f158_cal.asdf,wfi08,eval,10,17,0.004564736,8
gwcs,../roman/.data/build21/r0000101001001001001_0001_wfi08_f158_cal.asdf,wfi08,eval,10,18,0.005319893,8
gwcs,../roman/.data/build21/r0000101001001001001_0001_wfi08_f158_cal.asdf,wfi08,eval,10,19,0.004331040,8
gwcs,../roman/.data/build21/r0000101001001001001_0001_wfi08_f158_cal.asdf,wfi08,eval,10,20,0.004671489,8
gwcs,../roman/.data/build21/r0000101001001001001_0001_wfi08_f158_cal.asdf,wfi08,eval,10,21,0.004267569,8
gwcs,../roman/.data/build21/r0000101001001001001_0001_wfi08_f158_cal.asdf,wfi08,eval,10,22,0.004108446,8
gwcs,../roman/.data/build21/r0000101001001001001_0001_wfi08_f158_cal.asdf,wfi08,eval,10,23,0.004183153,8
gwcs,../roman/.data/build21/r0000101001001001001_0001_wfi08_f158_cal.asdf,wfi08,eval,10,24,0.004049895,8
gwcs,../roman/.data/build21/r0000101001001001001_0001_wfi08_f158_cal.asdf,wfi08,eval,10,25,0.003935873,8
gwcs,../roman/.data/build21/r0000101001001001001_0001_wfi08_f158_cal.asdf,wfi08,eval,10,26,0.004411234,8
gwcs,../roman/.data/build21/r0000101001001001001_0001_wfi08_f158_cal.asdf,wfi08,eval,10,27,0.004025422,8
gwcs,../roman/.data/build21/r0000101001001001001_0001_wfi08_f158_cal.asdf,wfi08,eval,10,28,0.004103800,8
gwcs,../roman/.data/build21/r0000101001001001001_0001_wfi08_f158_cal.asdf,wfi08,eval,10,29,0.004015610,8
gwcs,../roman/.data/build21/r0000101001001001001_0001_wfi08_f158_cal.asdf,wfi08,eval,10,30,0.003925475,8
gwcs,../roman/.data/build21/r0000101001001001001_0001_wfi08_f158_cal.asdf,wfi08,eval,10,31,0.004037508,8
gwcs,../roman/.data/build21/r0000101001001001001_0001_wfi08_f158_cal.asdf,wfi08,eval,10,32,0.004083920,8
gwcs,../roman/.data/build21/r0000101001001001001_0001_wfi08_f158_cal.asdf,wfi08,eval,10,33,0.003918930,8
gwcs,../roman/.data/build21/r0000101001001001001_0001_wfi08_f158_cal.asdf,wfi08,eval,10,34,0.004025736,8
gwcs,../roman/.data/build21/r0000101001001001001_0001_wfi08_f158_cal.asdf,wfi08,eval,10,35,0.003891827,8
gwcs,../roman/.data/build21/r0000101001001001001_0001_wfi08_f158_cal.asdf,wfi08,eval,10,36,0.004012235,8
gwcs,../roman/.data/build21/r0000101001001001001_0001_wfi08_f158_cal.asdf,wfi08,eval,10,37,0.004941802,8
gwcs,../roman/.data/build21/r0000101001001001001_0001_wfi08_f158_cal.asdf,wfi08,eval,10,38,0.003916821,8
gwcs,../roman/.data/build21/r0000101001001001001_0001_wfi08_f158_cal.asdf,wfi08,eval,10,39,0.004329710,8
gwcs,../roman/.data/build21/r0000101001001001001_0001_wfi08_f158_cal.asdf,wfi08,eval,10,40,0.004077289,8
gwcs,../roman/.data/build21/r0000101001001001001_0001_wfi08_f158_cal.asdf,wfi08,eval,10,41,0.004250694,8
gwcs,../roman/.data/build21/r0000101001001001001_0001_wfi08_f158_cal.asdf,wfi08,eval,10,42,0.004416442,8
gwcs,../roman/.data/build21/r0000101001001001001_0001_wfi08_f158_cal.asdf,wfi08,eval,10,43,0.004300350,8
gwcs,../roman/.data/build21/r0000101001001001001_0001_wfi08_f158_cal.asdf,wfi08,eval,10,44,0.004754009,8
gwcs,../roman/.data/build21/r0000101001001001001_0001_wfi08_f158_cal.asdf,wfi08,eval,10,45,0.004453100,8
gwcs,../roman/.data/build21/r0000101001001001001_0001_wfi08_f158_cal.asdf,wfi08,eval,10,46,0.003928514,8
gwcs,../roman/.data/build21/r0000101001001001001_0001_wfi08_f158_cal.asdf,wfi08,eval,10,47,0.004163412,8
gwcs,../roman/.data/build21/r0000101001001001001_0001_wfi08_f158_cal.asdf,wfi08,eval,10,48,0.004117763,8
gwcs,../roman/.data/build21/r0000101001001001001_0001_wfi08_f158_cal.asdf,wfi08,eval,10,49,0.004039023,8
gwcs,../roman/.data/build21/r0000101001001001001_0001_wfi08_f158_cal.asdf,wfi08,eval,100,0,0.004779113,8
gwcs,../roman/.data/build21/r0000101001001001001_0001_wfi08_f158_cal.asdf,wfi08,eval,100,1,0.004665320,8
gwcs,../roman/.data/build21/r0000101001001001001_0001_wfi08_f158_cal.asdf,wfi08,eval,100,2,0.004681766,8
gwcs,../roman/.data/build21/r0000101001001001001_0001_wfi08_f158_cal.asdf,wfi08,eval,100,3,0.004108274,8
gwcs,../roman/.data/build21/r0000101001001001001_0001_wfi08_f158_cal.asdf,wfi08,eval,100,4,0.004256026,8
gwcs,../roman/.data/build21/r0000101001001001001_0001_wfi08_f158_cal.asdf,wfi08,eval,100,5,0.004086324,8
gwcs,../roman/.data/build21/r0000101001001001001_0001_wfi08_f158_cal.asdf,wfi08,eval,100,6,0.004068349,8
gwcs,../roman/.data/build21/r0000101001001001001_0001_wfi08_f158_cal.asdf,wfi08,eval,100,7,0.004986941,8
gwcs,../roman/.data/build21/r0000101001001001001_0001_wfi08_f158_cal.asdf,wfi08,eval,100,8,0.004054220,8
gwcs,../roman/.data/build21/r0000101001001001001_0001_wfi08_f158_cal.asdf,wfi08,eval,100,9,0.004022374,8
gwcs,../roman/.data/build21/r0000101001001001001_0001_wfi08_f158_cal.asdf,wfi08,eval,100,10,0.004147306,8
gwcs,../roman/.data/build21/r0000101001001001001_0001_wfi08_f158_cal.asdf,wfi08,eval,100,11,0.004056692,8
gwcs,../roman/.data/build21/r0000101001001001001_0001_wfi08_f158_cal.asdf,wfi08,eval,100,12,0.004227391,8
gwcs,../roman/.data/build21/r0000101001001001001_0001_wfi08_f158_cal.asdf,wfi08,eval,100,13,0.004482346,8
gwcs,../roman/.data/build21/r0000101001001001001_0001_wfi08_f158_cal.asdf,wfi08,eval,100,14,0.005927451,8
gwcs,../roman/.data/build21/r0000101001001001001_0001_wfi08_f158_cal.asdf,wfi08,eval,100,15,0.006426800,8
gwcs,../roman/.data/build21/r0000101001001001001_0001_wfi08_f158_cal.asdf,wfi08,eval,100,16,0.004638120,8
gwcs,../roman/.data/build21/r0000101001001001001_0001_wfi08_f158_cal.asdf,wfi08,eval,100,17,0.005078932,8
gwcs,../roman/.data/build21/r0000101001001001001_0001_wfi08_f158_cal.asdf,wfi08,eval,100,18,0.004516798,8
gwcs,../roman/.data/build21/r0000101001001001001_0001_wfi08_f158_cal.asdf,wfi08,eval,100,19,0.004123210,8
gwcs,../roman/.data/build21/r0000101001001001001_0001_wfi08_f158_cal.asdf,wfi08,eval,100,20,0.004268756,8
gwcs,../roman/.data/build21/r0000101001001001001_0001_wfi08_f158_cal.asdf,wfi08,eval,100,21,0.004391173,8
gwcs,../roman/.data/build21/r0000101001001001001_0001_wfi08_f158_cal.asdf,wfi08,eval,100,22,0.004143729,8
gwcs,../roman/.data/build21/r0000101001001001001_0001_wfi08_f158_cal.asdf,wfi08,eval,100,23,0.004203064,8
gwcs,../roman/.data/build21/r0000101001001001001_0001_wfi08_f158_cal.asdf,wfi08,eval,100,24,0.004199330,8
gwcs,../roman/.data/build21/r0000101001001001001_0001_wfi08_f158_cal.asdf,wfi08,eval,100,25,0.004324543,8
gwcs,../roman/.data/build21/r0000101001001001001_0001_wfi08_f158_cal.asdf,wfi08,eval,100,26,0.005092456,8
gwcs,../roman/.data/build21/r0000101001001001001_0001_wfi08_f158_cal.asdf,wfi08,eval,100,27,0.004040217,8
gwcs,../roman/.data/build21/r0000101001001001001_0001_wfi08_f158_cal.asdf,wfi08,eval,100,28,0.004125138,8
gwcs,../roman/.data/build21/r0000101001001001001_0001_wfi08_f158_cal.asdf,wfi08,eval,100,29,0.004133189,8
gwcs,../roman/.data/build21/r0000101001001001001_0001_wfi08_f158_cal.asdf,wfi08,eval,1000,0,0.005336991,8
gwcs,../roman/.data/build21/r0000101001001001001_0001_wfi08_f158_cal.asdf,wfi08,eval,1000,1,0.005447531,8
gwcs,../roman/.data/build21/r0000101001001001001_0001_wfi08_f158_cal.asdf,wfi08,eval,1000,2,0.005130182,8
gwcs,../roman/.data/build21/r0000101001001001001_0001_wfi08_f158_cal.asdf,wfi08,eval,1000,3,0.004675163,8
gwcs,../roman/.data/build21/r0000101001001001001_0001_wfi08_f158_cal.asdf,wfi08,eval,1000,4,0.004844961,8
gwcs,../roman/.data/build21/r0000101001001001001_0001_wfi08_f158_cal.asdf,wfi08,eval,1000,5,0.004812140,8
gwcs,../roman/.data/build21/r0000101001001001001_0001_wfi08_f158_cal.asdf,wfi08,eval,1000,6,0.004584864,8
gwcs,../roman/.data/build21/r0000101001001001001_0001_wfi08_f158_cal.asdf,wfi08,eval,1000,7,0.005280448,8
gwcs,../roman/.data/build21/r0000101001001001001_0001_wfi08_f158_cal.asdf,wfi08,eval,1000,8,0.004449656,8
gwcs,../roman/.data/build21/r0000101001001001001_0001_wfi08_f158_cal.asdf,wfi08,eval,1000,9,0.004490319,8
gwcs,../roman/.data/build21/r0000101001001001001_0001_wfi08_f158_cal.asdf,wfi08,eval,1000,10,0.004717631,8
gwcs,../roman/.data/build21/r0000101001001001001_0001_wfi08_f158_cal.asdf,wfi08,eval,1000,11,0.004620025,8
gwcs,../roman/.data/build21/r0000101001001001001_0001_wfi08_f158_cal.asdf,wfi08,eval,1000,12,0.004569517,8
gwcs,../roman/.data/build21/r0000101001001001001_0001_wfi08_f158_cal.asdf,wfi08,eval,1000,13,0.004718471,8
gwcs,../roman/.data/build21/r0000101001001001001_0001_wfi08_f158_cal.asdf,wfi08,eval,1000,14,0.004696945,8
gwcs,../roman/.data/build21/r0000101001001001001_0001_wfi08_f158_cal.asdf,wfi08,eval,10000,0,0.009218615,8
gwcs,../roman/.data/build21/r0000101001001001001_0001_wfi08_f158_cal.asdf,wfi08,eval,10000,1,0.007630220,8
gwcs,../roman/.data/build21/r0000101001001001001_0001_wfi08_f158_cal.asdf,wfi08,eval,10000,2,0.006961453,8
gwcs,../roman/.data/build21/r0000101001001001001_0001_wfi08_f158_cal.asdf,wfi08,eval,10000,3,0.006842353,8
gwcs,../roman/.data/build21/r0000101001001001001_0001_wfi08_f158_cal.asdf,wfi08,eval,10000,4,0.006813928,8
gwcs,../roman/.data/build21/r0000101001001001001_0001_wfi08_f158_cal.asdf,wfi08,eval,10000,5,0.006846258,8
gwcs,../roman/.data/build21/r0000101001001001001_0001_wfi08_f158_cal.asdf,wfi08,eval,10000,6,0.006591049,8
gwcs,../roman/.data/build21/r0000101001001001001_0001_wfi08_f158_cal.asdf,wfi08,eval,10000,7,0.006828627,8
gwcs,../roman/.data/build21/r0000101001001001001_0001_wfi08_f158_cal.asdf,wfi08,eval,100000,0,0.031675627,8
gwcs,../roman/.data/build21/r0000101001001001001_0001_wfi08_f158_cal.asdf,wfi08,eval,100000,1,0.033730404,8
gwcs,../roman/.data/build21/r0000101001001001001_0001_wfi08_f158_cal.asdf,wfi08,eval,100000,2,0.031088198,8
gwcs,../roman/.data/build21/r0000101001001001001_0001_wfi08_f158_cal.asdf,wfi08,eval,100000,3,0.030716026,8
gwcs,../roman/.data/build21/r0000101001001001001_0001_wfi08_f158_cal.asdf,wfi08,eval,100000,4,0.030756612,8
gwcs,../roman/.data/build21/r0000101001001001001_0001_wfi08_f158_cal.asdf,wfi08,eval,1000000,0,0.595317196,8
gwcs,../roman/.data/build21/r0000101001001001001_0001_wfi08_f158_cal.asdf,wfi08,eval,1000000,1,0.601794246,8
gwcs,../roman/.data/build21/r0000101001001001001_0001_wfi08_f158_cal.asdf,wfi08,eval,1000000,2,0.609528123,8
gwcs,../roman/.data/build21/r0000101001001001001_0001_wfi09_f158_cal.asdf,wfi09,parse_cold,0,0,0.982549941,8
gwcs,../roman/.data/build21/r0000101001001001001_0001_wfi09_f158_cal.asdf,wfi09,parse_hot,0,0,0.755580273,8
gwcs,../roman/.data/build21/r0000101001001001001_0001_wfi09_f158_cal.asdf,wfi09,eval,1,0,0.005322322,8
gwcs,../roman/.data/build21/r0000101001001001001_0001_wfi09_f158_cal.asdf,wfi09,eval,1,1,0.004914743,8
gwcs,../roman/.data/build21/r0000101001001001001_0001_wfi09_f158_cal.asdf,wfi09,eval,1,2,0.005076501,8
gwcs,../roman/.data/build21/r0000101001001001001_0001_wfi09_f158_cal.asdf,wfi09,eval,1,3,0.004877612,8
gwcs,../roman/.data/build21/r0000101001001001001_0001_wfi09_f158_cal.asdf,wfi09,eval,1,4,0.004313777,8
gwcs,../roman/.data/build21/r0000101001001001001_0001_wfi09_f158_cal.asdf,wfi09,eval,1,5,0.004256120,8
gwcs,../roman/.data/build21/r0000101001001001001_0001_wfi09_f158_cal.asdf,wfi09,eval,1,6,0.004142645,8
gwcs,../roman/.data/build21/r0000101001001001001_0001_wfi09_f158_cal.asdf,wfi09,eval,1,7,0.004458943,8
gwcs,../roman/.data/build21/r0000101001001001001_0001_wfi09_f158_cal.asdf,wfi09,eval,1,8,0.004007905,8
gwcs,../roman/.data/build21/r0000101001001001001_0001_wfi09_f158_cal.asdf,wfi09,eval,1,9,0.004200162,8
gwcs,../roman/.data/build21/r0000101001001001001_0001_wfi09_f158_cal.asdf,wfi09,eval,1,10,0.004089641,8
gwcs,../roman/.data/build21/r0000101001001001001_0001_wfi09_f158_cal.asdf,wfi09,eval,1,11,0.004003596,8
gwcs,../roman/.data/build21/r0000101001001001001_0001_wfi09_f158_cal.asdf,wfi09,eval,1,12,0.004024489,8
gwcs,../roman/.data/build21/r0000101001001001001_0001_wfi09_f158_cal.asdf,wfi09,eval,1,13,0.004015771,8
gwcs,../roman/.data/build21/r0000101001001001001_0001_wfi09_f158_cal.asdf,wfi09,eval,1,14,0.005210203,8
gwcs,../roman/.data/build21/r0000101001001001001_0001_wfi09_f158_cal.asdf,wfi09,eval,1,15,0.003892077,8
gwcs,../roman/.data/build21/r0000101001001001001_0001_wfi09_f158_cal.asdf,wfi09,eval,1,16,0.004015793,8
gwcs,../roman/.data/build21/r0000101001001001001_0001_wfi09_f158_cal.asdf,wfi09,eval,1,17,0.003952164,8
gwcs,../roman/.data/build21/r0000101001001001001_0001_wfi09_f158_cal.asdf,wfi09,eval,1,18,0.004155857,8
gwcs,../roman/.data/build21/r0000101001001001001_0001_wfi09_f158_cal.asdf,wfi09,eval,1,19,0.004167541,8
gwcs,../roman/.data/build21/r0000101001001001001_0001_wfi09_f158_cal.asdf,wfi09,eval,1,20,0.003858358,8
gwcs,../roman/.data/build21/r0000101001001001001_0001_wfi09_f158_cal.asdf,wfi09,eval,1,21,0.004153615,8
gwcs,../roman/.data/build21/r0000101001001001001_0001_wfi09_f158_cal.asdf,wfi09,eval,1,22,0.003977714,8
gwcs,../roman/.data/build21/r0000101001001001001_0001_wfi09_f158_cal.asdf,wfi09,eval,1,23,0.004003287,8
gwcs,../roman/.data/build21/r0000101001001001001_0001_wfi09_f158_cal.asdf,wfi09,eval,1,24,0.003925461,8
gwcs,../roman/.data/build21/r0000101001001001001_0001_wfi09_f158_cal.asdf,wfi09,eval,1,25,0.004006068,8
gwcs,../roman/.data/build21/r0000101001001001001_0001_wfi09_f158_cal.asdf,wfi09,eval,1,26,0.004406290,8
gwcs,../roman/.data/build21/r0000101001001001001_0001_wfi09_f158_cal.asdf,wfi09,eval,1,27,0.004186626,8
gwcs,../roman/.data/build21/r0000101001001001001_0001_wfi09_f158_cal.asdf,wfi09,eval,1,28,0.004122637,8
gwcs,../roman/.data/build21/r0000101001001001001_0001_wfi09_f158_cal.asdf,wfi09,eval,1,29,0.004356093,8
gwcs,../roman/.data/build21/r0000101001001001001_0001_wfi09_f158_cal.asdf,wfi09,eval,1,30,0.003830617,8
gwcs,../roman/.data/build21/r0000101001001001001_0001_wfi09_f158_cal.asdf,wfi09,eval,1,31,0.004042190,8
gwcs,../roman/.data/build21/r0000101001001001001_0001_wfi09_f158_cal.asdf,wfi09,eval,1,32,0.004196220,8
gwcs,../roman/.data/build21/r0000101001001001001_0001_wfi09_f158_cal.asdf,wfi09,eval,1,33,0.003963225,8
gwcs,../roman/.data/build21/r0000101001001001001_0001_wfi09_f158_cal.asdf,wfi09,eval,1,34,0.005135180,8
gwcs,../roman/.data/build21/r0000101001001001001_0001_wfi09_f158_cal.asdf,wfi09,eval,1,35,0.003842591,8
gwcs,../roman/.data/build21/r0000101001001001001_0001_wfi09_f158_cal.asdf,wfi09,eval,1,36,0.004039537,8
gwcs,../roman/.data/build21/r0000101001001001001_0001_wfi09_f158_cal.asdf,wfi09,eval,1,37,0.004051293,8
gwcs,../roman/.data/build21/r0000101001001001001_0001_wfi09_f158_cal.asdf,wfi09,eval,1,38,0.003988142,8
gwcs,../roman/.data/build21/r0000101001001001001_0001_wfi09_f158_cal.asdf,wfi09,eval,1,39,0.004329824,8
gwcs,../roman/.data/build21/r0000101001001001001_0001_wfi09_f158_cal.asdf,wfi09,eval,1,40,0.004088908,8
gwcs,../roman/.data/build21/r0000101001001001001_0001_wfi09_f158_cal.asdf,wfi09,eval,1,41,0.003876675,8
gwcs,../roman/.data/build21/r0000101001001001001_0001_wfi09_f158_cal.asdf,wfi09,eval,1,42,0.004067177,8
gwcs,../roman/.data/build21/r0000101001001001001_0001_wfi09_f158_cal.asdf,wfi09,eval,1,43,0.003977558,8
gwcs,../roman/.data/build21/r0000101001001001001_0001_wfi09_f158_cal.asdf,wfi09,eval,1,44,0.004135442,8
gwcs,../roman/.data/build21/r0000101001001001001_0001_wfi09_f158_cal.asdf,wfi09,eval,1,45,0.004016697,8
gwcs,../roman/.data/build21/r0000101001001001001_0001_wfi09_f158_cal.asdf,wfi09,eval,1,46,0.003875592,8
gwcs,../roman/.data/build21/r0000101001001001001_0001_wfi09_f158_cal.asdf,wfi09,eval,1,47,0.004126146,8
gwcs,../roman/.data/build21/r0000101001001001001_0001_wfi09_f158_cal.asdf,wfi09,eval,1,48,0.003923677,8
gwcs,../roman/.data/build21/r0000101001001001001_0001_wfi09_f158_cal.asdf,wfi09,eval,1,49,0.004125281,8
gwcs,../roman/.data/build21/r0000101001001001001_0001_wfi09_f158_cal.asdf,wfi09,eval,10,0,0.005022521,8
gwcs,../roman/.data/build21/r0000101001001001001_0001_wfi09_f158_cal.asdf,wfi09,eval,10,1,0.004599373,8
gwcs,../roman/.data/build21/r0000101001001001001_0001_wfi09_f158_cal.asdf,wfi09,eval,10,2,0.004633903,8
gwcs,../roman/.data/build21/r0000101001001001001_0001_wfi09_f158_cal.asdf,wfi09,eval,10,3,0.005274514,8
gwcs,../roman/.data/build21/r0000101001001001001_0001_wfi09_f158_cal.asdf,wfi09,eval,10,4,0.004002362,8
gwcs,../roman/.data/build21/r0000101001001001001_0001_wfi09_f158_cal.asdf,wfi09,eval,10,5,0.004281353,8
gwcs,../roman/.data/build21/r0000101001001001001_0001_wfi09_f158_cal.asdf,wfi09,eval,10,6,0.003952743,8
gwcs,../roman/.data/build21/r0000101001001001001_0001_wfi09_f158_cal.asdf,wfi09,eval,10,7,0.004086067,8
gwcs,../roman/.data/build21/r0000101001001001001_0001_wfi09_f158_cal.asdf,wfi09,eval,10,8,0.004110843,8
gwcs,../roman/.data/build21/r0000101001001001001_0001_wfi09_f158_cal.asdf,wfi09,eval,10,9,0.004119598,8
gwcs,../roman/.data/build21/r0000101001001001001_0001_wfi09_f158_cal.asdf,wfi09,eval,10,10,0.004287684,8
gwcs,../roman/.data/build21/r0000101001001001001_0001_wfi09_f158_cal.asdf,wfi09,eval,10,11,0.004160723,8
gwcs,../roman/.data/build21/r0000101001001001001_0001_wfi09_f158_cal.asdf,wfi09,eval,10,12,0.004552546,8
gwcs,../roman/.data/build21/r0000101001001001001_0001_wfi09_f158_cal.asdf,wfi09,eval,10,13,0.004497414,8
gwcs,../roman/.data/build21/r0000101001001001001_0001_wfi09_f158_cal.asdf,wfi09,eval,10,14,0.004209113,8
gwcs,../roman/.data/build21/r0000101001001001001_0001_wfi09_f158_cal.asdf,wfi09,eval,10,15,0.004288712,8
gwcs,../roman/.data/build21/r0000101001001001001_0001_wfi09_f158_cal.asdf,wfi09,eval,10,16,0.004244473,8
gwcs,../roman/.data/build21/r0000101001001001001_0001_wfi09_f158_cal.asdf,wfi09,eval,10,17,0.004080380,8
gwcs,../roman/.data/build21/r0000101001001001001_0001_wfi09_f158_cal.asdf,wfi09,eval,10,18,0.004128995,8
gwcs,../roman/.data/build21/r0000101001001001001_0001_wfi09_f158_cal.asdf,wfi09,eval,10,19,0.003904338,8
gwcs,../roman/.data/build21/r0000101001001001001_0001_wfi09_f158_cal.asdf,wfi09,eval,10,20,0.004170793,8
gwcs,../roman/.data/build21/r0000101001001001001_0001_wfi09_f158_cal.asdf,wfi09,eval,10,21,0.004263164,8
gwcs,../roman/.data/build21/r0000101001001001001_0001_wfi09_f158_cal.asdf,wfi09,eval,10,22,0.004145309,8
gwcs,../roman/.data/build21/r0000101001001001001_0001_wfi09_f158_cal.asdf,wfi09,eval,10,23,0.005508176,8
gwcs,../roman/.data/build21/r0000101001001001001_0001_wfi09_f158_cal.asdf,wfi09,eval,10,24,0.004347363,8
gwcs,../roman/.data/build21/r0000101001001001001_0001_wfi09_f158_cal.asdf,wfi09,eval,10,25,0.004135847,8
gwcs,../roman/.data/build21/r0000101001001001001_0001_wfi09_f158_cal.asdf,wfi09,eval,10,26,0.004320919,8
gwcs,../roman/.data/build21/r0000101001001001001_0001_wfi09_f158_cal.asdf,wfi09,eval,10,27,0.003998528,8
gwcs,../roman/.data/build21/r0000101001001001001_0001_wfi09_f158_cal.asdf,wfi09,eval,10,28,0.004159229,8
gwcs,../roman/.data/build21/r0000101001001001001_0001_wfi09_f158_cal.asdf,wfi09,eval,10,29,0.005722223,8
gwcs,../roman/.data/build21/r0000101001001001001_0001_wfi09_f158_cal.asdf,wfi09,eval,10,30,0.004146791,8
gwcs,../roman/.data/build21/r0000101001001001001_0001_wfi09_f158_cal.asdf,wfi09,eval,10,31,0.004370965,8
gwcs,../roman/.data/build21/r0000101001001001001_0001_wfi09_f158_cal.asdf,wfi09,eval,10,32,0.004171294,8
gwcs,../roman/.data/build21/r0000101001001001001_0001_wfi09_f158_cal.asdf,wfi09,eval,10,33,0.004132347,8
gwcs,../roman/.data/build21/r0000101001001001001_0001_wfi09_f158_cal.asdf,wfi09,eval,10,34,0.004946525,8
gwcs,../roman/.data/build21/r0000101001001001001_0001_wfi09_f158_cal.asdf,wfi09,eval,10,35,0.004145076,8
gwcs,../roman/.data/build21/r0000101001001001001_0001_wfi09_f158_cal.asdf,wfi09,eval,10,36,0.004156519,8
gwcs,../roman/.data/build21/r0000101001001001001_0001_wfi09_f158_cal.asdf,wfi09,eval,10,37,0.004123668,8
gwcs,../roman/.data/build21/r0000101001001001001_0001_wfi09_f158_cal.asdf,wfi09,eval,10,38,0.004068162,8
gwcs,../roman/.data/build21/r0000101001001001001_0001_wfi09_f158_cal.asdf,wfi09,eval,10,39,0.004319667,8
gwcs,../roman/.data/build21/r0000101001001001001_0001_wfi09_f158_cal.asdf,wfi09,eval,10,40,0.004000552,8
gwcs,../roman/.data/build21/r0000101001001001001_0001_wfi09_f158_cal.asdf,wfi09,eval,10,41,0.004294918,8
gwcs,../roman/.data/build21/r0000101001001001001_0001_wfi09_f158_cal.asdf,wfi09,eval,10,42,0.005256585,8
gwcs,../roman/.data/build21/r0000101001001001001_0001_wfi09_f158_cal.asdf,wfi09,eval,10,43,0.004299144,8
gwcs,../roman/.data/build21/r0000101001001001001_0001_wfi09_f158_cal.asdf,wfi09,eval,10,44,0.004241821,8
gwcs,../roman/.data/build21/r0000101001001001001_0001_wfi09_f158_cal.asdf,wfi09,eval,10,45,0.004303991,8
gwcs,../roman/.data/build21/r0000101001001001001_0001_wfi09_f158_cal.asdf,wfi09,eval,10,46,0.004147939,8
gwcs,../roman/.data/build21/r0000101001001001001_0001_wfi09_f158_cal.asdf,wfi09,eval,10,47,0.004456290,8
gwcs,../roman/.data/build21/r0000101001001001001_0001_wfi09_f158_cal.asdf,wfi09,eval,10,48,0.004103497,8
gwcs,../roman/.data/build21/r0000101001001001001_0001_wfi09_f158_cal.asdf,wfi09,eval,10,49,0.004113032,8
gwcs,../roman/.data/build21/r0000101001001001001_0001_wfi09_f158_cal.asdf,wfi09,eval,100,0,0.005208204,8
gwcs,../roman/.data/build21/r0000101001001001001_0001_wfi09_f158_cal.asdf,wfi09,eval,100,1,0.004672844,8
gwcs,../roman/.data/build21/r0000101001001001001_0001_wfi09_f158_cal.asdf,wfi09,eval,100,2,0.004756518,8
gwcs,../roman/.data/build21/r0000101001001001001_0001_wfi09_f158_cal.asdf,wfi09,eval,100,3,0.004168382,8
gwcs,../roman/.data/build21/r0000101001001001001_0001_wfi09_f158_cal.asdf,wfi09,eval,100,4,0.004329358,8
gwcs,../roman/.data/build21/r0000101001001001001_0001_wfi09_f158_cal.asdf,wfi09,eval,100,5,0.004416777,8
gwcs,../roman/.data/build21/r0000101001001001001_0001_wfi09_f158_cal.asdf,wfi09,eval,100,6,0.004143442,8
gwcs,../roman/.data/build21/r0000101001001001001_0001_wfi09_f158_cal.asdf,wfi09,eval,100,7,0.004282835,8
gwcs,../roman/.data/build21/r0000101001001001001_0001_wfi09_f158_cal.asdf,wfi09,eval,100,8,0.004469285,8
gwcs,../roman/.data/build21/r0000101001001001001_0001_wfi09_f158_cal.asdf,wfi09,eval,100,9,0.003958878,8
gwcs,../roman/.data/build21/r0000101001001001001_0001_wfi09_f158_cal.asdf,wfi09,eval,100,10,0.004085327,8
gwcs,../roman/.data/build21/r0000101001001001001_0001_wfi09_f158_cal.asdf,wfi09,eval,100,11,0.005222760,8
gwcs,../roman/.data/build21/r0000101001001001001_0001_wfi09_f158_cal.asdf,wfi09,eval,100,12,0.004077432,8
gwcs,../roman/.data/build21/r0000101001001001001_0001_wfi09_f158_cal.asdf,wfi09,eval,100,13,0.004121842,8
gwcs,../roman/.data/build21/r0000101001001001001_0001_wfi09_f158_cal.asdf,wfi09,eval,100,14,0.004122548,8
gwcs,../roman/.data/build21/r0000101001001001001_0001_wfi09_f158_cal.asdf,wfi09,eval,100,15,0.004190792,8
gwcs,../roman/.data/build21/r0000101001001001001_0001_wfi09_f158_cal.asdf,wfi09,eval,100,16,0.004133361,8
gwcs,../roman/.data/build21/r0000101001001001001_0001_wfi09_f158_cal.asdf,wfi09,eval,100,17,0.004211882,8
gwcs,../roman/.data/build21/r0000101001001001001_0001_wfi09_f158_cal.asdf,wfi09,eval,100,18,0.005011819,8
gwcs,../roman/.data/build21/r0000101001001001001_0001_wfi09_f158_cal.asdf,wfi09,eval,100,19,0.004220373,8
gwcs,../roman/.data/build21/r0000101001001001001_0001_wfi09_f158_cal.asdf,wfi09,eval,100,20,0.004516177,8
gwcs,../roman/.data/build21/r0000101001001001001_0001_wfi09_f158_cal.asdf,wfi09,eval,100,21,0.004312346,8
gwcs,../roman/.data/build21/r0000101001001001001_0001_wfi09_f158_cal.asdf,wfi09,eval,100,22,0.004129852,8
gwcs,../roman/.data/build21/r0000101001001001001_0001_wfi09_f158_cal.asdf,wfi09,eval,100,23,0.004136889,8
gwcs,../roman/.data/build21/r0000101001001001001_0001_wfi09_f158_cal.asdf,wfi09,eval,100,24,0.004116573,8
gwcs,../roman/.data/build21/r0000101001001001001_0001_wfi09_f158_cal.asdf,wfi09,eval,100,25,0.003980712,8
gwcs,../roman/.data/build21/r0000101001001001001_0001_wfi09_f158_cal.asdf,wfi09,eval,100,26,0.004337478,8
gwcs,../roman/.data/build21/r0000101001001001001_0001_wfi09_f158_cal.asdf,wfi09,eval,100,27,0.004414889,8
gwcs,../roman/.data/build21/r0000101001001001001_0001_wfi09_f158_cal.asdf,wfi09,eval,100,28,0.005600925,8
gwcs,../roman/.data/build21/r0000101001001001001_0001_wfi09_f158_cal.asdf,wfi09,eval,100,29,0.004343698,8
gwcs,../roman/.data/build21/r0000101001001001001_0001_wfi09_f158_cal.asdf,wfi09,eval,1000,0,0.005558970,8
gwcs,../roman/.data/build21/r0000101001001001001_0001_wfi09_f158_cal.asdf,wfi09,eval,1000,1,0.006260835,8
gwcs,../roman/.data/build21/r0000101001001001001_0001_wfi09_f158_cal.asdf,wfi09,eval,1000,2,0.004961433,8
gwcs,../roman/.data/build21/r0000101001001001001_0001_wfi09_f158_cal.asdf,wfi09,eval,1000,3,0.005540780,8
gwcs,../roman/.data/build21/r0000101001001001001_0001_wfi09_f158_cal.asdf,wfi09,eval,1000,4,0.006028709,8
gwcs,../roman/.data/build21/r0000101001001001001_0001_wfi09_f158_cal.asdf,wfi09,eval,1000,5,0.004636310,8
gwcs,../roman/.data/build21/r0000101001001001001_0001_wfi09_f158_cal.asdf,wfi09,eval,1000,6,0.004815702,8
gwcs,../roman/.data/build21/r0000101001001001001_0001_wfi09_f158_cal.asdf,wfi09,eval,1000,7,0.004628827,8
gwcs,../roman/.data/build21/r0000101001001001001_0001_wfi09_f158_cal.asdf,wfi09,eval,1000,8,0.004423876,8
gwcs,../roman/.data/build21/r0000101001001001001_0001_wfi09_f158_cal.asdf,wfi09,eval,1000,9,0.004560416,8
gwcs,../roman/.data/build21/r0000101001001001001_0001_wfi09_f158_cal.asdf,wfi09,eval,1000,10,0.004486565,8
gwcs,../roman/.data/build21/r0000101001001001001_0001_wfi09_f158_cal.asdf,wfi09,eval,1000,11,0.004743547,8
gwcs,../roman/.data/build21/r0000101001001001001_0001_wfi09_f158_cal.asdf,wfi09,eval,1000,12,0.004675420,8
gwcs,../roman/.data/build21/r0000101001001001001_0001_wfi09_f158_cal.asdf,wfi09,eval,1000,13,0.004508846,8
gwcs,../roman/.data/build21/r0000101001001001001_0001_wfi09_f158_cal.asdf,wfi09,eval,1000,14,0.004728495,8
gwcs,../roman/.data/build21/r0000101001001001001_0001_wfi09_f158_cal.asdf,wfi09,eval,10000,0,0.008321393,8
gwcs,../roman/.data/build21/r0000101001001001001_0001_wfi09_f158_cal.asdf,wfi09,eval,10000,1,0.007991686,8
gwcs,../roman/.data/build21/r0000101001001001001_0001_wfi09_f158_cal.asdf,wfi09,eval,10000,2,0.007491504,8
gwcs,../roman/.data/build21/r0000101001001001001_0001_wfi09_f158_cal.asdf,wfi09,eval,10000,3,0.007163885,8
gwcs,../roman/.data/build21/r0000101001001001001_0001_wfi09_f158_cal.asdf,wfi09,eval,10000,4,0.007106983,8
gwcs,../roman/.data/build21/r0000101001001001001_0001_wfi09_f158_cal.asdf,wfi09,eval,10000,5,0.008068934,8
gwcs,../roman/.data/build21/r0000101001001001001_0001_wfi09_f158_cal.asdf,wfi09,eval,10000,6,0.007056468,8
gwcs,../roman/.data/build21/r0000101001001001001_0001_wfi09_f158_cal.asdf,wfi09,eval,10000,7,0.007322988,8
gwcs,../roman/.data/build21/r0000101001001001001_0001_wfi09_f158_cal.asdf,wfi09,eval,100000,0,0.037107153,8
gwcs,../roman/.data/build21/r0000101001001001001_0001_wfi09_f158_cal.asdf,wfi09,eval,100000,1,0.031425002,8
gwcs,../roman/.data/build21/r0000101001001001001_0001_wfi09_f158_cal.asdf,wfi09,eval,100000,2,0.032727823,8
gwcs,../roman/.data/build21/r0000101001001001001_0001_wfi09_f158_cal.asdf,wfi09,eval,100000,3,0.032491498,8
gwcs,../roman/.data/build21/r0000101001001001001_0001_wfi09_f158_cal.asdf,wfi09,eval,100000,4,0.035853271,8
gwcs,../roman/.data/build21/r0000101001001001001_0001_wfi09_f158_cal.asdf,wfi09,eval,1000000,0,0.632985391,8
gwcs,../roman/.data/build21/r0000101001001001001_0001_wfi09_f158_cal.asdf,wfi09,eval,1000000,1,0.574837861,8
gwcs,../roman/.data/build21/r0000101001001001001_0001_wfi09_f158_cal.asdf,wfi09,eval,1000000,2,0.602487527,8
gwcs,../roman/.data/build21/r0000101001001001001_0001_wfi10_f158_cal.asdf,wfi10,parse_cold,0,0,1.183530300,8
gwcs,../roman/.data/build21/r0000101001001001001_0001_wfi10_f158_cal.asdf,wfi10,parse_hot,0,0,0.933297416,8
gwcs,../roman/.data/build21/r0000101001001001001_0001_wfi10_f158_cal.asdf,wfi10,eval,1,0,0.005973849,8
gwcs,../roman/.data/build21/r0000101001001001001_0001_wfi10_f158_cal.asdf,wfi10,eval,1,1,0.005185814,8
gwcs,../roman/.data/build21/r0000101001001001001_0001_wfi10_f158_cal.asdf,wfi10,eval,1,2,0.004478488,8
gwcs,../roman/.data/build21/r0000101001001001001_0001_wfi10_f158_cal.asdf,wfi10,eval,1,3,0.004608548,8
gwcs,../roman/.data/build21/r0000101001001001001_0001_wfi10_f158_cal.asdf,wfi10,eval,1,4,0.006764830,8
gwcs,../roman/.data/build21/r0000101001001001001_0001_wfi10_f158_cal.asdf,wfi10,eval,1,5,0.004672250,8
gwcs,../roman/.data/build21/r0000101001001001001_0001_wfi10_f158_cal.asdf,wfi10,eval,1,6,0.004301280,8
gwcs,../roman/.data/build21/r0000101001001001001_0001_wfi10_f158_cal.asdf,wfi10,eval,1,7,0.003945006,8
gwcs,../roman/.data/build21/r0000101001001001001_0001_wfi10_f158_cal.asdf,wfi10,eval,1,8,0.004139343,8
gwcs,../roman/.data/build21/r0000101001001001001_0001_wfi10_f158_cal.asdf,wfi10,eval,1,9,0.004031026,8
gwcs,../roman/.data/build21/r0000101001001001001_0001_wfi10_f158_cal.asdf,wfi10,eval,1,10,0.003985666,8
gwcs,../roman/.data/build21/r0000101001001001001_0001_wfi10_f158_cal.asdf,wfi10,eval,1,11,0.004242828,8
gwcs,../roman/.data/build21/r0000101001001001001_0001_wfi10_f158_cal.asdf,wfi10,eval,1,12,0.004121595,8
gwcs,../roman/.data/build21/r0000101001001001001_0001_wfi10_f158_cal.asdf,wfi10,eval,1,13,0.004039014,8
gwcs,../roman/.data/build21/r0000101001001001001_0001_wfi10_f158_cal.asdf,wfi10,eval,1,14,0.004402622,8
gwcs,../roman/.data/build21/r0000101001001001001_0001_wfi10_f158_cal.asdf,wfi10,eval,1,15,0.005423435,8
gwcs,../roman/.data/build21/r0000101001001001001_0001_wfi10_f158_cal.asdf,wfi10,eval,1,16,0.006060865,8
gwcs,../roman/.data/build21/r0000101001001001001_0001_wfi10_f158_cal.asdf,wfi10,eval,1,17,0.004116939,8
gwcs,../roman/.data/build21/r0000101001001001001_0001_wfi10_f158_cal.asdf,wfi10,eval,1,18,0.004463903,8
gwcs,../roman/.data/build21/r0000101001001001001_0001_wfi10_f158_cal.asdf,wfi10,eval,1,19,0.004677471,8
gwcs,../roman/.data/build21/r0000101001001001001_0001_wfi10_f158_cal.asdf,wfi10,eval,1,20,0.004125535,8
gwcs,../roman/.data/build21/r0000101001001001001_0001_wfi10_f158_cal.asdf,wfi10,eval,1,21,0.005289134,8
gwcs,../roman/.data/build21/r0000101001001001001_0001_wfi10_f158_cal.asdf,wfi10,eval,1,22,0.003960391,8
gwcs,../roman/.data/build21/r0000101001001001001_0001_wfi10_f158_cal.asdf,wfi10,eval,1,23,0.004026443,8
gwcs,../roman/.data/build21/r0000101001001001001_0001_wfi10_f158_cal.asdf,wfi10,eval,1,24,0.004003610,8
gwcs,../roman/.data/build21/r0000101001001001001_0001_wfi10_f158_cal.asdf,wfi10,eval,1,25,0.004224161,8
gwcs,../roman/.data/build21/r0000101001001001001_0001_wfi10_f158_cal.asdf,wfi10,eval,1,26,0.004107401,8
gwcs,../roman/.data/build21/r0000101001001001001_0001_wfi10_f158_cal.asdf,wfi10,eval,1,27,0.004135616,8
gwcs,../roman/.data/build21/r0000101001001001001_0001_wfi10_f158_cal.asdf,wfi10,eval,1,28,0.004336235,8
gwcs,../roman/.data/build21/r0000101001001001001_0001_wfi10_f158_cal.asdf,wfi10,eval,1,29,0.004263154,8
gwcs,../roman/.data/build21/r0000101001001001001_0001_wfi10_f158_cal.asdf,wfi10,eval,1,30,0.004208285,8
gwcs,../roman/.data/build21/r0000101001001001001_0001_wfi10_f158_cal.asdf,wfi10,eval,1,31,0.004122285,8
gwcs,../roman/.data/build21/r0000101001001001001_0001_wfi10_f158_cal.asdf,wfi10,eval,1,32,0.004010002,8
gwcs,../roman/.data/build21/r0000101001001001001_0001_wfi10_f158_cal.asdf,wfi10,eval,1,33,0.004134711,8
gwcs,../roman/.data/build21/r0000101001001001001_0001_wfi10_f158_cal.asdf,wfi10,eval,1,34,0.004285341,8
gwcs,../roman/.data/build21/r0000101001001001001_0001_wfi10_f158_cal.asdf,wfi10,eval,1,35,0.003997253,8
gwcs,../roman/.data/build21/r0000101001001001001_0001_wfi10_f158_cal.asdf,wfi10,eval,1,36,0.004240084,8
gwcs,../roman/.data/build21/r0000101001001001001_0001_wfi10_f158_cal.asdf,wfi10,eval,1,37,0.004139530,8
gwcs,../roman/.data/build21/r0000101001001001001_0001_wfi10_f158_cal.asdf,wfi10,eval,1,38,0.004148345,8
gwcs,../roman/.data/build21/r0000101001001001001_0001_wfi10_f158_cal.asdf,wfi10,eval,1,39,0.004134655,8
gwcs,../roman/.data/build21/r0000101001001001001_0001_wfi10_f158_cal.asdf,wfi10,eval,1,40,0.003989837,8
gwcs,../roman/.data/build21/r0000101001001001001_0001_wfi10_f158_cal.asdf,wfi10,eval,1,41,0.005599840,8
gwcs,../roman/.data/build21/r0000101001001001001_0001_wfi10_f158_cal.asdf,wfi10,eval,1,42,0.004324299,8
gwcs,../roman/.data/build21/r0000101001001001001_0001_wfi10_f158_cal.asdf,wfi10,eval,1,43,0.004251850,8
gwcs,../roman/.data/build21/r0000101001001001001_0001_wfi10_f158_cal.asdf,wfi10,eval,1,44,0.004386526,8
gwcs,../roman/.data/build21/r0000101001001001001_0001_wfi10_f158_cal.asdf,wfi10,eval,1,45,0.004182623,8
gwcs,../roman/.data/build21/r0000101001001001001_0001_wfi10_f158_cal.asdf,wfi10,eval,1,46,0.004284946,8
gwcs,../roman/.data/build21/r0000101001001001001_0001_wfi10_f158_cal.asdf,wfi10,eval,1,47,0.004271905,8
gwcs,../roman/.data/build21/r0000101001001001001_0001_wfi10_f158_cal.asdf,wfi10,eval,1,48,0.004046138,8
gwcs,../roman/.data/build21/r0000101001001001001_0001_wfi10_f158_cal.asdf,wfi10,eval,1,49,0.004107089,8
gwcs,../roman/.data/build21/r0000101001001001001_0001_wfi10_f158_cal.asdf,wfi10,eval,10,0,0.004989984,8
gwcs,../roman/.data/build21/r0000101001001001001_0001_wfi10_f158_cal.asdf,wfi10,eval,10,1,0.005269136,8
gwcs,../roman/.data/build21/r0000101001001001001_0001_wfi10_f158_cal.asdf,wfi10,eval,10,2,0.004854180,8
gwcs,../roman/.data/build21/r0000101001001001001_0001_wfi10_f158_cal.asdf,wfi10,eval,10,3,0.004109292,8
gwcs,../roman/.data/build21/r0000101001001001001_0001_wfi10_f158_cal.asdf,wfi10,eval,10,4,0.004069974,8
gwcs,../roman/.data/build21/r0000101001001001001_0001_wfi10_f158_cal.asdf,wfi10,eval,10,5,0.004380530,8
gwcs,../roman/.data/build21/r0000101001001001001_0001_wfi10_f158_cal.asdf,wfi10,eval,10,6,0.004084315,8
gwcs,../roman/.data/build21/r0000101001001001001_0001_wfi10_f158_cal.asdf,wfi10,eval,10,7,0.004145297,8
gwcs,../roman/.data/build21/r0000101001001001001_0001_wfi10_f158_cal.asdf,wfi10,eval,10,8,0.004109036,8
gwcs,../roman/.data/build21/r0000101001001001001_0001_wfi10_f158_cal.asdf,wfi10,eval,10,9,0.004462156,8
gwcs,../roman/.data/build21/r0000101001001001001_0001_wfi10_f158_cal.asdf,wfi10,eval,10,10,0.005359661,8
gwcs,../roman/.data/build21/r0000101001001001001_0001_wfi10_f158_cal.asdf,wfi10,eval,10,11,0.004136413,8
gwcs,../roman/.data/build21/r0000101001001001001_0001_wfi10_f158_cal.asdf,wfi10,eval,10,12,0.004299332,8
gwcs,../roman/.data/build21/r0000101001001001001_0001_wfi10_f158_cal.asdf,wfi10,eval,10,13,0.004263997,8
gwcs,../roman/.data/build21/r0000101001001001001_0001_wfi10_f158_cal.asdf,wfi10,eval,10,14,0.004143164,8
gwcs,../roman/.data/build21/r0000101001001001001_0001_wfi10_f158_cal.asdf,wfi10,eval,10,15,0.004401905,8
gwcs,../roman/.data/build21/r0000101001001001001_0001_wfi10_f158_cal.asdf,wfi10,eval,10,16,0.004176335,8
gwcs,../roman/.data/build21/r0000101001001001001_0001_wfi10_f158_cal.asdf,wfi10,eval,10,17,0.004437185,8
gwcs,../roman/.data/build21/r0000101001001001001_0001_wfi10_f158_cal.asdf,wfi10,eval,10,18,0.004395863,8
gwcs,../roman/.data/build21/r0000101001001001001_0001_wfi10_f158_cal.asdf,wfi10,eval,10,19,0.004336362,8
gwcs,../roman/.data/build21/r0000101001001001001_0001_wfi10_f158_cal.asdf,wfi10,eval,10,20,0.004398807,8
gwcs,../roman/.data/build21/r0000101001001001001_0001_wfi10_f158_cal.asdf,wfi10,eval,10,21,0.004361816,8
gwcs,../roman/.data/build21/r0000101001001001001_0001_wfi10_f158_cal.asdf,wfi10,eval,10,22,0.004056045,8
gwcs,../roman/.data/build21/r0000101001001001001_0001_wfi10_f158_cal.asdf,wfi10,eval,10,23,0.004385846,8
gwcs,../roman/.data/build21/r0000101001001001001_0001_wfi10_f158_cal.asdf,wfi10,eval,10,24,0.004318401,8
gwcs,../roman/.data/build21/r0000101001001001001_0001_wfi10_f158_cal.asdf,wfi10,eval,10,25,0.004349099,8
gwcs,../roman/.data/build21/r0000101001001001001_0001_wfi10_f158_cal.asdf,wfi10,eval,10,26,0.004526392,8
gwcs,../roman/.data/build21/r0000101001001001001_0001_wfi10_f158_cal.asdf,wfi10,eval,10,27,0.004384156,8
gwcs,../roman/.data/build21/r0000101001001001001_0001_wfi10_f158_cal.asdf,wfi10,eval,10,28,0.004354140,8
gwcs,../roman/.data/build21/r0000101001001001001_0001_wfi10_f158_cal.asdf,wfi10,eval,10,29,0.005523370,8
gwcs,../roman/.data/build21/r0000101001001001001_0001_wfi10_f158_cal.asdf,wfi10,eval,10,30,0.004495537,8
gwcs,../roman/.data/build21/r0000101001001001001_0001_wfi10_f158_cal.asdf,wfi10,eval,10,31,0.004506133,8
gwcs,../roman/.data/build21/r0000101001001001001_0001_wfi10_f158_cal.asdf,wfi10,eval,10,32,0.004274470,8
gwcs,../roman/.data/build21/r0000101001001001001_0001_wfi10_f158_cal.asdf,wfi10,eval,10,33,0.004230254,8
gwcs,../roman/.data/build21/r0000101001001001001_0001_wfi10_f158_cal.asdf,wfi10,eval,10,34,0.004247104,8
gwcs,../roman/.data/build21/r0000101001001001001_0001_wfi10_f158_cal.asdf,wfi10,eval,10,35,0.004186030,8
gwcs,../roman/.data/build21/r0000101001001001001_0001_wfi10_f158_cal.asdf,wfi10,eval,10,36,0.004737476,8
gwcs,../roman/.data/build21/r0000101001001001001_0001_wfi10_f158_cal.asdf,wfi10,eval,10,37,0.004061507,8
gwcs,../roman/.data/build21/r0000101001001001001_0001_wfi10_f158_cal.asdf,wfi10,eval,10,38,0.004277250,8
gwcs,../roman/.data/build21/r0000101001001001001_0001_wfi10_f158_cal.asdf,wfi10,eval,10,39,0.004244187,8
gwcs,../roman/.data/build21/r0000101001001001001_0001_wfi10_f158_cal.asdf,wfi10,eval,10,40,0.004054487,8
gwcs,../roman/.data/build21/r0000101001001001001_0001_wfi10_f158_cal.asdf,wfi10,eval,10,41,0.004392454,8
gwcs,../roman/.data/build21/r0000101001001001001_0001_wfi10_f158_cal.asdf,wfi10,eval,10,42,0.004160181,8
gwcs,../roman/.data/build21/r0000101001001001001_0001_wfi10_f158_cal.asdf,wfi10,eval,10,43,0.004049329,8
gwcs,../roman/.data/build21/r0000101001001001001_0001_wfi10_f158_cal.asdf,wfi10,eval,10,44,0.004283641,8
gwcs,../roman/.data/build21/r0000101001001001001_0001_wfi10_f158_cal.asdf,wfi10,eval,10,45,0.004115463,8
gwcs,../roman/.data/build21/r0000101001001001001_0001_wfi10_f158_cal.asdf,wfi10,eval,10,46,0.004351181,8
gwcs,../roman/.data/build21/r0000101001001001001_0001_wfi10_f158_cal.asdf,wfi10,eval,10,47,0.004451602,8
gwcs,../roman/.data/build21/r0000101001001001001_0001_wfi10_f158_cal.asdf,wfi10,eval,10,48,0.004231651,8
gwcs,../roman/.data/build21/r0000101001001001001_0001_wfi10_f158_cal.asdf,wfi10,eval,10,49,0.005124514,8
gwcs,../roman/.data/build21/r0000101001001001001_0001_wfi10_f158_cal.asdf,wfi10,eval,100,0,0.004979809,8
gwcs,../roman/.data/build21/r0000101001001001001_0001_wfi10_f158_cal.asdf,wfi10,eval,100,1,0.004732142,8
gwcs,../roman/.data/build21/r0000101001001001001_0001_wfi10_f158_cal.asdf,wfi10,eval,100,2,0.004453755,8
gwcs,../roman/.data/build21/r0000101001001001001_0001_wfi10_f158_cal.asdf,wfi10,eval,100,3,0.004196079,8
gwcs,../roman/.data/build21/r0000101001001001001_0001_wfi10_f158_cal.asdf,wfi10,eval,100,4,0.004355196,8
gwcs,../roman/.data/build21/r0000101001001001001_0001_wfi10_f158_cal.asdf,wfi10,eval,100,5,0.004313900,8
gwcs,../roman/.data/build21/r0000101001001001001_0001_wfi10_f158_cal.asdf,wfi10,eval,100,6,0.004091494,8
gwcs,../roman/.data/build21/r0000101001001001001_0001_wfi10_f158_cal.asdf,wfi10,eval,100,7,0.004201676,8
gwcs,../roman/.data/build21/r0000101001001001001_0001_wfi10_f158_cal.asdf,wfi10,eval,100,8,0.004242392,8
gwcs,../roman/.data/build21/r0000101001001001001_0001_wfi10_f158_cal.asdf,wfi10,eval,100,9,0.004101287,8
gwcs,../roman/.data/build21/r0000101001001001001_0001_wfi10_f158_cal.asdf,wfi10,eval,100,10,0.004201568,8
gwcs,../roman/.data/build21/r0000101001001001001_0001_wfi10_f158_cal.asdf,wfi10,eval,100,11,0.004076040,8
gwcs,../roman/.data/build21/r0000101001001001001_0001_wfi10_f158_cal.asdf,wfi10,eval,100,12,0.004291370,8
gwcs,../roman/.data/build21/r0000101001001001001_0001_wfi10_f158_cal.asdf,wfi10,eval,100,13,0.004438709,8
gwcs,../roman/.data/build21/r0000101001001001001_0001_wfi10_f158_cal.asdf,wfi10,eval,100,14,0.004238796,8
gwcs,../roman/.data/build21/r0000101001001001001_0001_wfi10_f158_cal.asdf,wfi10,eval,100,15,0.004531148,8
gwcs,../roman/.data/build21/r0000101001001001001_0001_wfi10_f158_cal.asdf,wfi10,eval,100,16,0.004228188,8
gwcs,../roman/.data/build21/r0000101001001001001_0001_wfi10_f158_cal.asdf,wfi10,eval,100,17,0.004389903,8
gwcs,../roman/.data/build21/r0000101001001001001_0001_wfi10_f158_cal.asdf,wfi10,eval,100,18,0.005246312,8
gwcs,../roman/.data/build21/r0000101001001001001_0001_wfi10_f158_cal.asdf,wfi10,eval,100,19,0.004173654,8
gwcs,../roman/.data/build21/r0000101001001001001_0001_wfi10_f158_cal.asdf,wfi10,eval,100,20,0.004834505,8
gwcs,../roman/.data/build21/r0000101001001001001_0001_wfi10_f158_cal.asdf,wfi10,eval,100,21,0.005111480,8
gwcs,../roman/.data/build21/r0000101001001001001_0001_wfi10_f158_cal.asdf,wfi10,eval,100,22,0.004225419,8
gwcs,../roman/.data/build21/r0000101001001001001_0001_wfi10_f158_cal.asdf,wfi10,eval,100,23,0.004216437,8
gwcs,../roman/.data/build21/r0000101001001001001_0001_wfi10_f158_cal.asdf,wfi10,eval,100,24,0.004711471,8
gwcs,../roman/.data/build21/r0000101001001001001_0001_wfi10_f158_cal.asdf,wfi10,eval,100,25,0.004565209,8
gwcs,../roman/.data/build21/r0000101001001001001_0001_wfi10_f158_cal.asdf,wfi10,eval,100,26,0.004496291,8
gwcs,../roman/.data/build21/r0000101001001001001_0001_wfi10_f158_cal.asdf,wfi10,eval,100,27,0.004112406,8
gwcs,../roman/.data/build21/r0000101001001001001_0001_wfi10_f158_cal.asdf,wfi10,eval,100,28,0.004154675,8
gwcs,../roman/.data/build21/r0000101001001001001_0001_wfi10_f158_cal.asdf,wfi10,eval,100,29,0.004165193,8
gwcs,../roman/.data/build21/r0000101001001001001_0001_wfi10_f158_cal.asdf,wfi10,eval,1000,0,0.005268045,8
gwcs,../roman/.data/build21/r0000101001001001001_0001_wfi10_f158_cal.asdf,wfi10,eval,1000,1,0.005446786,8
gwcs,../roman/.data/build21/r0000101001001001001_0001_wfi10_f158_cal.asdf,wfi10,eval,1000,2,0.004929652,8
gwcs,../roman/.data/build21/r0000101001001001001_0001_wfi10_f158_cal.asdf,wfi10,eval,1000,3,0.004662082,8
gwcs,../roman/.data/build21/r0000101001001001001_0001_wfi10_f158_cal.asdf,wfi10,eval,1000,4,0.005117157,8
gwcs,../roman/.data/build21/r0000101001001001001_0001_wfi10_f158_cal.asdf,wfi10,eval,1000,5,0.004713656,8
gwcs,../roman/.data/build21/r0000101001001001001_0001_wfi10_f158_cal.asdf,wfi10,eval,1000,6,0.004704920,8
gwcs,../roman/.data/build21/r0000101001001001001_0001_wfi10_f158_cal.asdf,wfi10,eval,1000,7,0.005861836,8
gwcs,../roman/.data/build21/r0000101001001001001_0001_wfi10_f158_cal.asdf,wfi10,eval,1000,8,0.004438857,8
gwcs,../roman/.data/build21/r0000101001001001001_0001_wfi10_f158_cal.asdf,wfi10,eval,1000,9,0.004634586,8
gwcs,../roman/.data/build21/r0000101001001001001_0001_wfi10_f158_cal.asdf,wfi10,eval,1000,10,0.004556745,8
gwcs,../roman/.data/build21/r0000101001001001001_0001_wfi10_f158_cal.asdf,wfi10,eval,1000,11,0.004958577,8
gwcs,../roman/.data/build21/r0000101001001001001_0001_wfi10_f158_cal.asdf,wfi10,eval,1000,12,0.004927007,8
gwcs,../roman/.data/build21/r0000101001001001001_0001_wfi10_f158_cal.asdf,wfi10,eval,1000,13,0.004452912,8
gwcs,../roman/.data/build21/r0000101001001001001_0001_wfi10_f158_cal.asdf,wfi10,eval,1000,14,0.004732704,8
gwcs,../roman/.data/build21/r0000101001001001001_0001_wfi10_f158_cal.asdf,wfi10,eval,10000,0,0.007821762,8
gwcs,../roman/.data/build21/r0000101001001001001_0001_wfi10_f158_cal.asdf,wfi10,eval,10000,1,0.007590611,8
gwcs,../roman/.data/build21/r0000101001001001001_0001_wfi10_f158_cal.asdf,wfi10,eval,10000,2,0.007103124,8
gwcs,../roman/.data/build21/r0000101001001001001_0001_wfi10_f158_cal.asdf,wfi10,eval,10000,3,0.006924742,8
gwcs,../roman/.data/build21/r0000101001001001001_0001_wfi10_f158_cal.asdf,wfi10,eval,10000,4,0.007356729,8
gwcs,../roman/.data/build21/r0000101001001001001_0001_wfi10_f158_cal.asdf,wfi10,eval,10000,5,0.007159588,8
gwcs,../roman/.data/build21/r0000101001001001001_0001_wfi10_f158_cal.asdf,wfi10,eval,10000,6,0.007622043,8
gwcs,../roman/.data/build21/r0000101001001001001_0001_wfi10_f158_cal.asdf,wfi10,eval,10000,7,0.007952093,8
gwcs,../roman/.data/build21/r0000101001001001001_0001_wfi10_f158_cal.asdf,wfi10,eval,100000,0,0.031853810,8
gwcs,../roman/.data/build21/r0000101001001001001_0001_wfi10_f158_cal.asdf,wfi10,eval,100000,1,0.030437427,8
gwcs,../roman/.data/build21/r0000101001001001001_0001_wfi10_f158_cal.asdf,wfi10,eval,100000,2,0.031660993,8
gwcs,../roman/.data/build21/r0000101001001001001_0001_wfi10_f158_cal.asdf,wfi10,eval,100000,3,0.030093751,8
gwcs,../roman/.data/build21/r0000101001001001001_0001_wfi10_f158_cal.asdf,wfi10,eval,100000,4,0.031183072,8
gwcs,../roman/.data/build21/r0000101001001001001_0001_wfi10_f158_cal.asdf,wfi10,eval,1000000,0,0.439248783,8
gwcs,../roman/.data/build21/r0000101001001001001_0001_wfi10_f158_cal.asdf,wfi10,eval,1000000,1,0.437621469,8
gwcs,../roman/.data/build21/r0000101001001001001_0001_wfi10_f158_cal.asdf,wfi10,eval,1000000,2,0.413579782,8
gwcs,../roman/.data/build21/r0000101001001001001_0001_wfi11_f158_cal.asdf,wfi11,parse_cold,0,0,0.960384566,8
gwcs,../roman/.data/build21/r0000101001001001001_0001_wfi11_f158_cal.asdf,wfi11,parse_hot,0,0,0.966126962,8
gwcs,../roman/.data/build21/r0000101001001001001_0001_wfi11_f158_cal.asdf,wfi11,eval,1,0,0.005375363,8
gwcs,../roman/.data/build21/r0000101001001001001_0001_wfi11_f158_cal.asdf,wfi11,eval,1,1,0.004987946,8
gwcs,../roman/.data/build21/r0000101001001001001_0001_wfi11_f158_cal.asdf,wfi11,eval,1,2,0.004346141,8
gwcs,../roman/.data/build21/r0000101001001001001_0001_wfi11_f158_cal.asdf,wfi11,eval,1,3,0.004585621,8
gwcs,../roman/.data/build21/r0000101001001001001_0001_wfi11_f158_cal.asdf,wfi11,eval,1,4,0.004021035,8
gwcs,../roman/.data/build21/r0000101001001001001_0001_wfi11_f158_cal.asdf,wfi11,eval,1,5,0.004121962,8
gwcs,../roman/.data/build21/r0000101001001001001_0001_wfi11_f158_cal.asdf,wfi11,eval,1,6,0.004232622,8
gwcs,../roman/.data/build21/r0000101001001001001_0001_wfi11_f158_cal.asdf,wfi11,eval,1,7,0.004024545,8
gwcs,../roman/.data/build21/r0000101001001001001_0001_wfi11_f158_cal.asdf,wfi11,eval,1,8,0.004003905,8
gwcs,../roman/.data/build21/r0000101001001001001_0001_wfi11_f158_cal.asdf,wfi11,eval,1,9,0.003854164,8
gwcs,../roman/.data/build21/r0000101001001001001_0001_wfi11_f158_cal.asdf,wfi11,eval,1,10,0.004111456,8
gwcs,../roman/.data/build21/r0000101001001001001_0001_wfi11_f158_cal.asdf,wfi11,eval,1,11,0.004431687,8
gwcs,../roman/.data/build21/r0000101001001001001_0001_wfi11_f158_cal.asdf,wfi11,eval,1,12,0.004026116,8
gwcs,../roman/.data/build21/r0000101001001001001_0001_wfi11_f158_cal.asdf,wfi11,eval,1,13,0.004737502,8
gwcs,../roman/.data/build21/r0000101001001001001_0001_wfi11_f158_cal.asdf,wfi11,eval,1,14,0.003821652,8
gwcs,../roman/.data/build21/r0000101001001001001_0001_wfi11_f158_cal.asdf,wfi11,eval,1,15,0.004100904,8
gwcs,../roman/.data/build21/r0000101001001001001_0001_wfi11_f158_cal.asdf,wfi11,eval,1,16,0.003997235,8
gwcs,../roman/.data/build21/r0000101001001001001_0001_wfi11_f158_cal.asdf,wfi11,eval,1,17,0.003932670,8
gwcs,../roman/.data/build21/r0000101001001001001_0001_wfi11_f158_cal.asdf,wfi11,eval,1,18,0.003940200,8
gwcs,../roman/.data/build21/r0000101001001001001_0001_wfi11_f158_cal.asdf,wfi11,eval,1,19,0.004030280,8
gwcs,../roman/.data/build21/r0000101001001001001_0001_wfi11_f158_cal.asdf,wfi11,eval,1,20,0.003850684,8
gwcs,../roman/.data/build21/r0000101001001001001_0001_wfi11_f158_cal.asdf,wfi11,eval,1,21,0.003968804,8
gwcs,../roman/.data/build21/r0000101001001001001_0001_wfi11_f158_cal.asdf,wfi11,eval,1,22,0.004022329,8
gwcs,../roman/.data/build21/r0000101001001001001_0001_wfi11_f158_cal.asdf,wfi11,eval,1,23,0.004117575,8
gwcs,../roman/.data/build21/r0000101001001001001_0001_wfi11_f158_cal.asdf,wfi11,eval,1,24,0.004042025,8
gwcs,../roman/.data/build21/r0000101001001001001_0001_wfi11_f158_cal.asdf,wfi11,eval,1,25,0.004116846,8
gwcs,../roman/.data/build21/r0000101001001001001_0001_wfi11_f158_cal.asdf,wfi11,eval,1,26,0.004238507,8
gwcs,../roman/.data/build21/r0000101001001001001_0001_wfi11_f158_cal.asdf,wfi11,eval,1,27,0.003959198,8
gwcs,../roman/.data/build21/r0000101001001001001_0001_wfi11_f158_cal.asdf,wfi11,eval,1,28,0.003980205,8
gwcs,../roman/.data/build21/r0000101001001001001_0001_wfi11_f158_cal.asdf,wfi11,eval,1,29,0.003990452,8
gwcs,../roman/.data/build21/r0000101001001001001_0001_wfi11_f158_cal.asdf,wfi11,eval,1,30,0.004186552,8
gwcs,../roman/.data/build21/r0000101001001001001_0001_wfi11_f158_cal.asdf,wfi11,eval,1,31,0.005102754,8
gwcs,../roman/.data/build21/r0000101001001001001_0001_wfi11_f158_cal.asdf,wfi11,eval,1,32,0.003833617,8
gwcs,../roman/.data/build21/r0000101001001001001_0001_wfi11_f158_cal.asdf,wfi11,eval,1,33,0.003947885,8
gwcs,../roman/.data/build21/r0000101001001001001_0001_wfi11_f158_cal.asdf,wfi11,eval,1,34,0.003875408,8
gwcs,../roman/.data/build21/r0000101001001001001_0001_wfi11_f158_cal.asdf,wfi11,eval,1,35,0.004103945,8
gwcs,../roman/.data/build21/r0000101001001001001_0001_wfi11_f158_cal.asdf,wfi11,eval,1,36,0.003943879,8
gwcs,../roman/.data/build21/r0000101001001001001_0001_wfi11_f158_cal.asdf,wfi11,eval,1,37,0.004916482,8
gwcs,../roman/.data/build21/r0000101001001001001_0001_wfi11_f158_cal.asdf,wfi11,eval,1,38,0.005227813,8
gwcs,../roman/.data/build21/r0000101001001001001_0001_wfi11_f158_cal.asdf,wfi11,eval,1,39,0.003886892,8
gwcs,../roman/.data/build21/r0000101001001001001_0001_wfi11_f158_cal.asdf,wfi11,eval,1,40,0.004116722,8
gwcs,../roman/.data/build21/r0000101001001001001_0001_wfi11_f158_cal.asdf,wfi11,eval,1,41,0.004011578,8
gwcs,../roman/.data/build21/r0000101001001001001_0001_wfi11_f158_cal.asdf,wfi11,eval,1,42,0.003886384,8
gwcs,../roman/.data/build21/r0000101001001001001_0001_wfi11_f158_cal.asdf,wfi11,eval,1,43,0.004032092,8
gwcs,../roman/.data/build21/r0000101001001001001_0001_wfi11_f158_cal.asdf,wfi11,eval,1,44,0.004121055,8
gwcs,../roman/.data/build21/r0000101001001001001_0001_wfi11_f158_cal.asdf,wfi11,eval,1,45,0.003939833,8
gwcs,../roman/.data/build21/r0000101001001001001_0001_wfi11_f158_cal.asdf,wfi11,eval,1,46,0.004111121,8
gwcs,../roman/.data/build21/r0000101001001001001_0001_wfi11_f158_cal.asdf,wfi11,eval,1,47,0.003828761,8
gwcs,../roman/.data/build21/r0000101001001001001_0001_wfi11_f158_cal.asdf,wfi11,eval,1,48,0.005032678,8
gwcs,../roman/.data/build21/r0000101001001001001_0001_wfi11_f158_cal.asdf,wfi11,eval,1,49,0.004121236,8
gwcs,../roman/.data/build21/r0000101001001001001_0001_wfi11_f158_cal.asdf,wfi11,eval,10,0,0.010281968,8
gwcs,../roman/.data/build21/r0000101001001001001_0001_wfi11_f158_cal.asdf,wfi11,eval,10,1,0.011451190,8
gwcs,../roman/.data/build21/r0000101001001001001_0001_wfi11_f158_cal.asdf,wfi11,eval,10,2,0.007277926,8
gwcs,../roman/.data/build21/r0000101001001001001_0001_wfi11_f158_cal.asdf,wfi11,eval,10,3,0.004006977,8
gwcs,../roman/.data/build21/r0000101001001001001_0001_wfi11_f158_cal.asdf,wfi11,eval,10,4,0.004250710,8
gwcs,../roman/.data/build21/r0000101001001001001_0001_wfi11_f158_cal.asdf,wfi11,eval,10,5,0.003943256,8
gwcs,../roman/.data/build21/r0000101001001001001_0001_wfi11_f158_cal.asdf,wfi11,eval,10,6,0.004368600,8
gwcs,../roman/.data/build21/r0000101001001001001_0001_wfi11_f158_cal.asdf,wfi11,eval,10,7,0.004200675,8
gwcs,../roman/.data/build21/r0000101001001001001_0001_wfi11_f158_cal.asdf,wfi11,eval,10,8,0.003933699,8
gwcs,../roman/.data/build21/r0000101001001001001_0001_wfi11_f158_cal.asdf,wfi11,eval,10,9,0.004123695,8
gwcs,../roman/.data/build21/r0000101001001001001_0001_wfi11_f158_cal.asdf,wfi11,eval,10,10,0.004045789,8
gwcs,../roman/.data/build21/r0000101001001001001_0001_wfi11_f158_cal.asdf,wfi11,eval,10,11,0.003906080,8
gwcs,../roman/.data/build21/r0000101001001001001_0001_wfi11_f158_cal.asdf,wfi11,eval,10,12,0.004012574,8
gwcs,../roman/.data/build21/r0000101001001001001_0001_wfi11_f158_cal.asdf,wfi11,eval,10,13,0.003940179,8
gwcs,../roman/.data/build21/r0000101001001001001_0001_wfi11_f158_cal.asdf,wfi11,eval,10,14,0.004044413,8
gwcs,../roman/.data/build21/r0000101001001001001_0001_wfi11_f158_cal.asdf,wfi11,eval,10,15,0.004066491,8
gwcs,../roman/.data/build21/r0000101001001001001_0001_wfi11_f158_cal.asdf,wfi11,eval,10,16,0.004103982,8
gwcs,../roman/.data/build21/r0000101001001001001_0001_wfi11_f158_cal.asdf,wfi11,eval,10,17,0.004020585,8
gwcs,../roman/.data/build21/r0000101001001001001_0001_wfi11_f158_cal.asdf,wfi11,eval,10,18,0.003901873,8
gwcs,../roman/.data/build21/r0000101001001001001_0001_wfi11_f158_cal.asdf,wfi11,eval,10,19,0.004232294,8
gwcs,../roman/.data/build21/r0000101001001001001_0001_wfi11_f158_cal.asdf,wfi11,eval,10,20,0.004865849,8
gwcs,../roman/.data/build21/r0000101001001001001_0001_wfi11_f158_cal.asdf,wfi11,eval,10,21,0.003916616,8
gwcs,../roman/.data/build21/r0000101001001001001_0001_wfi11_f158_cal.asdf,wfi11,eval,10,22,0.004038277,8
gwcs,../roman/.data/build21/r0000101001001001001_0001_wfi11_f158_cal.asdf,wfi11,eval,10,23,0.004051959,8
gwcs,../roman/.data/build21/r0000101001001001001_0001_wfi11_f158_cal.asdf,wfi11,eval,10,24,0.003987846,8
gwcs,../roman/.data/build21/r0000101001001001001_0001_wfi11_f158_cal.asdf,wfi11,eval,10,25,0.004438576,8
gwcs,../roman/.data/build21/r0000101001001001001_0001_wfi11_f158_cal.asdf,wfi11,eval,10,26,0.004147794,8
gwcs,../roman/.data/build21/r0000101001001001001_0001_wfi11_f158_cal.asdf,wfi11,eval,10,27,0.004128181,8
gwcs,../roman/.data/build21/r0000101001001001001_0001_wfi11_f158_cal.asdf,wfi11,eval,10,28,0.003997895,8
gwcs,../roman/.data/build21/r0000101001001001001_0001_wfi11_f158_cal.asdf,wfi11,eval,10,29,0.003969480,8
gwcs,../roman/.data/build21/r0000101001001001001_0001_wfi11_f158_cal.asdf,wfi11,eval,10,30,0.004032698,8
gwcs,../roman/.data/build21/r0000101001001001001_0001_wfi11_f158_cal.asdf,wfi11,eval,10,31,0.004344993,8
gwcs,../roman/.data/build21/r0000101001001001001_0001_wfi11_f158_cal.asdf,wfi11,eval,10,32,0.003932108,8
gwcs,../roman/.data/build21/r0000101001001001001_0001_wfi11_f158_cal.asdf,wfi11,eval,10,33,0.004149691,8
gwcs,../roman/.data/build21/r0000101001001001001_0001_wfi11_f158_cal.asdf,wfi11,eval,10,34,0.003985920,8
gwcs,../roman/.data/build21/r0000101001001001001_0001_wfi11_f158_cal.asdf,wfi11,eval,10,35,0.004075455,8
gwcs,../roman/.data/build21/r0000101001001001001_0001_wfi11_f158_cal.asdf,wfi11,eval,10,36,0.004043166,8
gwcs,../roman/.data/build21/r0000101001001001001_0001_wfi11_f158_cal.asdf,wfi11,eval,10,37,0.003969260,8
gwcs,../roman/.data/build21/r0000101001001001001_0001_wfi11_f158_cal.asdf,wfi11,eval,10,38,0.004109254,8
gwcs,../roman/.data/build21/r0000101001001001001_0001_wfi11_f158_cal.asdf,wfi11,eval,10,39,0.004874479,8
gwcs,../roman/.data/build21/r0000101001001001001_0001_wfi11_f158_cal.asdf,wfi11,eval,10,40,0.004018283,8
gwcs,../roman/.data/build21/r0000101001001001001_0001_wfi11_f158_cal.asdf,wfi11,eval,10,41,0.005560419,8
gwcs,../roman/.data/build21/r0000101001001001001_0001_wfi11_f158_cal.asdf,wfi11,eval,10,42,0.004165313,8
gwcs,../roman/.data/build21/r0000101001001001001_0001_wfi11_f158_cal.asdf,wfi11,eval,10,43,0.004385238,8
gwcs,../roman/.data/build21/r0000101001001001001_0001_wfi11_f158_cal.asdf,wfi11,eval,10,44,0.004936377,8
gwcs,../roman/.data/build21/r0000101001001001001_0001_wfi11_f158_cal.asdf,wfi11,eval,10,45,0.005351400,8
gwcs,../roman/.data/build21/r0000101001001001001_0001_wfi11_f158_cal.asdf,wfi11,eval,10,46,0.004202978,8
gwcs,../roman/.data/build21/r0000101001001001001_0001_wfi11_f158_cal.asdf,wfi11,eval,10,47,0.003943176,8
gwcs,../roman/.data/build21/r0000101001001001001_0001_wfi11_f158_cal.asdf,wfi11,eval,10,48,0.004155868,8
gwcs,../roman/.data/build21/r0000101001001001001_0001_wfi11_f158_cal.asdf,wfi11,eval,10,49,0.004143130,8
gwcs,../roman/.data/build21/r0000101001001001001_0001_wfi11_f158_cal.asdf,wfi11,eval,100,0,0.004829071,8
gwcs,../roman/.data/build21/r0000101001001001001_0001_wfi11_f158_cal.asdf,wfi11,eval,100,1,0.004983242,8
gwcs,../roman/.data/build21/r0000101001001001001_0001_wfi11_f158_cal.asdf,wfi11,eval,100,2,0.004582584,8
gwcs,../roman/.data/build21/r0000101001001001001_0001_wfi11_f158_cal.asdf,wfi11,eval,100,3,0.003938454,8
gwcs,../roman/.data/build21/r0000101001001001001_0001_wfi11_f158_cal.asdf,wfi11,eval,100,4,0.004510115,8
gwcs,../roman/.data/build21/r0000101001001001001_0001_wfi11_f158_cal.asdf,wfi11,eval,100,5,0.003903735,8
gwcs,../roman/.data/build21/r0000101001001001001_0001_wfi11_f158_cal.asdf,wfi11,eval,100,6,0.004311864,8
gwcs,../roman/.data/build21/r0000101001001001001_0001_wfi11_f158_cal.asdf,wfi11,eval,100,7,0.004199287,8
gwcs,../roman/.data/build21/r0000101001001001001_0001_wfi11_f158_cal.asdf,wfi11,eval,100,8,0.004023497,8
gwcs,../roman/.data/build21/r0000101001001001001_0001_wfi11_f158_cal.asdf,wfi11,eval,100,9,0.005029982,8
gwcs,../roman/.data/build21/r0000101001001001001_0001_wfi11_f158_cal.asdf,wfi11,eval,100,10,0.004071581,8
gwcs,../roman/.data/build21/r0000101001001001001_0001_wfi11_f158_cal.asdf,wfi11,eval,100,11,0.004110393,8
gwcs,../roman/.data/build21/r0000101001001001001_0001_wfi11_f158_cal.asdf,wfi11,eval,100,12,0.004029123,8
gwcs,../roman/.data/build21/r0000101001001001001_0001_wfi11_f158_cal.asdf,wfi11,eval,100,13,0.003977746,8
gwcs,../roman/.data/build21/r0000101001001001001_0001_wfi11_f158_cal.asdf,wfi11,eval,100,14,0.004243716,8
gwcs,../roman/.data/build21/r0000101001001001001_0001_wfi11_f158_cal.asdf,wfi11,eval,100,15,0.004101002,8
gwcs,../roman/.data/build21/r0000101001001001001_0001_wfi11_f158_cal.asdf,wfi11,eval,100,16,0.003956554,8
gwcs,../roman/.data/build21/r0000101001001001001_0001_wfi11_f158_cal.asdf,wfi11,eval,100,17,0.004095904,8
gwcs,../roman/.data/build21/r0000101001001001001_0001_wfi11_f158_cal.asdf,wfi11,eval,100,18,0.004158452,8
gwcs,../roman/.data/build21/r0000101001001001001_0001_wfi11_f158_cal.asdf,wfi11,eval,100,19,0.003933856,8
gwcs,../roman/.data/build21/r0000101001001001001_0001_wfi11_f158_cal.asdf,wfi11,eval,100,20,0.004115488,8
gwcs,../roman/.data/build21/r0000101001001001001_0001_wfi11_f158_cal.asdf,wfi11,eval,100,21,0.004159844,8
gwcs,../roman/.data/build21/r0000101001001001001_0001_wfi11_f158_cal.asdf,wfi11,eval,100,22,0.004149223,8
gwcs,../roman/.data/build21/r0000101001001001001_0001_wfi11_f158_cal.asdf,wfi11,eval,100,23,0.004050143,8
gwcs,../roman/.data/build21/r0000101001001001001_0001_wfi11_f158_cal.asdf,wfi11,eval,100,24,0.003950665,8
gwcs,../roman/.data/build21/r0000101001001001001_0001_wfi11_f158_cal.asdf,wfi11,eval,100,25,0.004151335,8
gwcs,../roman/.data/build21/r0000101001001001001_0001_wfi11_f158_cal.asdf,wfi11,eval,100,26,0.003953615,8
gwcs,../roman/.data/build21/r0000101001001001001_0001_wfi11_f158_cal.asdf,wfi11,eval,100,27,0.004052890,8
gwcs,../roman/.data/build21/r0000101001001001001_0001_wfi11_f158_cal.asdf,wfi11,eval,100,28,0.005531716,8
gwcs,../roman/.data/build21/r0000101001001001001_0001_wfi11_f158_cal.asdf,wfi11,eval,100,29,0.005583328,8
gwcs,../roman/.data/build21/r0000101001001001001_0001_wfi11_f158_cal.asdf,wfi11,eval,1000,0,0.006395373,8
gwcs,../roman/.data/build21/r0000101001001001001_0001_wfi11_f158_cal.asdf,wfi11,eval,1000,1,0.005603251,8
gwcs,../roman/.data/build21/r0000101001001001001_0001_wfi11_f158_cal.asdf,wfi11,eval,1000,2,0.004731091,8
gwcs,../roman/.data/build21/r0000101001001001001_0001_wfi11_f158_cal.asdf,wfi11,eval,1000,3,0.004423171,8
gwcs,../roman/.data/build21/r0000101001001001001_0001_wfi11_f158_cal.asdf,wfi11,eval,1000,4,0.004241012,8
gwcs,../roman/.data/build21/r0000101001001001001_0001_wfi11_f158_cal.asdf,wfi11,eval,1000,5,0.004466772,8
gwcs,../roman/.data/build21/r0000101001001001001_0001_wfi11_f158_cal.asdf,wfi11,eval,1000,6,0.004663475,8
gwcs,../roman/.data/build21/r0000101001001001001_0001_wfi11_f158_cal.asdf,wfi11,eval,1000,7,0.004524657,8
gwcs,../roman/.data/build21/r0000101001001001001_0001_wfi11_f158_cal.asdf,wfi11,eval,1000,8,0.004954541,8
gwcs,../roman/.data/build21/r0000101001001001001_0001_wfi11_f158_cal.asdf,wfi11,eval,1000,9,0.004559037,8
gwcs,../roman/.data/build21/r0000101001001001001_0001_wfi11_f158_cal.asdf,wfi11,eval,1000,10,0.004412379,8
gwcs,../roman/.data/build21/r0000101001001001001_0001_wfi11_f158_cal.asdf,wfi11,eval,1000,11,0.004498978,8
gwcs,../roman/.data/build21/r0000101001001001001_0001_wfi11_f158_cal.asdf,wfi11,eval,1000,12,0.004216547,8
gwcs,../roman/.data/build21/r0000101001001001001_0001_wfi11_f158_cal.asdf,wfi11,eval,1000,13,0.004514945,8
gwcs,../roman/.data/build21/r0000101001001001001_0001_wfi11_f158_cal.asdf,wfi11,eval,1000,14,0.005473359,8
gwcs,../roman/.data/build21/r0000101001001001001_0001_wfi11_f158_cal.asdf,wfi11,eval,10000,0,0.010620897,8
gwcs,../roman/.data/build21/r0000101001001001001_0001_wfi11_f158_cal.asdf,wfi11,eval,10000,1,0.007382250,8
gwcs,../roman/.data/build21/r0000101001001001001_0001_wfi11_f158_cal.asdf,wfi11,eval,10000,2,0.008281409,8
gwcs,../roman/.data/build21/r0000101001001001001_0001_wfi11_f158_cal.asdf,wfi11,eval,10000,3,0.007032733,8
gwcs,../roman/.data/build21/r0000101001001001001_0001_wfi11_f158_cal.asdf,wfi11,eval,10000,4,0.007094707,8
gwcs,../roman/.data/build21/r0000101001001001001_0001_wfi11_f158_cal.asdf,wfi11,eval,10000,5,0.007145442,8
gwcs,../roman/.data/build21/r0000101001001001001_0001_wfi11_f158_cal.asdf,wfi11,eval,10000,6,0.007303487,8
gwcs,../roman/.data/build21/r0000101001001001001_0001_wfi11_f158_cal.asdf,wfi11,eval,10000,7,0.007214704,8
gwcs,../roman/.data/build21/r0000101001001001001_0001_wfi11_f158_cal.asdf,wfi11,eval,100000,0,0.034924421,8
gwcs,../roman/.data/build21/r0000101001001001001_0001_wfi11_f158_cal.asdf,wfi11,eval,100000,1,0.031992307,8
gwcs,../roman/.data/build21/r0000101001001001001_0001_wfi11_f158_cal.asdf,wfi11,eval,100000,2,0.031362081,8
gwcs,../roman/.data/build21/r0000101001001001001_0001_wfi11_f158_cal.asdf,wfi11,eval,100000,3,0.034620510,8
gwcs,../roman/.data/build21/r0000101001001001001_0001_wfi11_f158_cal.asdf,wfi11,eval,100000,4,0.034561967,8
gwcs,../roman/.data/build21/r0000101001001001001_0001_wfi11_f158_cal.asdf,wfi11,eval,1000000,0,0.718479226,8
gwcs,../roman/.data/build21/r0000101001001001001_0001_wfi11_f158_cal.asdf,wfi11,eval,1000000,1,0.688730151,8
gwcs,../roman/.data/build21/r0000101001001001001_0001_wfi11_f158_cal.asdf,wfi11,eval,1000000,2,0.626054131,8
gwcs,../roman/.data/build21/r0000101001001001001_0001_wfi12_f158_cal.asdf,wfi12,parse_cold,0,0,0.944425639,8
gwcs,../roman/.data/build21/r0000101001001001001_0001_wfi12_f158_cal.asdf,wfi12,parse_hot,0,0,0.953406543,8
gwcs,../roman/.data/build21/r0000101001001001001_0001_wfi12_f158_cal.asdf,wfi12,eval,1,0,0.004809866,8
gwcs,../roman/.data/build21/r0000101001001001001_0001_wfi12_f158_cal.asdf,wfi12,eval,1,1,0.005594624,8
gwcs,../roman/.data/build21/r0000101001001001001_0001_wfi12_f158_cal.asdf,wfi12,eval,1,2,0.004682661,8
gwcs,../roman/.data/build21/r0000101001001001001_0001_wfi12_f158_cal.asdf,wfi12,eval,1,3,0.004174304,8
gwcs,../roman/.data/build21/r0000101001001001001_0001_wfi12_f158_cal.asdf,wfi12,eval,1,4,0.004497007,8
gwcs,../roman/.data/build21/r0000101001001001001_0001_wfi12_f158_cal.asdf,wfi12,eval,1,5,0.005033977,8
gwcs,../roman/.data/build21/r0000101001001001001_0001_wfi12_f158_cal.asdf,wfi12,eval,1,6,0.004505989,8
gwcs,../roman/.data/build21/r0000101001001001001_0001_wfi12_f158_cal.asdf,wfi12,eval,1,7,0.004231157,8
gwcs,../roman/.data/build21/r0000101001001001001_0001_wfi12_f158_cal.asdf,wfi12,eval,1,8,0.004224172,8
gwcs,../roman/.data/build21/r0000101001001001001_0001_wfi12_f158_cal.asdf,wfi12,eval,1,9,0.004375573,8
gwcs,../roman/.data/build21/r0000101001001001001_0001_wfi12_f158_cal.asdf,wfi12,eval,1,10,0.004152048,8
gwcs,../roman/.data/build21/r0000101001001001001_0001_wfi12_f158_cal.asdf,wfi12,eval,1,11,0.004213763,8
gwcs,../roman/.data/build21/r0000101001001001001_0001_wfi12_f158_cal.asdf,wfi12,eval,1,12,0.004096656,8
gwcs,../roman/.data/build21/r0000101001001001001_0001_wfi12_f158_cal.asdf,wfi12,eval,1,13,0.003901576,8
gwcs,../roman/.data/build21/r0000101001001001001_0001_wfi12_f158_cal.asdf,wfi12,eval,1,14,0.003902794,8
gwcs,../roman/.data/build21/r0000101001001001001_0001_wfi12_f158_cal.asdf,wfi12,eval,1,15,0.003912595,8
gwcs,../roman/.data/build21/r0000101001001001001_0001_wfi12_f158_cal.asdf,wfi12,eval,1,16,0.004069046,8
gwcs,../roman/.data/build21/r0000101001001001001_0001_wfi12_f158_cal.asdf,wfi12,eval,1,17,0.005116395,8
gwcs,../roman/.data/build21/r0000101001001001001_0001_wfi12_f158_cal.asdf,wfi12,eval,1,18,0.003899777,8
gwcs,../roman/.data/build21/r0000101001001001001_0001_wfi12_f158_cal.asdf,wfi12,eval,1,19,0.003986647,8
gwcs,../roman/.data/build21/r0000101001001001001_0001_wfi12_f158_cal.asdf,wfi12,eval,1,20,0.003912546,8
gwcs,../roman/.data/build21/r0000101001001001001_0001_wfi12_f158_cal.asdf,wfi12,eval,1,21,0.003894915,8
gwcs,../roman/.data/build21/r0000101001001001001_0001_wfi12_f158_cal.asdf,wfi12,eval,1,22,0.004098123,8
gwcs,../roman/.data/build21/r0000101001001001001_0001_wfi12_f158_cal.asdf,wfi12,eval,1,23,0.003824319,8
gwcs,../roman/.data/build21/r0000101001001001001_0001_wfi12_f158_cal.asdf,wfi12,eval,1,24,0.004016066,8
gwcs,../roman/.data/build21/r0000101001001001001_0001_wfi12_f158_cal.asdf,wfi12,eval,1,25,0.004137461,8
gwcs,../roman/.data/build21/r0000101001001001001_0001_wfi12_f158_cal.asdf,wfi12,eval,1,26,0.004599886,8
gwcs,../roman/.data/build21/r0000101001001001001_0001_wfi12_f158_cal.asdf,wfi12,eval,1,27,0.004169980,8
gwcs,../roman/.data/build21/r0000101001001001001_0001_wfi12_f158_cal.asdf,wfi12,eval,1,28,0.004195227,8
gwcs,../roman/.data/build21/r0000101001001001001_0001_wfi12_f158_cal.asdf,wfi12,eval,1,29,0.003996065,8
gwcs,../roman/.data/build21/r0000101001001001001_0001_wfi12_f158_cal.asdf,wfi12,eval,1,30,0.005013327,8
gwcs,../roman/.data/build21/r0000101001001001001_0001_wfi12_f158_cal.asdf,wfi12,eval,1,31,0.004148147,8
gwcs,../roman/.data/build21/r0000101001001001001_0001_wfi12_f158_cal.asdf,wfi12,eval,1,32,0.004113285,8
gwcs,../roman/.data/build21/r0000101001001001001_0001_wfi12_f158_cal.asdf,wfi12,eval,1,33,0.003999583,8
gwcs,../roman/.data/build21/r0000101001001001001_0001_wfi12_f158_cal.asdf,wfi12,eval,1,34,0.003965829,8
gwcs,../roman/.data/build21/r0000101001001001001_0001_wfi12_f158_cal.asdf,wfi12,eval,1,35,0.004110551,8
gwcs,../roman/.data/build21/r0000101001001001001_0001_wfi12_f158_cal.asdf,wfi12,eval,1,36,0.003852820,8
gwcs,../roman/.data/build21/r0000101001001001001_0001_wfi12_f158_cal.asdf,wfi12,eval,1,37,0.004985340,8
gwcs,../roman/.data/build21/r0000101001001001001_0001_wfi12_f158_cal.asdf,wfi12,eval,1,38,0.004030099,8
gwcs,../roman/.data/build21/r0000101001001001001_0001_wfi12_f158_cal.asdf,wfi12,eval,1,39,0.003835769,8
gwcs,../roman/.data/build21/r0000101001001001001_0001_wfi12_f158_cal.asdf,wfi12,eval,1,40,0.004182478,8
gwcs,../roman/.data/build21/r0000101001001001001_0001_wfi12_f158_cal.asdf,wfi12,eval,1,41,0.003926999,8
gwcs,../roman/.data/build21/r0000101001001001001_0001_wfi12_f158_cal.asdf,wfi12,eval,1,42,0.004529949,8
gwcs,../roman/.data/build21/r0000101001001001001_0001_wfi12_f158_cal.asdf,wfi12,eval,1,43,0.005958742,8
gwcs,../roman/.data/build21/r0000101001001001001_0001_wfi12_f158_cal.asdf,wfi12,eval,1,44,0.003992457,8
gwcs,../roman/.data/build21/r0000101001001001001_0001_wfi12_f158_cal.asdf,wfi12,eval,1,45,0.004137733,8
gwcs,../roman/.data/build21/r0000101001001001001_0001_wfi12_f158_cal.asdf,wfi12,eval,1,46,0.004051051,8
gwcs,../roman/.data/build21/r0000101001001001001_0001_wfi12_f158_cal.asdf,wfi12,eval,1,47,0.004068803,8
gwcs,../roman/.data/build21/r0000101001001001001_0001_wfi12_f158_cal.asdf,wfi12,eval,1,48,0.004207422,8
gwcs,../roman/.data/build21/r0000101001001001001_0001_wfi12_f158_cal.asdf,wfi12,eval,1,49,0.003955132,8
gwcs,../roman/.data/build21/r0000101001001001001_0001_wfi12_f158_cal.asdf,wfi12,eval,10,0,0.005581193,8
gwcs,../roman/.data/build21/r0000101001001001001_0001_wfi12_f158_cal.asdf,wfi12,eval,10,1,0.004660886,8
gwcs,../roman/.data/build21/r0000101001001001001_0001_wfi12_f158_cal.asdf,wfi12,eval,10,2,0.004341401,8
gwcs,../roman/.data/build21/r0000101001001001001_0001_wfi12_f158_cal.asdf,wfi12,eval,10,3,0.004404378,8
gwcs,../roman/.data/build21/r0000101001001001001_0001_wfi12_f158_cal.asdf,wfi12,eval,10,4,0.004689732,8
gwcs,../roman/.data/build21/r0000101001001001001_0001_wfi12_f158_cal.asdf,wfi12,eval,10,5,0.004339615,8
gwcs,../roman/.data/build21/r0000101001001001001_0001_wfi12_f158_cal.asdf,wfi12,eval,10,6,0.005345611,8
gwcs,../roman/.data/build21/r0000101001001001001_0001_wfi12_f158_cal.asdf,wfi12,eval,10,7,0.004232323,8
gwcs,../roman/.data/build21/r0000101001001001001_0001_wfi12_f158_cal.asdf,wfi12,eval,10,8,0.004596548,8
gwcs,../roman/.data/build21/r0000101001001001001_0001_wfi12_f158_cal.asdf,wfi12,eval,10,9,0.004165997,8
gwcs,../roman/.data/build21/r0000101001001001001_0001_wfi12_f158_cal.asdf,wfi12,eval,10,10,0.004057449,8
gwcs,../roman/.data/build21/r0000101001001001001_0001_wfi12_f158_cal.asdf,wfi12,eval,10,11,0.004262793,8
gwcs,../roman/.data/build21/r0000101001001001001_0001_wfi12_f158_cal.asdf,wfi12,eval,10,12,0.004315158,8
gwcs,../roman/.data/build21/r0000101001001001001_0001_wfi12_f158_cal.asdf,wfi12,eval,10,13,0.004356510,8
gwcs,../roman/.data/build21/r0000101001001001001_0001_wfi12_f158_cal.asdf,wfi12,eval,10,14,0.004292520,8
gwcs,../roman/.data/build21/r0000101001001001001_0001_wfi12_f158_cal.asdf,wfi12,eval,10,15,0.004011083,8
gwcs,../roman/.data/build21/r0000101001001001001_0001_wfi12_f158_cal.asdf,wfi12,eval,10,16,0.004066117,8
gwcs,../roman/.data/build21/r0000101001001001001_0001_wfi12_f158_cal.asdf,wfi12,eval,10,17,0.003978434,8
gwcs,../roman/.data/build21/r0000101001001001001_0001_wfi12_f158_cal.asdf,wfi12,eval,10,18,0.004201655,8
gwcs,../roman/.data/build21/r0000101001001001001_0001_wfi12_f158_cal.asdf,wfi12,eval,10,19,0.004083881,8
gwcs,../roman/.data/build21/r0000101001001001001_0001_wfi12_f158_cal.asdf,wfi12,eval,10,20,0.004089489,8
gwcs,../roman/.data/build21/r0000101001001001001_0001_wfi12_f158_cal.asdf,wfi12,eval,10,21,0.004188038,8
gwcs,../roman/.data/build21/r0000101001001001001_0001_wfi12_f158_cal.asdf,wfi12,eval,10,22,0.004210336,8
gwcs,../roman/.data/build21/r0000101001001001001_0001_wfi12_f158_cal.asdf,wfi12,eval,10,23,0.004019309,8
gwcs,../roman/.data/build21/r0000101001001001001_0001_wfi12_f158_cal.asdf,wfi12,eval,10,24,0.004217405,8
gwcs,../roman/.data/build21/r0000101001001001001_0001_wfi12_f158_cal.asdf,wfi12,eval,10,25,0.005349384,8
gwcs,../roman/.data/build21/r0000101001001001001_0001_wfi12_f158_cal.asdf,wfi12,eval,10,26,0.004248090,8
gwcs,../roman/.data/build21/r0000101001001001001_0001_wfi12_f158_cal.asdf,wfi12,eval,10,27,0.004192061,8
gwcs,../roman/.data/build21/r0000101001001001001_0001_wfi12_f158_cal.asdf,wfi12,eval,10,28,0.004085968,8
gwcs,../roman/.data/build21/r0000101001001001001_0001_wfi12_f158_cal.asdf,wfi12,eval,10,29,0.004669472,8
gwcs,../roman/.data/build21/r0000101001001001001_0001_wfi12_f158_cal.asdf,wfi12,eval,10,30,0.004209884,8
gwcs,../roman/.data/build21/r0000101001001001001_0001_wfi12_f158_cal.asdf,wfi12,eval,10,31,0.004067193,8
gwcs,../roman/.data/build21/r0000101001001001001_0001_wfi12_f158_cal.asdf,wfi12,eval,10,32,0.004168235,8
gwcs,../roman/.data/build21/r0000101001001001001_0001_wfi12_f158_cal.asdf,wfi12,eval,10,33,0.003923153,8
gwcs,../roman/.data/build21/r0000101001001001001_0001_wfi12_f158_cal.asdf,wfi12,eval,10,34,0.004094718,8
gwcs,../roman/.data/build21/r0000101001001001001_0001_wfi12_f158_cal.asdf,wfi12,eval,10,35,0.004055626,8
gwcs,../roman/.data/build21/r0000101001001001001_0001_wfi12_f158_cal.asdf,wfi12,eval,10,36,0.003988538,8
gwcs,../roman/.data/build21/r0000101001001001001_0001_wfi12_f158_cal.asdf,wfi12,eval,10,37,0.004246042,8
gwcs,../roman/.data/build21/r0000101001001001001_0001_wfi12_f158_cal.asdf,wfi12,eval,10,38,0.004198796,8
gwcs,../roman/.data/build21/r0000101001001001001_0001_wfi12_f158_cal.asdf,wfi12,eval,10,39,0.003999509,8
gwcs,../roman/.data/build21/r0000101001001001001_0001_wfi12_f158_cal.asdf,wfi12,eval,10,40,0.004368498,8
gwcs,../roman/.data/build21/r0000101001001001001_0001_wfi12_f158_cal.asdf,wfi12,eval,10,41,0.004170511,8
gwcs,../roman/.data/build21/r0000101001001001001_0001_wfi12_f158_cal.asdf,wfi12,eval,10,42,0.004309378,8
gwcs,../roman/.data/build21/r0000101001001001001_0001_wfi12_f158_cal.asdf,wfi12,eval,10,43,0.004024729,8
gwcs,../roman/.data/build21/r0000101001001001001_0001_wfi12_f158_cal.asdf,wfi12,eval,10,44,0.004036209,8
gwcs,../roman/.data/build21/r0000101001001001001_0001_wfi12_f158_cal.asdf,wfi12,eval,10,45,0.005221155,8
gwcs,../roman/.data/build21/r0000101001001001001_0001_wfi12_f158_cal.asdf,wfi12,eval,10,46,0.004270124,8
gwcs,../roman/.data/build21/r0000101001001001001_0001_wfi12_f158_cal.asdf,wfi12,eval,10,47,0.004115512,8
gwcs,../roman/.data/build21/r0000101001001001001_0001_wfi12_f158_cal.asdf,wfi12,eval,10,48,0.004296831,8
gwcs,../roman/.data/build21/r0000101001001001001_0001_wfi12_f158_cal.asdf,wfi12,eval,10,49,0.003994210,8
gwcs,../roman/.data/build21/r0000101001001001001_0001_wfi12_f158_cal.asdf,wfi12,eval,100,0,0.005512914,8
gwcs,../roman/.data/build21/r0000101001001001001_0001_wfi12_f158_cal.asdf,wfi12,eval,100,1,0.005758070,8
gwcs,../roman/.data/build21/r0000101001001001001_0001_wfi12_f158_cal.asdf,wfi12,eval,100,2,0.004940039,8
gwcs,../roman/.data/build21/r0000101001001001001_0001_wfi12_f158_cal.asdf,wfi12,eval,100,3,0.004674246,8
gwcs,../roman/.data/build21/r0000101001001001001_0001_wfi12_f158_cal.asdf,wfi12,eval,100,4,0.004736377,8
gwcs,../roman/.data/build21/r0000101001001001001_0001_wfi12_f158_cal.asdf,wfi12,eval,100,5,0.005006238,8
gwcs,../roman/.data/build21/r0000101001001001001_0001_wfi12_f158_cal.asdf,wfi12,eval,100,6,0.004534142,8
gwcs,../roman/.data/build21/r0000101001001001001_0001_wfi12_f158_cal.asdf,wfi12,eval,100,7,0.004061277,8
gwcs,../roman/.data/build21/r0000101001001001001_0001_wfi12_f158_cal.asdf,wfi12,eval,100,8,0.004347888,8
gwcs,../roman/.data/build21/r0000101001001001001_0001_wfi12_f158_cal.asdf,wfi12,eval,100,9,0.004500505,8
gwcs,../roman/.data/build21/r0000101001001001001_0001_wfi12_f158_cal.asdf,wfi12,eval,100,10,0.004513962,8
gwcs,../roman/.data/build21/r0000101001001001001_0001_wfi12_f158_cal.asdf,wfi12,eval,100,11,0.004377726,8
gwcs,../roman/.data/build21/r0000101001001001001_0001_wfi12_f158_cal.asdf,wfi12,eval,100,12,0.004127518,8
gwcs,../roman/.data/build21/r0000101001001001001_0001_wfi12_f158_cal.asdf,wfi12,eval,100,13,0.004295683,8
gwcs,../roman/.data/build21/r0000101001001001001_0001_wfi12_f158_cal.asdf,wfi12,eval,100,14,0.005497318,8
gwcs,../roman/.data/build21/r0000101001001001001_0001_wfi12_f158_cal.asdf,wfi12,eval,100,15,0.004148319,8
gwcs,../roman/.data/build21/r0000101001001001001_0001_wfi12_f158_cal.asdf,wfi12,eval,100,16,0.004482631,8
gwcs,../roman/.data/build21/r0000101001001001001_0001_wfi12_f158_cal.asdf,wfi12,eval,100,17,0.006517003,8
gwcs,../roman/.data/build21/r0000101001001001001_0001_wfi12_f158_cal.asdf,wfi12,eval,100,18,0.005081442,8
gwcs,../roman/.data/build21/r0000101001001001001_0001_wfi12_f158_cal.asdf,wfi12,eval,100,19,0.004877397,8
gwcs,../roman/.data/build21/r0000101001001001001_0001_wfi12_f158_cal.asdf,wfi12,eval,100,20,0.004291304,8
gwcs,../roman/.data/build21/r0000101001001001001_0001_wfi12_f158_cal.asdf,wfi12,eval,100,21,0.004637932,8
gwcs,../roman/.data/build21/r0000101001001001001_0001_wfi12_f158_cal.asdf,wfi12,eval,100,22,0.004425595,8
gwcs,../roman/.data/build21/r0000101001001001001_0001_wfi12_f158_cal.asdf,wfi12,eval,100,23,0.004302216,8
gwcs,../roman/.data/build21/r0000101001001001001_0001_wfi12_f158_cal.asdf,wfi12,eval,100,24,0.004355027,8
gwcs,../roman/.data/build21/r0000101001001001001_0001_wfi12_f158_cal.asdf,wfi12,eval,100,25,0.004139103,8
gwcs,../roman/.data/build21/r0000101001001001001_0001_wfi12_f158_cal.asdf,wfi12,eval,100,26,0.004479080,8
gwcs,../roman/.data/build21/r0000101001001001001_0001_wfi12_f158_cal.asdf,wfi12,eval,100,27,0.004293498,8
gwcs,../roman/.data/build21/r0000101001001001001_0001_wfi12_f158_cal.asdf,wfi12,eval,100,28,0.004222143,8
gwcs,../roman/.data/build21/r0000101001001001001_0001_wfi12_f158_cal.asdf,wfi12,eval,100,29,0.004453443,8
gwcs,../roman/.data/build21/r0000101001001001001_0001_wfi12_f158_cal.asdf,wfi12,eval,1000,0,0.005752554,8
gwcs,../roman/.data/build21/r0000101001001001001_0001_wfi12_f158_cal.asdf,wfi12,eval,1000,1,0.006276358,8
gwcs,../roman/.data/build21/r0000101001001001001_0001_wfi12_f158_cal.asdf,wfi12,eval,1000,2,0.005035892,8
gwcs,../roman/.data/build21/r0000101001001001001_0001_wfi12_f158_cal.asdf,wfi12,eval,1000,3,0.007558215,8
gwcs,../roman/.data/build21/r0000101001001001001_0001_wfi12_f158_cal.asdf,wfi12,eval,1000,4,0.004957031,8
gwcs,../roman/.data/build21/r0000101001001001001_0001_wfi12_f158_cal.asdf,wfi12,eval,1000,5,0.004800257,8
gwcs,../roman/.data/build21/r0000101001001001001_0001_wfi12_f158_cal.asdf,wfi12,eval,1000,6,0.004824705,8
gwcs,../roman/.data/build21/r0000101001001001001_0001_wfi12_f158_cal.asdf,wfi12,eval,1000,7,0.006612391,8
gwcs,../roman/.data/build21/r0000101001001001001_0001_wfi12_f158_cal.asdf,wfi12,eval,1000,8,0.008803343,8
gwcs,../roman/.data/build21/r0000101001001001001_0001_wfi12_f158_cal.asdf,wfi12,eval,1000,9,0.005947125,8
gwcs,../roman/.data/build21/r0000101001001001001_0001_wfi12_f158_cal.asdf,wfi12,eval,1000,10,0.006415942,8
gwcs,../roman/.data/build21/r0000101001001001001_0001_wfi12_f158_cal.asdf,wfi12,eval,1000,11,0.005568776,8
gwcs,../roman/.data/build21/r0000101001001001001_0001_wfi12_f158_cal.asdf,wfi12,eval,1000,12,0.005355811,8
gwcs,../roman/.data/build21/r0000101001001001001_0001_wfi12_f158_cal.asdf,wfi12,eval,1000,13,0.004934452,8
gwcs,../roman/.data/build21/r0000101001001001001_0001_wfi12_f158_cal.asdf,wfi12,eval,1000,14,0.005944260,8
gwcs,../roman/.data/build21/r0000101001001001001_0001_wfi12_f158_cal.asdf,wfi12,eval,10000,0,0.007800590,8
gwcs,../roman/.data/build21/r0000101001001001001_0001_wfi12_f158_cal.asdf,wfi12,eval,10000,1,0.007233613,8
gwcs,../roman/.data/build21/r0000101001001001001_0001_wfi12_f158_cal.asdf,wfi12,eval,10000,2,0.009283826,8
gwcs,../roman/.data/build21/r0000101001001001001_0001_wfi12_f158_cal.asdf,wfi12,eval,10000,3,0.007670158,8
gwcs,../roman/.data/build21/r0000101001001001001_0001_wfi12_f158_cal.asdf,wfi12,eval,10000,4,0.007325079,8
gwcs,../roman/.data/build21/r0000101001001001001_0001_wfi12_f158_cal.asdf,wfi12,eval,10000,5,0.007068235,8
gwcs,../roman/.data/build21/r0000101001001001001_0001_wfi12_f158_cal.asdf,wfi12,eval,10000,6,0.006832696,8
gwcs,../roman/.data/build21/r0000101001001001001_0001_wfi12_f158_cal.asdf,wfi12,eval,10000,7,0.006615754,8
gwcs,../roman/.data/build21/r0000101001001001001_0001_wfi12_f158_cal.asdf,wfi12,eval,100000,0,0.041683475,8
gwcs,../roman/.data/build21/r0000101001001001001_0001_wfi12_f158_cal.asdf,wfi12,eval,100000,1,0.036764525,8
gwcs,../roman/.data/build21/r0000101001001001001_0001_wfi12_f158_cal.asdf,wfi12,eval,100000,2,0.037998781,8
gwcs,../roman/.data/build21/r0000101001001001001_0001_wfi12_f158_cal.asdf,wfi12,eval,100000,3,0.037914183,8
gwcs,../roman/.data/build21/r0000101001001001001_0001_wfi12_f158_cal.asdf,wfi12,eval,100000,4,0.035634159,8
gwcs,../roman/.data/build21/r0000101001001001001_0001_wfi12_f158_cal.asdf,wfi12,eval,1000000,0,0.657194627,8
gwcs,../roman/.data/build21/r0000101001001001001_0001_wfi12_f158_cal.asdf,wfi12,eval,1000000,1,0.609924566,8
gwcs,../roman/.data/build21/r0000101001001001001_0001_wfi12_f158_cal.asdf,wfi12,eval,1000000,2,0.605251414,8
gwcs,../roman/.data/build21/r0000101001001001001_0001_wfi13_f158_cal.asdf,wfi13,parse_cold,0,0,1.212238579,8
gwcs,../roman/.data/build21/r0000101001001001001_0001_wfi13_f158_cal.asdf,wfi13,parse_hot,0,0,1.095523789,8
gwcs,../roman/.data/build21/r0000101001001001001_0001_wfi13_f158_cal.asdf,wfi13,eval,1,0,0.006461694,8
gwcs,../roman/.data/build21/r0000101001001001001_0001_wfi13_f158_cal.asdf,wfi13,eval,1,1,0.005605730,8
gwcs,../roman/.data/build21/r0000101001001001001_0001_wfi13_f158_cal.asdf,wfi13,eval,1,2,0.004626812,8
gwcs,../roman/.data/build21/r0000101001001001001_0001_wfi13_f158_cal.asdf,wfi13,eval,1,3,0.004300243,8
gwcs,../roman/.data/build21/r0000101001001001001_0001_wfi13_f158_cal.asdf,wfi13,eval,1,4,0.004126545,8
gwcs,../roman/.data/build21/r0000101001001001001_0001_wfi13_f158_cal.asdf,wfi13,eval,1,5,0.004061964,8
gwcs,../roman/.data/build21/r0000101001001001001_0001_wfi13_f158_cal.asdf,wfi13,eval,1,6,0.006455372,8
gwcs,../roman/.data/build21/r0000101001001001001_0001_wfi13_f158_cal.asdf,wfi13,eval,1,7,0.006218215,8
gwcs,../roman/.data/build21/r0000101001001001001_0001_wfi13_f158_cal.asdf,wfi13,eval,1,8,0.005073017,8
gwcs,../roman/.data/build21/r0000101001001001001_0001_wfi13_f158_cal.asdf,wfi13,eval,1,9,0.005013164,8
gwcs,../roman/.data/build21/r0000101001001001001_0001_wfi13_f158_cal.asdf,wfi13,eval,1,10,0.004608775,8
gwcs,../roman/.data/build21/r0000101001001001001_0001_wfi13_f158_cal.asdf,wfi13,eval,1,11,0.004372258,8
gwcs,../roman/.data/build21/r0000101001001001001_0001_wfi13_f158_cal.asdf,wfi13,eval,1,12,0.004518312,8
gwcs,../roman/.data/build21/r0000101001001001001_0001_wfi13_f158_cal.asdf,wfi13,eval,1,13,0.004083186,8
gwcs,../roman/.data/build21/r0000101001001001001_0001_wfi13_f158_cal.asdf,wfi13,eval,1,14,0.004290170,8
gwcs,../roman/.data/build21/r0000101001001001001_0001_wfi13_f158_cal.asdf,wfi13,eval,1,15,0.004004030,8
gwcs,../roman/.data/build21/r0000101001001001001_0001_wfi13_f158_cal.asdf,wfi13,eval,1,16,0.004164314,8
gwcs,../roman/.data/build21/r0000101001001001001_0001_wfi13_f158_cal.asdf,wfi13,eval,1,17,0.004155083,8
gwcs,../roman/.data/build21/r0000101001001001001_0001_wfi13_f158_cal.asdf,wfi13,eval,1,18,0.004131737,8
gwcs,../roman/.data/build21/r0000101001001001001_0001_wfi13_f158_cal.asdf,wfi13,eval,1,19,0.004208406,8
gwcs,../roman/.data/build21/r0000101001001001001_0001_wfi13_f158_cal.asdf,wfi13,eval,1,20,0.004308478,8
gwcs,../roman/.data/build21/r0000101001001001001_0001_wfi13_f158_cal.asdf,wfi13,eval,1,21,0.004626764,8
gwcs,../roman/.data/build21/r0000101001001001001_0001_wfi13_f158_cal.asdf,wfi13,eval,1,22,0.004277783,8
gwcs,../roman/.data/build21/r0000101001001001001_0001_wfi13_f158_cal.asdf,wfi13,eval,1,23,0.005226374,8
gwcs,../roman/.data/build21/r0000101001001001001_0001_wfi13_f158_cal.asdf,wfi13,eval,1,24,0.005948250,8
gwcs,../roman/.data/build21/r0000101001001001001_0001_wfi13_f158_cal.asdf,wfi13,eval,1,25,0.004123585,8
gwcs,../roman/.data/build21/r0000101001001001001_0001_wfi13_f158_cal.asdf,wfi13,eval,1,26,0.004152096,8
gwcs,../roman/.data/build21/r0000101001001001001_0001_wfi13_f158_cal.asdf,wfi13,eval,1,27,0.004081062,8
gwcs,../roman/.data/build21/r0000101001001001001_0001_wfi13_f158_cal.asdf,wfi13,eval,1,28,0.004158360,8
gwcs,../roman/.data/build21/r0000101001001001001_0001_wfi13_f158_cal.asdf,wfi13,eval,1,29,0.004258052,8
gwcs,../roman/.data/build21/r0000101001001001001_0001_wfi13_f158_cal.asdf,wfi13,eval,1,30,0.004065428,8
gwcs,../roman/.data/build21/r0000101001001001001_0001_wfi13_f158_cal.asdf,wfi13,eval,1,31,0.004122105,8
gwcs,../roman/.data/build21/r0000101001001001001_0001_wfi13_f158_cal.asdf,wfi13,eval,1,32,0.003932854,8
gwcs,../roman/.data/build21/r0000101001001001001_0001_wfi13_f158_cal.asdf,wfi13,eval,1,33,0.004124791,8
gwcs,../roman/.data/build21/r0000101001001001001_0001_wfi13_f158_cal.asdf,wfi13,eval,1,34,0.004148566,8
gwcs,../roman/.data/build21/r0000101001001001001_0001_wfi13_f158_cal.asdf,wfi13,eval,1,35,0.003940011,8
gwcs,../roman/.data/build21/r0000101001001001001_0001_wfi13_f158_cal.asdf,wfi13,eval,1,36,0.004242647,8
gwcs,../roman/.data/build21/r0000101001001001001_0001_wfi13_f158_cal.asdf,wfi13,eval,1,37,0.004101605,8
gwcs,../roman/.data/build21/r0000101001001001001_0001_wfi13_f158_cal.asdf,wfi13,eval,1,38,0.003945874,8
gwcs,../roman/.data/build21/r0000101001001001001_0001_wfi13_f158_cal.asdf,wfi13,eval,1,39,0.004073772,8
gwcs,../roman/.data/build21/r0000101001001001001_0001_wfi13_f158_cal.asdf,wfi13,eval,1,40,0.004096056,8
gwcs,../roman/.data/build21/r0000101001001001001_0001_wfi13_f158_cal.asdf,wfi13,eval,1,41,0.004196696,8
gwcs,../roman/.data/build21/r0000101001001001001_0001_wfi13_f158_cal.asdf,wfi13,eval,1,42,0.004246595,8
gwcs,../roman/.data/build21/r0000101001001001001_0001_wfi13_f158_cal.asdf,wfi13,eval,1,43,0.004088372,8
gwcs,../roman/.data/build21/r0000101001001001001_0001_wfi13_f158_cal.asdf,wfi13,eval,1,44,0.005351073,8
gwcs,../roman/.data/build21/r0000101001001001001_0001_wfi13_f158_cal.asdf,wfi13,eval,1,45,0.003947798,8
gwcs,../roman/.data/build21/r0000101001001001001_0001_wfi13_f158_cal.asdf,wfi13,eval,1,46,0.003873564,8
gwcs,../roman/.data/build21/r0000101001001001001_0001_wfi13_f158_cal.asdf,wfi13,eval,1,47,0.004594343,8
gwcs,../roman/.data/build21/r0000101001001001001_0001_wfi13_f158_cal.asdf,wfi13,eval,1,48,0.006042086,8
gwcs,../roman/.data/build21/r0000101001001001001_0001_wfi13_f158_cal.asdf,wfi13,eval,1,49,0.005023087,8
gwcs,../roman/.data/build21/r0000101001001001001_0001_wfi13_f158_cal.asdf,wfi13,eval,10,0,0.004894093,8
gwcs,../roman/.data/build21/r0000101001001001001_0001_wfi13_f158_cal.asdf,wfi13,eval,10,1,0.004247479,8
gwcs,../roman/.data/build21/r0000101001001001001_0001_wfi13_f158_cal.asdf,wfi13,eval,10,2,0.004343491,8
gwcs,../roman/.data/build21/r0000101001001001001_0001_wfi13_f158_cal.asdf,wfi13,eval,10,3,0.004268815,8
gwcs,../roman/.data/build21/r0000101001001001001_0001_wfi13_f158_cal.asdf,wfi13,eval,10,4,0.004953394,8
gwcs,../roman/.data/build21/r0000101001001001001_0001_wfi13_f158_cal.asdf,wfi13,eval,10,5,0.004762097,8
gwcs,../roman/.data/build21/r0000101001001001001_0001_wfi13_f158_cal.asdf,wfi13,eval,10,6,0.004100193,8
gwcs,../roman/.data/build21/r0000101001001001001_0001_wfi13_f158_cal.asdf,wfi13,eval,10,7,0.004248830,8
gwcs,../roman/.data/build21/r0000101001001001001_0001_wfi13_f158_cal.asdf,wfi13,eval,10,8,0.004312312,8
gwcs,../roman/.data/build21/r0000101001001001001_0001_wfi13_f158_cal.asdf,wfi13,eval,10,9,0.004226385,8
gwcs,../roman/.data/build21/r0000101001001001001_0001_wfi13_f158_cal.asdf,wfi13,eval,10,10,0.004281382,8
gwcs,../roman/.data/build21/r0000101001001001001_0001_wfi13_f158_cal.asdf,wfi13,eval,10,11,0.004008362,8
gwcs,../roman/.data/build21/r0000101001001001001_0001_wfi13_f158_cal.asdf,wfi13,eval,10,12,0.004112324,8
gwcs,../roman/.data/build21/r0000101001001001001_0001_wfi13_f158_cal.asdf,wfi13,eval,10,13,0.005237122,8
gwcs,../roman/.data/build21/r0000101001001001001_0001_wfi13_f158_cal.asdf,wfi13,eval,10,14,0.004058838,8
gwcs,../roman/.data/build21/r0000101001001001001_0001_wfi13_f158_cal.asdf,wfi13,eval,10,15,0.004682116,8
gwcs,../roman/.data/build21/r0000101001001001001_0001_wfi13_f158_cal.asdf,wfi13,eval,10,16,0.006320033,8
gwcs,../roman/.data/build21/r0000101001001001001_0001_wfi13_f158_cal.asdf,wfi13,eval,10,17,0.004924902,8
gwcs,../roman/.data/build21/r0000101001001001001_0001_wfi13_f158_cal.asdf,wfi13,eval,10,18,0.005095274,8
gwcs,../roman/.data/build21/r0000101001001001001_0001_wfi13_f158_cal.asdf,wfi13,eval,10,19,0.004882063,8
gwcs,../roman/.data/build21/r0000101001001001001_0001_wfi13_f158_cal.asdf,wfi13,eval,10,20,0.005428470,8
gwcs,../roman/.data/build21/r0000101001001001001_0001_wfi13_f158_cal.asdf,wfi13,eval,10,21,0.005538644,8
gwcs,../roman/.data/build21/r0000101001001001001_0001_wfi13_f158_cal.asdf,wfi13,eval,10,22,0.011175307,8
gwcs,../roman/.data/build21/r0000101001001001001_0001_wfi13_f158_cal.asdf,wfi13,eval,10,23,0.011820504,8
gwcs,../roman/.data/build21/r0000101001001001001_0001_wfi13_f158_cal.asdf,wfi13,eval,10,24,0.011218383,8
gwcs,../roman/.data/build21/r0000101001001001001_0001_wfi13_f158_cal.asdf,wfi13,eval,10,25,0.012282517,8
gwcs,../roman/.data/build21/r0000101001001001001_0001_wfi13_f158_cal.asdf,wfi13,eval,10,26,0.012381122,8
gwcs,../roman/.data/build21/r0000101001001001001_0001_wfi13_f158_cal.asdf,wfi13,eval,10,27,0.010851880,8
gwcs,../roman/.data/build21/r0000101001001001001_0001_wfi13_f158_cal.asdf,wfi13,eval,10,28,0.005353990,8
gwcs,../roman/.data/build21/r0000101001001001001_0001_wfi13_f158_cal.asdf,wfi13,eval,10,29,0.004957603,8
gwcs,../roman/.data/build21/r0000101001001001001_0001_wfi13_f158_cal.asdf,wfi13,eval,10,30,0.004368966,8
gwcs,../roman/.data/build21/r0000101001001001001_0001_wfi13_f158_cal.asdf,wfi13,eval,10,31,0.005047056,8
gwcs,../roman/.data/build21/r0000101001001001001_0001_wfi13_f158_cal.asdf,wfi13,eval,10,32,0.005634527,8
gwcs,../roman/.data/build21/r0000101001001001001_0001_wfi13_f158_cal.asdf,wfi13,eval,10,33,0.004298589,8
gwcs,../roman/.data/build21/r0000101001001001001_0001_wfi13_f158_cal.asdf,wfi13,eval,10,34,0.004303137,8
gwcs,../roman/.data/build21/r0000101001001001001_0001_wfi13_f158_cal.asdf,wfi13,eval,10,35,0.004149216,8
gwcs,../roman/.data/build21/r0000101001001001001_0001_wfi13_f158_cal.asdf,wfi13,eval,10,36,0.004381383,8
gwcs,../roman/.data/build21/r0000101001001001001_0001_wfi13_f158_cal.asdf,wfi13,eval,10,37,0.004228871,8
gwcs,../roman/.data/build21/r0000101001001001001_0001_wfi13_f158_cal.asdf,wfi13,eval,10,38,0.004101380,8
gwcs,../roman/.data/build21/r0000101001001001001_0001_wfi13_f158_cal.asdf,wfi13,eval,10,39,0.004183925,8
gwcs,../roman/.data/build21/r0000101001001001001_0001_wfi13_f158_cal.asdf,wfi13,eval,10,40,0.005060196,8
gwcs,../roman/.data/build21/r0000101001001001001_0001_wfi13_f158_cal.asdf,wfi13,eval,10,41,0.004677140,8
gwcs,../roman/.data/build21/r0000101001001001001_0001_wfi13_f158_cal.asdf,wfi13,eval,10,42,0.004369389,8
gwcs,../roman/.data/build21/r0000101001001001001_0001_wfi13_f158_cal.asdf,wfi13,eval,10,43,0.004697617,8
gwcs,../roman/.data/build21/r0000101001001001001_0001_wfi13_f158_cal.asdf,wfi13,eval,10,44,0.004391411,8
gwcs,../roman/.data/build21/r0000101001001001001_0001_wfi13_f158_cal.asdf,wfi13,eval,10,45,0.004332669,8
gwcs,../roman/.data/build21/r0000101001001001001_0001_wfi13_f158_cal.asdf,wfi13,eval,10,46,0.004045187,8
gwcs,../roman/.data/build21/r0000101001001001001_0001_wfi13_f158_cal.asdf,wfi13,eval,10,47,0.004317615,8
gwcs,../roman/.data/build21/r0000101001001001001_0001_wfi13_f158_cal.asdf,wfi13,eval,10,48,0.004158824,8
gwcs,../roman/.data/build21/r0000101001001001001_0001_wfi13_f158_cal.asdf,wfi13,eval,10,49,0.004353651,8
gwcs,../roman/.data/build21/r0000101001001001001_0001_wfi13_f158_cal.asdf,wfi13,eval,100,0,0.005030148,8
gwcs,../roman/.data/build21/r0000101001001001001_0001_wfi13_f158_cal.asdf,wfi13,eval,100,1,0.004832507,8
gwcs,../roman/.data/build21/r0000101001001001001_0001_wfi13_f158_cal.asdf,wfi13,eval,100,2,0.005927213,8
gwcs,../roman/.data/build21/r0000101001001001001_0001_wfi13_f158_cal.asdf,wfi13,eval,100,3,0.004302814,8
gwcs,../roman/.data/build21/r0000101001001001001_0001_wfi13_f158_cal.asdf,wfi13,eval,100,4,0.004173486,8
gwcs,../roman/.data/build21/r0000101001001001001_0001_wfi13_f158_cal.asdf,wfi13,eval,100,5,0.004192400,8
gwcs,../roman/.data/build21/r0000101001001001001_0001_wfi13_f158_cal.asdf,wfi13,eval,100,6,0.004055502,8
gwcs,../roman/.data/build21/r0000101001001001001_0001_wfi13_f158_cal.asdf,wfi13,eval,100,7,0.004384517,8
gwcs,../roman/.data/build21/r0000101001001001001_0001_wfi13_f158_cal.asdf,wfi13,eval,100,8,0.004396779,8
gwcs,../roman/.data/build21/r0000101001001001001_0001_wfi13_f158_cal.asdf,wfi13,eval,100,9,0.004075247,8
gwcs,../roman/.data/build21/r0000101001001001001_0001_wfi13_f158_cal.asdf,wfi13,eval,100,10,0.004291375,8
gwcs,../roman/.data/build21/r0000101001001001001_0001_wfi13_f158_cal.asdf,wfi13,eval,100,11,0.004188113,8
gwcs,../roman/.data/build21/r0000101001001001001_0001_wfi13_f158_cal.asdf,wfi13,eval,100,12,0.004365985,8
gwcs,../roman/.data/build21/r0000101001001001001_0001_wfi13_f158_cal.asdf,wfi13,eval,100,13,0.004271986,8
gwcs,../roman/.data/build21/r0000101001001001001_0001_wfi13_f158_cal.asdf,wfi13,eval,100,14,0.004274785,8
gwcs,../roman/.data/build21/r0000101001001001001_0001_wfi13_f158_cal.asdf,wfi13,eval,100,15,0.004257644,8
gwcs,../roman/.data/build21/r0000101001001001001_0001_wfi13_f158_cal.asdf,wfi13,eval,100,16,0.004293916,8
gwcs,../roman/.data/build21/r0000101001001001001_0001_wfi13_f158_cal.asdf,wfi13,eval,100,17,0.004111578,8
gwcs,../roman/.data/build21/r0000101001001001001_0001_wfi13_f158_cal.asdf,wfi13,eval,100,18,0.004234384,8
gwcs,../roman/.data/build21/r0000101001001001001_0001_wfi13_f158_cal.asdf,wfi13,eval,100,19,0.004223771,8
gwcs,../roman/.data/build21/r0000101001001001001_0001_wfi13_f158_cal.asdf,wfi13,eval,100,20,0.004244511,8
gwcs,../roman/.data/build21/r0000101001001001001_0001_wfi13_f158_cal.asdf,wfi13,eval,100,21,0.005247229,8
gwcs,../roman/.data/build21/r0000101001001001001_0001_wfi13_f158_cal.asdf,wfi13,eval,100,22,0.003941368,8
gwcs,../roman/.data/build21/r0000101001001001001_0001_wfi13_f158_cal.asdf,wfi13,eval,100,23,0.004390702,8
gwcs,../roman/.data/build21/r0000101001001001001_0001_wfi13_f158_cal.asdf,wfi13,eval,100,24,0.004262385,8
gwcs,../roman/.data/build21/r0000101001001001001_0001_wfi13_f158_cal.asdf,wfi13,eval,100,25,0.004086847,8
gwcs,../roman/.data/build21/r0000101001001001001_0001_wfi13_f158_cal.asdf,wfi13,eval,100,26,0.004575448,8
gwcs,../roman/.data/build21/r0000101001001001001_0001_wfi13_f158_cal.asdf,wfi13,eval,100,27,0.004746039,8
gwcs,../roman/.data/build21/r0000101001001001001_0001_wfi13_f158_cal.asdf,wfi13,eval,100,28,0.004325490,8
gwcs,../roman/.data/build21/r0000101001001001001_0001_wfi13_f158_cal.asdf,wfi13,eval,100,29,0.004283512,8
gwcs,../roman/.data/build21/r0000101001001001001_0001_wfi13_f158_cal.asdf,wfi13,eval,1000,0,0.005146337,8
gwcs,../roman/.data/build21/r0000101001001001001_0001_wfi13_f158_cal.asdf,wfi13,eval,1000,1,0.006717839,8
gwcs,../roman/.data/build21/r0000101001001001001_0001_wfi13_f158_cal.asdf,wfi13,eval,1000,2,0.005090990,8
gwcs,../roman/.data/build21/r0000101001001001001_0001_wfi13_f158_cal.asdf,wfi13,eval,1000,3,0.004542763,8
gwcs,../roman/.data/build21/r0000101001001001001_0001_wfi13_f158_cal.asdf,wfi13,eval,1000,4,0.004571871,8
gwcs,../roman/.data/build21/r0000101001001001001_0001_wfi13_f158_cal.asdf,wfi13,eval,1000,5,0.004708294,8
gwcs,../roman/.data/build21/r0000101001001001001_0001_wfi13_f158_cal.asdf,wfi13,eval,1000,6,0.005150856,8
gwcs,../roman/.data/build21/r0000101001001001001_0001_wfi13_f158_cal.asdf,wfi13,eval,1000,7,0.004874326,8
gwcs,../roman/.data/build21/r0000101001001001001_0001_wfi13_f158_cal.asdf,wfi13,eval,1000,8,0.004823798,8
gwcs,../roman/.data/build21/r0000101001001001001_0001_wfi13_f158_cal.asdf,wfi13,eval,1000,9,0.004675046,8
gwcs,../roman/.data/build21/r0000101001001001001_0001_wfi13_f158_cal.asdf,wfi13,eval,1000,10,0.005550113,8
gwcs,../roman/.data/build21/r0000101001001001001_0001_wfi13_f158_cal.asdf,wfi13,eval,1000,11,0.004427201,8
gwcs,../roman/.data/build21/r0000101001001001001_0001_wfi13_f158_cal.asdf,wfi13,eval,1000,12,0.004680140,8
gwcs,../roman/.data/build21/r0000101001001001001_0001_wfi13_f158_cal.asdf,wfi13,eval,1000,13,0.006832389,8
gwcs,../roman/.data/build21/r0000101001001001001_0001_wfi13_f158_cal.asdf,wfi13,eval,1000,14,0.004898620,8
gwcs,../roman/.data/build21/r0000101001001001001_0001_wfi13_f158_cal.asdf,wfi13,eval,10000,0,0.008229540,8
gwcs,../roman/.data/build21/r0000101001001001001_0001_wfi13_f158_cal.asdf,wfi13,eval,10000,1,0.007193244,8
gwcs,../roman/.data/build21/r0000101001001001001_0001_wfi13_f158_cal.asdf,wfi13,eval,10000,2,0.006839550,8
gwcs,../roman/.data/build21/r0000101001001001001_0001_wfi13_f158_cal.asdf,wfi13,eval,10000,3,0.007426973,8
gwcs,../roman/.data/build21/r0000101001001001001_0001_wfi13_f158_cal.asdf,wfi13,eval,10000,4,0.007101515,8
gwcs,../roman/.data/build21/r0000101001001001001_0001_wfi13_f158_cal.asdf,wfi13,eval,10000,5,0.006947545,8
gwcs,../roman/.data/build21/r0000101001001001001_0001_wfi13_f158_cal.asdf,wfi13,eval,10000,6,0.006888565,8
gwcs,../roman/.data/build21/r0000101001001001001_0001_wfi13_f158_cal.asdf,wfi13,eval,10000,7,0.007078816,8
gwcs,../roman/.data/build21/r0000101001001001001_0001_wfi13_f158_cal.asdf,wfi13,eval,100000,0,0.043978115,8
gwcs,../roman/.data/build21/r0000101001001001001_0001_wfi13_f158_cal.asdf,wfi13,eval,100000,1,0.031141116,8
gwcs,../roman/.data/build21/r0000101001001001001_0001_wfi13_f158_cal.asdf,wfi13,eval,100000,2,0.031413971,8
gwcs,../roman/.data/build21/r0000101001001001001_0001_wfi13_f158_cal.asdf,wfi13,eval,100000,3,0.032085816,8
gwcs,../roman/.data/build21/r0000101001001001001_0001_wfi13_f158_cal.asdf,wfi13,eval,100000,4,0.031616044,8
gwcs,../roman/.data/build21/r0000101001001001001_0001_wfi13_f158_cal.asdf,wfi13,eval,1000000,0,0.432285289,8
gwcs,../roman/.data/build21/r0000101001001001001_0001_wfi13_f158_cal.asdf,wfi13,eval,1000000,1,0.460666574,8
gwcs,../roman/.data/build21/r0000101001001001001_0001_wfi13_f158_cal.asdf,wfi13,eval,1000000,2,0.468733470,8
gwcs,../roman/.data/build21/r0000101001001001001_0001_wfi14_f158_cal.asdf,wfi14,parse_cold,0,0,0.813596353,8
gwcs,../roman/.data/build21/r0000101001001001001_0001_wfi14_f158_cal.asdf,wfi14,parse_hot,0,0,0.772369380,8
gwcs,../roman/.data/build21/r0000101001001001001_0001_wfi14_f158_cal.asdf,wfi14,eval,1,0,0.005046532,8
gwcs,../roman/.data/build21/r0000101001001001001_0001_wfi14_f158_cal.asdf,wfi14,eval,1,1,0.006078943,8
gwcs,../roman/.data/build21/r0000101001001001001_0001_wfi14_f158_cal.asdf,wfi14,eval,1,2,0.005301215,8
gwcs,../roman/.data/build21/r0000101001001001001_0001_wfi14_f158_cal.asdf,wfi14,eval,1,3,0.004331649,8
gwcs,../roman/.data/build21/r0000101001001001001_0001_wfi14_f158_cal.asdf,wfi14,eval,1,4,0.003956151,8
gwcs,../roman/.data/build21/r0000101001001001001_0001_wfi14_f158_cal.asdf,wfi14,eval,1,5,0.004223623,8
gwcs,../roman/.data/build21/r0000101001001001001_0001_wfi14_f158_cal.asdf,wfi14,eval,1,6,0.004101620,8
gwcs,../roman/.data/build21/r0000101001001001001_0001_wfi14_f158_cal.asdf,wfi14,eval,1,7,0.004410165,8
gwcs,../roman/.data/build21/r0000101001001001001_0001_wfi14_f158_cal.asdf,wfi14,eval,1,8,0.004104327,8
gwcs,../roman/.data/build21/r0000101001001001001_0001_wfi14_f158_cal.asdf,wfi14,eval,1,9,0.003966615,8
gwcs,../roman/.data/build21/r0000101001001001001_0001_wfi14_f158_cal.asdf,wfi14,eval,1,10,0.004214318,8
gwcs,../roman/.data/build21/r0000101001001001001_0001_wfi14_f158_cal.asdf,wfi14,eval,1,11,0.004040401,8
gwcs,../roman/.data/build21/r0000101001001001001_0001_wfi14_f158_cal.asdf,wfi14,eval,1,12,0.003907838,8
gwcs,../roman/.data/build21/r0000101001001001001_0001_wfi14_f158_cal.asdf,wfi14,eval,1,13,0.003946912,8
gwcs,../roman/.data/build21/r0000101001001001001_0001_wfi14_f158_cal.asdf,wfi14,eval,1,14,0.004080566,8
gwcs,../roman/.data/build21/r0000101001001001001_0001_wfi14_f158_cal.asdf,wfi14,eval,1,15,0.003851307,8
gwcs,../roman/.data/build21/r0000101001001001001_0001_wfi14_f158_cal.asdf,wfi14,eval,1,16,0.004757811,8
gwcs,../roman/.data/build21/r0000101001001001001_0001_wfi14_f158_cal.asdf,wfi14,eval,1,17,0.004010221,8
gwcs,../roman/.data/build21/r0000101001001001001_0001_wfi14_f158_cal.asdf,wfi14,eval,1,18,0.003984543,8
gwcs,../roman/.data/build21/r0000101001001001001_0001_wfi14_f158_cal.asdf,wfi14,eval,1,19,0.004213858,8
gwcs,../roman/.data/build21/r0000101001001001001_0001_wfi14_f158_cal.asdf,wfi14,eval,1,20,0.003826491,8
gwcs,../roman/.data/build21/r0000101001001001001_0001_wfi14_f158_cal.asdf,wfi14,eval,1,21,0.004065975,8
gwcs,../roman/.data/build21/r0000101001001001001_0001_wfi14_f158_cal.asdf,wfi14,eval,1,22,0.004698825,8
gwcs,../roman/.data/build21/r0000101001001001001_0001_wfi14_f158_cal.asdf,wfi14,eval,1,23,0.004129392,8
gwcs,../roman/.data/build21/r0000101001001001001_0001_wfi14_f158_cal.asdf,wfi14,eval,1,24,0.004090696,8
gwcs,../roman/.data/build21/r0000101001001001001_0001_wfi14_f158_cal.asdf,wfi14,eval,1,25,0.005733515,8
gwcs,../roman/.data/build21/r0000101001001001001_0001_wfi14_f158_cal.asdf,wfi14,eval,1,26,0.004487718,8
gwcs,../roman/.data/build21/r0000101001001001001_0001_wfi14_f158_cal.asdf,wfi14,eval,1,27,0.004212809,8
gwcs,../roman/.data/build21/r0000101001001001001_0001_wfi14_f158_cal.asdf,wfi14,eval,1,28,0.003910787,8
gwcs,../roman/.data/build21/r0000101001001001001_0001_wfi14_f158_cal.asdf,wfi14,eval,1,29,0.004163578,8
gwcs,../roman/.data/build21/r0000101001001001001_0001_wfi14_f158_cal.asdf,wfi14,eval,1,30,0.004166756,8
gwcs,../roman/.data/build21/r0000101001001001001_0001_wfi14_f158_cal.asdf,wfi14,eval,1,31,0.004186797,8
gwcs,../roman/.data/build21/r0000101001001001001_0001_wfi14_f158_cal.asdf,wfi14,eval,1,32,0.004193680,8
gwcs,../roman/.data/build21/r0000101001001001001_0001_wfi14_f158_cal.asdf,wfi14,eval,1,33,0.004127257,8
gwcs,../roman/.data/build21/r0000101001001001001_0001_wfi14_f158_cal.asdf,wfi14,eval,1,34,0.003840486,8
gwcs,../roman/.data/build21/r0000101001001001001_0001_wfi14_f158_cal.asdf,wfi14,eval,1,35,0.004832014,8
gwcs,../roman/.data/build21/r0000101001001001001_0001_wfi14_f158_cal.asdf,wfi14,eval,1,36,0.004026559,8
gwcs,../roman/.data/build21/r0000101001001001001_0001_wfi14_f158_cal.asdf,wfi14,eval,1,37,0.003922642,8
gwcs,../roman/.data/build21/r0000101001001001001_0001_wfi14_f158_cal.asdf,wfi14,eval,1,38,0.004063910,8
gwcs,../roman/.data/build21/r0000101001001001001_0001_wfi14_f158_cal.asdf,wfi14,eval,1,39,0.003989388,8
gwcs,../roman/.data/build21/r0000101001001001001_0001_wfi14_f158_cal.asdf,wfi14,eval,1,40,0.003902627,8
gwcs,../roman/.data/build21/r0000101001001001001_0001_wfi14_f158_cal.asdf,wfi14,eval,1,41,0.004077081,8
gwcs,../roman/.data/build21/r0000101001001001001_0001_wfi14_f158_cal.asdf,wfi14,eval,1,42,0.003882269,8
gwcs,../roman/.data/build21/r0000101001001001001_0001_wfi14_f158_cal.asdf,wfi14,eval,1,43,0.003983843,8
gwcs,../roman/.data/build21/r0000101001001001001_0001_wfi14_f158_cal.asdf,wfi14,eval,1,44,0.004054029,8
gwcs,../roman/.data/build21/r0000101001001001001_0001_wfi14_f158_cal.asdf,wfi14,eval,1,45,0.003924417,8
gwcs,../roman/.data/build21/r0000101001001001001_0001_wfi14_f158_cal.asdf,wfi14,eval,1,46,0.003954062,8
gwcs,../roman/.data/build21/r0000101001001001001_0001_wfi14_f158_cal.asdf,wfi14,eval,1,47,0.004073963,8
gwcs,../roman/.data/build21/r0000101001001001001_0001_wfi14_f158_cal.asdf,wfi14,eval,1,48,0.004218697,8
gwcs,../roman/.data/build21/r0000101001001001001_0001_wfi14_f158_cal.asdf,wfi14,eval,1,49,0.005389018,8
gwcs,../roman/.data/build21/r0000101001001001001_0001_wfi14_f158_cal.asdf,wfi14,eval,10,0,0.005547634,8
gwcs,../roman/.data/build21/r0000101001001001001_0001_wfi14_f158_cal.asdf,wfi14,eval,10,1,0.004995604,8
gwcs,../roman/.data/build21/r0000101001001001001_0001_wfi14_f158_cal.asdf,wfi14,eval,10,2,0.005224354,8
gwcs,../roman/.data/build21/r0000101001001001001_0001_wfi14_f158_cal.asdf,wfi14,eval,10,3,0.004386798,8
gwcs,../roman/.data/build21/r0000101001001001001_0001_wfi14_f158_cal.asdf,wfi14,eval,10,4,0.005974853,8
gwcs,../roman/.data/build21/r0000101001001001001_0001_wfi14_f158_cal.asdf,wfi14,eval,10,5,0.004275935,8
gwcs,../roman/.data/build21/r0000101001001001001_0001_wfi14_f158_cal.asdf,wfi14,eval,10,6,0.004507418,8
gwcs,../roman/.data/build21/r0000101001001001001_0001_wfi14_f158_cal.asdf,wfi14,eval,10,7,0.004456140,8
gwcs,../roman/.data/build21/r0000101001001001001_0001_wfi14_f158_cal.asdf,wfi14,eval,10,8,0.004385609,8
gwcs,../roman/.data/build21/r0000101001001001001_0001_wfi14_f158_cal.asdf,wfi14,eval,10,9,0.004900076,8
gwcs,../roman/.data/build21/r0000101001001001001_0001_wfi14_f158_cal.asdf,wfi14,eval,10,10,0.006133665,8
gwcs,../roman/.data/build21/r0000101001001001001_0001_wfi14_f158_cal.asdf,wfi14,eval,10,11,0.004855023,8
gwcs,../roman/.data/build21/r0000101001001001001_0001_wfi14_f158_cal.asdf,wfi14,eval,10,12,0.004987093,8
gwcs,../roman/.data/build21/r0000101001001001001_0001_wfi14_f158_cal.asdf,wfi14,eval,10,13,0.004311307,8
gwcs,../roman/.data/build21/r0000101001001001001_0001_wfi14_f158_cal.asdf,wfi14,eval,10,14,0.004363169,8
gwcs,../roman/.data/build21/r0000101001001001001_0001_wfi14_f158_cal.asdf,wfi14,eval,10,15,0.004293527,8
gwcs,../roman/.data/build21/r0000101001001001001_0001_wfi14_f158_cal.asdf,wfi14,eval,10,16,0.003873089,8
gwcs,../roman/.data/build21/r0000101001001001001_0001_wfi14_f158_cal.asdf,wfi14,eval,10,17,0.004197307,8
gwcs,../roman/.data/build21/r0000101001001001001_0001_wfi14_f158_cal.asdf,wfi14,eval,10,18,0.004017421,8
gwcs,../roman/.data/build21/r0000101001001001001_0001_wfi14_f158_cal.asdf,wfi14,eval,10,19,0.004127869,8
gwcs,../roman/.data/build21/r0000101001001001001_0001_wfi14_f158_cal.asdf,wfi14,eval,10,20,0.004233645,8
gwcs,../roman/.data/build21/r0000101001001001001_0001_wfi14_f158_cal.asdf,wfi14,eval,10,21,0.004739659,8
gwcs,../roman/.data/build21/r0000101001001001001_0001_wfi14_f158_cal.asdf,wfi14,eval,10,22,0.004898729,8
gwcs,../roman/.data/build21/r0000101001001001001_0001_wfi14_f158_cal.asdf,wfi14,eval,10,23,0.005332164,8
gwcs,../roman/.data/build21/r0000101001001001001_0001_wfi14_f158_cal.asdf,wfi14,eval,10,24,0.004493439,8
gwcs,../roman/.data/build21/r0000101001001001001_0001_wfi14_f158_cal.asdf,wfi14,eval,10,25,0.007260306,8
gwcs,../roman/.data/build21/r0000101001001001001_0001_wfi14_f158_cal.asdf,wfi14,eval,10,26,0.005148580,8
gwcs,../roman/.data/build21/r0000101001001001001_0001_wfi14_f158_cal.asdf,wfi14,eval,10,27,0.004602990,8
gwcs,../roman/.data/build21/r0000101001001001001_0001_wfi14_f158_cal.asdf,wfi14,eval,10,28,0.005102942,8
gwcs,../roman/.data/build21/r0000101001001001001_0001_wfi14_f158_cal.asdf,wfi14,eval,10,29,0.006977740,8
gwcs,../roman/.data/build21/r0000101001001001001_0001_wfi14_f158_cal.asdf,wfi14,eval,10,30,0.007295643,8
gwcs,../roman/.data/build21/r0000101001001001001_0001_wfi14_f158_cal.asdf,wfi14,eval,10,31,0.006993112,8
gwcs,../roman/.data/build21/r0000101001001001001_0001_wfi14_f158_cal.asdf,wfi14,eval,10,32,0.006010955,8
gwcs,../roman/.data/build21/r0000101001001001001_0001_wfi14_f158_cal.asdf,wfi14,eval,10,33,0.004892145,8
gwcs,../roman/.data/build21/r0000101001001001001_0001_wfi14_f158_cal.asdf,wfi14,eval,10,34,0.006871716,8
gwcs,../roman/.data/build21/r0000101001001001001_0001_wfi14_f158_cal.asdf,wfi14,eval,10,35,0.005125180,8
gwcs,../roman/.data/build21/r0000101001001001001_0001_wfi14_f158_cal.asdf,wfi14,eval,10,36,0.006903250,8
gwcs,../roman/.data/build21/r0000101001001001001_0001_wfi14_f158_cal.asdf,wfi14,eval,10,37,0.005982907,8
gwcs,../roman/.data/build21/r0000101001001001001_0001_wfi14_f158_cal.asdf,wfi14,eval,10,38,0.006229017,8
gwcs,../roman/.data/build21/r0000101001001001001_0001_wfi14_f158_cal.asdf,wfi14,eval,10,39,0.005103197,8
gwcs,../roman/.data/build21/r0000101001001001001_0001_wfi14_f158_cal.asdf,wfi14,eval,10,40,0.004636965,8
gwcs,../roman/.data/build21/r0000101001001001001_0001_wfi14_f158_cal.asdf,wfi14,eval,10,41,0.004735879,8
gwcs,../roman/.data/build21/r0000101001001001001_0001_wfi14_f158_cal.asdf,wfi14,eval,10,42,0.005629526,8
gwcs,../roman/.data/build21/r0000101001001001001_0001_wfi14_f158_cal.asdf,wfi14,eval,10,43,0.006182988,8
gwcs,../roman/.data/build21/r0000101001001001001_0001_wfi14_f158_cal.asdf,wfi14,eval,10,44,0.004593512,8
gwcs,../roman/.data/build21/r0000101001001001001_0001_wfi14_f158_cal.asdf,wfi14,eval,10,45,0.005060699,8
gwcs,../roman/.data/build21/r0000101001001001001_0001_wfi14_f158_cal.asdf,wfi14,eval,10,46,0.004559254,8
gwcs,../roman/.data/build21/r0000101001001001001_0001_wfi14_f158_cal.asdf,wfi14,eval,10,47,0.004359691,8
gwcs,../roman/.data/build21/r0000101001001001001_0001_wfi14_f158_cal.asdf,wfi14,eval,10,48,0.004584596,8
gwcs,../roman/.data/build21/r0000101001001001001_0001_wfi14_f158_cal.asdf,wfi14,eval,10,49,0.004435875,8
gwcs,../roman/.data/build21/r0000101001001001001_0001_wfi14_f158_cal.asdf,wfi14,eval,100,0,0.005845108,8
gwcs,../roman/.data/build21/r0000101001001001001_0001_wfi14_f158_cal.asdf,wfi14,eval,100,1,0.005219318,8
gwcs,../roman/.data/build21/r0000101001001001001_0001_wfi14_f158_cal.asdf,wfi14,eval,100,2,0.004732430,8
gwcs,../roman/.data/build21/r0000101001001001001_0001_wfi14_f158_cal.asdf,wfi14,eval,100,3,0.004743164,8
gwcs,../roman/.data/build21/r0000101001001001001_0001_wfi14_f158_cal.asdf,wfi14,eval,100,4,0.004670175,8
gwcs,../roman/.data/build21/r0000101001001001001_0001_wfi14_f158_cal.asdf,wfi14,eval,100,5,0.004697407,8
gwcs,../roman/.data/build21/r0000101001001001001_0001_wfi14_f158_cal.asdf,wfi14,eval,100,6,0.005293032,8
gwcs,../roman/.data/build21/r0000101001001001001_0001_wfi14_f158_cal.asdf,wfi14,eval,100,7,0.006133636,8
gwcs,../roman/.data/build21/r0000101001001001001_0001_wfi14_f158_cal.asdf,wfi14,eval,100,8,0.004937879,8
gwcs,../roman/.data/build21/r0000101001001001001_0001_wfi14_f158_cal.asdf,wfi14,eval,100,9,0.005014050,8
gwcs,../roman/.data/build21/r0000101001001001001_0001_wfi14_f158_cal.asdf,wfi14,eval,100,10,0.004324386,8
gwcs,../roman/.data/build21/r0000101001001001001_0001_wfi14_f158_cal.asdf,wfi14,eval,100,11,0.004958138,8
gwcs,../roman/.data/build21/r0000101001001001001_0001_wfi14_f158_cal.asdf,wfi14,eval,100,12,0.006743279,8
gwcs,../roman/.data/build21/r0000101001001001001_0001_wfi14_f158_cal.asdf,wfi14,eval,100,13,0.004687355,8
gwcs,../roman/.data/build21/r0000101001001001001_0001_wfi14_f158_cal.asdf,wfi14,eval,100,14,0.005333117,8
gwcs,../roman/.data/build21/r0000101001001001001_0001_wfi14_f158_cal.asdf,wfi14,eval,100,15,0.004512743,8
gwcs,../roman/.data/build21/r0000101001001001001_0001_wfi14_f158_cal.asdf,wfi14,eval,100,16,0.004467783,8
gwcs,../roman/.data/build21/r0000101001001001001_0001_wfi14_f158_cal.asdf,wfi14,eval,100,17,0.006321747,8
gwcs,../roman/.data/build21/r0000101001001001001_0001_wfi14_f158_cal.asdf,wfi14,eval,100,18,0.004672042,8
gwcs,../roman/.data/build21/r0000101001001001001_0001_wfi14_f158_cal.asdf,wfi14,eval,100,19,0.004777770,8
gwcs,../roman/.data/build21/r0000101001001001001_0001_wfi14_f158_cal.asdf,wfi14,eval,100,20,0.007076109,8
gwcs,../roman/.data/build21/r0000101001001001001_0001_wfi14_f158_cal.asdf,wfi14,eval,100,21,0.005609320,8
gwcs,../roman/.data/build21/r0000101001001001001_0001_wfi14_f158_cal.asdf,wfi14,eval,100,22,0.004703199,8
gwcs,../roman/.data/build21/r0000101001001001001_0001_wfi14_f158_cal.asdf,wfi14,eval,100,23,0.004506371,8
gwcs,../roman/.data/build21/r0000101001001001001_0001_wfi14_f158_cal.asdf,wfi14,eval,100,24,0.004587569,8
gwcs,../roman/.data/build21/r0000101001001001001_0001_wfi14_f158_cal.asdf,wfi14,eval,100,25,0.005017892,8
gwcs,../roman/.data/build21/r0000101001001001001_0001_wfi14_f158_cal.asdf,wfi14,eval,100,26,0.004652945,8
gwcs,../roman/.data/build21/r0000101001001001001_0001_wfi14_f158_cal.asdf,wfi14,eval,100,27,0.004761481,8
gwcs,../roman/.data/build21/r0000101001001001001_0001_wfi14_f158_cal.asdf,wfi14,eval,100,28,0.005798774,8
gwcs,../roman/.data/build21/r0000101001001001001_0001_wfi14_f158_cal.asdf,wfi14,eval,100,29,0.004871898,8
gwcs,../roman/.data/build21/r0000101001001001001_0001_wfi14_f158_cal.asdf,wfi14,eval,1000,0,0.005196187,8
gwcs,../roman/.data/build21/r0000101001001001001_0001_wfi14_f158_cal.asdf,wfi14,eval,1000,1,0.006352606,8
gwcs,../roman/.data/build21/r0000101001001001001_0001_wfi14_f158_cal.asdf,wfi14,eval,1000,2,0.005879414,8
gwcs,../roman/.data/build21/r0000101001001001001_0001_wfi14_f158_cal.asdf,wfi14,eval,1000,3,0.005326599,8
gwcs,../roman/.data/build21/r0000101001001001001_0001_wfi14_f158_cal.asdf,wfi14,eval,1000,4,0.005194007,8
gwcs,../roman/.data/build21/r0000101001001001001_0001_wfi14_f158_cal.asdf,wfi14,eval,1000,5,0.005073484,8
gwcs,../roman/.data/build21/r0000101001001001001_0001_wfi14_f158_cal.asdf,wfi14,eval,1000,6,0.005596118,8
gwcs,../roman/.data/build21/r0000101001001001001_0001_wfi14_f158_cal.asdf,wfi14,eval,1000,7,0.004998505,8
gwcs,../roman/.data/build21/r0000101001001001001_0001_wfi14_f158_cal.asdf,wfi14,eval,1000,8,0.008642735,8
gwcs,../roman/.data/build21/r0000101001001001001_0001_wfi14_f158_cal.asdf,wfi14,eval,1000,9,0.008439998,8
gwcs,../roman/.data/build21/r0000101001001001001_0001_wfi14_f158_cal.asdf,wfi14,eval,1000,10,0.007662929,8
gwcs,../roman/.data/build21/r0000101001001001001_0001_wfi14_f158_cal.asdf,wfi14,eval,1000,11,0.005458531,8
gwcs,../roman/.data/build21/r0000101001001001001_0001_wfi14_f158_cal.asdf,wfi14,eval,1000,12,0.004698813,8
gwcs,../roman/.data/build21/r0000101001001001001_0001_wfi14_f158_cal.asdf,wfi14,eval,1000,13,0.004771481,8
gwcs,../roman/.data/build21/r0000101001001001001_0001_wfi14_f158_cal.asdf,wfi14,eval,1000,14,0.004852518,8
gwcs,../roman/.data/build21/r0000101001001001001_0001_wfi14_f158_cal.asdf,wfi14,eval,10000,0,0.009413234,8
gwcs,../roman/.data/build21/r0000101001001001001_0001_wfi14_f158_cal.asdf,wfi14,eval,10000,1,0.008793267,8
gwcs,../roman/.data/build21/r0000101001001001001_0001_wfi14_f158_cal.asdf,wfi14,eval,10000,2,0.007417163,8
gwcs,../roman/.data/build21/r0000101001001001001_0001_wfi14_f158_cal.asdf,wfi14,eval,10000,3,0.006792817,8
gwcs,../roman/.data/build21/r0000101001001001001_0001_wfi14_f158_cal.asdf,wfi14,eval,10000,4,0.006954778,8
gwcs,../roman/.data/build21/r0000101001001001001_0001_wfi14_f158_cal.asdf,wfi14,eval,10000,5,0.007430287,8
gwcs,../roman/.data/build21/r0000101001001001001_0001_wfi14_f158_cal.asdf,wfi14,eval,10000,6,0.010054054,8
gwcs,../roman/.data/build21/r0000101001001001001_0001_wfi14_f158_cal.asdf,wfi14,eval,10000,7,0.007943335,8
gwcs,../roman/.data/build21/r0000101001001001001_0001_wfi14_f158_cal.asdf,wfi14,eval,100000,0,0.035617958,8
gwcs,../roman/.data/build21/r0000101001001001001_0001_wfi14_f158_cal.asdf,wfi14,eval,100000,1,0.031931754,8
gwcs,../roman/.data/build21/r0000101001001001001_0001_wfi14_f158_cal.asdf,wfi14,eval,100000,2,0.030348217,8
gwcs,../roman/.data/build21/r0000101001001001001_0001_wfi14_f158_cal.asdf,wfi14,eval,100000,3,0.030906606,8
gwcs,../roman/.data/build21/r0000101001001001001_0001_wfi14_f158_cal.asdf,wfi14,eval,100000,4,0.031269475,8
gwcs,../roman/.data/build21/r0000101001001001001_0001_wfi14_f158_cal.asdf,wfi14,eval,1000000,0,0.614966113,8
gwcs,../roman/.data/build21/r0000101001001001001_0001_wfi14_f158_cal.asdf,wfi14,eval,1000000,1,0.619954300,8
gwcs,../roman/.data/build21/r0000101001001001001_0001_wfi14_f158_cal.asdf,wfi14,eval,1000000,2,0.656411143,8
gwcs,../roman/.data/build21/r0000101001001001001_0001_wfi15_f158_cal.asdf,wfi15,parse_cold,0,0,1.234382601,8
gwcs,../roman/.data/build21/r0000101001001001001_0001_wfi15_f158_cal.asdf,wfi15,parse_hot,0,0,0.536582214,8
gwcs,../roman/.data/build21/r0000101001001001001_0001_wfi15_f158_cal.asdf,wfi15,eval,1,0,0.003393733,8
gwcs,../roman/.data/build21/r0000101001001001001_0001_wfi15_f158_cal.asdf,wfi15,eval,1,1,0.003405440,8
gwcs,../roman/.data/build21/r0000101001001001001_0001_wfi15_f158_cal.asdf,wfi15,eval,1,2,0.003509705,8
gwcs,../roman/.data/build21/r0000101001001001001_0001_wfi15_f158_cal.asdf,wfi15,eval,1,3,0.003474480,8
gwcs,../roman/.data/build21/r0000101001001001001_0001_wfi15_f158_cal.asdf,wfi15,eval,1,4,0.003121157,8
gwcs,../roman/.data/build21/r0000101001001001001_0001_wfi15_f158_cal.asdf,wfi15,eval,1,5,0.002884696,8
gwcs,../roman/.data/build21/r0000101001001001001_0001_wfi15_f158_cal.asdf,wfi15,eval,1,6,0.003115677,8
gwcs,../roman/.data/build21/r0000101001001001001_0001_wfi15_f158_cal.asdf,wfi15,eval,1,7,0.003712545,8
gwcs,../roman/.data/build21/r0000101001001001001_0001_wfi15_f158_cal.asdf,wfi15,eval,1,8,0.004267612,8
gwcs,../roman/.data/build21/r0000101001001001001_0001_wfi15_f158_cal.asdf,wfi15,eval,1,9,0.003542989,8
gwcs,../roman/.data/build21/r0000101001001001001_0001_wfi15_f158_cal.asdf,wfi15,eval,1,10,0.003102412,8
gwcs,../roman/.data/build21/r0000101001001001001_0001_wfi15_f158_cal.asdf,wfi15,eval,1,11,0.002982347,8
gwcs,../roman/.data/build21/r0000101001001001001_0001_wfi15_f158_cal.asdf,wfi15,eval,1,12,0.003806085,8
gwcs,../roman/.data/build21/r0000101001001001001_0001_wfi15_f158_cal.asdf,wfi15,eval,1,13,0.003635712,8
gwcs,../roman/.data/build21/r0000101001001001001_0001_wfi15_f158_cal.asdf,wfi15,eval,1,14,0.003327868,8
gwcs,../roman/.data/build21/r0000101001001001001_0001_wfi15_f158_cal.asdf,wfi15,eval,1,15,0.003706892,8
gwcs,../roman/.data/build21/r0000101001001001001_0001_wfi15_f158_cal.asdf,wfi15,eval,1,16,0.004464051,8
gwcs,../roman/.data/build21/r0000101001001001001_0001_wfi15_f158_cal.asdf,wfi15,eval,1,17,0.004426478,8
gwcs,../roman/.data/build21/r0000101001001001001_0001_wfi15_f158_cal.asdf,wfi15,eval,1,18,0.002966315,8
gwcs,../roman/.data/build21/r0000101001001001001_0001_wfi15_f158_cal.asdf,wfi15,eval,1,19,0.003183223,8
gwcs,../roman/.data/build21/r0000101001001001001_0001_wfi15_f158_cal.asdf,wfi15,eval,1,20,0.002931354,8
gwcs,../roman/.data/build21/r0000101001001001001_0001_wfi15_f158_cal.asdf,wfi15,eval,1,21,0.003096080,8
gwcs,../roman/.data/build21/r0000101001001001001_0001_wfi15_f158_cal.asdf,wfi15,eval,1,22,0.003084655,8
gwcs,../roman/.data/build21/r0000101001001001001_0001_wfi15_f158_cal.asdf,wfi15,eval,1,23,0.002953269,8
gwcs,../roman/.data/build21/r0000101001001001001_0001_wfi15_f158_cal.asdf,wfi15,eval,1,24,0.003268868,8
gwcs,../roman/.data/build21/r0000101001001001001_0001_wfi15_f158_cal.asdf,wfi15,eval,1,25,0.004189585,8
gwcs,../roman/.data/build21/r0000101001001001001_0001_wfi15_f158_cal.asdf,wfi15,eval,1,26,0.003618524,8
gwcs,../roman/.data/build21/r0000101001001001001_0001_wfi15_f158_cal.asdf,wfi15,eval,1,27,0.003266130,8
gwcs,../roman/.data/build21/r0000101001001001001_0001_wfi15_f158_cal.asdf,wfi15,eval,1,28,0.002727780,8
gwcs,../roman/.data/build21/r0000101001001001001_0001_wfi15_f158_cal.asdf,wfi15,eval,1,29,0.002802045,8
gwcs,../roman/.data/build21/r0000101001001001001_0001_wfi15_f158_cal.asdf,wfi15,eval,1,30,0.002995766,8
gwcs,../roman/.data/build21/r0000101001001001001_0001_wfi15_f158_cal.asdf,wfi15,eval,1,31,0.002841402,8
gwcs,../roman/.data/build21/r0000101001001001001_0001_wfi15_f158_cal.asdf,wfi15,eval,1,32,0.004742459,8
gwcs,../roman/.data/build21/r0000101001001001001_0001_wfi15_f158_cal.asdf,wfi15,eval,1,33,0.003620855,8
gwcs,../roman/.data/build21/r0000101001001001001_0001_wfi15_f158_cal.asdf,wfi15,eval,1,34,0.003159701,8
gwcs,../roman/.data/build21/r0000101001001001001_0001_wfi15_f158_cal.asdf,wfi15,eval,1,35,0.003494857,8
gwcs,../roman/.data/build21/r0000101001001001001_0001_wfi15_f158_cal.asdf,wfi15,eval,1,36,0.002941069,8
gwcs,../roman/.data/build21/r0000101001001001001_0001_wfi15_f158_cal.asdf,wfi15,eval,1,37,0.003671263,8
gwcs,../roman/.data/build21/r0000101001001001001_0001_wfi15_f158_cal.asdf,wfi15,eval,1,38,0.003516126,8
gwcs,../roman/.data/build21/r0000101001001001001_0001_wfi15_f158_cal.asdf,wfi15,eval,1,39,0.003046654,8
gwcs,../roman/.data/build21/r0000101001001001001_0001_wfi15_f158_cal.asdf,wfi15,eval,1,40,0.002995511,8
gwcs,../roman/.data/build21/r0000101001001001001_0001_wfi15_f158_cal.asdf,wfi15,eval,1,41,0.002800684,8
gwcs,../roman/.data/build21/r0000101001001001001_0001_wfi15_f158_cal.asdf,wfi15,eval,1,42,0.003416272,8
gwcs,../roman/.data/build21/r0000101001001001001_0001_wfi15_f158_cal.asdf,wfi15,eval,1,43,0.005198778,8
gwcs,../roman/.data/build21/r0000101001001001001_0001_wfi15_f158_cal.asdf,wfi15,eval,1,44,0.003544077,8
gwcs,../roman/.data/build21/r0000101001001001001_0001_wfi15_f158_cal.asdf,wfi15,eval,1,45,0.003257261,8
gwcs,../roman/.data/build21/r0000101001001001001_0001_wfi15_f158_cal.asdf,wfi15,eval,1,46,0.002988083,8
gwcs,../roman/.data/build21/r0000101001001001001_0001_wfi15_f158_cal.asdf,wfi15,eval,1,47,0.004381468,8
gwcs,../roman/.data/build21/r0000101001001001001_0001_wfi15_f158_cal.asdf,wfi15,eval,1,48,0.003139256,8
gwcs,../roman/.data/build21/r0000101001001001001_0001_wfi15_f158_cal.asdf,wfi15,eval,1,49,0.002976770,8
gwcs,../roman/.data/build21/r0000101001001001001_0001_wfi15_f158_cal.asdf,wfi15,eval,10,0,0.003085130,8
gwcs,../roman/.data/build21/r0000101001001001001_0001_wfi15_f158_cal.asdf,wfi15,eval,10,1,0.003444839,8
gwcs,../roman/.data/build21/r0000101001001001001_0001_wfi15_f158_cal.asdf,wfi15,eval,10,2,0.004047563,8
gwcs,../roman/.data/build21/r0000101001001001001_0001_wfi15_f158_cal.asdf,wfi15,eval,10,3,0.004042609,8
gwcs,../roman/.data/build21/r0000101001001001001_0001_wfi15_f158_cal.asdf,wfi15,eval,10,4,0.003402588,8
gwcs,../roman/.data/build21/r0000101001001001001_0001_wfi15_f158_cal.asdf,wfi15,eval,10,5,0.003427407,8
gwcs,../roman/.data/build21/r0000101001001001001_0001_wfi15_f158_cal.asdf,wfi15,eval,10,6,0.004296234,8
gwcs,../roman/.data/build21/r0000101001001001001_0001_wfi15_f158_cal.asdf,wfi15,eval,10,7,0.004001631,8
gwcs,../roman/.data/build21/r0000101001001001001_0001_wfi15_f158_cal.asdf,wfi15,eval,10,8,0.003374702,8
gwcs,../roman/.data/build21/r0000101001001001001_0001_wfi15_f158_cal.asdf,wfi15,eval,10,9,0.003111220,8
gwcs,../roman/.data/build21/r0000101001001001001_0001_wfi15_f158_cal.asdf,wfi15,eval,10,10,0.003561595,8
gwcs,../roman/.data/build21/r0000101001001001001_0001_wfi15_f158_cal.asdf,wfi15,eval,10,11,0.003666730,8
gwcs,../roman/.data/build21/r0000101001001001001_0001_wfi15_f158_cal.asdf,wfi15,eval,10,12,0.003556493,8
gwcs,../roman/.data/build21/r0000101001001001001_0001_wfi15_f158_cal.asdf,wfi15,eval,10,13,0.003269298,8
gwcs,../roman/.data/build21/r0000101001001001001_0001_wfi15_f158_cal.asdf,wfi15,eval,10,14,0.003017352,8
gwcs,../roman/.data/build21/r0000101001001001001_0001_wfi15_f158_cal.asdf,wfi15,eval,10,15,0.003179253,8
gwcs,../roman/.data/build21/r0000101001001001001_0001_wfi15_f158_cal.asdf,wfi15,eval,10,16,0.003102569,8
gwcs,../roman/.data/build21/r0000101001001001001_0001_wfi15_f158_cal.asdf,wfi15,eval,10,17,0.002845540,8
gwcs,../roman/.data/build21/r0000101001001001001_0001_wfi15_f158_cal.asdf,wfi15,eval,10,18,0.003490147,8
gwcs,../roman/.data/build21/r0000101001001001001_0001_wfi15_f158_cal.asdf,wfi15,eval,10,19,0.004488007,8
gwcs,../roman/.data/build21/r0000101001001001001_0001_wfi15_f158_cal.asdf,wfi15,eval,10,20,0.003394108,8
gwcs,../roman/.data/build21/r0000101001001001001_0001_wfi15_f158_cal.asdf,wfi15,eval,10,21,0.003819345,8
gwcs,../roman/.data/build21/r0000101001001001001_0001_wfi15_f158_cal.asdf,wfi15,eval,10,22,0.003111415,8
gwcs,../roman/.data/build21/r0000101001001001001_0001_wfi15_f158_cal.asdf,wfi15,eval,10,23,0.003094420,8
gwcs,../roman/.data/build21/r0000101001001001001_0001_wfi15_f158_cal.asdf,wfi15,eval,10,24,0.003246498,8
gwcs,../roman/.data/build21/r0000101001001001001_0001_wfi15_f158_cal.asdf,wfi15,eval,10,25,0.003013530,8
gwcs,../roman/.data/build21/r0000101001001001001_0001_wfi15_f158_cal.asdf,wfi15,eval,10,26,0.003025081,8
gwcs,../roman/.data/build21/r0000101001001001001_0001_wfi15_f158_cal.asdf,wfi15,eval,10,27,0.003304919,8
gwcs,../roman/.data/build21/r0000101001001001001_0001_wfi15_f158_cal.asdf,wfi15,eval,10,28,0.004758054,8
gwcs,../roman/.data/build21/r0000101001001001001_0001_wfi15_f158_cal.asdf,wfi15,eval,10,29,0.003112223,8
gwcs,../roman/.data/build21/r0000101001001001001_0001_wfi15_f158_cal.asdf,wfi15,eval,10,30,0.003698600,8
gwcs,../roman/.data/build21/r0000101001001001001_0001_wfi15_f158_cal.asdf,wfi15,eval,10,31,0.003514879,8
gwcs,../roman/.data/build21/r0000101001001001001_0001_wfi15_f158_cal.asdf,wfi15,eval,10,32,0.003087059,8
gwcs,../roman/.data/build21/r0000101001001001001_0001_wfi15_f158_cal.asdf,wfi15,eval,10,33,0.002869666,8
gwcs,../roman/.data/build21/r0000101001001001001_0001_wfi15_f158_cal.asdf,wfi15,eval,10,34,0.003158538,8
gwcs,../roman/.data/build21/r0000101001001001001_0001_wfi15_f158_cal.asdf,wfi15,eval,10,35,0.002975830,8
gwcs,../roman/.data/build21/r0000101001001001001_0001_wfi15_f158_cal.asdf,wfi15,eval,10,36,0.004337093,8
gwcs,../roman/.data/build21/r0000101001001001001_0001_wfi15_f158_cal.asdf,wfi15,eval,10,37,0.004096805,8
gwcs,../roman/.data/build21/r0000101001001001001_0001_wfi15_f158_cal.asdf,wfi15,eval,10,38,0.003349531,8
gwcs,../roman/.data/build21/r0000101001001001001_0001_wfi15_f158_cal.asdf,wfi15,eval,10,39,0.005199594,8
gwcs,../roman/.data/build21/r0000101001001001001_0001_wfi15_f158_cal.asdf,wfi15,eval,10,40,0.004626953,8
gwcs,../roman/.data/build21/r0000101001001001001_0001_wfi15_f158_cal.asdf,wfi15,eval,10,41,0.003308651,8
gwcs,../roman/.data/build21/r0000101001001001001_0001_wfi15_f158_cal.asdf,wfi15,eval,10,42,0.003335160,8
gwcs,../roman/.data/build21/r0000101001001001001_0001_wfi15_f158_cal.asdf,wfi15,eval,10,43,0.003056238,8
gwcs,../roman/.data/build21/r0000101001001001001_0001_wfi15_f158_cal.asdf,wfi15,eval,10,44,0.004741125,8
gwcs,../roman/.data/build21/r0000101001001001001_0001_wfi15_f158_cal.asdf,wfi15,eval,10,45,0.003217007,8
gwcs,../roman/.data/build21/r0000101001001001001_0001_wfi15_f158_cal.asdf,wfi15,eval,10,46,0.003360659,8
gwcs,../roman/.data/build21/r0000101001001001001_0001_wfi15_f158_cal.asdf,wfi15,eval,10,47,0.004280896,8
gwcs,../roman/.data/build21/r0000101001001001001_0001_wfi15_f158_cal.asdf,wfi15,eval,10,48,0.003796286,8
gwcs,../roman/.data/build21/r0000101001001001001_0001_wfi15_f158_cal.asdf,wfi15,eval,10,49,0.003254352,8
gwcs,../roman/.data/build21/r0000101001001001001_0001_wfi15_f158_cal.asdf,wfi15,eval,100,0,0.003738306,8
gwcs,../roman/.data/build21/r0000101001001001001_0001_wfi15_f158_cal.asdf,wfi15,eval,100,1,0.003075914,8
gwcs,../roman/.data/build21/r0000101001001001001_0001_wfi15_f158_cal.asdf,wfi15,eval,100,2,0.004110127,8
gwcs,../roman/.data/build21/r0000101001001001001_0001_wfi15_f158_cal.asdf,wfi15,eval,100,3,0.004152916,8
gwcs,../roman/.data/build21/r0000101001001001001_0001_wfi15_f158_cal.asdf,wfi15,eval,100,4,0.003314530,8
gwcs,../roman/.data/build21/r0000101001001001001_0001_wfi15_f158_cal.asdf,wfi15,eval,100,5,0.003912511,8
gwcs,../roman/.data/build21/r0000101001001001001_0001_wfi15_f158_cal.asdf,wfi15,eval,100,6,0.003130597,8
gwcs,../roman/.data/build21/r0000101001001001001_0001_wfi15_f158_cal.asdf,wfi15,eval,100,7,0.003848140,8
gwcs,../roman/.data/build21/r0000101001001001001_0001_wfi15_f158_cal.asdf,wfi15,eval,100,8,0.003183582,8
gwcs,../roman/.data/build21/r0000101001001001001_0001_wfi15_f158_cal.asdf,wfi15,eval,100,9,0.004451973,8
gwcs,../roman/.data/build21/r0000101001001001001_0001_wfi15_f158_cal.asdf,wfi15,eval,100,10,0.003702248,8
gwcs,../roman/.data/build21/r0000101001001001001_0001_wfi15_f158_cal.asdf,wfi15,eval,100,11,0.004854230,8
gwcs,../roman/.data/build21/r0000101001001001001_0001_wfi15_f158_cal.asdf,wfi15,eval,100,12,0.003957730,8
gwcs,../roman/.data/build21/r0000101001001001001_0001_wfi15_f158_cal.asdf,wfi15,eval,100,13,0.003881139,8
gwcs,../roman/.data/build21/r0000101001001001001_0001_wfi15_f158_cal.asdf,wfi15,eval,100,14,0.003535504,8
gwcs,../roman/.data/build21/r0000101001001001001_0001_wfi15_f158_cal.asdf,wfi15,eval,100,15,0.003664893,8
gwcs,../roman/.data/build21/r0000101001001001001_0001_wfi15_f158_cal.asdf,wfi15,eval,100,16,0.003355981,8
gwcs,../roman/.data/build21/r0000101001001001001_0001_wfi15_f158_cal.asdf,wfi15,eval,100,17,0.003198959,8
gwcs,../roman/.data/build21/r0000101001001001001_0001_wfi15_f158_cal.asdf,wfi15,eval,100,18,0.003656017,8
gwcs,../roman/.data/build21/r0000101001001001001_0001_wfi15_f158_cal.asdf,wfi15,eval,100,19,0.004167774,8
gwcs,../roman/.data/build21/r0000101001001001001_0001_wfi15_f158_cal.asdf,wfi15,eval,100,20,0.003329786,8
gwcs,../roman/.data/build21/r0000101001001001001_0001_wfi15_f158_cal.asdf,wfi15,eval,100,21,0.003116070,8
gwcs,../roman/.data/build21/r0000101001001001001_0001_wfi15_f158_cal.asdf,wfi15,eval,100,22,0.003298107,8
gwcs,../roman/.data/build21/r0000101001001001001_0001_wfi15_f158_cal.asdf,wfi15,eval,100,23,0.003436740,8
gwcs,../roman/.data/build21/r0000101001001001001_0001_wfi15_f158_cal.asdf,wfi15,eval,100,24,0.002911376,8
gwcs,../roman/.data/build21/r0000101001001001001_0001_wfi15_f158_cal.asdf,wfi15,eval,100,25,0.004106875,8
gwcs,../roman/.data/build21/r0000101001001001001_0001_wfi15_f158_cal.asdf,wfi15,eval,100,26,0.003991874,8
gwcs,../roman/.data/build21/r0000101001001001001_0001_wfi15_f158_cal.asdf,wfi15,eval,100,27,0.004009561,8
gwcs,../roman/.data/build21/r0000101001001001001_0001_wfi15_f158_cal.asdf,wfi15,eval,100,28,0.003290025,8
gwcs,../roman/.data/build21/r0000101001001001001_0001_wfi15_f158_cal.asdf,wfi15,eval,100,29,0.003225908,8
gwcs,../roman/.data/build21/r0000101001001001001_0001_wfi15_f158_cal.asdf,wfi15,eval,1000,0,0.004454245,8
gwcs,../roman/.data/build21/r0000101001001001001_0001_wfi15_f158_cal.asdf,wfi15,eval,1000,1,0.003912153,8
gwcs,../roman/.data/build21/r0000101001001001001_0001_wfi15_f158_cal.asdf,wfi15,eval,1000,2,0.003603077,8
gwcs,../roman/.data/build21/r0000101001001001001_0001_wfi15_f158_cal.asdf,wfi15,eval,1000,3,0.003535361,8
gwcs,../roman/.data/build21/r0000101001001001001_0001_wfi15_f158_cal.asdf,wfi15,eval,1000,4,0.004576146,8
gwcs,../roman/.data/build21/r0000101001001001001_0001_wfi15_f158_cal.asdf,wfi15,eval,1000,5,0.004175047,8
gwcs,../roman/.data/build21/r0000101001001001001_0001_wfi15_f158_cal.asdf,wfi15,eval,1000,6,0.004360931,8
gwcs,../roman/.data/build21/r0000101001001001001_0001_wfi15_f158_cal.asdf,wfi15,eval,1000,7,0.003354574,8
gwcs,../roman/.data/build21/r0000101001001001001_0001_wfi15_f158_cal.asdf,wfi15,eval,1000,8,0.004302560,8
gwcs,../roman/.data/build21/r0000101001001001001_0001_wfi15_f158_cal.asdf,wfi15,eval,1000,9,0.003818315,8
gwcs,../roman/.data/build21/r0000101001001001001_0001_wfi15_f158_cal.asdf,wfi15,eval,1000,10,0.003753317,8
gwcs,../roman/.data/build21/r0000101001001001001_0001_wfi15_f158_cal.asdf,wfi15,eval,1000,11,0.004303487,8
gwcs,../roman/.data/build21/r0000101001001001001_0001_wfi15_f158_cal.asdf,wfi15,eval,1000,12,0.003349561,8
gwcs,../roman/.data/build21/r0000101001001001001_0001_wfi15_f158_cal.asdf,wfi15,eval,1000,13,0.003548867,8
gwcs,../roman/.data/build21/r0000101001001001001_0001_wfi15_f158_cal.asdf,wfi15,eval,1000,14,0.003126303,8
gwcs,../roman/.data/build21/r0000101001001001001_0001_wfi15_f158_cal.asdf,wfi15,eval,10000,0,0.005865049,8
gwcs,../roman/.data/build21/r0000101001001001001_0001_wfi15_f158_cal.asdf,wfi15,eval,10000,1,0.005739627,8
gwcs,../roman/.data/build21/r0000101001001001001_0001_wfi15_f158_cal.asdf,wfi15,eval,10000,2,0.004811107,8
gwcs,../roman/.data/build21/r0000101001001001001_0001_wfi15_f158_cal.asdf,wfi15,eval,10000,3,0.004728095,8
gwcs,../roman/.data/build21/r0000101001001001001_0001_wfi15_f158_cal.asdf,wfi15,eval,10000,4,0.004855496,8
gwcs,../roman/.data/build21/r0000101001001001001_0001_wfi15_f158_cal.asdf,wfi15,eval,10000,5,0.004865750,8
gwcs,../roman/.data/build21/r0000101001001001001_0001_wfi15_f158_cal.asdf,wfi15,eval,10000,6,0.005065577,8
gwcs,../roman/.data/build21/r0000101001001001001_0001_wfi15_f158_cal.asdf,wfi15,eval,10000,7,0.004725177,8
gwcs,../roman/.data/build21/r0000101001001001001_0001_wfi15_f158_cal.asdf,wfi15,eval,100000,0,0.021159023,8
gwcs,../roman/.data/build21/r0000101001001001001_0001_wfi15_f158_cal.asdf,wfi15,eval,100000,1,0.020930419,8
gwcs,../roman/.data/build21/r0000101001001001001_0001_wfi15_f158_cal.asdf,wfi15,eval,100000,2,0.019915516,8
gwcs,../roman/.data/build21/r0000101001001001001_0001_wfi15_f158_cal.asdf,wfi15,eval,100000,3,0.020083344,8
gwcs,../roman/.data/build21/r0000101001001001001_0001_wfi15_f158_cal.asdf,wfi15,eval,100000,4,0.020413914,8
gwcs,../roman/.data/build21/r0000101001001001001_0001_wfi15_f158_cal.asdf,wfi15,eval,1000000,0,0.279849691,8
gwcs,../roman/.data/build21/r0000101001001001001_0001_wfi15_f158_cal.asdf,wfi15,eval,1000000,1,0.276173644,8
gwcs,../roman/.data/build21/r0000101001001001001_0001_wfi15_f158_cal.asdf,wfi15,eval,1000000,2,0.382744601,8
gwcs,../roman/.data/build21/r0000101001001001001_0001_wfi16_f158_cal.asdf,wfi16,parse_cold,0,0,0.851093542,8
gwcs,../roman/.data/build21/r0000101001001001001_0001_wfi16_f158_cal.asdf,wfi16,parse_hot,0,0,0.919852483,8
gwcs,../roman/.data/build21/r0000101001001001001_0001_wfi16_f158_cal.asdf,wfi16,eval,1,0,0.005316486,8
gwcs,../roman/.data/build21/r0000101001001001001_0001_wfi16_f158_cal.asdf,wfi16,eval,1,1,0.004636205,8
gwcs,../roman/.data/build21/r0000101001001001001_0001_wfi16_f158_cal.asdf,wfi16,eval,1,2,0.004607781,8
gwcs,../roman/.data/build21/r0000101001001001001_0001_wfi16_f158_cal.asdf,wfi16,eval,1,3,0.004690371,8
gwcs,../roman/.data/build21/r0000101001001001001_0001_wfi16_f158_cal.asdf,wfi16,eval,1,4,0.004525500,8
gwcs,../roman/.data/build21/r0000101001001001001_0001_wfi16_f158_cal.asdf,wfi16,eval,1,5,0.005123556,8
gwcs,../roman/.data/build21/r0000101001001001001_0001_wfi16_f158_cal.asdf,wfi16,eval,1,6,0.004137355,8
gwcs,../roman/.data/build21/r0000101001001001001_0001_wfi16_f158_cal.asdf,wfi16,eval,1,7,0.004375427,8
gwcs,../roman/.data/build21/r0000101001001001001_0001_wfi16_f158_cal.asdf,wfi16,eval,1,8,0.004376103,8
gwcs,../roman/.data/build21/r0000101001001001001_0001_wfi16_f158_cal.asdf,wfi16,eval,1,9,0.004120656,8
gwcs,../roman/.data/build21/r0000101001001001001_0001_wfi16_f158_cal.asdf,wfi16,eval,1,10,0.004528273,8
gwcs,../roman/.data/build21/r0000101001001001001_0001_wfi16_f158_cal.asdf,wfi16,eval,1,11,0.004350466,8
gwcs,../roman/.data/build21/r0000101001001001001_0001_wfi16_f158_cal.asdf,wfi16,eval,1,12,0.004048727,8
gwcs,../roman/.data/build21/r0000101001001001001_0001_wfi16_f158_cal.asdf,wfi16,eval,1,13,0.004208311,8
gwcs,../roman/.data/build21/r0000101001001001001_0001_wfi16_f158_cal.asdf,wfi16,eval,1,14,0.004791005,8
gwcs,../roman/.data/build21/r0000101001001001001_0001_wfi16_f158_cal.asdf,wfi16,eval,1,15,0.004229829,8
gwcs,../roman/.data/build21/r0000101001001001001_0001_wfi16_f158_cal.asdf,wfi16,eval,1,16,0.004133253,8
gwcs,../roman/.data/build21/r0000101001001001001_0001_wfi16_f158_cal.asdf,wfi16,eval,1,17,0.004160345,8
gwcs,../roman/.data/build21/r0000101001001001001_0001_wfi16_f158_cal.asdf,wfi16,eval,1,18,0.006161025,8
gwcs,../roman/.data/build21/r0000101001001001001_0001_wfi16_f158_cal.asdf,wfi16,eval,1,19,0.005107523,8
gwcs,../roman/.data/build21/r0000101001001001001_0001_wfi16_f158_cal.asdf,wfi16,eval,1,20,0.004071009,8
gwcs,../roman/.data/build21/r0000101001001001001_0001_wfi16_f158_cal.asdf,wfi16,eval,1,21,0.005141898,8
gwcs,../roman/.data/build21/r0000101001001001001_0001_wfi16_f158_cal.asdf,wfi16,eval,1,22,0.003916006,8
gwcs,../roman/.data/build21/r0000101001001001001_0001_wfi16_f158_cal.asdf,wfi16,eval,1,23,0.004081221,8
gwcs,../roman/.data/build21/r0000101001001001001_0001_wfi16_f158_cal.asdf,wfi16,eval,1,24,0.004011957,8
gwcs,../roman/.data/build21/r0000101001001001001_0001_wfi16_f158_cal.asdf,wfi16,eval,1,25,0.004194253,8
gwcs,../roman/.data/build21/r0000101001001001001_0001_wfi16_f158_cal.asdf,wfi16,eval,1,26,0.004187561,8
gwcs,../roman/.data/build21/r0000101001001001001_0001_wfi16_f158_cal.asdf,wfi16,eval,1,27,0.004220175,8
gwcs,../roman/.data/build21/r0000101001001001001_0001_wfi16_f158_cal.asdf,wfi16,eval,1,28,0.004330973,8
gwcs,../roman/.data/build21/r0000101001001001001_0001_wfi16_f158_cal.asdf,wfi16,eval,1,29,0.004210737,8
gwcs,../roman/.data/build21/r0000101001001001001_0001_wfi16_f158_cal.asdf,wfi16,eval,1,30,0.004502985,8
gwcs,../roman/.data/build21/r0000101001001001001_0001_wfi16_f158_cal.asdf,wfi16,eval,1,31,0.004316269,8
gwcs,../roman/.data/build21/r0000101001001001001_0001_wfi16_f158_cal.asdf,wfi16,eval,1,32,0.004074748,8
gwcs,../roman/.data/build21/r0000101001001001001_0001_wfi16_f158_cal.asdf,wfi16,eval,1,33,0.004168555,8
gwcs,../roman/.data/build21/r0000101001001001001_0001_wfi16_f158_cal.asdf,wfi16,eval,1,34,0.004307826,8
gwcs,../roman/.data/build21/r0000101001001001001_0001_wfi16_f158_cal.asdf,wfi16,eval,1,35,0.004118930,8
gwcs,../roman/.data/build21/r0000101001001001001_0001_wfi16_f158_cal.asdf,wfi16,eval,1,36,0.004215994,8
gwcs,../roman/.data/build21/r0000101001001001001_0001_wfi16_f158_cal.asdf,wfi16,eval,1,37,0.004128151,8
gwcs,../roman/.data/build21/r0000101001001001001_0001_wfi16_f158_cal.asdf,wfi16,eval,1,38,0.004287157,8
gwcs,../roman/.data/build21/r0000101001001001001_0001_wfi16_f158_cal.asdf,wfi16,eval,1,39,0.004416342,8
gwcs,../roman/.data/build21/r0000101001001001001_0001_wfi16_f158_cal.asdf,wfi16,eval,1,40,0.004592580,8
gwcs,../roman/.data/build21/r0000101001001001001_0001_wfi16_f158_cal.asdf,wfi16,eval,1,41,0.005458090,8
gwcs,../roman/.data/build21/r0000101001001001001_0001_wfi16_f158_cal.asdf,wfi16,eval,1,42,0.004341573,8
gwcs,../roman/.data/build21/r0000101001001001001_0001_wfi16_f158_cal.asdf,wfi16,eval,1,43,0.004001123,8
gwcs,../roman/.data/build21/r0000101001001001001_0001_wfi16_f158_cal.asdf,wfi16,eval,1,44,0.004234135,8
gwcs,../roman/.data/build21/r0000101001001001001_0001_wfi16_f158_cal.asdf,wfi16,eval,1,45,0.004158980,8
gwcs,../roman/.data/build21/r0000101001001001001_0001_wfi16_f158_cal.asdf,wfi16,eval,1,46,0.004243731,8
gwcs,../roman/.data/build21/r0000101001001001001_0001_wfi16_f158_cal.asdf,wfi16,eval,1,47,0.004244238,8
gwcs,../roman/.data/build21/r0000101001001001001_0001_wfi16_f158_cal.asdf,wfi16,eval,1,48,0.004132671,8
gwcs,../roman/.data/build21/r0000101001001001001_0001_wfi16_f158_cal.asdf,wfi16,eval,1,49,0.004405778,8
gwcs,../roman/.data/build21/r0000101001001001001_0001_wfi16_f158_cal.asdf,wfi16,eval,10,0,0.004729866,8
gwcs,../roman/.data/build21/r0000101001001001001_0001_wfi16_f158_cal.asdf,wfi16,eval,10,1,0.005469934,8
gwcs,../roman/.data/build21/r0000101001001001001_0001_wfi16_f158_cal.asdf,wfi16,eval,10,2,0.004760761,8
gwcs,../roman/.data/build21/r0000101001001001001_0001_wfi16_f158_cal.asdf,wfi16,eval,10,3,0.004452958,8
gwcs,../roman/.data/build21/r0000101001001001001_0001_wfi16_f158_cal.asdf,wfi16,eval,10,4,0.004347573,8
gwcs,../roman/.data/build21/r0000101001001001001_0001_wfi16_f158_cal.asdf,wfi16,eval,10,5,0.004362575,8
gwcs,../roman/.data/build21/r0000101001001001001_0001_wfi16_f158_cal.asdf,wfi16,eval,10,6,0.004323098,8
gwcs,../roman/.data/build21/r0000101001001001001_0001_wfi16_f158_cal.asdf,wfi16,eval,10,7,0.004343724,8
gwcs,../roman/.data/build21/r0000101001001001001_0001_wfi16_f158_cal.asdf,wfi16,eval,10,8,0.004134600,8
gwcs,../roman/.data/build21/r0000101001001001001_0001_wfi16_f158_cal.asdf,wfi16,eval,10,9,0.004310624,8
gwcs,../roman/.data/build21/r0000101001001001001_0001_wfi16_f158_cal.asdf,wfi16,eval,10,10,0.005382461,8
gwcs,../roman/.data/build21/r0000101001001001001_0001_wfi16_f158_cal.asdf,wfi16,eval,10,11,0.004369786,8
gwcs,../roman/.data/build21/r0000101001001001001_0001_wfi16_f158_cal.asdf,wfi16,eval,10,12,0.004255841,8
gwcs,../roman/.data/build21/r0000101001001001001_0001_wfi16_f158_cal.asdf,wfi16,eval,10,13,0.004303078,8
gwcs,../roman/.data/build21/r0000101001001001001_0001_wfi16_f158_cal.asdf,wfi16,eval,10,14,0.004138788,8
gwcs,../roman/.data/build21/r0000101001001001001_0001_wfi16_f158_cal.asdf,wfi16,eval,10,15,0.004339671,8
gwcs,../roman/.data/build21/r0000101001001001001_0001_wfi16_f158_cal.asdf,wfi16,eval,10,16,0.004270380,8
gwcs,../roman/.data/build21/r0000101001001001001_0001_wfi16_f158_cal.asdf,wfi16,eval,10,17,0.004457273,8
gwcs,../roman/.data/build21/r0000101001001001001_0001_wfi16_f158_cal.asdf,wfi16,eval,10,18,0.004549807,8
gwcs,../roman/.data/build21/r0000101001001001001_0001_wfi16_f158_cal.asdf,wfi16,eval,10,19,0.004276459,8
gwcs,../roman/.data/build21/r0000101001001001001_0001_wfi16_f158_cal.asdf,wfi16,eval,10,20,0.004355642,8
gwcs,../roman/.data/build21/r0000101001001001001_0001_wfi16_f158_cal.asdf,wfi16,eval,10,21,0.004304258,8
gwcs,../roman/.data/build21/r0000101001001001001_0001_wfi16_f158_cal.asdf,wfi16,eval,10,22,0.004529547,8
gwcs,../roman/.data/build21/r0000101001001001001_0001_wfi16_f158_cal.asdf,wfi16,eval,10,23,0.004650103,8
gwcs,../roman/.data/build21/r0000101001001001001_0001_wfi16_f158_cal.asdf,wfi16,eval,10,24,0.004366321,8
gwcs,../roman/.data/build21/r0000101001001001001_0001_wfi16_f158_cal.asdf,wfi16,eval,10,25,0.004574861,8
gwcs,../roman/.data/build21/r0000101001001001001_0001_wfi16_f158_cal.asdf,wfi16,eval,10,26,0.004554969,8
gwcs,../roman/.data/build21/r0000101001001001001_0001_wfi16_f158_cal.asdf,wfi16,eval,10,27,0.004336307,8
gwcs,../roman/.data/build21/r0000101001001001001_0001_wfi16_f158_cal.asdf,wfi16,eval,10,28,0.004344564,8
gwcs,../roman/.data/build21/r0000101001001001001_0001_wfi16_f158_cal.asdf,wfi16,eval,10,29,0.005450401,8
gwcs,../roman/.data/build21/r0000101001001001001_0001_wfi16_f158_cal.asdf,wfi16,eval,10,30,0.004434279,8
gwcs,../roman/.data/build21/r0000101001001001001_0001_wfi16_f158_cal.asdf,wfi16,eval,10,31,0.004372801,8
gwcs,../roman/.data/build21/r0000101001001001001_0001_wfi16_f158_cal.asdf,wfi16,eval,10,32,0.004315246,8
gwcs,../roman/.data/build21/r0000101001001001001_0001_wfi16_f158_cal.asdf,wfi16,eval,10,33,0.005428833,8
gwcs,../roman/.data/build21/r0000101001001001001_0001_wfi16_f158_cal.asdf,wfi16,eval,10,34,0.005091366,8
gwcs,../roman/.data/build21/r0000101001001001001_0001_wfi16_f158_cal.asdf,wfi16,eval,10,35,0.006111712,8
gwcs,../roman/.data/build21/r0000101001001001001_0001_wfi16_f158_cal.asdf,wfi16,eval,10,36,0.004798915,8
gwcs,../roman/.data/build21/r0000101001001001001_0001_wfi16_f158_cal.asdf,wfi16,eval,10,37,0.004271596,8
gwcs,../roman/.data/build21/r0000101001001001001_0001_wfi16_f158_cal.asdf,wfi16,eval,10,38,0.004590699,8
gwcs,../roman/.data/build21/r0000101001001001001_0001_wfi16_f158_cal.asdf,wfi16,eval,10,39,0.004348312,8
gwcs,../roman/.data/build21/r0000101001001001001_0001_wfi16_f158_cal.asdf,wfi16,eval,10,40,0.004564915,8
gwcs,../roman/.data/build21/r0000101001001001001_0001_wfi16_f158_cal.asdf,wfi16,eval,10,41,0.004605210,8
gwcs,../roman/.data/build21/r0000101001001001001_0001_wfi16_f158_cal.asdf,wfi16,eval,10,42,0.004615531,8
gwcs,../roman/.data/build21/r0000101001001001001_0001_wfi16_f158_cal.asdf,wfi16,eval,10,43,0.004222651,8
gwcs,../roman/.data/build21/r0000101001001001001_0001_wfi16_f158_cal.asdf,wfi16,eval,10,44,0.004430083,8
gwcs,../roman/.data/build21/r0000101001001001001_0001_wfi16_f158_cal.asdf,wfi16,eval,10,45,0.004295751,8
gwcs,../roman/.data/build21/r0000101001001001001_0001_wfi16_f158_cal.asdf,wfi16,eval,10,46,0.004631395,8
gwcs,../roman/.data/build21/r0000101001001001001_0001_wfi16_f158_cal.asdf,wfi16,eval,10,47,0.004451487,8
gwcs,../roman/.data/build21/r0000101001001001001_0001_wfi16_f158_cal.asdf,wfi16,eval,10,48,0.004225626,8
gwcs,../roman/.data/build21/r0000101001001001001_0001_wfi16_f158_cal.asdf,wfi16,eval,10,49,0.005446642,8
gwcs,../roman/.data/build21/r0000101001001001001_0001_wfi16_f158_cal.asdf,wfi16,eval,100,0,0.006298861,8
gwcs,../roman/.data/build21/r0000101001001001001_0001_wfi16_f158_cal.asdf,wfi16,eval,100,1,0.005251899,8
gwcs,../roman/.data/build21/r0000101001001001001_0001_wfi16_f158_cal.asdf,wfi16,eval,100,2,0.004717575,8
gwcs,../roman/.data/build21/r0000101001001001001_0001_wfi16_f158_cal.asdf,wfi16,eval,100,3,0.004342812,8
gwcs,../roman/.data/build21/r0000101001001001001_0001_wfi16_f158_cal.asdf,wfi16,eval,100,4,0.004435104,8
gwcs,../roman/.data/build21/r0000101001001001001_0001_wfi16_f158_cal.asdf,wfi16,eval,100,5,0.004866912,8
gwcs,../roman/.data/build21/r0000101001001001001_0001_wfi16_f158_cal.asdf,wfi16,eval,100,6,0.004419646,8
gwcs,../roman/.data/build21/r0000101001001001001_0001_wfi16_f158_cal.asdf,wfi16,eval,100,7,0.004560026,8
gwcs,../roman/.data/build21/r0000101001001001001_0001_wfi16_f158_cal.asdf,wfi16,eval,100,8,0.004799088,8
gwcs,../roman/.data/build21/r0000101001001001001_0001_wfi16_f158_cal.asdf,wfi16,eval,100,9,0.004289160,8
gwcs,../roman/.data/build21/r0000101001001001001_0001_wfi16_f158_cal.asdf,wfi16,eval,100,10,0.004541887,8
gwcs,../roman/.data/build21/r0000101001001001001_0001_wfi16_f158_cal.asdf,wfi16,eval,100,11,0.004334628,8
gwcs,../roman/.data/build21/r0000101001001001001_0001_wfi16_f158_cal.asdf,wfi16,eval,100,12,0.004737765,8
gwcs,../roman/.data/build21/r0000101001001001001_0001_wfi16_f158_cal.asdf,wfi16,eval,100,13,0.004469123,8
gwcs,../roman/.data/build21/r0000101001001001001_0001_wfi16_f158_cal.asdf,wfi16,eval,100,14,0.004521217,8
gwcs,../roman/.data/build21/r0000101001001001001_0001_wfi16_f158_cal.asdf,wfi16,eval,100,15,0.004361687,8
gwcs,../roman/.data/build21/r0000101001001001001_0001_wfi16_f158_cal.asdf,wfi16,eval,100,16,0.004289025,8
gwcs,../roman/.data/build21/r0000101001001001001_0001_wfi16_f158_cal.asdf,wfi16,eval,100,17,0.005644734,8
gwcs,../roman/.data/build21/r0000101001001001001_0001_wfi16_f158_cal.asdf,wfi16,eval,100,18,0.005408283,8
gwcs,../roman/.data/build21/r0000101001001001001_0001_wfi16_f158_cal.asdf,wfi16,eval,100,19,0.005324923,8
gwcs,../roman/.data/build21/r0000101001001001001_0001_wfi16_f158_cal.asdf,wfi16,eval,100,20,0.004553907,8
gwcs,../roman/.data/build21/r0000101001001001001_0001_wfi16_f158_cal.asdf,wfi16,eval,100,21,0.004528061,8
gwcs,../roman/.data/build21/r0000101001001001001_0001_wfi16_f158_cal.asdf,wfi16,eval,100,22,0.004294386,8
gwcs,../roman/.data/build21/r0000101001001001001_0001_wfi16_f158_cal.asdf,wfi16,eval,100,23,0.004365214,8
gwcs,../roman/.data/build21/r0000101001001001001_0001_wfi16_f158_cal.asdf,wfi16,eval,100,24,0.004225616,8
gwcs,../roman/.data/build21/r0000101001001001001_0001_wfi16_f158_cal.asdf,wfi16,eval,100,25,0.004624424,8
gwcs,../roman/.data/build21/r0000101001001001001_0001_wfi16_f158_cal.asdf,wfi16,eval,100,26,0.004676531,8
gwcs,../roman/.data/build21/r0000101001001001001_0001_wfi16_f158_cal.asdf,wfi16,eval,100,27,0.004486694,8
gwcs,../roman/.data/build21/r0000101001001001001_0001_wfi16_f158_cal.asdf,wfi16,eval,100,28,0.004529596,8
gwcs,../roman/.data/build21/r0000101001001001001_0001_wfi16_f158_cal.asdf,wfi16,eval,100,29,0.004373527,8
gwcs,../roman/.data/build21/r0000101001001001001_0001_wfi16_f158_cal.asdf,wfi16,eval,1000,0,0.006837443,8
gwcs,../roman/.data/build21/r0000101001001001001_0001_wfi16_f158_cal.asdf,wfi16,eval,1000,1,0.005961468,8
gwcs,../roman/.data/build21/r0000101001001001001_0001_wfi16_f158_cal.asdf,wfi16,eval,1000,2,0.004851531,8
gwcs,../roman/.data/build21/r0000101001001001001_0001_wfi16_f158_cal.asdf,wfi16,eval,1000,3,0.004987682,8
gwcs,../roman/.data/build21/r0000101001001001001_0001_wfi16_f158_cal.asdf,wfi16,eval,1000,4,0.004867454,8
gwcs,../roman/.data/build21/r0000101001001001001_0001_wfi16_f158_cal.asdf,wfi16,eval,1000,5,0.004719824,8
gwcs,../roman/.data/build21/r0000101001001001001_0001_wfi16_f158_cal.asdf,wfi16,eval,1000,6,0.004849736,8
gwcs,../roman/.data/build21/r0000101001001001001_0001_wfi16_f158_cal.asdf,wfi16,eval,1000,7,0.005798361,8
gwcs,../roman/.data/build21/r0000101001001001001_0001_wfi16_f158_cal.asdf,wfi16,eval,1000,8,0.004515067,8
gwcs,../roman/.data/build21/r0000101001001001001_0001_wfi16_f158_cal.asdf,wfi16,eval,1000,9,0.053979190,8
gwcs,../roman/.data/build21/r0000101001001001001_0001_wfi16_f158_cal.asdf,wfi16,eval,1000,10,0.005867719,8
gwcs,../roman/.data/build21/r0000101001001001001_0001_wfi16_f158_cal.asdf,wfi16,eval,1000,11,0.004440359,8
gwcs,../roman/.data/build21/r0000101001001001001_0001_wfi16_f158_cal.asdf,wfi16,eval,1000,12,0.004691652,8
gwcs,../roman/.data/build21/r0000101001001001001_0001_wfi16_f158_cal.asdf,wfi16,eval,1000,13,0.004631723,8
gwcs,../roman/.data/build21/r0000101001001001001_0001_wfi16_f158_cal.asdf,wfi16,eval,1000,14,0.004526606,8
gwcs,../roman/.data/build21/r0000101001001001001_0001_wfi16_f158_cal.asdf,wfi16,eval,10000,0,0.009485446,8
gwcs,../roman/.data/build21/r0000101001001001001_0001_wfi16_f158_cal.asdf,wfi16,eval,10000,1,0.007587398,8
gwcs,../roman/.data/build21/r0000101001001001001_0001_wfi16_f158_cal.asdf,wfi16,eval,10000,2,0.007206392,8
gwcs,../roman/.data/build21/r0000101001001001001_0001_wfi16_f158_cal.asdf,wfi16,eval,10000,3,0.006954901,8
gwcs,../roman/.data/build21/r0000101001001001001_0001_wfi16_f158_cal.asdf,wfi16,eval,10000,4,0.007055931,8
gwcs,../roman/.data/build21/r0000101001001001001_0001_wfi16_f158_cal.asdf,wfi16,eval,10000,5,0.007052707,8
gwcs,../roman/.data/build21/r0000101001001001001_0001_wfi16_f158_cal.asdf,wfi16,eval,10000,6,0.009752790,8
gwcs,../roman/.data/build21/r0000101001001001001_0001_wfi16_f158_cal.asdf,wfi16,eval,10000,7,0.007498726,8
gwcs,../roman/.data/build21/r0000101001001001001_0001_wfi16_f158_cal.asdf,wfi16,eval,100000,0,0.047314162,8
gwcs,../roman/.data/build21/r0000101001001001001_0001_wfi16_f158_cal.asdf,wfi16,eval,100000,1,0.035579579,8
gwcs,../roman/.data/build21/r0000101001001001001_0001_wfi16_f158_cal.asdf,wfi16,eval,100000,2,0.032006951,8
gwcs,../roman/.data/build21/r0000101001001001001_0001_wfi16_f158_cal.asdf,wfi16,eval,100000,3,0.033527410,8
gwcs,../roman/.data/build21/r0000101001001001001_0001_wfi16_f158_cal.asdf,wfi16,eval,100000,4,0.033276084,8
gwcs,../roman/.data/build21/r0000101001001001001_0001_wfi16_f158_cal.asdf,wfi16,eval,1000000,0,0.675360688,8
gwcs,../roman/.data/build21/r0000101001001001001_0001_wfi16_f158_cal.asdf,wfi16,eval,1000000,1,0.650906547,8
gwcs,../roman/.data/build21/r0000101001001001001_0001_wfi16_f158_cal.asdf,wfi16,eval,1000000,2,0.665506791,8
gwcs,../roman/.data/build21/r0000101001001001001_0001_wfi17_f158_cal.asdf,wfi17,parse_cold,0,0,0.812547280,8
gwcs,../roman/.data/build21/r0000101001001001001_0001_wfi17_f158_cal.asdf,wfi17,parse_hot,0,0,0.824520827,8
gwcs,../roman/.data/build21/r0000101001001001001_0001_wfi17_f158_cal.asdf,wfi17,eval,1,0,0.005086907,8
gwcs,../roman/.data/build21/r0000101001001001001_0001_wfi17_f158_cal.asdf,wfi17,eval,1,1,0.005875106,8
gwcs,../roman/.data/build21/r0000101001001001001_0001_wfi17_f158_cal.asdf,wfi17,eval,1,2,0.004447493,8
gwcs,../roman/.data/build21/r0000101001001001001_0001_wfi17_f158_cal.asdf,wfi17,eval,1,3,0.004543862,8
gwcs,../roman/.data/build21/r0000101001001001001_0001_wfi17_f158_cal.asdf,wfi17,eval,1,4,0.004274071,8
gwcs,../roman/.data/build21/r0000101001001001001_0001_wfi17_f158_cal.asdf,wfi17,eval,1,5,0.004280777,8
gwcs,../roman/.data/build21/r0000101001001001001_0001_wfi17_f158_cal.asdf,wfi17,eval,1,6,0.004069301,8
gwcs,../roman/.data/build21/r0000101001001001001_0001_wfi17_f158_cal.asdf,wfi17,eval,1,7,0.004629456,8
gwcs,../roman/.data/build21/r0000101001001001001_0001_wfi17_f158_cal.asdf,wfi17,eval,1,8,0.004240513,8
gwcs,../roman/.data/build21/r0000101001001001001_0001_wfi17_f158_cal.asdf,wfi17,eval,1,9,0.004059403,8
gwcs,../roman/.data/build21/r0000101001001001001_0001_wfi17_f158_cal.asdf,wfi17,eval,1,10,0.005017119,8
gwcs,../roman/.data/build21/r0000101001001001001_0001_wfi17_f158_cal.asdf,wfi17,eval,1,11,0.004162686,8
gwcs,../roman/.data/build21/r0000101001001001001_0001_wfi17_f158_cal.asdf,wfi17,eval,1,12,0.004090562,8
gwcs,../roman/.data/build21/r0000101001001001001_0001_wfi17_f158_cal.asdf,wfi17,eval,1,13,0.004262330,8
gwcs,../roman/.data/build21/r0000101001001001001_0001_wfi17_f158_cal.asdf,wfi17,eval,1,14,0.003939197,8
gwcs,../roman/.data/build21/r0000101001001001001_0001_wfi17_f158_cal.asdf,wfi17,eval,1,15,0.004310311,8
gwcs,../roman/.data/build21/r0000101001001001001_0001_wfi17_f158_cal.asdf,wfi17,eval,1,16,0.004371217,8
gwcs,../roman/.data/build21/r0000101001001001001_0001_wfi17_f158_cal.asdf,wfi17,eval,1,17,0.005835260,8
gwcs,../roman/.data/build21/r0000101001001001001_0001_wfi17_f158_cal.asdf,wfi17,eval,1,18,0.004365201,8
gwcs,../roman/.data/build21/r0000101001001001001_0001_wfi17_f158_cal.asdf,wfi17,eval,1,19,0.004056779,8
gwcs,../roman/.data/build21/r0000101001001001001_0001_wfi17_f158_cal.asdf,wfi17,eval,1,20,0.004246264,8
gwcs,../roman/.data/build21/r0000101001001001001_0001_wfi17_f158_cal.asdf,wfi17,eval,1,21,0.004279934,8
gwcs,../roman/.data/build21/r0000101001001001001_0001_wfi17_f158_cal.asdf,wfi17,eval,1,22,0.003978490,8
gwcs,../roman/.data/build21/r0000101001001001001_0001_wfi17_f158_cal.asdf,wfi17,eval,1,23,0.004308192,8
gwcs,../roman/.data/build21/r0000101001001001001_0001_wfi17_f158_cal.asdf,wfi17,eval,1,24,0.004184022,8
gwcs,../roman/.data/build21/r0000101001001001001_0001_wfi17_f158_cal.asdf,wfi17,eval,1,25,0.004118896,8
gwcs,../roman/.data/build21/r0000101001001001001_0001_wfi17_f158_cal.asdf,wfi17,eval,1,26,0.004103886,8
gwcs,../roman/.data/build21/r0000101001001001001_0001_wfi17_f158_cal.asdf,wfi17,eval,1,27,0.004184361,8
gwcs,../roman/.data/build21/r0000101001001001001_0001_wfi17_f158_cal.asdf,wfi17,eval,1,28,0.005293590,8
gwcs,../roman/.data/build21/r0000101001001001001_0001_wfi17_f158_cal.asdf,wfi17,eval,1,29,0.004181785,8
gwcs,../roman/.data/build21/r0000101001001001001_0001_wfi17_f158_cal.asdf,wfi17,eval,1,30,0.004168170,8
gwcs,../roman/.data/build21/r0000101001001001001_0001_wfi17_f158_cal.asdf,wfi17,eval,1,31,0.004281719,8
gwcs,../roman/.data/build21/r0000101001001001001_0001_wfi17_f158_cal.asdf,wfi17,eval,1,32,0.004108335,8
gwcs,../roman/.data/build21/r0000101001001001001_0001_wfi17_f158_cal.asdf,wfi17,eval,1,33,0.003950240,8
gwcs,../roman/.data/build21/r0000101001001001001_0001_wfi17_f158_cal.asdf,wfi17,eval,1,34,0.004395672,8
gwcs,../roman/.data/build21/r0000101001001001001_0001_wfi17_f158_cal.asdf,wfi17,eval,1,35,0.004927083,8
gwcs,../roman/.data/build21/r0000101001001001001_0001_wfi17_f158_cal.asdf,wfi17,eval,1,36,0.004568543,8
gwcs,../roman/.data/build21/r0000101001001001001_0001_wfi17_f158_cal.asdf,wfi17,eval,1,37,0.004203111,8
gwcs,../roman/.data/build21/r0000101001001001001_0001_wfi17_f158_cal.asdf,wfi17,eval,1,38,0.004106040,8
gwcs,../roman/.data/build21/r0000101001001001001_0001_wfi17_f158_cal.asdf,wfi17,eval,1,39,0.004180514,8
gwcs,../roman/.data/build21/r0000101001001001001_0001_wfi17_f158_cal.asdf,wfi17,eval,1,40,0.003935436,8
gwcs,../roman/.data/build21/r0000101001001001001_0001_wfi17_f158_cal.asdf,wfi17,eval,1,41,0.004236817,8
gwcs,../roman/.data/build21/r0000101001001001001_0001_wfi17_f158_cal.asdf,wfi17,eval,1,42,0.004247312,8
gwcs,../roman/.data/build21/r0000101001001001001_0001_wfi17_f158_cal.asdf,wfi17,eval,1,43,0.004020040,8
gwcs,../roman/.data/build21/r0000101001001001001_0001_wfi17_f158_cal.asdf,wfi17,eval,1,44,0.004168109,8
gwcs,../roman/.data/build21/r0000101001001001001_0001_wfi17_f158_cal.asdf,wfi17,eval,1,45,0.004190251,8
gwcs,../roman/.data/build21/r0000101001001001001_0001_wfi17_f158_cal.asdf,wfi17,eval,1,46,0.004262554,8
gwcs,../roman/.data/build21/r0000101001001001001_0001_wfi17_f158_cal.asdf,wfi17,eval,1,47,0.005138830,8
gwcs,../roman/.data/build21/r0000101001001001001_0001_wfi17_f158_cal.asdf,wfi17,eval,1,48,0.003947773,8
gwcs,../roman/.data/build21/r0000101001001001001_0001_wfi17_f158_cal.asdf,wfi17,eval,1,49,0.004167894,8
gwcs,../roman/.data/build21/r0000101001001001001_0001_wfi17_f158_cal.asdf,wfi17,eval,10,0,0.006129725,8
gwcs,../roman/.data/build21/r0000101001001001001_0001_wfi17_f158_cal.asdf,wfi17,eval,10,1,0.004768619,8
gwcs,../roman/.data/build21/r0000101001001001001_0001_wfi17_f158_cal.asdf,wfi17,eval,10,2,0.004671834,8
gwcs,../roman/.data/build21/r0000101001001001001_0001_wfi17_f158_cal.asdf,wfi17,eval,10,3,0.004556377,8
gwcs,../roman/.data/build21/r0000101001001001001_0001_wfi17_f158_cal.asdf,wfi17,eval,10,4,0.004458800,8
gwcs,../roman/.data/build21/r0000101001001001001_0001_wfi17_f158_cal.asdf,wfi17,eval,10,5,0.004404890,8
gwcs,../roman/.data/build21/r0000101001001001001_0001_wfi17_f158_cal.asdf,wfi17,eval,10,6,0.004239093,8
gwcs,../roman/.data/build21/r0000101001001001001_0001_wfi17_f158_cal.asdf,wfi17,eval,10,7,0.004176291,8
gwcs,../roman/.data/build21/r0000101001001001001_0001_wfi17_f158_cal.asdf,wfi17,eval,10,8,0.004214585,8
gwcs,../roman/.data/build21/r0000101001001001001_0001_wfi17_f158_cal.asdf,wfi17,eval,10,9,0.004091596,8
gwcs,../roman/.data/build21/r0000101001001001001_0001_wfi17_f158_cal.asdf,wfi17,eval,10,10,0.004287055,8
gwcs,../roman/.data/build21/r0000101001001001001_0001_wfi17_f158_cal.asdf,wfi17,eval,10,11,0.004134295,8
gwcs,../roman/.data/build21/r0000101001001001001_0001_wfi17_f158_cal.asdf,wfi17,eval,10,12,0.004369890,8
gwcs,../roman/.data/build21/r0000101001001001001_0001_wfi17_f158_cal.asdf,wfi17,eval,10,13,0.004277660,8
gwcs,../roman/.data/build21/r0000101001001001001_0001_wfi17_f158_cal.asdf,wfi17,eval,10,14,0.006204151,8
gwcs,../roman/.data/build21/r0000101001001001001_0001_wfi17_f158_cal.asdf,wfi17,eval,10,15,0.004327636,8
gwcs,../roman/.data/build21/r0000101001001001001_0001_wfi17_f158_cal.asdf,wfi17,eval,10,16,0.004152858,8
gwcs,../roman/.data/build21/r0000101001001001001_0001_wfi17_f158_cal.asdf,wfi17,eval,10,17,0.005186486,8
gwcs,../roman/.data/build21/r0000101001001001001_0001_wfi17_f158_cal.asdf,wfi17,eval,10,18,0.004282334,8
gwcs,../roman/.data/build21/r0000101001001001001_0001_wfi17_f158_cal.asdf,wfi17,eval,10,19,0.004242404,8
gwcs,../roman/.data/build21/r0000101001001001001_0001_wfi17_f158_cal.asdf,wfi17,eval,10,20,0.004245847,8
gwcs,../roman/.data/build21/r0000101001001001001_0001_wfi17_f158_cal.asdf,wfi17,eval,10,21,0.004178092,8
gwcs,../roman/.data/build21/r0000101001001001001_0001_wfi17_f158_cal.asdf,wfi17,eval,10,22,0.004075455,8
gwcs,../roman/.data/build21/r0000101001001001001_0001_wfi17_f158_cal.asdf,wfi17,eval,10,23,0.004416838,8
gwcs,../roman/.data/build21/r0000101001001001001_0001_wfi17_f158_cal.asdf,wfi17,eval,10,24,0.004208678,8
gwcs,../roman/.data/build21/r0000101001001001001_0001_wfi17_f158_cal.asdf,wfi17,eval,10,25,0.004804097,8
gwcs,../roman/.data/build21/r0000101001001001001_0001_wfi17_f158_cal.asdf,wfi17,eval,10,26,0.004478615,8
gwcs,../roman/.data/build21/r0000101001001001001_0001_wfi17_f158_cal.asdf,wfi17,eval,10,27,0.004135471,8
gwcs,../roman/.data/build21/r0000101001001001001_0001_wfi17_f158_cal.asdf,wfi17,eval,10,28,0.004323343,8
gwcs,../roman/.data/build21/r0000101001001001001_0001_wfi17_f158_cal.asdf,wfi17,eval,10,29,0.004258996,8
gwcs,../roman/.data/build21/r0000101001001001001_0001_wfi17_f158_cal.asdf,wfi17,eval,10,30,0.005897934,8
gwcs,../roman/.data/build21/r0000101001001001001_0001_wfi17_f158_cal.asdf,wfi17,eval,10,31,0.005492798,8
gwcs,../roman/.data/build21/r0000101001001001001_0001_wfi17_f158_cal.asdf,wfi17,eval,10,32,0.004223112,8
gwcs,../roman/.data/build21/r0000101001001001001_0001_wfi17_f158_cal.asdf,wfi17,eval,10,33,0.004391156,8
gwcs,../roman/.data/build21/r0000101001001001001_0001_wfi17_f158_cal.asdf,wfi17,eval,10,34,0.004221896,8
gwcs,../roman/.data/build21/r0000101001001001001_0001_wfi17_f158_cal.asdf,wfi17,eval,10,35,0.004066254,8
gwcs,../roman/.data/build21/r0000101001001001001_0001_wfi17_f158_cal.asdf,wfi17,eval,10,36,0.005237531,8
gwcs,../roman/.data/build21/r0000101001001001001_0001_wfi17_f158_cal.asdf,wfi17,eval,10,37,0.004349295,8
gwcs,../roman/.data/build21/r0000101001001001001_0001_wfi17_f158_cal.asdf,wfi17,eval,10,38,0.004068963,8
gwcs,../roman/.data/build21/r0000101001001001001_0001_wfi17_f158_cal.asdf,wfi17,eval,10,39,0.004273876,8
gwcs,../roman/.data/build21/r0000101001001001001_0001_wfi17_f158_cal.asdf,wfi17,eval,10,40,0.004105763,8
gwcs,../roman/.data/build21/r0000101001001001001_0001_wfi17_f158_cal.asdf,wfi17,eval,10,41,0.004398075,8
gwcs,../roman/.data/build21/r0000101001001001001_0001_wfi17_f158_cal.asdf,wfi17,eval,10,42,0.004420345,8
gwcs,../roman/.data/build21/r0000101001001001001_0001_wfi17_f158_cal.asdf,wfi17,eval,10,43,0.004209144,8
gwcs,../roman/.data/build21/r0000101001001001001_0001_wfi17_f158_cal.asdf,wfi17,eval,10,44,0.004453616,8
gwcs,../roman/.data/build21/r0000101001001001001_0001_wfi17_f158_cal.asdf,wfi17,eval,10,45,0.004147100,8
gwcs,../roman/.data/build21/r0000101001001001001_0001_wfi17_f158_cal.asdf,wfi17,eval,10,46,0.004395479,8
gwcs,../roman/.data/build21/r0000101001001001001_0001_wfi17_f158_cal.asdf,wfi17,eval,10,47,0.004304790,8
gwcs,../roman/.data/build21/r0000101001001001001_0001_wfi17_f158_cal.asdf,wfi17,eval,10,48,0.004080102,8
gwcs,../roman/.data/build21/r0000101001001001001_0001_wfi17_f158_cal.asdf,wfi17,eval,10,49,0.004376537,8
gwcs,../roman/.data/build21/r0000101001001001001_0001_wfi17_f158_cal.asdf,wfi17,eval,100,0,0.006209808,8
gwcs,../roman/.data/build21/r0000101001001001001_0001_wfi17_f158_cal.asdf,wfi17,eval,100,1,0.005826354,8
gwcs,../roman/.data/build21/r0000101001001001001_0001_wfi17_f158_cal.asdf,wfi17,eval,100,2,0.004997058,8
gwcs,../roman/.data/build21/r0000101001001001001_0001_wfi17_f158_cal.asdf,wfi17,eval,100,3,0.004342033,8
gwcs,../roman/.data/build21/r0000101001001001001_0001_wfi17_f158_cal.asdf,wfi17,eval,100,4,0.005178220,8
gwcs,../roman/.data/build21/r0000101001001001001_0001_wfi17_f158_cal.asdf,wfi17,eval,100,5,0.005491665,8
gwcs,../roman/.data/build21/r0000101001001001001_0001_wfi17_f158_cal.asdf,wfi17,eval,100,6,0.004112029,8
gwcs,../roman/.data/build21/r0000101001001001001_0001_wfi17_f158_cal.asdf,wfi17,eval,100,7,0.004241198,8
gwcs,../roman/.data/build21/r0000101001001001001_0001_wfi17_f158_cal.asdf,wfi17,eval,100,8,0.004157447,8
gwcs,../roman/.data/build21/r0000101001001001001_0001_wfi17_f158_cal.asdf,wfi17,eval,100,9,0.004581330,8
gwcs,../roman/.data/build21/r0000101001001001001_0001_wfi17_f158_cal.asdf,wfi17,eval,100,10,0.004718868,8
gwcs,../roman/.data/build21/r0000101001001001001_0001_wfi17_f158_cal.asdf,wfi17,eval,100,11,0.004821250,8
gwcs,../roman/.data/build21/r0000101001001001001_0001_wfi17_f158_cal.asdf,wfi17,eval,100,12,0.004820494,8
gwcs,../roman/.data/build21/r0000101001001001001_0001_wfi17_f158_cal.asdf,wfi17,eval,100,13,0.005023286,8
gwcs,../roman/.data/build21/r0000101001001001001_0001_wfi17_f158_cal.asdf,wfi17,eval,100,14,0.004786831,8
gwcs,../roman/.data/build21/r0000101001001001001_0001_wfi17_f158_cal.asdf,wfi17,eval,100,15,0.004961942,8
gwcs,../roman/.data/build21/r0000101001001001001_0001_wfi17_f158_cal.asdf,wfi17,eval,100,16,0.004659687,8
gwcs,../roman/.data/build21/r0000101001001001001_0001_wfi17_f158_cal.asdf,wfi17,eval,100,17,0.004714577,8
gwcs,../roman/.data/build21/r0000101001001001001_0001_wfi17_f158_cal.asdf,wfi17,eval,100,18,0.007026304,8
gwcs,../roman/.data/build21/r0000101001001001001_0001_wfi17_f158_cal.asdf,wfi17,eval,100,19,0.004165789,8
gwcs,../roman/.data/build21/r0000101001001001001_0001_wfi17_f158_cal.asdf,wfi17,eval,100,20,0.004351329,8
gwcs,../roman/.data/build21/r0000101001001001001_0001_wfi17_f158_cal.asdf,wfi17,eval,100,21,0.004221940,8
gwcs,../roman/.data/build21/r0000101001001001001_0001_wfi17_f158_cal.asdf,wfi17,eval,100,22,0.004439491,8
gwcs,../roman/.data/build21/r0000101001001001001_0001_wfi17_f158_cal.asdf,wfi17,eval,100,23,0.004185813,8
gwcs,../roman/.data/build21/r0000101001001001001_0001_wfi17_f158_cal.asdf,wfi17,eval,100,24,0.004278824,8
gwcs,../roman/.data/build21/r0000101001001001001_0001_wfi17_f158_cal.asdf,wfi17,eval,100,25,0.006231525,8
gwcs,../roman/.data/build21/r0000101001001001001_0001_wfi17_f158_cal.asdf,wfi17,eval,100,26,0.004382621,8
gwcs,../roman/.data/build21/r0000101001001001001_0001_wfi17_f158_cal.asdf,wfi17,eval,100,27,0.004184368,8
gwcs,../roman/.data/build21/r0000101001001001001_0001_wfi17_f158_cal.asdf,wfi17,eval,100,28,0.004356708,8
gwcs,../roman/.data/build21/r0000101001001001001_0001_wfi17_f158_cal.asdf,wfi17,eval,100,29,0.004267877,8
gwcs,../roman/.data/build21/r0000101001001001001_0001_wfi17_f158_cal.asdf,wfi17,eval,1000,0,0.006881159,8
gwcs,../roman/.data/build21/r0000101001001001001_0001_wfi17_f158_cal.asdf,wfi17,eval,1000,1,0.005618306,8
gwcs,../roman/.data/build21/r0000101001001001001_0001_wfi17_f158_cal.asdf,wfi17,eval,1000,2,0.004858060,8
gwcs,../roman/.data/build21/r0000101001001001001_0001_wfi17_f158_cal.asdf,wfi17,eval,1000,3,0.004703416,8
gwcs,../roman/.data/build21/r0000101001001001001_0001_wfi17_f158_cal.asdf,wfi17,eval,1000,4,0.004452508,8
gwcs,../roman/.data/build21/r0000101001001001001_0001_wfi17_f158_cal.asdf,wfi17,eval,1000,5,0.004675074,8
gwcs,../roman/.data/build21/r0000101001001001001_0001_wfi17_f158_cal.asdf,wfi17,eval,1000,6,0.004670168,8
gwcs,../roman/.data/build21/r0000101001001001001_0001_wfi17_f158_cal.asdf,wfi17,eval,1000,7,0.004713120,8
gwcs,../roman/.data/build21/r0000101001001001001_0001_wfi17_f158_cal.asdf,wfi17,eval,1000,8,0.004609581,8
gwcs,../roman/.data/build21/r0000101001001001001_0001_wfi17_f158_cal.asdf,wfi17,eval,1000,9,0.004792580,8
gwcs,../roman/.data/build21/r0000101001001001001_0001_wfi17_f158_cal.asdf,wfi17,eval,1000,10,0.004500296,8
gwcs,../roman/.data/build21/r0000101001001001001_0001_wfi17_f158_cal.asdf,wfi17,eval,1000,11,0.004665858,8
gwcs,../roman/.data/build21/r0000101001001001001_0001_wfi17_f158_cal.asdf,wfi17,eval,1000,12,0.004568344,8
gwcs,../roman/.data/build21/r0000101001001001001_0001_wfi17_f158_cal.asdf,wfi17,eval,1000,13,0.004726747,8
gwcs,../roman/.data/build21/r0000101001001001001_0001_wfi17_f158_cal.asdf,wfi17,eval,1000,14,0.005677934,8
gwcs,../roman/.data/build21/r0000101001001001001_0001_wfi17_f158_cal.asdf,wfi17,eval,10000,0,0.009233475,8
gwcs,../roman/.data/build21/r0000101001001001001_0001_wfi17_f158_cal.asdf,wfi17,eval,10000,1,0.007978944,8
gwcs,../roman/.data/build21/r0000101001001001001_0001_wfi17_f158_cal.asdf,wfi17,eval,10000,2,0.007344718,8
gwcs,../roman/.data/build21/r0000101001001001001_0001_wfi17_f158_cal.asdf,wfi17,eval,10000,3,0.007435724,8
gwcs,../roman/.data/build21/r0000101001001001001_0001_wfi17_f158_cal.asdf,wfi17,eval,10000,4,0.007124625,8
gwcs,../roman/.data/build21/r0000101001001001001_0001_wfi17_f158_cal.asdf,wfi17,eval,10000,5,0.007671524,8
gwcs,../roman/.data/build21/r0000101001001001001_0001_wfi17_f158_cal.asdf,wfi17,eval,10000,6,0.008450366,8
gwcs,../roman/.data/build21/r0000101001001001001_0001_wfi17_f158_cal.asdf,wfi17,eval,10000,7,0.007330991,8
gwcs,../roman/.data/build21/r0000101001001001001_0001_wfi17_f158_cal.asdf,wfi17,eval,100000,0,0.048135163,8
gwcs,../roman/.data/build21/r0000101001001001001_0001_wfi17_f158_cal.asdf,wfi17,eval,100000,1,0.031335806,8
gwcs,../roman/.data/build21/r0000101001001001001_0001_wfi17_f158_cal.asdf,wfi17,eval,100000,2,0.031782462,8
gwcs,../roman/.data/build21/r0000101001001001001_0001_wfi17_f158_cal.asdf,wfi17,eval,100000,3,0.031284905,8
gwcs,../roman/.data/build21/r0000101001001001001_0001_wfi17_f158_cal.asdf,wfi17,eval,100000,4,0.031645640,8
gwcs,../roman/.data/build21/r0000101001001001001_0001_wfi17_f158_cal.asdf,wfi17,eval,1000000,0,0.752801039,8
gwcs,../roman/.data/build21/r0000101001001001001_0001_wfi17_f158_cal.asdf,wfi17,eval,1000000,1,0.622444435,8
gwcs,../roman/.data/build21/r0000101001001001001_0001_wfi17_f158_cal.asdf,wfi17,eval,1000000,2,0.590218553,8
gwcs,../roman/.data/build21/r0000101001001001001_0001_wfi18_f158_cal.asdf,wfi18,parse_cold,0,0,1.043498313,8
gwcs,../roman/.data/build21/r0000101001001001001_0001_wfi18_f158_cal.asdf,wfi18,parse_hot,0,0,1.116496796,8
gwcs,../roman/.data/build21/r0000101001001001001_0001_wfi18_f158_cal.asdf,wfi18,eval,1,0,0.006608585,8
gwcs,../roman/.data/build21/r0000101001001001001_0001_wfi18_f158_cal.asdf,wfi18,eval,1,1,0.004866607,8
gwcs,../roman/.data/build21/r0000101001001001001_0001_wfi18_f158_cal.asdf,wfi18,eval,1,2,0.004486389,8
gwcs,../roman/.data/build21/r0000101001001001001_0001_wfi18_f158_cal.asdf,wfi18,eval,1,3,0.004391604,8
gwcs,../roman/.data/build21/r0000101001001001001_0001_wfi18_f158_cal.asdf,wfi18,eval,1,4,0.004254288,8
gwcs,../roman/.data/build21/r0000101001001001001_0001_wfi18_f158_cal.asdf,wfi18,eval,1,5,0.004043142,8
gwcs,../roman/.data/build21/r0000101001001001001_0001_wfi18_f158_cal.asdf,wfi18,eval,1,6,0.004056565,8
gwcs,../roman/.data/build21/r0000101001001001001_0001_wfi18_f158_cal.asdf,wfi18,eval,1,7,0.004292336,8
gwcs,../roman/.data/build21/r0000101001001001001_0001_wfi18_f158_cal.asdf,wfi18,eval,1,8,0.004474180,8
gwcs,../roman/.data/build21/r0000101001001001001_0001_wfi18_f158_cal.asdf,wfi18,eval,1,9,0.004454057,8
gwcs,../roman/.data/build21/r0000101001001001001_0001_wfi18_f158_cal.asdf,wfi18,eval,1,10,0.004194805,8
gwcs,../roman/.data/build21/r0000101001001001001_0001_wfi18_f158_cal.asdf,wfi18,eval,1,11,0.004172344,8
gwcs,../roman/.data/build21/r0000101001001001001_0001_wfi18_f158_cal.asdf,wfi18,eval,1,12,0.004192439,8
gwcs,../roman/.data/build21/r0000101001001001001_0001_wfi18_f158_cal.asdf,wfi18,eval,1,13,0.004212153,8
gwcs,../roman/.data/build21/r0000101001001001001_0001_wfi18_f158_cal.asdf,wfi18,eval,1,14,0.004032319,8
gwcs,../roman/.data/build21/r0000101001001001001_0001_wfi18_f158_cal.asdf,wfi18,eval,1,15,0.005583865,8
gwcs,../roman/.data/build21/r0000101001001001001_0001_wfi18_f158_cal.asdf,wfi18,eval,1,16,0.004181489,8
gwcs,../roman/.data/build21/r0000101001001001001_0001_wfi18_f158_cal.asdf,wfi18,eval,1,17,0.004189134,8
gwcs,../roman/.data/build21/r0000101001001001001_0001_wfi18_f158_cal.asdf,wfi18,eval,1,18,0.004062596,8
gwcs,../roman/.data/build21/r0000101001001001001_0001_wfi18_f158_cal.asdf,wfi18,eval,1,19,0.004141186,8
gwcs,../roman/.data/build21/r0000101001001001001_0001_wfi18_f158_cal.asdf,wfi18,eval,1,20,0.004066678,8
gwcs,../roman/.data/build21/r0000101001001001001_0001_wfi18_f158_cal.asdf,wfi18,eval,1,21,0.004078671,8
gwcs,../roman/.data/build21/r0000101001001001001_0001_wfi18_f158_cal.asdf,wfi18,eval,1,22,0.004228740,8
gwcs,../roman/.data/build21/r0000101001001001001_0001_wfi18_f158_cal.asdf,wfi18,eval,1,23,0.004092658,8
gwcs,../roman/.data/build21/r0000101001001001001_0001_wfi18_f158_cal.asdf,wfi18,eval,1,24,0.004121476,8
gwcs,../roman/.data/build21/r0000101001001001001_0001_wfi18_f158_cal.asdf,wfi18,eval,1,25,0.004292853,8
gwcs,../roman/.data/build21/r0000101001001001001_0001_wfi18_f158_cal.asdf,wfi18,eval,1,26,0.004946001,8
gwcs,../roman/.data/build21/r0000101001001001001_0001_wfi18_f158_cal.asdf,wfi18,eval,1,27,0.005149485,8
gwcs,../roman/.data/build21/r0000101001001001001_0001_wfi18_f158_cal.asdf,wfi18,eval,1,28,0.004524067,8
gwcs,../roman/.data/build21/r0000101001001001001_0001_wfi18_f158_cal.asdf,wfi18,eval,1,29,0.004148320,8
gwcs,../roman/.data/build21/r0000101001001001001_0001_wfi18_f158_cal.asdf,wfi18,eval,1,30,0.004364745,8
gwcs,../roman/.data/build21/r0000101001001001001_0001_wfi18_f158_cal.asdf,wfi18,eval,1,31,0.004344479,8
gwcs,../roman/.data/build21/r0000101001001001001_0001_wfi18_f158_cal.asdf,wfi18,eval,1,32,0.004310267,8
gwcs,../roman/.data/build21/r0000101001001001001_0001_wfi18_f158_cal.asdf,wfi18,eval,1,33,0.004154640,8
gwcs,../roman/.data/build21/r0000101001001001001_0001_wfi18_f158_cal.asdf,wfi18,eval,1,34,0.004007049,8
gwcs,../roman/.data/build21/r0000101001001001001_0001_wfi18_f158_cal.asdf,wfi18,eval,1,35,0.005647648,8
gwcs,../roman/.data/build21/r0000101001001001001_0001_wfi18_f158_cal.asdf,wfi18,eval,1,36,0.004181737,8
gwcs,../roman/.data/build21/r0000101001001001001_0001_wfi18_f158_cal.asdf,wfi18,eval,1,37,0.004339562,8
gwcs,../roman/.data/build21/r0000101001001001001_0001_wfi18_f158_cal.asdf,wfi18,eval,1,38,0.004303939,8
gwcs,../roman/.data/build21/r0000101001001001001_0001_wfi18_f158_cal.asdf,wfi18,eval,1,39,0.004186416,8
gwcs,../roman/.data/build21/r0000101001001001001_0001_wfi18_f158_cal.asdf,wfi18,eval,1,40,0.004188271,8
gwcs,../roman/.data/build21/r0000101001001001001_0001_wfi18_f158_cal.asdf,wfi18,eval,1,41,0.004199103,8
gwcs,../roman/.data/build21/r0000101001001001001_0001_wfi18_f158_cal.asdf,wfi18,eval,1,42,0.003956442,8
gwcs,../roman/.data/build21/r0000101001001001001_0001_wfi18_f158_cal.asdf,wfi18,eval,1,43,0.004182801,8
gwcs,../roman/.data/build21/r0000101001001001001_0001_wfi18_f158_cal.asdf,wfi18,eval,1,44,0.004159135,8
gwcs,../roman/.data/build21/r0000101001001001001_0001_wfi18_f158_cal.asdf,wfi18,eval,1,45,0.004248324,8
gwcs,../roman/.data/build21/r0000101001001001001_0001_wfi18_f158_cal.asdf,wfi18,eval,1,46,0.004426867,8
gwcs,../roman/.data/build21/r0000101001001001001_0001_wfi18_f158_cal.asdf,wfi18,eval,1,47,0.004093450,8
gwcs,../roman/.data/build21/r0000101001001001001_0001_wfi18_f158_cal.asdf,wfi18,eval,1,48,0.004225837,8
gwcs,../roman/.data/build21/r0000101001001001001_0001_wfi18_f158_cal.asdf,wfi18,eval,1,49,0.004214116,8
gwcs,../roman/.data/build21/r0000101001001001001_0001_wfi18_f158_cal.asdf,wfi18,eval,10,0,0.005039416,8
gwcs,../roman/.data/build21/r0000101001001001001_0001_wfi18_f158_cal.asdf,wfi18,eval,10,1,0.005032190,8
gwcs,../roman/.data/build21/r0000101001001001001_0001_wfi18_f158_cal.asdf,wfi18,eval,10,2,0.004747380,8
gwcs,../roman/.data/build21/r0000101001001001001_0001_wfi18_f158_cal.asdf,wfi18,eval,10,3,0.004384792,8
gwcs,../roman/.data/build21/r0000101001001001001_0001_wfi18_f158_cal.asdf,wfi18,eval,10,4,0.005192787,8
gwcs,../roman/.data/build21/r0000101001001001001_0001_wfi18_f158_cal.asdf,wfi18,eval,10,5,0.005114743,8
gwcs,../roman/.data/build21/r0000101001001001001_0001_wfi18_f158_cal.asdf,wfi18,eval,10,6,0.006287734,8
gwcs,../roman/.data/build21/r0000101001001001001_0001_wfi18_f158_cal.asdf,wfi18,eval,10,7,0.004582196,8
gwcs,../roman/.data/build21/r0000101001001001001_0001_wfi18_f158_cal.asdf,wfi18,eval,10,8,0.004564650,8
gwcs,../roman/.data/build21/r0000101001001001001_0001_wfi18_f158_cal.asdf,wfi18,eval,10,9,0.004339825,8
gwcs,../roman/.data/build21/r0000101001001001001_0001_wfi18_f158_cal.asdf,wfi18,eval,10,10,0.004277975,8
gwcs,../roman/.data/build21/r0000101001001001001_0001_wfi18_f158_cal.asdf,wfi18,eval,10,11,0.004379585,8
gwcs,../roman/.data/build21/r0000101001001001001_0001_wfi18_f158_cal.asdf,wfi18,eval,10,12,0.004127615,8
gwcs,../roman/.data/build21/r0000101001001001001_0001_wfi18_f158_cal.asdf,wfi18,eval,10,13,0.004320517,8
gwcs,../roman/.data/build21/r0000101001001001001_0001_wfi18_f158_cal.asdf,wfi18,eval,10,14,0.004369565,8
gwcs,../roman/.data/build21/r0000101001001001001_0001_wfi18_f158_cal.asdf,wfi18,eval,10,15,0.004255733,8
gwcs,../roman/.data/build21/r0000101001001001001_0001_wfi18_f158_cal.asdf,wfi18,eval,10,16,0.004531626,8
gwcs,../roman/.data/build21/r0000101001001001001_0001_wfi18_f158_cal.asdf,wfi18,eval,10,17,0.004552149,8
gwcs,../roman/.data/build21/r0000101001001001001_0001_wfi18_f158_cal.asdf,wfi18,eval,10,18,0.004343117,8
gwcs,../roman/.data/build21/r0000101001001001001_0001_wfi18_f158_cal.asdf,wfi18,eval,10,19,0.004446260,8
gwcs,../roman/.data/build21/r0000101001001001001_0001_wfi18_f158_cal.asdf,wfi18,eval,10,20,0.004515255,8
gwcs,../roman/.data/build21/r0000101001001001001_0001_wfi18_f158_cal.asdf,wfi18,eval,10,21,0.005136804,8
gwcs,../roman/.data/build21/r0000101001001001001_0001_wfi18_f158_cal.asdf,wfi18,eval,10,22,0.005586894,8
gwcs,../roman/.data/build21/r0000101001001001001_0001_wfi18_f158_cal.asdf,wfi18,eval,10,23,0.005321903,8
gwcs,../roman/.data/build21/r0000101001001001001_0001_wfi18_f158_cal.asdf,wfi18,eval,10,24,0.006986753,8
gwcs,../roman/.data/build21/r0000101001001001001_0001_wfi18_f158_cal.asdf,wfi18,eval,10,25,0.005418879,8
gwcs,../roman/.data/build21/r0000101001001001001_0001_wfi18_f158_cal.asdf,wfi18,eval,10,26,0.004949326,8
gwcs,../roman/.data/build21/r0000101001001001001_0001_wfi18_f158_cal.asdf,wfi18,eval,10,27,0.005261362,8
gwcs,../roman/.data/build21/r0000101001001001001_0001_wfi18_f158_cal.asdf,wfi18,eval,10,28,0.006635914,8
gwcs,../roman/.data/build21/r0000101001001001001_0001_wfi18_f158_cal.asdf,wfi18,eval,10,29,0.005693675,8
gwcs,../roman/.data/build21/r0000101001001001001_0001_wfi18_f158_cal.asdf,wfi18,eval,10,30,0.004760276,8
gwcs,../roman/.data/build21/r0000101001001001001_0001_wfi18_f158_cal.asdf,wfi18,eval,10,31,0.004229832,8
gwcs,../roman/.data/build21/r0000101001001001001_0001_wfi18_f158_cal.asdf,wfi18,eval,10,32,0.004769472,8
gwcs,../roman/.data/build21/r0000101001001001001_0001_wfi18_f158_cal.asdf,wfi18,eval,10,33,0.004333707,8
gwcs,../roman/.data/build21/r0000101001001001001_0001_wfi18_f158_cal.asdf,wfi18,eval,10,34,0.004635883,8
gwcs,../roman/.data/build21/r0000101001001001001_0001_wfi18_f158_cal.asdf,wfi18,eval,10,35,0.004677983,8
gwcs,../roman/.data/build21/r0000101001001001001_0001_wfi18_f158_cal.asdf,wfi18,eval,10,36,0.004768842,8
gwcs,../roman/.data/build21/r0000101001001001001_0001_wfi18_f158_cal.asdf,wfi18,eval,10,37,0.004557050,8
gwcs,../roman/.data/build21/r0000101001001001001_0001_wfi18_f158_cal.asdf,wfi18,eval,10,38,0.005139333,8
gwcs,../roman/.data/build21/r0000101001001001001_0001_wfi18_f158_cal.asdf,wfi18,eval,10,39,0.004495478,8
gwcs,../roman/.data/build21/r0000101001001001001_0001_wfi18_f158_cal.asdf,wfi18,eval,10,40,0.005785967,8
gwcs,../roman/.data/build21/r0000101001001001001_0001_wfi18_f158_cal.asdf,wfi18,eval,10,41,0.004373119,8
gwcs,../roman/.data/build21/r0000101001001001001_0001_wfi18_f158_cal.asdf,wfi18,eval,10,42,0.004794961,8
gwcs,../roman/.data/build21/r0000101001001001001_0001_wfi18_f158_cal.asdf,wfi18,eval,10,43,0.007393920,8
gwcs,../roman/.data/build21/r0000101001001001001_0001_wfi18_f158_cal.asdf,wfi18,eval,10,44,0.004963616,8
gwcs,../roman/.data/build21/r0000101001001001001_0001_wfi18_f158_cal.asdf,wfi18,eval,10,45,0.004905009,8
gwcs,../roman/.data/build21/r0000101001001001001_0001_wfi18_f158_cal.asdf,wfi18,eval,10,46,0.004814954,8
gwcs,../roman/.data/build21/r0000101001001001001_0001_wfi18_f158_cal.asdf,wfi18,eval,10,47,0.004962796,8
gwcs,../roman/.data/build21/r0000101001001001001_0001_wfi18_f158_cal.asdf,wfi18,eval,10,48,0.005221103,8
gwcs,../roman/.data/build21/r0000101001001001001_0001_wfi18_f158_cal.asdf,wfi18,eval,10,49,0.004837107,8
gwcs,../roman/.data/build21/r0000101001001001001_0001_wfi18_f158_cal.asdf,wfi18,eval,100,0,0.006685041,8
gwcs,../roman/.data/build21/r0000101001001001001_0001_wfi18_f158_cal.asdf,wfi18,eval,100,1,0.005488177,8
gwcs,../roman/.data/build21/r0000101001001001001_0001_wfi18_f158_cal.asdf,wfi18,eval,100,2,0.005149984,8
gwcs,../roman/.data/build21/r0000101001001001001_0001_wfi18_f158_cal.asdf,wfi18,eval,100,3,0.005094419,8
gwcs,../roman/.data/build21/r0000101001001001001_0001_wfi18_f158_cal.asdf,wfi18,eval,100,4,0.004903984,8
gwcs,../roman/.data/build21/r0000101001001001001_0001_wfi18_f158_cal.asdf,wfi18,eval,100,5,0.005125393,8
gwcs,../roman/.data/build21/r0000101001001001001_0001_wfi18_f158_cal.asdf,wfi18,eval,100,6,0.004798657,8
gwcs,../roman/.data/build21/r0000101001001001001_0001_wfi18_f158_cal.asdf,wfi18,eval,100,7,0.004477563,8
gwcs,../roman/.data/build21/r0000101001001001001_0001_wfi18_f158_cal.asdf,wfi18,eval,100,8,0.004984735,8
gwcs,../roman/.data/build21/r0000101001001001001_0001_wfi18_f158_cal.asdf,wfi18,eval,100,9,0.004604883,8
gwcs,../roman/.data/build21/r0000101001001001001_0001_wfi18_f158_cal.asdf,wfi18,eval,100,10,0.005152415,8
gwcs,../roman/.data/build21/r0000101001001001001_0001_wfi18_f158_cal.asdf,wfi18,eval,100,11,0.005099015,8
gwcs,../roman/.data/build21/r0000101001001001001_0001_wfi18_f158_cal.asdf,wfi18,eval,100,12,0.005248700,8
gwcs,../roman/.data/build21/r0000101001001001001_0001_wfi18_f158_cal.asdf,wfi18,eval,100,13,0.006645093,8
gwcs,../roman/.data/build21/r0000101001001001001_0001_wfi18_f158_cal.asdf,wfi18,eval,100,14,0.004797803,8
gwcs,../roman/.data/build21/r0000101001001001001_0001_wfi18_f158_cal.asdf,wfi18,eval,100,15,0.004615131,8
gwcs,../roman/.data/build21/r0000101001001001001_0001_wfi18_f158_cal.asdf,wfi18,eval,100,16,0.004661529,8
gwcs,../roman/.data/build21/r0000101001001001001_0001_wfi18_f158_cal.asdf,wfi18,eval,100,17,0.004420544,8
gwcs,../roman/.data/build21/r0000101001001001001_0001_wfi18_f158_cal.asdf,wfi18,eval,100,18,0.004885619,8
gwcs,../roman/.data/build21/r0000101001001001001_0001_wfi18_f158_cal.asdf,wfi18,eval,100,19,0.004700669,8
gwcs,../roman/.data/build21/r0000101001001001001_0001_wfi18_f158_cal.asdf,wfi18,eval,100,20,0.004374783,8
gwcs,../roman/.data/build21/r0000101001001001001_0001_wfi18_f158_cal.asdf,wfi18,eval,100,21,0.004759668,8
gwcs,../roman/.data/build21/r0000101001001001001_0001_wfi18_f158_cal.asdf,wfi18,eval,100,22,0.004520427,8
gwcs,../roman/.data/build21/r0000101001001001001_0001_wfi18_f158_cal.asdf,wfi18,eval,100,23,0.004386917,8
gwcs,../roman/.data/build21/r0000101001001001001_0001_wfi18_f158_cal.asdf,wfi18,eval,100,24,0.004647876,8
gwcs,../roman/.data/build21/r0000101001001001001_0001_wfi18_f158_cal.asdf,wfi18,eval,100,25,0.004485627,8
gwcs,../roman/.data/build21/r0000101001001001001_0001_wfi18_f158_cal.asdf,wfi18,eval,100,26,0.005095746,8
gwcs,../roman/.data/build21/r0000101001001001001_0001_wfi18_f158_cal.asdf,wfi18,eval,100,27,0.004570832,8
gwcs,../roman/.data/build21/r0000101001001001001_0001_wfi18_f158_cal.asdf,wfi18,eval,100,28,0.004311074,8
gwcs,../roman/.data/build21/r0000101001001001001_0001_wfi18_f158_cal.asdf,wfi18,eval,100,29,0.005022654,8
gwcs,../roman/.data/build21/r0000101001001001001_0001_wfi18_f158_cal.asdf,wfi18,eval,1000,0,0.005684519,8
gwcs,../roman/.data/build21/r0000101001001001001_0001_wfi18_f158_cal.asdf,wfi18,eval,1000,1,0.005843341,8
gwcs,../roman/.data/build21/r0000101001001001001_0001_wfi18_f158_cal.asdf,wfi18,eval,1000,2,0.006365566,8
gwcs,../roman/.data/build21/r0000101001001001001_0001_wfi18_f158_cal.asdf,wfi18,eval,1000,3,0.005017078,8
gwcs,../roman/.data/build21/r0000101001001001001_0001_wfi18_f158_cal.asdf,wfi18,eval,1000,4,0.004941011,8
gwcs,../roman/.data/build21/r0000101001001001001_0001_wfi18_f158_cal.asdf,wfi18,eval,1000,5,0.005237257,8
gwcs,../roman/.data/build21/r0000101001001001001_0001_wfi18_f158_cal.asdf,wfi18,eval,1000,6,0.004631247,8
gwcs,../roman/.data/build21/r0000101001001001001_0001_wfi18_f158_cal.asdf,wfi18,eval,1000,7,0.004982200,8
gwcs,../roman/.data/build21/r0000101001001001001_0001_wfi18_f158_cal.asdf,wfi18,eval,1000,8,0.004979503,8
gwcs,../roman/.data/build21/r0000101001001001001_0001_wfi18_f158_cal.asdf,wfi18,eval,1000,9,0.005298243,8
gwcs,../roman/.data/build21/r0000101001001001001_0001_wfi18_f158_cal.asdf,wfi18,eval,1000,10,0.005136213,8
gwcs,../roman/.data/build21/r0000101001001001001_0001_wfi18_f158_cal.asdf,wfi18,eval,1000,11,0.004992227,8
gwcs,../roman/.data/build21/r0000101001001001001_0001_wfi18_f158_cal.asdf,wfi18,eval,1000,12,0.004995717,8
gwcs,../roman/.data/build21/r0000101001001001001_0001_wfi18_f158_cal.asdf,wfi18,eval,1000,13,0.004904658,8
gwcs,../roman/.data/build21/r0000101001001001001_0001_wfi18_f158_cal.asdf,wfi18,eval,1000,14,0.004761207,8
gwcs,../roman/.data/build21/r0000101001001001001_0001_wfi18_f158_cal.asdf,wfi18,eval,10000,0,0.010247932,8
gwcs,../roman/.data/build21/r0000101001001001001_0001_wfi18_f158_cal.asdf,wfi18,eval,10000,1,0.011614650,8
gwcs,../roman/.data/build21/r0000101001001001001_0001_wfi18_f158_cal.asdf,wfi18,eval,10000,2,0.009541066,8
gwcs,../roman/.data/build21/r0000101001001001001_0001_wfi18_f158_cal.asdf,wfi18,eval,10000,3,0.007398262,8
gwcs,../roman/.data/build21/r0000101001001001001_0001_wfi18_f158_cal.asdf,wfi18,eval,10000,4,0.008229131,8
gwcs,../roman/.data/build21/r0000101001001001001_0001_wfi18_f158_cal.asdf,wfi18,eval,10000,5,0.012385338,8
gwcs,../roman/.data/build21/r0000101001001001001_0001_wfi18_f158_cal.asdf,wfi18,eval,10000,6,0.008243109,8
gwcs,../roman/.data/build21/r0000101001001001001_0001_wfi18_f158_cal.asdf,wfi18,eval,10000,7,0.007179604,8
gwcs,../roman/.data/build21/r0000101001001001001_0001_wfi18_f158_cal.asdf,wfi18,eval,100000,0,0.035152368,8
gwcs,../roman/.data/build21/r0000101001001001001_0001_wfi18_f158_cal.asdf,wfi18,eval,100000,1,0.031909606,8
gwcs,../roman/.data/build21/r0000101001001001001_0001_wfi18_f158_cal.asdf,wfi18,eval,100000,2,0.032377064,8
gwcs,../roman/.data/build21/r0000101001001001001_0001_wfi18_f158_cal.asdf,wfi18,eval,100000,3,0.034609338,8
gwcs,../roman/.data/build21/r0000101001001001001_0001_wfi18_f158_cal.asdf,wfi18,eval,100000,4,0.032781322,8
gwcs,../roman/.data/build21/r0000101001001001001_0001_wfi18_f158_cal.asdf,wfi18,eval,1000000,0,0.431043988,8
gwcs,../roman/.data/build21/r0000101001001001001_0001_wfi18_f158_cal.asdf,wfi18,eval,1000000,1,0.437248831,8
gwcs,../roman/.data/build21/r0000101001001001001_0001_wfi18_f158_cal.asdf,wfi18,eval,1000000,2,0.431471230,8
