library,file,detector,phase,n_points,rep,time_s,blas_threads
gwcs,../roman/.data/build21/r0000101001001001001_0001_wfi01_f158_cal.asdf,wfi01,parse_cold,0,0,1.735188001,1
gwcs,../roman/.data/build21/r0000101001001001001_0001_wfi01_f158_cal.asdf,wfi01,parse_hot,0,0,0.667751914,1
gwcs,../roman/.data/build21/r0000101001001001001_0001_wfi01_f158_cal.asdf,wfi01,eval,1,0,0.005670955,1
gwcs,../roman/.data/build21/r0000101001001001001_0001_wfi01_f158_cal.asdf,wfi01,eval,1,1,0.005030942,1
gwcs,../roman/.data/build21/r0000101001001001001_0001_wfi01_f158_cal.asdf,wfi01,eval,1,2,0.004911980,1
gwcs,../roman/.data/build21/r0000101001001001001_0001_wfi01_f158_cal.asdf,wfi01,eval,1,3,0.004790998,1
gwcs,../roman/.data/build21/r0000101001001001001_0001_wfi01_f158_cal.asdf,wfi01,eval,1,4,0.004840250,1
gwcs,../roman/.data/build21/r0000101001001001001_0001_wfi01_f158_cal.asdf,wfi01,eval,1,5,0.005090047,1
gwcs,../roman/.data/build21/r0000101001001001001_0001_wfi01_f158_cal.asdf,wfi01,eval,1,6,0.004845597,1
gwcs,../roman/.data/build21/r0000101001001001001_0001_wfi01_f158_cal.asdf,wfi01,eval,1,7,0.004775132,1
gwcs,../roman/.data/build21/r0000101001001001001_0001_wfi01_f158_cal.asdf,wfi01,eval,1,8,0.005005437,1
gwcs,../roman/.data/build21/r0000101001001001001_0001_wfi01_f158_cal.asdf,wfi01,eval,1,9,0.004895977,1
gwcs,../roman/.data/build21/r0000101001001001001_0001_wfi01_f158_cal.asdf,wfi01,eval,1,10,0.004978645,1
gwcs,../roman/.data/build21/r0000101001001001001_0001_wfi01_f158_cal.asdf,wfi01,eval,1,11,0.004898435,1
gwcs,../roman/.data/build21/r0000101001001001001_0001_wfi01_f158_cal.asdf,wfi01,eval,1,12,0.005068692,1
gwcs,../roman/.data/build21/r0000101001001001001_0001_wfi01_f158_cal.asdf,wfi01,eval,1,13,0.005257970,1
gwcs,../roman/.data/build21/r0000101001001001001_0001_wfi01_f158_cal.asdf,wfi01,eval,1,14,0.004985096,1
gwcs,../roman/.data/build21/r0000101001001001001_0001_wfi01_f158_cal.asdf,wfi01,eval,1,15,0.005298676,1
gwcs,../roman/.data/build21/r0000101001001001001_0001_wfi01_f158_cal.asdf,wfi01,eval,1,16,0.005269209,1
gwcs,../roman/.data/build21/r0000101001001001001_0001_wfi01_f158_cal.asdf,wfi01,eval,1,17,0.005602360,1
gwcs,../roman/.data/build21/r0000101001001001001_0001_wfi01_f158_cal.asdf,wfi01,eval,1,18,0.005026783,1
gwcs,../roman/.data/build21/r0000101001001001001_0001_wfi01_f158_cal.asdf,wfi01,eval,1,19,0.004850706,1
gwcs,../roman/.data/build21/r0000101001001001001_0001_wfi01_f158_cal.asdf,wfi01,eval,1,20,0.004776890,1
gwcs,../roman/.data/build21/r0000101001001001001_0001_wfi01_f158_cal.asdf,wfi01,eval,1,21,0.004877483,1
gwcs,../roman/.data/build21/r0000101001001001001_0001_wfi01_f158_cal.asdf,wfi01,eval,1,22,0.004880105,1
gwcs,../roman/.data/build21/r0000101001001001001_0001_wfi01_f158_cal.asdf,wfi01,eval,1,23,0.005465712,1
gwcs,../roman/.data/build21/r0000101001001001001_0001_wfi01_f158_cal.asdf,wfi01,eval,1,24,0.005953244,1
gwcs,../roman/.data/build21/r0000101001001001001_0001_wfi01_f158_cal.asdf,wfi01,eval,1,25,0.006162199,1
gwcs,../roman/.data/build21/r0000101001001001001_0001_wfi01_f158_cal.asdf,wfi01,eval,1,26,0.005360089,1
gwcs,../roman/.data/build21/r0000101001001001001_0001_wfi01_f158_cal.asdf,wfi01,eval,1,27,0.005217907,1
gwcs,../roman/.data/build21/r0000101001001001001_0001_wfi01_f158_cal.asdf,wfi01,eval,1,28,0.005110581,1
gwcs,../roman/.data/build21/r0000101001001001001_0001_wfi01_f158_cal.asdf,wfi01,eval,1,29,0.005605107,1
gwcs,../roman/.data/build21/r0000101001001001001_0001_wfi01_f158_cal.asdf,wfi01,eval,1,30,0.004828115,1
gwcs,../roman/.data/build21/r0000101001001001001_0001_wfi01_f158_cal.asdf,wfi01,eval,1,31,0.005099472,1
gwcs,../roman/.data/build21/r0000101001001001001_0001_wfi01_f158_cal.asdf,wfi01,eval,1,32,0.005006768,1
gwcs,../roman/.data/build21/r0000101001001001001_0001_wfi01_f158_cal.asdf,wfi01,eval,1,33,0.005083349,1
gwcs,../roman/.data/build21/r0000101001001001001_0001_wfi01_f158_cal.asdf,wfi01,eval,1,34,0.005145084,1
gwcs,../roman/.data/build21/r0000101001001001001_0001_wfi01_f158_cal.asdf,wfi01,eval,1,35,0.005087796,1
gwcs,../roman/.data/build21/r0000101001001001001_0001_wfi01_f158_cal.asdf,wfi01,eval,1,36,0.005105775,1
gwcs,../roman/.data/build21/r0000101001001001001_0001_wfi01_f158_cal.asdf,wfi01,eval,1,37,0.006507418,1
gwcs,../roman/.data/build21/r0000101001001001001_0001_wfi01_f158_cal.asdf,wfi01,eval,1,38,0.005069150,1
gwcs,../roman/.data/build21/r0000101001001001001_0001_wfi01_f158_cal.asdf,wfi01,eval,1,39,0.004885108,1
gwcs,../roman/.data/build21/r0000101001001001001_0001_wfi01_f158_cal.asdf,wfi01,eval,1,40,0.005540648,1
gwcs,../roman/.data/build21/r0000101001001001001_0001_wfi01_f158_cal.asdf,wfi01,eval,1,41,0.004951496,1
gwcs,../roman/.data/build21/r0000101001001001001_0001_wfi01_f158_cal.asdf,wfi01,eval,1,42,0.005026670,1
gwcs,../roman/.data/build21/r0000101001001001001_0001_wfi01_f158_cal.asdf,wfi01,eval,1,43,0.006518825,1
gwcs,../roman/.data/build21/r0000101001001001001_0001_wfi01_f158_cal.asdf,wfi01,eval,1,44,0.005175051,1
gwcs,../roman/.data/build21/r0000101001001001001_0001_wfi01_f158_cal.asdf,wfi01,eval,1,45,0.004923076,1
gwcs,../roman/.data/build21/r0000101001001001001_0001_wfi01_f158_cal.asdf,wfi01,eval,1,46,0.004791557,1
gwcs,../roman/.data/build21/r0000101001001001001_0001_wfi01_f158_cal.asdf,wfi01,eval,1,47,0.005162118,1
gwcs,../roman/.data/build21/r0000101001001001001_0001_wfi01_f158_cal.asdf,wfi01,eval,1,48,0.004817649,1
gwcs,../roman/.data/build21/r0000101001001001001_0001_wfi01_f158_cal.asdf,wfi01,eval,1,49,0.004789899,1
gwcs,../roman/.data/build21/r0000101001001001001_0001_wfi01_f158_cal.asdf,wfi01,eval,1,50,0.006068516,1
gwcs,../roman/.data/build21/r0000101001001001001_0001_wfi01_f158_cal.asdf,wfi01,eval,1,51,0.005790699,1
gwcs,../roman/.data/build21/r0000101001001001001_0001_wfi01_f158_cal.asdf,wfi01,eval,1,52,0.007007326,1
gwcs,../roman/.data/build21/r0000101001001001001_0001_wfi01_f158_cal.asdf,wfi01,eval,1,53,0.005317713,1
gwcs,../roman/.data/build21/r0000101001001001001_0001_wfi01_f158_cal.asdf,wfi01,eval,1,54,0.004937292,1
gwcs,../roman/.data/build21/r0000101001001001001_0001_wfi01_f158_cal.asdf,wfi01,eval,1,55,0.004762607,1
gwcs,../roman/.data/build21/r0000101001001001001_0001_wfi01_f158_cal.asdf,wfi01,eval,1,56,0.004896076,1
gwcs,../roman/.data/build21/r0000101001001001001_0001_wfi01_f158_cal.asdf,wfi01,eval,1,57,0.005341093,1
gwcs,../roman/.data/build21/r0000101001001001001_0001_wfi01_f158_cal.asdf,wfi01,eval,1,58,0.004760946,1
gwcs,../roman/.data/build21/r0000101001001001001_0001_wfi01_f158_cal.asdf,wfi01,eval,1,59,0.004741395,1
gwcs,../roman/.data/build21/r0000101001001001001_0001_wfi01_f158_cal.asdf,wfi01,eval,1,60,0.004998789,1
gwcs,../roman/.data/build21/r0000101001001001001_0001_wfi01_f158_cal.asdf,wfi01,eval,1,61,0.004985154,1
gwcs,../roman/.data/build21/r0000101001001001001_0001_wfi01_f158_cal.asdf,wfi01,eval,1,62,0.005119541,1
gwcs,../roman/.data/build21/r0000101001001001001_0001_wfi01_f158_cal.asdf,wfi01,eval,1,63,0.005208270,1
gwcs,../roman/.data/build21/r0000101001001001001_0001_wfi01_f158_cal.asdf,wfi01,eval,1,64,0.005130760,1
gwcs,../roman/.data/build21/r0000101001001001001_0001_wfi01_f158_cal.asdf,wfi01,eval,1,65,0.004860573,1
gwcs,../roman/.data/build21/r0000101001001001001_0001_wfi01_f158_cal.asdf,wfi01,eval,1,66,0.005219680,1
gwcs,../roman/.data/build21/r0000101001001001001_0001_wfi01_f158_cal.asdf,wfi01,eval,1,67,0.005113745,1
gwcs,../roman/.data/build21/r0000101001001001001_0001_wfi01_f158_cal.asdf,wfi01,eval,1,68,0.005334883,1
gwcs,../roman/.data/build21/r0000101001001001001_0001_wfi01_f158_cal.asdf,wfi01,eval,1,69,0.004858986,1
gwcs,../roman/.data/build21/r0000101001001001001_0001_wfi01_f158_cal.asdf,wfi01,eval,1,70,0.005395150,1
gwcs,../roman/.data/build21/r0000101001001001001_0001_wfi01_f158_cal.asdf,wfi01,eval,1,71,0.004889878,1
gwcs,../roman/.data/build21/r0000101001001001001_0001_wfi01_f158_cal.asdf,wfi01,eval,1,72,0.005070350,1
gwcs,../roman/.data/build21/r0000101001001001001_0001_wfi01_f158_cal.asdf,wfi01,eval,1,73,0.005286869,1
gwcs,../roman/.data/build21/r0000101001001001001_0001_wfi01_f158_cal.asdf,wfi01,eval,1,74,0.005149741,1
gwcs,../roman/.data/build21/r0000101001001001001_0001_wfi01_f158_cal.asdf,wfi01,eval,1,75,0.004817692,1
gwcs,../roman/.data/build21/r0000101001001001001_0001_wfi01_f158_cal.asdf,wfi01,eval,1,76,0.005372504,1
gwcs,../roman/.data/build21/r0000101001001001001_0001_wfi01_f158_cal.asdf,wfi01,eval,1,77,0.006696071,1
gwcs,../roman/.data/build21/r0000101001001001001_0001_wfi01_f158_cal.asdf,wfi01,eval,1,78,0.005465253,1
gwcs,../roman/.data/build21/r0000101001001001001_0001_wfi01_f158_cal.asdf,wfi01,eval,1,79,0.005262457,1
gwcs,../roman/.data/build21/r0000101001001001001_0001_wfi01_f158_cal.asdf,wfi01,eval,1,80,0.005337440,1
gwcs,../roman/.data/build21/r0000101001001001001_0001_wfi01_f158_cal.asdf,wfi01,eval,1,81,0.004847574,1
gwcs,../roman/.data/build21/r0000101001001001001_0001_wfi01_f158_cal.asdf,wfi01,eval,1,82,0.005350837,1
gwcs,../roman/.data/build21/r0000101001001001001_0001_wfi01_f158_cal.asdf,wfi01,eval,1,83,0.005091051,1
gwcs,../roman/.data/build21/r0000101001001001001_0001_wfi01_f158_cal.asdf,wfi01,eval,1,84,0.005104509,1
gwcs,../roman/.data/build21/r0000101001001001001_0001_wfi01_f158_cal.asdf,wfi01,eval,1,85,0.005367247,1
gwcs,../roman/.data/build21/r0000101001001001001_0001_wfi01_f158_cal.asdf,wfi01,eval,1,86,0.005379588,1
gwcs,../roman/.data/build21/r0000101001001001001_0001_wfi01_f158_cal.asdf,wfi01,eval,1,87,0.005029127,1
gwcs,../roman/.data/build21/r0000101001001001001_0001_wfi01_f158_cal.asdf,wfi01,eval,1,88,0.005489430,1
gwcs,../roman/.data/build21/r0000101001001001001_0001_wfi01_f158_cal.asdf,wfi01,eval,1,89,0.005740341,1
gwcs,../roman/.data/build21/r0000101001001001001_0001_wfi01_f158_cal.asdf,wfi01,eval,1,90,0.005186198,1
gwcs,../roman/.data/build21/r0000101001001001001_0001_wfi01_f158_cal.asdf,wfi01,eval,1,91,0.004920441,1
gwcs,../roman/.data/build21/r0000101001001001001_0001_wfi01_f158_cal.asdf,wfi01,eval,1,92,0.005470970,1
gwcs,../roman/.data/build21/r0000101001001001001_0001_wfi01_f158_cal.asdf,wfi01,eval,1,93,0.004905227,1
gwcs,../roman/.data/build21/r0000101001001001001_0001_wfi01_f158_cal.asdf,wfi01,eval,1,94,0.005038858,1
gwcs,../roman/.data/build21/r0000101001001001001_0001_wfi01_f158_cal.asdf,wfi01,eval,1,95,0.005112643,1
gwcs,../roman/.data/build21/r0000101001001001001_0001_wfi01_f158_cal.asdf,wfi01,eval,1,96,0.005086534,1
gwcs,../roman/.data/build21/r0000101001001001001_0001_wfi01_f158_cal.asdf,wfi01,eval,1,97,0.004887702,1
gwcs,../roman/.data/build21/r0000101001001001001_0001_wfi01_f158_cal.asdf,wfi01,eval,1,98,0.005144165,1
gwcs,../roman/.data/build21/r0000101001001001001_0001_wfi01_f158_cal.asdf,wfi01,eval,1,99,0.004999439,1
gwcs,../roman/.data/build21/r0000101001001001001_0001_wfi01_f158_cal.asdf,wfi01,eval,10,0,0.005475353,1
gwcs,../roman/.data/build21/r0000101001001001001_0001_wfi01_f158_cal.asdf,wfi01,eval,10,1,0.005755343,1
gwcs,../roman/.data/build21/r0000101001001001001_0001_wfi01_f158_cal.asdf,wfi01,eval,10,2,0.005409581,1
gwcs,../roman/.data/build21/r0000101001001001001_0001_wfi01_f158_cal.asdf,wfi01,eval,10,3,0.005141133,1
gwcs,../roman/.data/build21/r0000101001001001001_0001_wfi01_f158_cal.asdf,wfi01,eval,10,4,0.005368603,1
gwcs,../roman/.data/build21/r0000101001001001001_0001_wfi01_f158_cal.asdf,wfi01,eval,10,5,0.005138348,1
gwcs,../roman/.data/build21/r0000101001001001001_0001_wfi01_f158_cal.asdf,wfi01,eval,10,6,0.005290388,1
gwcs,../roman/.data/build21/r0000101001001001001_0001_wfi01_f158_cal.asdf,wfi01,eval,10,7,0.005112925,1
gwcs,../roman/.data/build21/r0000101001001001001_0001_wfi01_f158_cal.asdf,wfi01,eval,10,8,0.005196416,1
gwcs,../roman/.data/build21/r0000101001001001001_0001_wfi01_f158_cal.asdf,wfi01,eval,10,9,0.005133356,1
gwcs,../roman/.data/build21/r0000101001001001001_0001_wfi01_f158_cal.asdf,wfi01,eval,10,10,0.005120619,1
gwcs,../roman/.data/build21/r0000101001001001001_0001_wfi01_f158_cal.asdf,wfi01,eval,10,11,0.005406444,1
gwcs,../roman/.data/build21/r0000101001001001001_0001_wfi01_f158_cal.asdf,wfi01,eval,10,12,0.005099466,1
gwcs,../roman/.data/build21/r0000101001001001001_0001_wfi01_f158_cal.asdf,wfi01,eval,10,13,0.005149093,1
gwcs,../roman/.data/build21/r0000101001001001001_0001_wfi01_f158_cal.asdf,wfi01,eval,10,14,0.005373133,1
gwcs,../roman/.data/build21/r0000101001001001001_0001_wfi01_f158_cal.asdf,wfi01,eval,10,15,0.006305397,1
gwcs,../roman/.data/build21/r0000101001001001001_0001_wfi01_f158_cal.asdf,wfi01,eval,10,16,0.004890038,1
gwcs,../roman/.data/build21/r0000101001001001001_0001_wfi01_f158_cal.asdf,wfi01,eval,10,17,0.004940428,1
gwcs,../roman/.data/build21/r0000101001001001001_0001_wfi01_f158_cal.asdf,wfi01,eval,10,18,0.004958320,1
gwcs,../roman/.data/build21/r0000101001001001001_0001_wfi01_f158_cal.asdf,wfi01,eval,10,19,0.004895044,1
gwcs,../roman/.data/build21/r0000101001001001001_0001_wfi01_f158_cal.asdf,wfi01,eval,10,20,0.004894597,1
gwcs,../roman/.data/build21/r0000101001001001001_0001_wfi01_f158_cal.asdf,wfi01,eval,10,21,0.005171973,1
gwcs,../roman/.data/build21/r0000101001001001001_0001_wfi01_f158_cal.asdf,wfi01,eval,10,22,0.004891394,1
gwcs,../roman/.data/build21/r0000101001001001001_0001_wfi01_f158_cal.asdf,wfi01,eval,10,23,0.004869731,1
gwcs,../roman/.data/build21/r0000101001001001001_0001_wfi01_f158_cal.asdf,wfi01,eval,10,24,0.005020916,1
gwcs,../roman/.data/build21/r0000101001001001001_0001_wfi01_f158_cal.asdf,wfi01,eval,10,25,0.005076176,1
gwcs,../roman/.data/build21/r0000101001001001001_0001_wfi01_f158_cal.asdf,wfi01,eval,10,26,0.005660067,1
gwcs,../roman/.data/build21/r0000101001001001001_0001_wfi01_f158_cal.asdf,wfi01,eval,10,27,0.005875227,1
gwcs,../roman/.data/build21/r0000101001001001001_0001_wfi01_f158_cal.asdf,wfi01,eval,10,28,0.004978136,1
gwcs,../roman/.data/build21/r0000101001001001001_0001_wfi01_f158_cal.asdf,wfi01,eval,10,29,0.004869913,1
gwcs,../roman/.data/build21/r0000101001001001001_0001_wfi01_f158_cal.asdf,wfi01,eval,10,30,0.005126514,1
gwcs,../roman/.data/build21/r0000101001001001001_0001_wfi01_f158_cal.asdf,wfi01,eval,10,31,0.005413665,1
gwcs,../roman/.data/build21/r0000101001001001001_0001_wfi01_f158_cal.asdf,wfi01,eval,10,32,0.004890872,1
gwcs,../roman/.data/build21/r0000101001001001001_0001_wfi01_f158_cal.asdf,wfi01,eval,10,33,0.005074846,1
gwcs,../roman/.data/build21/r0000101001001001001_0001_wfi01_f158_cal.asdf,wfi01,eval,10,34,0.005324787,1
gwcs,../roman/.data/build21/r0000101001001001001_0001_wfi01_f158_cal.asdf,wfi01,eval,10,35,0.004895305,1
gwcs,../roman/.data/build21/r0000101001001001001_0001_wfi01_f158_cal.asdf,wfi01,eval,10,36,0.004947503,1
gwcs,../roman/.data/build21/r0000101001001001001_0001_wfi01_f158_cal.asdf,wfi01,eval,10,37,0.005808692,1
gwcs,../roman/.data/build21/r0000101001001001001_0001_wfi01_f158_cal.asdf,wfi01,eval,10,38,0.004941646,1
gwcs,../roman/.data/build21/r0000101001001001001_0001_wfi01_f158_cal.asdf,wfi01,eval,10,39,0.004866565,1
gwcs,../roman/.data/build21/r0000101001001001001_0001_wfi01_f158_cal.asdf,wfi01,eval,10,40,0.005366093,1
gwcs,../roman/.data/build21/r0000101001001001001_0001_wfi01_f158_cal.asdf,wfi01,eval,10,41,0.004942268,1
gwcs,../roman/.data/build21/r0000101001001001001_0001_wfi01_f158_cal.asdf,wfi01,eval,10,42,0.004985464,1
gwcs,../roman/.data/build21/r0000101001001001001_0001_wfi01_f158_cal.asdf,wfi01,eval,10,43,0.004964486,1
gwcs,../roman/.data/build21/r0000101001001001001_0001_wfi01_f158_cal.asdf,wfi01,eval,10,44,0.005497062,1
gwcs,../roman/.data/build21/r0000101001001001001_0001_wfi01_f158_cal.asdf,wfi01,eval,10,45,0.004873979,1
gwcs,../roman/.data/build21/r0000101001001001001_0001_wfi01_f158_cal.asdf,wfi01,eval,10,46,0.005207288,1
gwcs,../roman/.data/build21/r0000101001001001001_0001_wfi01_f158_cal.asdf,wfi01,eval,10,47,0.004981849,1
gwcs,../roman/.data/build21/r0000101001001001001_0001_wfi01_f158_cal.asdf,wfi01,eval,10,48,0.004892071,1
gwcs,../roman/.data/build21/r0000101001001001001_0001_wfi01_f158_cal.asdf,wfi01,eval,10,49,0.004881761,1
gwcs,../roman/.data/build21/r0000101001001001001_0001_wfi01_f158_cal.asdf,wfi01,eval,10,50,0.005021382,1
gwcs,../roman/.data/build21/r0000101001001001001_0001_wfi01_f158_cal.asdf,wfi01,eval,10,51,0.005176521,1
gwcs,../roman/.data/build21/r0000101001001001001_0001_wfi01_f158_cal.asdf,wfi01,eval,10,52,0.004925870,1
gwcs,../roman/.data/build21/r0000101001001001001_0001_wfi01_f158_cal.asdf,wfi01,eval,10,53,0.004968337,1
gwcs,../roman/.data/build21/r0000101001001001001_0001_wfi01_f158_cal.asdf,wfi01,eval,10,54,0.006008557,1
gwcs,../roman/.data/build21/r0000101001001001001_0001_wfi01_f158_cal.asdf,wfi01,eval,10,55,0.004862751,1
gwcs,../roman/.data/build21/r0000101001001001001_0001_wfi01_f158_cal.asdf,wfi01,eval,10,56,0.004914852,1
gwcs,../roman/.data/build21/r0000101001001001001_0001_wfi01_f158_cal.asdf,wfi01,eval,10,57,0.005028859,1
gwcs,../roman/.data/build21/r0000101001001001001_0001_wfi01_f158_cal.asdf,wfi01,eval,10,58,0.004880683,1
gwcs,../roman/.data/build21/r0000101001001001001_0001_wfi01_f158_cal.asdf,wfi01,eval,10,59,0.004857571,1
gwcs,../roman/.data/build21/r0000101001001001001_0001_wfi01_f158_cal.asdf,wfi01,eval,10,60,0.005045416,1
gwcs,../roman/.data/build21/r0000101001001001001_0001_wfi01_f158_cal.asdf,wfi01,eval,10,61,0.004957038,1
gwcs,../roman/.data/build21/r0000101001001001001_0001_wfi01_f158_cal.asdf,wfi01,eval,10,62,0.004881832,1
gwcs,../roman/.data/build21/r0000101001001001001_0001_wfi01_f158_cal.asdf,wfi01,eval,10,63,0.005110589,1
gwcs,../roman/.data/build21/r0000101001001001001_0001_wfi01_f158_cal.asdf,wfi01,eval,10,64,0.005151918,1
gwcs,../roman/.data/build21/r0000101001001001001_0001_wfi01_f158_cal.asdf,wfi01,eval,10,65,0.004851973,1
gwcs,../roman/.data/build21/r0000101001001001001_0001_wfi01_f158_cal.asdf,wfi01,eval,10,66,0.005092932,1
gwcs,../roman/.data/build21/r0000101001001001001_0001_wfi01_f158_cal.asdf,wfi01,eval,10,67,0.004973077,1
gwcs,../roman/.data/build21/r0000101001001001001_0001_wfi01_f158_cal.asdf,wfi01,eval,10,68,0.004876632,1
gwcs,../roman/.data/build21/r0000101001001001001_0001_wfi01_f158_cal.asdf,wfi01,eval,10,69,0.004858984,1
gwcs,../roman/.data/build21/r0000101001001001001_0001_wfi01_f158_cal.asdf,wfi01,eval,10,70,0.005062268,1
gwcs,../roman/.data/build21/r0000101001001001001_0001_wfi01_f158_cal.asdf,wfi01,eval,10,71,0.005066099,1
gwcs,../roman/.data/build21/r0000101001001001001_0001_wfi01_f158_cal.asdf,wfi01,eval,10,72,0.004868569,1
gwcs,../roman/.data/build21/r0000101001001001001_0001_wfi01_f158_cal.asdf,wfi01,eval,10,73,0.005007990,1
gwcs,../roman/.data/build21/r0000101001001001001_0001_wfi01_f158_cal.asdf,wfi01,eval,10,74,0.004936542,1
gwcs,../roman/.data/build21/r0000101001001001001_0001_wfi01_f158_cal.asdf,wfi01,eval,10,75,0.005182609,1
gwcs,../roman/.data/build21/r0000101001001001001_0001_wfi01_f158_cal.asdf,wfi01,eval,10,76,0.005004483,1
gwcs,../roman/.data/build21/r0000101001001001001_0001_wfi01_f158_cal.asdf,wfi01,eval,10,77,0.005248963,1
gwcs,../roman/.data/build21/r0000101001001001001_0001_wfi01_f158_cal.asdf,wfi01,eval,10,78,0.004981094,1
gwcs,../roman/.data/build21/r0000101001001001001_0001_wfi01_f158_cal.asdf,wfi01,eval,10,79,0.005008169,1
gwcs,../roman/.data/build21/r0000101001001001001_0001_wfi01_f158_cal.asdf,wfi01,eval,10,80,0.005058313,1
gwcs,../roman/.data/build21/r0000101001001001001_0001_wfi01_f158_cal.asdf,wfi01,eval,10,81,0.004931785,1
gwcs,../roman/.data/build21/r0000101001001001001_0001_wfi01_f158_cal.asdf,wfi01,eval,10,82,0.007219310,1
gwcs,../roman/.data/build21/r0000101001001001001_0001_wfi01_f158_cal.asdf,wfi01,eval,10,83,0.005088710,1
gwcs,../roman/.data/build21/r0000101001001001001_0001_wfi01_f158_cal.asdf,wfi01,eval,10,84,0.004920268,1
gwcs,../roman/.data/build21/r0000101001001001001_0001_wfi01_f158_cal.asdf,wfi01,eval,10,85,0.004880113,1
gwcs,../roman/.data/build21/r0000101001001001001_0001_wfi01_f158_cal.asdf,wfi01,eval,10,86,0.005014081,1
gwcs,../roman/.data/build21/r0000101001001001001_0001_wfi01_f158_cal.asdf,wfi01,eval,10,87,0.004942437,1
gwcs,../roman/.data/build21/r0000101001001001001_0001_wfi01_f158_cal.asdf,wfi01,eval,10,88,0.004934307,1
gwcs,../roman/.data/build21/r0000101001001001001_0001_wfi01_f158_cal.asdf,wfi01,eval,10,89,0.005579767,1
gwcs,../roman/.data/build21/r0000101001001001001_0001_wfi01_f158_cal.asdf,wfi01,eval,10,90,0.005099296,1
gwcs,../roman/.data/build21/r0000101001001001001_0001_wfi01_f158_cal.asdf,wfi01,eval,10,91,0.004857832,1
gwcs,../roman/.data/build21/r0000101001001001001_0001_wfi01_f158_cal.asdf,wfi01,eval,10,92,0.004860404,1
gwcs,../roman/.data/build21/r0000101001001001001_0001_wfi01_f158_cal.asdf,wfi01,eval,10,93,0.005219871,1
gwcs,../roman/.data/build21/r0000101001001001001_0001_wfi01_f158_cal.asdf,wfi01,eval,10,94,0.004889187,1
gwcs,../roman/.data/build21/r0000101001001001001_0001_wfi01_f158_cal.asdf,wfi01,eval,10,95,0.004906084,1
gwcs,../roman/.data/build21/r0000101001001001001_0001_wfi01_f158_cal.asdf,wfi01,eval,10,96,0.005197756,1
gwcs,../roman/.data/build21/r0000101001001001001_0001_wfi01_f158_cal.asdf,wfi01,eval,10,97,0.005022550,1
gwcs,../roman/.data/build21/r0000101001001001001_0001_wfi01_f158_cal.asdf,wfi01,eval,10,98,0.004902318,1
gwcs,../roman/.data/build21/r0000101001001001001_0001_wfi01_f158_cal.asdf,wfi01,eval,10,99,0.005112934,1
gwcs,../roman/.data/build21/r0000101001001001001_0001_wfi01_f158_cal.asdf,wfi01,eval,100,0,0.005445746,1
gwcs,../roman/.data/build21/r0000101001001001001_0001_wfi01_f158_cal.asdf,wfi01,eval,100,1,0.005278958,1
gwcs,../roman/.data/build21/r0000101001001001001_0001_wfi01_f158_cal.asdf,wfi01,eval,100,2,0.005281826,1
gwcs,../roman/.data/build21/r0000101001001001001_0001_wfi01_f158_cal.asdf,wfi01,eval,100,3,0.005084756,1
gwcs,../roman/.data/build21/r0000101001001001001_0001_wfi01_f158_cal.asdf,wfi01,eval,100,4,0.004908999,1
gwcs,../roman/.data/build21/r0000101001001001001_0001_wfi01_f158_cal.asdf,wfi01,eval,100,5,0.004893070,1
gwcs,../roman/.data/build21/r0000101001001001001_0001_wfi01_f158_cal.asdf,wfi01,eval,100,6,0.005042513,1
gwcs,../roman/.data/build21/r0000101001001001001_0001_wfi01_f158_cal.asdf,wfi01,eval,100,7,0.004876856,1
gwcs,../roman/.data/build21/r0000101001001001001_0001_wfi01_f158_cal.asdf,wfi01,eval,100,8,0.004894906,1
gwcs,../roman/.data/build21/r0000101001001001001_0001_wfi01_f158_cal.asdf,wfi01,eval,100,9,0.005062021,1
gwcs,../roman/.data/build21/r0000101001001001001_0001_wfi01_f158_cal.asdf,wfi01,eval,100,10,0.005129453,1
gwcs,../roman/.data/build21/r0000101001001001001_0001_wfi01_f158_cal.asdf,wfi01,eval,100,11,0.004868640,1
gwcs,../roman/.data/build21/r0000101001001001001_0001_wfi01_f158_cal.asdf,wfi01,eval,100,12,0.005014664,1
gwcs,../roman/.data/build21/r0000101001001001001_0001_wfi01_f158_cal.asdf,wfi01,eval,100,13,0.004915883,1
gwcs,../roman/.data/build21/r0000101001001001001_0001_wfi01_f158_cal.asdf,wfi01,eval,100,14,0.004937803,1
gwcs,../roman/.data/build21/r0000101001001001001_0001_wfi01_f158_cal.asdf,wfi01,eval,100,15,0.004912523,1
gwcs,../roman/.data/build21/r0000101001001001001_0001_wfi01_f158_cal.asdf,wfi01,eval,100,16,0.005800719,1
gwcs,../roman/.data/build21/r0000101001001001001_0001_wfi01_f158_cal.asdf,wfi01,eval,100,17,0.005413303,1
gwcs,../roman/.data/build21/r0000101001001001001_0001_wfi01_f158_cal.asdf,wfi01,eval,100,18,0.005735476,1
gwcs,../roman/.data/build21/r0000101001001001001_0001_wfi01_f158_cal.asdf,wfi01,eval,100,19,0.005613560,1
gwcs,../roman/.data/build21/r0000101001001001001_0001_wfi01_f158_cal.asdf,wfi01,eval,100,20,0.005049416,1
gwcs,../roman/.data/build21/r0000101001001001001_0001_wfi01_f158_cal.asdf,wfi01,eval,100,21,0.004971663,1
gwcs,../roman/.data/build21/r0000101001001001001_0001_wfi01_f158_cal.asdf,wfi01,eval,100,22,0.005300440,1
gwcs,../roman/.data/build21/r0000101001001001001_0001_wfi01_f158_cal.asdf,wfi01,eval,100,23,0.005531021,1
gwcs,../roman/.data/build21/r0000101001001001001_0001_wfi01_f158_cal.asdf,wfi01,eval,100,24,0.005085836,1
gwcs,../roman/.data/build21/r0000101001001001001_0001_wfi01_f158_cal.asdf,wfi01,eval,100,25,0.005550305,1
gwcs,../roman/.data/build21/r0000101001001001001_0001_wfi01_f158_cal.asdf,wfi01,eval,100,26,0.005136506,1
gwcs,../roman/.data/build21/r0000101001001001001_0001_wfi01_f158_cal.asdf,wfi01,eval,100,27,0.005278693,1
gwcs,../roman/.data/build21/r0000101001001001001_0001_wfi01_f158_cal.asdf,wfi01,eval,100,28,0.005305870,1
gwcs,../roman/.data/build21/r0000101001001001001_0001_wfi01_f158_cal.asdf,wfi01,eval,100,29,0.005490716,1
gwcs,../roman/.data/build21/r0000101001001001001_0001_wfi01_f158_cal.asdf,wfi01,eval,100,30,0.005024131,1
gwcs,../roman/.data/build21/r0000101001001001001_0001_wfi01_f158_cal.asdf,wfi01,eval,100,31,0.005327935,1
gwcs,../roman/.data/build21/r0000101001001001001_0001_wfi01_f158_cal.asdf,wfi01,eval,100,32,0.005234966,1
gwcs,../roman/.data/build21/r0000101001001001001_0001_wfi01_f158_cal.asdf,wfi01,eval,100,33,0.005399881,1
gwcs,../roman/.data/build21/r0000101001001001001_0001_wfi01_f158_cal.asdf,wfi01,eval,100,34,0.005045590,1
gwcs,../roman/.data/build21/r0000101001001001001_0001_wfi01_f158_cal.asdf,wfi01,eval,100,35,0.005583592,1
gwcs,../roman/.data/build21/r0000101001001001001_0001_wfi01_f158_cal.asdf,wfi01,eval,100,36,0.006305024,1
gwcs,../roman/.data/build21/r0000101001001001001_0001_wfi01_f158_cal.asdf,wfi01,eval,100,37,0.005341996,1
gwcs,../roman/.data/build21/r0000101001001001001_0001_wfi01_f158_cal.asdf,wfi01,eval,100,38,0.005433883,1
gwcs,../roman/.data/build21/r0000101001001001001_0001_wfi01_f158_cal.asdf,wfi01,eval,100,39,0.005250103,1
gwcs,../roman/.data/build21/r0000101001001001001_0001_wfi01_f158_cal.asdf,wfi01,eval,100,40,0.005043329,1
gwcs,../roman/.data/build21/r0000101001001001001_0001_wfi01_f158_cal.asdf,wfi01,eval,100,41,0.005679877,1
gwcs,../roman/.data/build21/r0000101001001001001_0001_wfi01_f158_cal.asdf,wfi01,eval,100,42,0.005032807,1
gwcs,../roman/.data/build21/r0000101001001001001_0001_wfi01_f158_cal.asdf,wfi01,eval,100,43,0.005273087,1
gwcs,../roman/.data/build21/r0000101001001001001_0001_wfi01_f158_cal.asdf,wfi01,eval,100,44,0.005245367,1
gwcs,../roman/.data/build21/r0000101001001001001_0001_wfi01_f158_cal.asdf,wfi01,eval,100,45,0.005300587,1
gwcs,../roman/.data/build21/r0000101001001001001_0001_wfi01_f158_cal.asdf,wfi01,eval,100,46,0.005048958,1
gwcs,../roman/.data/build21/r0000101001001001001_0001_wfi01_f158_cal.asdf,wfi01,eval,100,47,0.005561244,1
gwcs,../roman/.data/build21/r0000101001001001001_0001_wfi01_f158_cal.asdf,wfi01,eval,100,48,0.005082784,1
gwcs,../roman/.data/build21/r0000101001001001001_0001_wfi01_f158_cal.asdf,wfi01,eval,100,49,0.005280532,1
gwcs,../roman/.data/build21/r0000101001001001001_0001_wfi01_f158_cal.asdf,wfi01,eval,1000,0,0.005939234,1
gwcs,../roman/.data/build21/r0000101001001001001_0001_wfi01_f158_cal.asdf,wfi01,eval,1000,1,0.006011972,1
gwcs,../roman/.data/build21/r0000101001001001001_0001_wfi01_f158_cal.asdf,wfi01,eval,1000,2,0.005683740,1
gwcs,../roman/.data/build21/r0000101001001001001_0001_wfi01_f158_cal.asdf,wfi01,eval,1000,3,0.006121018,1
gwcs,../roman/.data/build21/r0000101001001001001_0001_wfi01_f158_cal.asdf,wfi01,eval,1000,4,0.006462381,1
gwcs,../roman/.data/build21/r0000101001001001001_0001_wfi01_f158_cal.asdf,wfi01,eval,1000,5,0.005904616,1
gwcs,../roman/.data/build21/r0000101001001001001_0001_wfi01_f158_cal.asdf,wfi01,eval,1000,6,0.005947825,1
gwcs,../roman/.data/build21/r0000101001001001001_0001_wfi01_f158_cal.asdf,wfi01,eval,1000,7,0.005580821,1
gwcs,../roman/.data/build21/r0000101001001001001_0001_wfi01_f158_cal.asdf,wfi01,eval,1000,8,0.006078485,1
gwcs,../roman/.data/build21/r0000101001001001001_0001_wfi01_f158_cal.asdf,wfi01,eval,1000,9,0.005661904,1
gwcs,../roman/.data/build21/r0000101001001001001_0001_wfi01_f158_cal.asdf,wfi01,eval,1000,10,0.005611364,1
gwcs,../roman/.data/build21/r0000101001001001001_0001_wfi01_f158_cal.asdf,wfi01,eval,1000,11,0.005770296,1
gwcs,../roman/.data/build21/r0000101001001001001_0001_wfi01_f158_cal.asdf,wfi01,eval,1000,12,0.005640895,1
gwcs,../roman/.data/build21/r0000101001001001001_0001_wfi01_f158_cal.asdf,wfi01,eval,1000,13,0.005815460,1
gwcs,../roman/.data/build21/r0000101001001001001_0001_wfi01_f158_cal.asdf,wfi01,eval,1000,14,0.005741996,1
gwcs,../roman/.data/build21/r0000101001001001001_0001_wfi01_f158_cal.asdf,wfi01,eval,1000,15,0.005710101,1
gwcs,../roman/.data/build21/r0000101001001001001_0001_wfi01_f158_cal.asdf,wfi01,eval,1000,16,0.005573430,1
gwcs,../roman/.data/build21/r0000101001001001001_0001_wfi01_f158_cal.asdf,wfi01,eval,1000,17,0.005942269,1
gwcs,../roman/.data/build21/r0000101001001001001_0001_wfi01_f158_cal.asdf,wfi01,eval,1000,18,0.005519907,1
gwcs,../roman/.data/build21/r0000101001001001001_0001_wfi01_f158_cal.asdf,wfi01,eval,1000,19,0.005525347,1
gwcs,../roman/.data/build21/r0000101001001001001_0001_wfi01_f158_cal.asdf,wfi01,eval,10000,0,0.015662452,1
gwcs,../roman/.data/build21/r0000101001001001001_0001_wfi01_f158_cal.asdf,wfi01,eval,10000,1,0.008577988,1
gwcs,../roman/.data/build21/r0000101001001001001_0001_wfi01_f158_cal.asdf,wfi01,eval,10000,2,0.009165647,1
gwcs,../roman/.data/build21/r0000101001001001001_0001_wfi01_f158_cal.asdf,wfi01,eval,10000,3,0.009047280,1
gwcs,../roman/.data/build21/r0000101001001001001_0001_wfi01_f158_cal.asdf,wfi01,eval,10000,4,0.010059672,1
gwcs,../roman/.data/build21/r0000101001001001001_0001_wfi01_f158_cal.asdf,wfi01,eval,10000,5,0.008892690,1
gwcs,../roman/.data/build21/r0000101001001001001_0001_wfi01_f158_cal.asdf,wfi01,eval,10000,6,0.008541485,1
gwcs,../roman/.data/build21/r0000101001001001001_0001_wfi01_f158_cal.asdf,wfi01,eval,10000,7,0.009010163,1
gwcs,../roman/.data/build21/r0000101001001001001_0001_wfi01_f158_cal.asdf,wfi01,eval,10000,8,0.008742352,1
gwcs,../roman/.data/build21/r0000101001001001001_0001_wfi01_f158_cal.asdf,wfi01,eval,10000,9,0.009014777,1
gwcs,../roman/.data/build21/r0000101001001001001_0001_wfi01_f158_cal.asdf,wfi01,eval,100000,0,0.042745595,1
gwcs,../roman/.data/build21/r0000101001001001001_0001_wfi01_f158_cal.asdf,wfi01,eval,100000,1,0.038749394,1
gwcs,../roman/.data/build21/r0000101001001001001_0001_wfi01_f158_cal.asdf,wfi01,eval,100000,2,0.038545033,1
gwcs,../roman/.data/build21/r0000101001001001001_0001_wfi01_f158_cal.asdf,wfi01,eval,100000,3,0.037574761,1
gwcs,../roman/.data/build21/r0000101001001001001_0001_wfi01_f158_cal.asdf,wfi01,eval,100000,4,0.037388781,1
gwcs,../roman/.data/build21/r0000101001001001001_0001_wfi01_f158_cal.asdf,wfi01,eval,1000000,0,0.390238100,1
gwcs,../roman/.data/build21/r0000101001001001001_0001_wfi01_f158_cal.asdf,wfi01,eval,1000000,1,0.375302312,1
gwcs,../roman/.data/build21/r0000101001001001001_0001_wfi01_f158_cal.asdf,wfi01,eval,1000000,2,0.373716995,1
gwcs,../roman/.data/build21/r0000101001001001001_0001_wfi01_f158_cal.asdf,wfi01,eval,10000000,0,7.201626713,1
gwcs,../roman/.data/build21/r0000101001001001001_0001_wfi01_f158_cal.asdf,wfi01,eval,10000000,1,7.239258717,1
gwcs,../roman/.data/build21/r0000101001001001001_0001_wfi01_f158_cal.asdf,wfi01,eval,16711744,0,23.918891349,1
gwcs,../roman/.data/build21/r0000101001001001001_0001_wfi01_f158_cal.asdf,wfi01,eval,16711744,1,23.459553202,1
gwcs,../roman/.data/build21/r0000101001001001001_0001_wfi02_f158_cal.asdf,wfi02,parse_cold,0,0,0.794165303,1
gwcs,../roman/.data/build21/r0000101001001001001_0001_wfi02_f158_cal.asdf,wfi02,parse_hot,0,0,0.619143478,1
gwcs,../roman/.data/build21/r0000101001001001001_0001_wfi02_f158_cal.asdf,wfi02,eval,1,0,0.005741112,1
gwcs,../roman/.data/build21/r0000101001001001001_0001_wfi02_f158_cal.asdf,wfi02,eval,1,1,0.006612696,1
gwcs,../roman/.data/build21/r0000101001001001001_0001_wfi02_f158_cal.asdf,wfi02,eval,1,2,0.010888220,1
gwcs,../roman/.data/build21/r0000101001001001001_0001_wfi02_f158_cal.asdf,wfi02,eval,1,3,0.004716759,1
gwcs,../roman/.data/build21/r0000101001001001001_0001_wfi02_f158_cal.asdf,wfi02,eval,1,4,0.004961089,1
gwcs,../roman/.data/build21/r0000101001001001001_0001_wfi02_f158_cal.asdf,wfi02,eval,1,5,0.005036942,1
gwcs,../roman/.data/build21/r0000101001001001001_0001_wfi02_f158_cal.asdf,wfi02,eval,1,6,0.004728424,1
gwcs,../roman/.data/build21/r0000101001001001001_0001_wfi02_f158_cal.asdf,wfi02,eval,1,7,0.004764940,1
gwcs,../roman/.data/build21/r0000101001001001001_0001_wfi02_f158_cal.asdf,wfi02,eval,1,8,0.005007151,1
gwcs,../roman/.data/build21/r0000101001001001001_0001_wfi02_f158_cal.asdf,wfi02,eval,1,9,0.004918682,1
gwcs,../roman/.data/build21/r0000101001001001001_0001_wfi02_f158_cal.asdf,wfi02,eval,1,10,0.004996022,1
gwcs,../roman/.data/build21/r0000101001001001001_0001_wfi02_f158_cal.asdf,wfi02,eval,1,11,0.005091254,1
gwcs,../roman/.data/build21/r0000101001001001001_0001_wfi02_f158_cal.asdf,wfi02,eval,1,12,0.004814927,1
gwcs,../roman/.data/build21/r0000101001001001001_0001_wfi02_f158_cal.asdf,wfi02,eval,1,13,0.004725569,1
gwcs,../roman/.data/build21/r0000101001001001001_0001_wfi02_f158_cal.asdf,wfi02,eval,1,14,0.004974280,1
gwcs,../roman/.data/build21/r0000101001001001001_0001_wfi02_f158_cal.asdf,wfi02,eval,1,15,0.004903088,1
gwcs,../roman/.data/build21/r0000101001001001001_0001_wfi02_f158_cal.asdf,wfi02,eval,1,16,0.004677122,1
gwcs,../roman/.data/build21/r0000101001001001001_0001_wfi02_f158_cal.asdf,wfi02,eval,1,17,0.004771440,1
gwcs,../roman/.data/build21/r0000101001001001001_0001_wfi02_f158_cal.asdf,wfi02,eval,1,18,0.004930120,1
gwcs,../roman/.data/build21/r0000101001001001001_0001_wfi02_f158_cal.asdf,wfi02,eval,1,19,0.004719478,1
gwcs,../roman/.data/build21/r0000101001001001001_0001_wfi02_f158_cal.asdf,wfi02,eval,1,20,0.004689536,1
gwcs,../roman/.data/build21/r0000101001001001001_0001_wfi02_f158_cal.asdf,wfi02,eval,1,21,0.004934141,1
gwcs,../roman/.data/build21/r0000101001001001001_0001_wfi02_f158_cal.asdf,wfi02,eval,1,22,0.004783393,1
gwcs,../roman/.data/build21/r0000101001001001001_0001_wfi02_f158_cal.asdf,wfi02,eval,1,23,0.004669946,1
gwcs,../roman/.data/build21/r0000101001001001001_0001_wfi02_f158_cal.asdf,wfi02,eval,1,24,0.004867909,1
gwcs,../roman/.data/build21/r0000101001001001001_0001_wfi02_f158_cal.asdf,wfi02,eval,1,25,0.005377432,1
gwcs,../roman/.data/build21/r0000101001001001001_0001_wfi02_f158_cal.asdf,wfi02,eval,1,26,0.004728431,1
gwcs,../roman/.data/build21/r0000101001001001001_0001_wfi02_f158_cal.asdf,wfi02,eval,1,27,0.004664871,1
gwcs,../roman/.data/build21/r0000101001001001001_0001_wfi02_f158_cal.asdf,wfi02,eval,1,28,0.004961464,1
gwcs,../roman/.data/build21/r0000101001001001001_0001_wfi02_f158_cal.asdf,wfi02,eval,1,29,0.004739997,1
gwcs,../roman/.data/build21/r0000101001001001001_0001_wfi02_f158_cal.asdf,wfi02,eval,1,30,0.005012141,1
gwcs,../roman/.data/build21/r0000101001001001001_0001_wfi02_f158_cal.asdf,wfi02,eval,1,31,0.004948521,1
gwcs,../roman/.data/build21/r0000101001001001001_0001_wfi02_f158_cal.asdf,wfi02,eval,1,32,0.004773490,1
gwcs,../roman/.data/build21/r0000101001001001001_0001_wfi02_f158_cal.asdf,wfi02,eval,1,33,0.004686994,1
gwcs,../roman/.data/build21/r0000101001001001001_0001_wfi02_f158_cal.asdf,wfi02,eval,1,34,0.004630807,1
gwcs,../roman/.data/build21/r0000101001001001001_0001_wfi02_f158_cal.asdf,wfi02,eval,1,35,0.005047899,1
gwcs,../roman/.data/build21/r0000101001001001001_0001_wfi02_f158_cal.asdf,wfi02,eval,1,36,0.004737440,1
gwcs,../roman/.data/build21/r0000101001001001001_0001_wfi02_f158_cal.asdf,wfi02,eval,1,37,0.004652051,1
gwcs,../roman/.data/build21/r0000101001001001001_0001_wfi02_f158_cal.asdf,wfi02,eval,1,38,0.004902473,1
gwcs,../roman/.data/build21/r0000101001001001001_0001_wfi02_f158_cal.asdf,wfi02,eval,1,39,0.004799963,1
gwcs,../roman/.data/build21/r0000101001001001001_0001_wfi02_f158_cal.asdf,wfi02,eval,1,40,0.004708249,1
gwcs,../roman/.data/build21/r0000101001001001001_0001_wfi02_f158_cal.asdf,wfi02,eval,1,41,0.004654160,1
gwcs,../roman/.data/build21/r0000101001001001001_0001_wfi02_f158_cal.asdf,wfi02,eval,1,42,0.005050739,1
gwcs,../roman/.data/build21/r0000101001001001001_0001_wfi02_f158_cal.asdf,wfi02,eval,1,43,0.004659515,1
gwcs,../roman/.data/build21/r0000101001001001001_0001_wfi02_f158_cal.asdf,wfi02,eval,1,44,0.004632046,1
gwcs,../roman/.data/build21/r0000101001001001001_0001_wfi02_f158_cal.asdf,wfi02,eval,1,45,0.004920045,1
gwcs,../roman/.data/build21/r0000101001001001001_0001_wfi02_f158_cal.asdf,wfi02,eval,1,46,0.004774544,1
gwcs,../roman/.data/build21/r0000101001001001001_0001_wfi02_f158_cal.asdf,wfi02,eval,1,47,0.004644756,1
gwcs,../roman/.data/build21/r0000101001001001001_0001_wfi02_f158_cal.asdf,wfi02,eval,1,48,0.004699888,1
gwcs,../roman/.data/build21/r0000101001001001001_0001_wfi02_f158_cal.asdf,wfi02,eval,1,49,0.005136780,1
gwcs,../roman/.data/build21/r0000101001001001001_0001_wfi02_f158_cal.asdf,wfi02,eval,1,50,0.004773504,1
gwcs,../roman/.data/build21/r0000101001001001001_0001_wfi02_f158_cal.asdf,wfi02,eval,1,51,0.004638738,1
gwcs,../roman/.data/build21/r0000101001001001001_0001_wfi02_f158_cal.asdf,wfi02,eval,1,52,0.004901622,1
gwcs,../roman/.data/build21/r0000101001001001001_0001_wfi02_f158_cal.asdf,wfi02,eval,1,53,0.004732422,1
gwcs,../roman/.data/build21/r0000101001001001001_0001_wfi02_f158_cal.asdf,wfi02,eval,1,54,0.004656822,1
gwcs,../roman/.data/build21/r0000101001001001001_0001_wfi02_f158_cal.asdf,wfi02,eval,1,55,0.005217521,1
gwcs,../roman/.data/build21/r0000101001001001001_0001_wfi02_f158_cal.asdf,wfi02,eval,1,56,0.004867044,1
gwcs,../roman/.data/build21/r0000101001001001001_0001_wfi02_f158_cal.asdf,wfi02,eval,1,57,0.004689947,1
gwcs,../roman/.data/build21/r0000101001001001001_0001_wfi02_f158_cal.asdf,wfi02,eval,1,58,0.004652129,1
gwcs,../roman/.data/build21/r0000101001001001001_0001_wfi02_f158_cal.asdf,wfi02,eval,1,59,0.004924950,1
gwcs,../roman/.data/build21/r0000101001001001001_0001_wfi02_f158_cal.asdf,wfi02,eval,1,60,0.004783886,1
gwcs,../roman/.data/build21/r0000101001001001001_0001_wfi02_f158_cal.asdf,wfi02,eval,1,61,0.004708465,1
gwcs,../roman/.data/build21/r0000101001001001001_0001_wfi02_f158_cal.asdf,wfi02,eval,1,62,0.004827413,1
gwcs,../roman/.data/build21/r0000101001001001001_0001_wfi02_f158_cal.asdf,wfi02,eval,1,63,0.004798527,1
gwcs,../roman/.data/build21/r0000101001001001001_0001_wfi02_f158_cal.asdf,wfi02,eval,1,64,0.004676167,1
gwcs,../roman/.data/build21/r0000101001001001001_0001_wfi02_f158_cal.asdf,wfi02,eval,1,65,0.004667149,1
gwcs,../roman/.data/build21/r0000101001001001001_0001_wfi02_f158_cal.asdf,wfi02,eval,1,66,0.005130072,1
gwcs,../roman/.data/build21/r0000101001001001001_0001_wfi02_f158_cal.asdf,wfi02,eval,1,67,0.005952790,1
gwcs,../roman/.data/build21/r0000101001001001001_0001_wfi02_f158_cal.asdf,wfi02,eval,1,68,0.005443715,1
gwcs,../roman/.data/build21/r0000101001001001001_0001_wfi02_f158_cal.asdf,wfi02,eval,1,69,0.005077247,1
gwcs,../roman/.data/build21/r0000101001001001001_0001_wfi02_f158_cal.asdf,wfi02,eval,1,70,0.004837337,1
gwcs,../roman/.data/build21/r0000101001001001001_0001_wfi02_f158_cal.asdf,wfi02,eval,1,71,0.004682434,1
gwcs,../roman/.data/build21/r0000101001001001001_0001_wfi02_f158_cal.asdf,wfi02,eval,1,72,0.004862045,1
gwcs,../roman/.data/build21/r0000101001001001001_0001_wfi02_f158_cal.asdf,wfi02,eval,1,73,0.004791229,1
gwcs,../roman/.data/build21/r0000101001001001001_0001_wfi02_f158_cal.asdf,wfi02,eval,1,74,0.004663193,1
gwcs,../roman/.data/build21/r0000101001001001001_0001_wfi02_f158_cal.asdf,wfi02,eval,1,75,0.004628462,1
gwcs,../roman/.data/build21/r0000101001001001001_0001_wfi02_f158_cal.asdf,wfi02,eval,1,76,0.004928230,1
gwcs,../roman/.data/build21/r0000101001001001001_0001_wfi02_f158_cal.asdf,wfi02,eval,1,77,0.004793471,1
gwcs,../roman/.data/build21/r0000101001001001001_0001_wfi02_f158_cal.asdf,wfi02,eval,1,78,0.004654059,1
gwcs,../roman/.data/build21/r0000101001001001001_0001_wfi02_f158_cal.asdf,wfi02,eval,1,79,0.004906811,1
gwcs,../roman/.data/build21/r0000101001001001001_0001_wfi02_f158_cal.asdf,wfi02,eval,1,80,0.004781629,1
gwcs,../roman/.data/build21/r0000101001001001001_0001_wfi02_f158_cal.asdf,wfi02,eval,1,81,0.004703397,1
gwcs,../roman/.data/build21/r0000101001001001001_0001_wfi02_f158_cal.asdf,wfi02,eval,1,82,0.004690179,1
gwcs,../roman/.data/build21/r0000101001001001001_0001_wfi02_f158_cal.asdf,wfi02,eval,1,83,0.004937208,1
gwcs,../roman/.data/build21/r0000101001001001001_0001_wfi02_f158_cal.asdf,wfi02,eval,1,84,0.004824493,1
gwcs,../roman/.data/build21/r0000101001001001001_0001_wfi02_f158_cal.asdf,wfi02,eval,1,85,0.004656653,1
gwcs,../roman/.data/build21/r0000101001001001001_0001_wfi02_f158_cal.asdf,wfi02,eval,1,86,0.004903705,1
gwcs,../roman/.data/build21/r0000101001001001001_0001_wfi02_f158_cal.asdf,wfi02,eval,1,87,0.004815400,1
gwcs,../roman/.data/build21/r0000101001001001001_0001_wfi02_f158_cal.asdf,wfi02,eval,1,88,0.004673722,1
gwcs,../roman/.data/build21/r0000101001001001001_0001_wfi02_f158_cal.asdf,wfi02,eval,1,89,0.004633320,1
gwcs,../roman/.data/build21/r0000101001001001001_0001_wfi02_f158_cal.asdf,wfi02,eval,1,90,0.004938586,1
gwcs,../roman/.data/build21/r0000101001001001001_0001_wfi02_f158_cal.asdf,wfi02,eval,1,91,0.004744739,1
gwcs,../roman/.data/build21/r0000101001001001001_0001_wfi02_f158_cal.asdf,wfi02,eval,1,92,0.004674928,1
gwcs,../roman/.data/build21/r0000101001001001001_0001_wfi02_f158_cal.asdf,wfi02,eval,1,93,0.004855223,1
gwcs,../roman/.data/build21/r0000101001001001001_0001_wfi02_f158_cal.asdf,wfi02,eval,1,94,0.004773185,1
gwcs,../roman/.data/build21/r0000101001001001001_0001_wfi02_f158_cal.asdf,wfi02,eval,1,95,0.004673905,1
gwcs,../roman/.data/build21/r0000101001001001001_0001_wfi02_f158_cal.asdf,wfi02,eval,1,96,0.004663263,1
gwcs,../roman/.data/build21/r0000101001001001001_0001_wfi02_f158_cal.asdf,wfi02,eval,1,97,0.004909050,1
gwcs,../roman/.data/build21/r0000101001001001001_0001_wfi02_f158_cal.asdf,wfi02,eval,1,98,0.004790676,1
gwcs,../roman/.data/build21/r0000101001001001001_0001_wfi02_f158_cal.asdf,wfi02,eval,1,99,0.004675875,1
gwcs,../roman/.data/build21/r0000101001001001001_0001_wfi02_f158_cal.asdf,wfi02,eval,10,0,0.005367979,1
gwcs,../roman/.data/build21/r0000101001001001001_0001_wfi02_f158_cal.asdf,wfi02,eval,10,1,0.005130230,1
gwcs,../roman/.data/build21/r0000101001001001001_0001_wfi02_f158_cal.asdf,wfi02,eval,10,2,0.004844341,1
gwcs,../roman/.data/build21/r0000101001001001001_0001_wfi02_f158_cal.asdf,wfi02,eval,10,3,0.004847516,1
gwcs,../roman/.data/build21/r0000101001001001001_0001_wfi02_f158_cal.asdf,wfi02,eval,10,4,0.005239257,1
gwcs,../roman/.data/build21/r0000101001001001001_0001_wfi02_f158_cal.asdf,wfi02,eval,10,5,0.004808499,1
gwcs,../roman/.data/build21/r0000101001001001001_0001_wfi02_f158_cal.asdf,wfi02,eval,10,6,0.004860649,1
gwcs,../roman/.data/build21/r0000101001001001001_0001_wfi02_f158_cal.asdf,wfi02,eval,10,7,0.005478429,1
gwcs,../roman/.data/build21/r0000101001001001001_0001_wfi02_f158_cal.asdf,wfi02,eval,10,8,0.004806084,1
gwcs,../roman/.data/build21/r0000101001001001001_0001_wfi02_f158_cal.asdf,wfi02,eval,10,9,0.004764193,1
gwcs,../roman/.data/build21/r0000101001001001001_0001_wfi02_f158_cal.asdf,wfi02,eval,10,10,0.005123246,1
gwcs,../roman/.data/build21/r0000101001001001001_0001_wfi02_f158_cal.asdf,wfi02,eval,10,11,0.004920078,1
gwcs,../roman/.data/build21/r0000101001001001001_0001_wfi02_f158_cal.asdf,wfi02,eval,10,12,0.004994500,1
gwcs,../roman/.data/build21/r0000101001001001001_0001_wfi02_f158_cal.asdf,wfi02,eval,10,13,0.004797513,1
gwcs,../roman/.data/build21/r0000101001001001001_0001_wfi02_f158_cal.asdf,wfi02,eval,10,14,0.005253611,1
gwcs,../roman/.data/build21/r0000101001001001001_0001_wfi02_f158_cal.asdf,wfi02,eval,10,15,0.004791148,1
gwcs,../roman/.data/build21/r0000101001001001001_0001_wfi02_f158_cal.asdf,wfi02,eval,10,16,0.004789534,1
gwcs,../roman/.data/build21/r0000101001001001001_0001_wfi02_f158_cal.asdf,wfi02,eval,10,17,0.005006373,1
gwcs,../roman/.data/build21/r0000101001001001001_0001_wfi02_f158_cal.asdf,wfi02,eval,10,18,0.004970430,1
gwcs,../roman/.data/build21/r0000101001001001001_0001_wfi02_f158_cal.asdf,wfi02,eval,10,19,0.004797276,1
gwcs,../roman/.data/build21/r0000101001001001001_0001_wfi02_f158_cal.asdf,wfi02,eval,10,20,0.004990816,1
gwcs,../roman/.data/build21/r0000101001001001001_0001_wfi02_f158_cal.asdf,wfi02,eval,10,21,0.004940950,1
gwcs,../roman/.data/build21/r0000101001001001001_0001_wfi02_f158_cal.asdf,wfi02,eval,10,22,0.004895389,1
gwcs,../roman/.data/build21/r0000101001001001001_0001_wfi02_f158_cal.asdf,wfi02,eval,10,23,0.004783250,1
gwcs,../roman/.data/build21/r0000101001001001001_0001_wfi02_f158_cal.asdf,wfi02,eval,10,24,0.005256431,1
gwcs,../roman/.data/build21/r0000101001001001001_0001_wfi02_f158_cal.asdf,wfi02,eval,10,25,0.004923025,1
gwcs,../roman/.data/build21/r0000101001001001001_0001_wfi02_f158_cal.asdf,wfi02,eval,10,26,0.005003008,1
gwcs,../roman/.data/build21/r0000101001001001001_0001_wfi02_f158_cal.asdf,wfi02,eval,10,27,0.007435990,1
gwcs,../roman/.data/build21/r0000101001001001001_0001_wfi02_f158_cal.asdf,wfi02,eval,10,28,0.005374765,1
gwcs,../roman/.data/build21/r0000101001001001001_0001_wfi02_f158_cal.asdf,wfi02,eval,10,29,0.004971628,1
gwcs,../roman/.data/build21/r0000101001001001001_0001_wfi02_f158_cal.asdf,wfi02,eval,10,30,0.005743996,1
gwcs,../roman/.data/build21/r0000101001001001001_0001_wfi02_f158_cal.asdf,wfi02,eval,10,31,0.006092166,1
gwcs,../roman/.data/build21/r0000101001001001001_0001_wfi02_f158_cal.asdf,wfi02,eval,10,32,0.007157451,1
gwcs,../roman/.data/build21/r0000101001001001001_0001_wfi02_f158_cal.asdf,wfi02,eval,10,33,0.005306087,1
gwcs,../roman/.data/build21/r0000101001001001001_0001_wfi02_f158_cal.asdf,wfi02,eval,10,34,0.004827553,1
gwcs,../roman/.data/build21/r0000101001001001001_0001_wfi02_f158_cal.asdf,wfi02,eval,10,35,0.004917271,1
gwcs,../roman/.data/build21/r0000101001001001001_0001_wfi02_f158_cal.asdf,wfi02,eval,10,36,0.005092055,1
gwcs,../roman/.data/build21/r0000101001001001001_0001_wfi02_f158_cal.asdf,wfi02,eval,10,37,0.005001657,1
gwcs,../roman/.data/build21/r0000101001001001001_0001_wfi02_f158_cal.asdf,wfi02,eval,10,38,0.005112468,1
gwcs,../roman/.data/build21/r0000101001001001001_0001_wfi02_f158_cal.asdf,wfi02,eval,10,39,0.005447710,1
gwcs,../roman/.data/build21/r0000101001001001001_0001_wfi02_f158_cal.asdf,wfi02,eval,10,40,0.005166082,1
gwcs,../roman/.data/build21/r0000101001001001001_0001_wfi02_f158_cal.asdf,wfi02,eval,10,41,0.005139995,1
gwcs,../roman/.data/build21/r0000101001001001001_0001_wfi02_f158_cal.asdf,wfi02,eval,10,42,0.005146569,1
gwcs,../roman/.data/build21/r0000101001001001001_0001_wfi02_f158_cal.asdf,wfi02,eval,10,43,0.004938631,1
gwcs,../roman/.data/build21/r0000101001001001001_0001_wfi02_f158_cal.asdf,wfi02,eval,10,44,0.004789287,1
gwcs,../roman/.data/build21/r0000101001001001001_0001_wfi02_f158_cal.asdf,wfi02,eval,10,45,0.004920611,1
gwcs,../roman/.data/build21/r0000101001001001001_0001_wfi02_f158_cal.asdf,wfi02,eval,10,46,0.005136417,1
gwcs,../roman/.data/build21/r0000101001001001001_0001_wfi02_f158_cal.asdf,wfi02,eval,10,47,0.005204922,1
gwcs,../roman/.data/build21/r0000101001001001001_0001_wfi02_f158_cal.asdf,wfi02,eval,10,48,0.005018501,1
gwcs,../roman/.data/build21/r0000101001001001001_0001_wfi02_f158_cal.asdf,wfi02,eval,10,49,0.005476815,1
gwcs,../roman/.data/build21/r0000101001001001001_0001_wfi02_f158_cal.asdf,wfi02,eval,10,50,0.005861701,1
gwcs,../roman/.data/build21/r0000101001001001001_0001_wfi02_f158_cal.asdf,wfi02,eval,10,51,0.005058100,1
gwcs,../roman/.data/build21/r0000101001001001001_0001_wfi02_f158_cal.asdf,wfi02,eval,10,52,0.005236275,1
gwcs,../roman/.data/build21/r0000101001001001001_0001_wfi02_f158_cal.asdf,wfi02,eval,10,53,0.004839283,1
gwcs,../roman/.data/build21/r0000101001001001001_0001_wfi02_f158_cal.asdf,wfi02,eval,10,54,0.004970640,1
gwcs,../roman/.data/build21/r0000101001001001001_0001_wfi02_f158_cal.asdf,wfi02,eval,10,55,0.005036198,1
gwcs,../roman/.data/build21/r0000101001001001001_0001_wfi02_f158_cal.asdf,wfi02,eval,10,56,0.004934406,1
gwcs,../roman/.data/build21/r0000101001001001001_0001_wfi02_f158_cal.asdf,wfi02,eval,10,57,0.004776084,1
gwcs,../roman/.data/build21/r0000101001001001001_0001_wfi02_f158_cal.asdf,wfi02,eval,10,58,0.004920334,1
gwcs,../roman/.data/build21/r0000101001001001001_0001_wfi02_f158_cal.asdf,wfi02,eval,10,59,0.004899128,1
gwcs,../roman/.data/build21/r0000101001001001001_0001_wfi02_f158_cal.asdf,wfi02,eval,10,60,0.004894717,1
gwcs,../roman/.data/build21/r0000101001001001001_0001_wfi02_f158_cal.asdf,wfi02,eval,10,61,0.004773961,1
gwcs,../roman/.data/build21/r0000101001001001001_0001_wfi02_f158_cal.asdf,wfi02,eval,10,62,0.005027330,1
gwcs,../roman/.data/build21/r0000101001001001001_0001_wfi02_f158_cal.asdf,wfi02,eval,10,63,0.005773916,1
gwcs,../roman/.data/build21/r0000101001001001001_0001_wfi02_f158_cal.asdf,wfi02,eval,10,64,0.004935673,1
gwcs,../roman/.data/build21/r0000101001001001001_0001_wfi02_f158_cal.asdf,wfi02,eval,10,65,0.005027649,1
gwcs,../roman/.data/build21/r0000101001001001001_0001_wfi02_f158_cal.asdf,wfi02,eval,10,66,0.004917177,1
gwcs,../roman/.data/build21/r0000101001001001001_0001_wfi02_f158_cal.asdf,wfi02,eval,10,67,0.004780511,1
gwcs,../roman/.data/build21/r0000101001001001001_0001_wfi02_f158_cal.asdf,wfi02,eval,10,68,0.004931333,1
gwcs,../roman/.data/build21/r0000101001001001001_0001_wfi02_f158_cal.asdf,wfi02,eval,10,69,0.004969590,1
gwcs,../roman/.data/build21/r0000101001001001001_0001_wfi02_f158_cal.asdf,wfi02,eval,10,70,0.004912626,1
gwcs,../roman/.data/build21/r0000101001001001001_0001_wfi02_f158_cal.asdf,wfi02,eval,10,71,0.004809510,1
gwcs,../roman/.data/build21/r0000101001001001001_0001_wfi02_f158_cal.asdf,wfi02,eval,10,72,0.005026250,1
gwcs,../roman/.data/build21/r0000101001001001001_0001_wfi02_f158_cal.asdf,wfi02,eval,10,73,0.004893803,1
gwcs,../roman/.data/build21/r0000101001001001001_0001_wfi02_f158_cal.asdf,wfi02,eval,10,74,0.004818710,1
gwcs,../roman/.data/build21/r0000101001001001001_0001_wfi02_f158_cal.asdf,wfi02,eval,10,75,0.004988406,1
gwcs,../roman/.data/build21/r0000101001001001001_0001_wfi02_f158_cal.asdf,wfi02,eval,10,76,0.004984155,1
gwcs,../roman/.data/build21/r0000101001001001001_0001_wfi02_f158_cal.asdf,wfi02,eval,10,77,0.004809199,1
gwcs,../roman/.data/build21/r0000101001001001001_0001_wfi02_f158_cal.asdf,wfi02,eval,10,78,0.010623574,1
gwcs,../roman/.data/build21/r0000101001001001001_0001_wfi02_f158_cal.asdf,wfi02,eval,10,79,0.006866152,1
gwcs,../roman/.data/build21/r0000101001001001001_0001_wfi02_f158_cal.asdf,wfi02,eval,10,80,0.004838809,1
gwcs,../roman/.data/build21/r0000101001001001001_0001_wfi02_f158_cal.asdf,wfi02,eval,10,81,0.005258402,1
gwcs,../roman/.data/build21/r0000101001001001001_0001_wfi02_f158_cal.asdf,wfi02,eval,10,82,0.004864191,1
gwcs,../roman/.data/build21/r0000101001001001001_0001_wfi02_f158_cal.asdf,wfi02,eval,10,83,0.004819827,1
gwcs,../roman/.data/build21/r0000101001001001001_0001_wfi02_f158_cal.asdf,wfi02,eval,10,84,0.004834939,1
gwcs,../roman/.data/build21/r0000101001001001001_0001_wfi02_f158_cal.asdf,wfi02,eval,10,85,0.004835229,1
gwcs,../roman/.data/build21/r0000101001001001001_0001_wfi02_f158_cal.asdf,wfi02,eval,10,86,0.004941332,1
gwcs,../roman/.data/build21/r0000101001001001001_0001_wfi02_f158_cal.asdf,wfi02,eval,10,87,0.004900984,1
gwcs,../roman/.data/build21/r0000101001001001001_0001_wfi02_f158_cal.asdf,wfi02,eval,10,88,0.004973820,1
gwcs,../roman/.data/build21/r0000101001001001001_0001_wfi02_f158_cal.asdf,wfi02,eval,10,89,0.004995651,1
gwcs,../roman/.data/build21/r0000101001001001001_0001_wfi02_f158_cal.asdf,wfi02,eval,10,90,0.004933963,1
gwcs,../roman/.data/build21/r0000101001001001001_0001_wfi02_f158_cal.asdf,wfi02,eval,10,91,0.005030859,1
gwcs,../roman/.data/build21/r0000101001001001001_0001_wfi02_f158_cal.asdf,wfi02,eval,10,92,0.004946383,1
gwcs,../roman/.data/build21/r0000101001001001001_0001_wfi02_f158_cal.asdf,wfi02,eval,10,93,0.005348364,1
gwcs,../roman/.data/build21/r0000101001001001001_0001_wfi02_f158_cal.asdf,wfi02,eval,10,94,0.004978217,1
gwcs,../roman/.data/build21/r0000101001001001001_0001_wfi02_f158_cal.asdf,wfi02,eval,10,95,0.005035885,1
gwcs,../roman/.data/build21/r0000101001001001001_0001_wfi02_f158_cal.asdf,wfi02,eval,10,96,0.004928530,1
gwcs,../roman/.data/build21/r0000101001001001001_0001_wfi02_f158_cal.asdf,wfi02,eval,10,97,0.004887330,1
gwcs,../roman/.data/build21/r0000101001001001001_0001_wfi02_f158_cal.asdf,wfi02,eval,10,98,0.004890030,1
gwcs,../roman/.data/build21/r0000101001001001001_0001_wfi02_f158_cal.asdf,wfi02,eval,10,99,0.004889997,1
gwcs,../roman/.data/build21/r0000101001001001001_0001_wfi02_f158_cal.asdf,wfi02,eval,100,0,0.006097984,1
gwcs,../roman/.data/build21/r0000101001001001001_0001_wfi02_f158_cal.asdf,wfi02,eval,100,1,0.005482660,1
gwcs,../roman/.data/build21/r0000101001001001001_0001_wfi02_f158_cal.asdf,wfi02,eval,100,2,0.005040690,1
gwcs,../roman/.data/build21/r0000101001001001001_0001_wfi02_f158_cal.asdf,wfi02,eval,100,3,0.005076773,1
gwcs,../roman/.data/build21/r0000101001001001001_0001_wfi02_f158_cal.asdf,wfi02,eval,100,4,0.005275937,1
gwcs,../roman/.data/build21/r0000101001001001001_0001_wfi02_f158_cal.asdf,wfi02,eval,100,5,0.005189312,1
gwcs,../roman/.data/build21/r0000101001001001001_0001_wfi02_f158_cal.asdf,wfi02,eval,100,6,0.005484645,1
gwcs,../roman/.data/build21/r0000101001001001001_0001_wfi02_f158_cal.asdf,wfi02,eval,100,7,0.005796734,1
gwcs,../roman/.data/build21/r0000101001001001001_0001_wfi02_f158_cal.asdf,wfi02,eval,100,8,0.005221297,1
gwcs,../roman/.data/build21/r0000101001001001001_0001_wfi02_f158_cal.asdf,wfi02,eval,100,9,0.005663517,1
gwcs,../roman/.data/build21/r0000101001001001001_0001_wfi02_f158_cal.asdf,wfi02,eval,100,10,0.005681416,1
gwcs,../roman/.data/build21/r0000101001001001001_0001_wfi02_f158_cal.asdf,wfi02,eval,100,11,0.005058686,1
gwcs,../roman/.data/build21/r0000101001001001001_0001_wfi02_f158_cal.asdf,wfi02,eval,100,12,0.005243810,1
gwcs,../roman/.data/build21/r0000101001001001001_0001_wfi02_f158_cal.asdf,wfi02,eval,100,13,0.005351779,1
gwcs,../roman/.data/build21/r0000101001001001001_0001_wfi02_f158_cal.asdf,wfi02,eval,100,14,0.005269193,1
gwcs,../roman/.data/build21/r0000101001001001001_0001_wfi02_f158_cal.asdf,wfi02,eval,100,15,0.005019006,1
gwcs,../roman/.data/build21/r0000101001001001001_0001_wfi02_f158_cal.asdf,wfi02,eval,100,16,0.005192082,1
gwcs,../roman/.data/build21/r0000101001001001001_0001_wfi02_f158_cal.asdf,wfi02,eval,100,17,0.004968639,1
gwcs,../roman/.data/build21/r0000101001001001001_0001_wfi02_f158_cal.asdf,wfi02,eval,100,18,0.004819565,1
gwcs,../roman/.data/build21/r0000101001001001001_0001_wfi02_f158_cal.asdf,wfi02,eval,100,19,0.005113537,1
gwcs,../roman/.data/build21/r0000101001001001001_0001_wfi02_f158_cal.asdf,wfi02,eval,100,20,0.004994593,1
gwcs,../roman/.data/build21/r0000101001001001001_0001_wfi02_f158_cal.asdf,wfi02,eval,100,21,0.004837573,1
gwcs,../roman/.data/build21/r0000101001001001001_0001_wfi02_f158_cal.asdf,wfi02,eval,100,22,0.004873221,1
gwcs,../roman/.data/build21/r0000101001001001001_0001_wfi02_f158_cal.asdf,wfi02,eval,100,23,0.005861822,1
gwcs,../roman/.data/build21/r0000101001001001001_0001_wfi02_f158_cal.asdf,wfi02,eval,100,24,0.004938389,1
gwcs,../roman/.data/build21/r0000101001001001001_0001_wfi02_f158_cal.asdf,wfi02,eval,100,25,0.004888874,1
gwcs,../roman/.data/build21/r0000101001001001001_0001_wfi02_f158_cal.asdf,wfi02,eval,100,26,0.005091508,1
gwcs,../roman/.data/build21/r0000101001001001001_0001_wfi02_f158_cal.asdf,wfi02,eval,100,27,0.004965498,1
gwcs,../roman/.data/build21/r0000101001001001001_0001_wfi02_f158_cal.asdf,wfi02,eval,100,28,0.004841040,1
gwcs,../roman/.data/build21/r0000101001001001001_0001_wfi02_f158_cal.asdf,wfi02,eval,100,29,0.005128211,1
gwcs,../roman/.data/build21/r0000101001001001001_0001_wfi02_f158_cal.asdf,wfi02,eval,100,30,0.004992861,1
gwcs,../roman/.data/build21/r0000101001001001001_0001_wfi02_f158_cal.asdf,wfi02,eval,100,31,0.004841691,1
gwcs,../roman/.data/build21/r0000101001001001001_0001_wfi02_f158_cal.asdf,wfi02,eval,100,32,0.005460817,1
gwcs,../roman/.data/build21/r0000101001001001001_0001_wfi02_f158_cal.asdf,wfi02,eval,100,33,0.005091433,1
gwcs,../roman/.data/build21/r0000101001001001001_0001_wfi02_f158_cal.asdf,wfi02,eval,100,34,0.004870431,1
gwcs,../roman/.data/build21/r0000101001001001001_0001_wfi02_f158_cal.asdf,wfi02,eval,100,35,0.004807122,1
gwcs,../roman/.data/build21/r0000101001001001001_0001_wfi02_f158_cal.asdf,wfi02,eval,100,36,0.005754982,1
gwcs,../roman/.data/build21/r0000101001001001001_0001_wfi02_f158_cal.asdf,wfi02,eval,100,37,0.004931955,1
gwcs,../roman/.data/build21/r0000101001001001001_0001_wfi02_f158_cal.asdf,wfi02,eval,100,38,0.004850654,1
gwcs,../roman/.data/build21/r0000101001001001001_0001_wfi02_f158_cal.asdf,wfi02,eval,100,39,0.005039027,1
gwcs,../roman/.data/build21/r0000101001001001001_0001_wfi02_f158_cal.asdf,wfi02,eval,100,40,0.005604512,1
gwcs,../roman/.data/build21/r0000101001001001001_0001_wfi02_f158_cal.asdf,wfi02,eval,100,41,0.004836767,1
gwcs,../roman/.data/build21/r0000101001001001001_0001_wfi02_f158_cal.asdf,wfi02,eval,100,42,0.004822236,1
gwcs,../roman/.data/build21/r0000101001001001001_0001_wfi02_f158_cal.asdf,wfi02,eval,100,43,0.005233149,1
gwcs,../roman/.data/build21/r0000101001001001001_0001_wfi02_f158_cal.asdf,wfi02,eval,100,44,0.004873255,1
gwcs,../roman/.data/build21/r0000101001001001001_0001_wfi02_f158_cal.asdf,wfi02,eval,100,45,0.004809713,1
gwcs,../roman/.data/build21/r0000101001001001001_0001_wfi02_f158_cal.asdf,wfi02,eval,100,46,0.005170737,1
gwcs,../roman/.data/build21/r0000101001001001001_0001_wfi02_f158_cal.asdf,wfi02,eval,100,47,0.004943508,1
gwcs,../roman/.data/build21/r0000101001001001001_0001_wfi02_f158_cal.asdf,wfi02,eval,100,48,0.004854660,1
gwcs,../roman/.data/build21/r0000101001001001001_0001_wfi02_f158_cal.asdf,wfi02,eval,100,49,0.004840360,1
gwcs,../roman/.data/build21/r0000101001001001001_0001_wfi02_f158_cal.asdf,wfi02,eval,1000,0,0.006132682,1
gwcs,../roman/.data/build21/r0000101001001001001_0001_wfi02_f158_cal.asdf,wfi02,eval,1000,1,0.005562491,1
gwcs,../roman/.data/build21/r0000101001001001001_0001_wfi02_f158_cal.asdf,wfi02,eval,1000,2,0.005304013,1
gwcs,../roman/.data/build21/r0000101001001001001_0001_wfi02_f158_cal.asdf,wfi02,eval,1000,3,0.005721220,1
gwcs,../roman/.data/build21/r0000101001001001001_0001_wfi02_f158_cal.asdf,wfi02,eval,1000,4,0.005234071,1
gwcs,../roman/.data/build21/r0000101001001001001_0001_wfi02_f158_cal.asdf,wfi02,eval,1000,5,0.005243622,1
gwcs,../roman/.data/build21/r0000101001001001001_0001_wfi02_f158_cal.asdf,wfi02,eval,1000,6,0.005532417,1
gwcs,../roman/.data/build21/r0000101001001001001_0001_wfi02_f158_cal.asdf,wfi02,eval,1000,7,0.005279647,1
gwcs,../roman/.data/build21/r0000101001001001001_0001_wfi02_f158_cal.asdf,wfi02,eval,1000,8,0.005252131,1
gwcs,../roman/.data/build21/r0000101001001001001_0001_wfi02_f158_cal.asdf,wfi02,eval,1000,9,0.005724667,1
gwcs,../roman/.data/build21/r0000101001001001001_0001_wfi02_f158_cal.asdf,wfi02,eval,1000,10,0.005305327,1
gwcs,../roman/.data/build21/r0000101001001001001_0001_wfi02_f158_cal.asdf,wfi02,eval,1000,11,0.005432789,1
gwcs,../roman/.data/build21/r0000101001001001001_0001_wfi02_f158_cal.asdf,wfi02,eval,1000,12,0.006575540,1
gwcs,../roman/.data/build21/r0000101001001001001_0001_wfi02_f158_cal.asdf,wfi02,eval,1000,13,0.005589573,1
gwcs,../roman/.data/build21/r0000101001001001001_0001_wfi02_f158_cal.asdf,wfi02,eval,1000,14,0.005438694,1
gwcs,../roman/.data/build21/r0000101001001001001_0001_wfi02_f158_cal.asdf,wfi02,eval,1000,15,0.005808387,1
gwcs,../roman/.data/build21/r0000101001001001001_0001_wfi02_f158_cal.asdf,wfi02,eval,1000,16,0.005370788,1
gwcs,../roman/.data/build21/r0000101001001001001_0001_wfi02_f158_cal.asdf,wfi02,eval,1000,17,0.005560379,1
gwcs,../roman/.data/build21/r0000101001001001001_0001_wfi02_f158_cal.asdf,wfi02,eval,1000,18,0.005413038,1
gwcs,../roman/.data/build21/r0000101001001001001_0001_wfi02_f158_cal.asdf,wfi02,eval,1000,19,0.005799389,1
gwcs,../roman/.data/build21/r0000101001001001001_0001_wfi02_f158_cal.asdf,wfi02,eval,10000,0,0.008882790,1
gwcs,../roman/.data/build21/r0000101001001001001_0001_wfi02_f158_cal.asdf,wfi02,eval,10000,1,0.008383863,1
gwcs,../roman/.data/build21/r0000101001001001001_0001_wfi02_f158_cal.asdf,wfi02,eval,10000,2,0.008415442,1
gwcs,../roman/.data/build21/r0000101001001001001_0001_wfi02_f158_cal.asdf,wfi02,eval,10000,3,0.008545121,1
gwcs,../roman/.data/build21/r0000101001001001001_0001_wfi02_f158_cal.asdf,wfi02,eval,10000,4,0.008591739,1
gwcs,../roman/.data/build21/r0000101001001001001_0001_wfi02_f158_cal.asdf,wfi02,eval,10000,5,0.008750707,1
gwcs,../roman/.data/build21/r0000101001001001001_0001_wfi02_f158_cal.asdf,wfi02,eval,10000,6,0.009243337,1
gwcs,../roman/.data/build21/r0000101001001001001_0001_wfi02_f158_cal.asdf,wfi02,eval,10000,7,0.008611871,1
gwcs,../roman/.data/build21/r0000101001001001001_0001_wfi02_f158_cal.asdf,wfi02,eval,10000,8,0.008768374,1
gwcs,../roman/.data/build21/r0000101001001001001_0001_wfi02_f158_cal.asdf,wfi02,eval,10000,9,0.008594088,1
gwcs,../roman/.data/build21/r0000101001001001001_0001_wfi02_f158_cal.asdf,wfi02,eval,100000,0,0.037460112,1
gwcs,../roman/.data/build21/r0000101001001001001_0001_wfi02_f158_cal.asdf,wfi02,eval,100000,1,0.037111198,1
gwcs,../roman/.data/build21/r0000101001001001001_0001_wfi02_f158_cal.asdf,wfi02,eval,100000,2,0.036205086,1
gwcs,../roman/.data/build21/r0000101001001001001_0001_wfi02_f158_cal.asdf,wfi02,eval,100000,3,0.039098914,1
gwcs,../roman/.data/build21/r0000101001001001001_0001_wfi02_f158_cal.asdf,wfi02,eval,100000,4,0.036731650,1
gwcs,../roman/.data/build21/r0000101001001001001_0001_wfi02_f158_cal.asdf,wfi02,eval,1000000,0,0.371530582,1
gwcs,../roman/.data/build21/r0000101001001001001_0001_wfi02_f158_cal.asdf,wfi02,eval,1000000,1,0.373417274,1
gwcs,../roman/.data/build21/r0000101001001001001_0001_wfi02_f158_cal.asdf,wfi02,eval,1000000,2,0.375599165,1
gwcs,../roman/.data/build21/r0000101001001001001_0001_wfi02_f158_cal.asdf,wfi02,eval,10000000,0,6.740258811,1
gwcs,../roman/.data/build21/r0000101001001001001_0001_wfi02_f158_cal.asdf,wfi02,eval,10000000,1,7.104727913,1
gwcs,../roman/.data/build21/r0000101001001001001_0001_wfi02_f158_cal.asdf,wfi02,eval,16711744,0,22.906621225,1
gwcs,../roman/.data/build21/r0000101001001001001_0001_wfi02_f158_cal.asdf,wfi02,eval,16711744,1,22.853143397,1
gwcs,../roman/.data/build21/r0000101001001001001_0001_wfi03_f158_cal.asdf,wfi03,parse_cold,0,0,0.830629242,1
gwcs,../roman/.data/build21/r0000101001001001001_0001_wfi03_f158_cal.asdf,wfi03,parse_hot,0,0,0.563054025,1
gwcs,../roman/.data/build21/r0000101001001001001_0001_wfi03_f158_cal.asdf,wfi03,eval,1,0,0.005397400,1
gwcs,../roman/.data/build21/r0000101001001001001_0001_wfi03_f158_cal.asdf,wfi03,eval,1,1,0.004937697,1
gwcs,../roman/.data/build21/r0000101001001001001_0001_wfi03_f158_cal.asdf,wfi03,eval,1,2,0.005636441,1
gwcs,../roman/.data/build21/r0000101001001001001_0001_wfi03_f158_cal.asdf,wfi03,eval,1,3,0.004848421,1
gwcs,../roman/.data/build21/r0000101001001001001_0001_wfi03_f158_cal.asdf,wfi03,eval,1,4,0.005060538,1
gwcs,../roman/.data/build21/r0000101001001001001_0001_wfi03_f158_cal.asdf,wfi03,eval,1,5,0.005545908,1
gwcs,../roman/.data/build21/r0000101001001001001_0001_wfi03_f158_cal.asdf,wfi03,eval,1,6,0.004858308,1
gwcs,../roman/.data/build21/r0000101001001001001_0001_wfi03_f158_cal.asdf,wfi03,eval,1,7,0.004943241,1
gwcs,../roman/.data/build21/r0000101001001001001_0001_wfi03_f158_cal.asdf,wfi03,eval,1,8,0.010629092,1
gwcs,../roman/.data/build21/r0000101001001001001_0001_wfi03_f158_cal.asdf,wfi03,eval,1,9,0.004955388,1
gwcs,../roman/.data/build21/r0000101001001001001_0001_wfi03_f158_cal.asdf,wfi03,eval,1,10,0.004944585,1
gwcs,../roman/.data/build21/r0000101001001001001_0001_wfi03_f158_cal.asdf,wfi03,eval,1,11,0.005111283,1
gwcs,../roman/.data/build21/r0000101001001001001_0001_wfi03_f158_cal.asdf,wfi03,eval,1,12,0.004898864,1
gwcs,../roman/.data/build21/r0000101001001001001_0001_wfi03_f158_cal.asdf,wfi03,eval,1,13,0.004930682,1
gwcs,../roman/.data/build21/r0000101001001001001_0001_wfi03_f158_cal.asdf,wfi03,eval,1,14,0.005113999,1
gwcs,../roman/.data/build21/r0000101001001001001_0001_wfi03_f158_cal.asdf,wfi03,eval,1,15,0.004789692,1
gwcs,../roman/.data/build21/r0000101001001001001_0001_wfi03_f158_cal.asdf,wfi03,eval,1,16,0.004668132,1
gwcs,../roman/.data/build21/r0000101001001001001_0001_wfi03_f158_cal.asdf,wfi03,eval,1,17,0.005034230,1
gwcs,../roman/.data/build21/r0000101001001001001_0001_wfi03_f158_cal.asdf,wfi03,eval,1,18,0.005073844,1
gwcs,../roman/.data/build21/r0000101001001001001_0001_wfi03_f158_cal.asdf,wfi03,eval,1,19,0.004754554,1
gwcs,../roman/.data/build21/r0000101001001001001_0001_wfi03_f158_cal.asdf,wfi03,eval,1,20,0.004997174,1
gwcs,../roman/.data/build21/r0000101001001001001_0001_wfi03_f158_cal.asdf,wfi03,eval,1,21,0.005112736,1
gwcs,../roman/.data/build21/r0000101001001001001_0001_wfi03_f158_cal.asdf,wfi03,eval,1,22,0.004894906,1
gwcs,../roman/.data/build21/r0000101001001001001_0001_wfi03_f158_cal.asdf,wfi03,eval,1,23,0.005024110,1
gwcs,../roman/.data/build21/r0000101001001001001_0001_wfi03_f158_cal.asdf,wfi03,eval,1,24,0.005004751,1
gwcs,../roman/.data/build21/r0000101001001001001_0001_wfi03_f158_cal.asdf,wfi03,eval,1,25,0.004708039,1
gwcs,../roman/.data/build21/r0000101001001001001_0001_wfi03_f158_cal.asdf,wfi03,eval,1,26,0.004664474,1
gwcs,../roman/.data/build21/r0000101001001001001_0001_wfi03_f158_cal.asdf,wfi03,eval,1,27,0.004750526,1
gwcs,../roman/.data/build21/r0000101001001001001_0001_wfi03_f158_cal.asdf,wfi03,eval,1,28,0.004776737,1
gwcs,../roman/.data/build21/r0000101001001001001_0001_wfi03_f158_cal.asdf,wfi03,eval,1,29,0.004690007,1
gwcs,../roman/.data/build21/r0000101001001001001_0001_wfi03_f158_cal.asdf,wfi03,eval,1,30,0.004677345,1
gwcs,../roman/.data/build21/r0000101001001001001_0001_wfi03_f158_cal.asdf,wfi03,eval,1,31,0.004770026,1
gwcs,../roman/.data/build21/r0000101001001001001_0001_wfi03_f158_cal.asdf,wfi03,eval,1,32,0.004851350,1
gwcs,../roman/.data/build21/r0000101001001001001_0001_wfi03_f158_cal.asdf,wfi03,eval,1,33,0.004653950,1
gwcs,../roman/.data/build21/r0000101001001001001_0001_wfi03_f158_cal.asdf,wfi03,eval,1,34,0.005564406,1
gwcs,../roman/.data/build21/r0000101001001001001_0001_wfi03_f158_cal.asdf,wfi03,eval,1,35,0.004768402,1
gwcs,../roman/.data/build21/r0000101001001001001_0001_wfi03_f158_cal.asdf,wfi03,eval,1,36,0.004707780,1
gwcs,../roman/.data/build21/r0000101001001001001_0001_wfi03_f158_cal.asdf,wfi03,eval,1,37,0.004701660,1
gwcs,../roman/.data/build21/r0000101001001001001_0001_wfi03_f158_cal.asdf,wfi03,eval,1,38,0.004979732,1
gwcs,../roman/.data/build21/r0000101001001001001_0001_wfi03_f158_cal.asdf,wfi03,eval,1,39,0.004700975,1
gwcs,../roman/.data/build21/r0000101001001001001_0001_wfi03_f158_cal.asdf,wfi03,eval,1,40,0.004680453,1
gwcs,../roman/.data/build21/r0000101001001001001_0001_wfi03_f158_cal.asdf,wfi03,eval,1,41,0.004840476,1
gwcs,../roman/.data/build21/r0000101001001001001_0001_wfi03_f158_cal.asdf,wfi03,eval,1,42,0.004750352,1
gwcs,../roman/.data/build21/r0000101001001001001_0001_wfi03_f158_cal.asdf,wfi03,eval,1,43,0.004679981,1
gwcs,../roman/.data/build21/r0000101001001001001_0001_wfi03_f158_cal.asdf,wfi03,eval,1,44,0.004641986,1
gwcs,../roman/.data/build21/r0000101001001001001_0001_wfi03_f158_cal.asdf,wfi03,eval,1,45,0.004791361,1
gwcs,../roman/.data/build21/r0000101001001001001_0001_wfi03_f158_cal.asdf,wfi03,eval,1,46,0.004666979,1
gwcs,../roman/.data/build21/r0000101001001001001_0001_wfi03_f158_cal.asdf,wfi03,eval,1,47,0.004654646,1
gwcs,../roman/.data/build21/r0000101001001001001_0001_wfi03_f158_cal.asdf,wfi03,eval,1,48,0.004750001,1
gwcs,../roman/.data/build21/r0000101001001001001_0001_wfi03_f158_cal.asdf,wfi03,eval,1,49,0.004782141,1
gwcs,../roman/.data/build21/r0000101001001001001_0001_wfi03_f158_cal.asdf,wfi03,eval,1,50,0.004645966,1
gwcs,../roman/.data/build21/r0000101001001001001_0001_wfi03_f158_cal.asdf,wfi03,eval,1,51,0.004679137,1
gwcs,../roman/.data/build21/r0000101001001001001_0001_wfi03_f158_cal.asdf,wfi03,eval,1,52,0.005320279,1
gwcs,../roman/.data/build21/r0000101001001001001_0001_wfi03_f158_cal.asdf,wfi03,eval,1,53,0.004806277,1
gwcs,../roman/.data/build21/r0000101001001001001_0001_wfi03_f158_cal.asdf,wfi03,eval,1,54,0.004765548,1
gwcs,../roman/.data/build21/r0000101001001001001_0001_wfi03_f158_cal.asdf,wfi03,eval,1,55,0.005090927,1
gwcs,../roman/.data/build21/r0000101001001001001_0001_wfi03_f158_cal.asdf,wfi03,eval,1,56,0.004819709,1
gwcs,../roman/.data/build21/r0000101001001001001_0001_wfi03_f158_cal.asdf,wfi03,eval,1,57,0.004729562,1
gwcs,../roman/.data/build21/r0000101001001001001_0001_wfi03_f158_cal.asdf,wfi03,eval,1,58,0.004816803,1
gwcs,../roman/.data/build21/r0000101001001001001_0001_wfi03_f158_cal.asdf,wfi03,eval,1,59,0.005343566,1
gwcs,../roman/.data/build21/r0000101001001001001_0001_wfi03_f158_cal.asdf,wfi03,eval,1,60,0.004733212,1
gwcs,../roman/.data/build21/r0000101001001001001_0001_wfi03_f158_cal.asdf,wfi03,eval,1,61,0.004637606,1
gwcs,../roman/.data/build21/r0000101001001001001_0001_wfi03_f158_cal.asdf,wfi03,eval,1,62,0.005142333,1
gwcs,../roman/.data/build21/r0000101001001001001_0001_wfi03_f158_cal.asdf,wfi03,eval,1,63,0.004731979,1
gwcs,../roman/.data/build21/r0000101001001001001_0001_wfi03_f158_cal.asdf,wfi03,eval,1,64,0.004707985,1
gwcs,../roman/.data/build21/r0000101001001001001_0001_wfi03_f158_cal.asdf,wfi03,eval,1,65,0.004687525,1
gwcs,../roman/.data/build21/r0000101001001001001_0001_wfi03_f158_cal.asdf,wfi03,eval,1,66,0.005001126,1
gwcs,../roman/.data/build21/r0000101001001001001_0001_wfi03_f158_cal.asdf,wfi03,eval,1,67,0.004662108,1
gwcs,../roman/.data/build21/r0000101001001001001_0001_wfi03_f158_cal.asdf,wfi03,eval,1,68,0.004657621,1
gwcs,../roman/.data/build21/r0000101001001001001_0001_wfi03_f158_cal.asdf,wfi03,eval,1,69,0.005042662,1
gwcs,../roman/.data/build21/r0000101001001001001_0001_wfi03_f158_cal.asdf,wfi03,eval,1,70,0.004914964,1
gwcs,../roman/.data/build21/r0000101001001001001_0001_wfi03_f158_cal.asdf,wfi03,eval,1,71,0.004806590,1
gwcs,../roman/.data/build21/r0000101001001001001_0001_wfi03_f158_cal.asdf,wfi03,eval,1,72,0.005201672,1
gwcs,../roman/.data/build21/r0000101001001001001_0001_wfi03_f158_cal.asdf,wfi03,eval,1,73,0.005200876,1
gwcs,../roman/.data/build21/r0000101001001001001_0001_wfi03_f158_cal.asdf,wfi03,eval,1,74,0.004787936,1
gwcs,../roman/.data/build21/r0000101001001001001_0001_wfi03_f158_cal.asdf,wfi03,eval,1,75,0.004863966,1
gwcs,../roman/.data/build21/r0000101001001001001_0001_wfi03_f158_cal.asdf,wfi03,eval,1,76,0.005502748,1
gwcs,../roman/.data/build21/r0000101001001001001_0001_wfi03_f158_cal.asdf,wfi03,eval,1,77,0.004791673,1
gwcs,../roman/.data/build21/r0000101001001001001_0001_wfi03_f158_cal.asdf,wfi03,eval,1,78,0.004926911,1
gwcs,../roman/.data/build21/r0000101001001001001_0001_wfi03_f158_cal.asdf,wfi03,eval,1,79,0.005444164,1
gwcs,../roman/.data/build21/r0000101001001001001_0001_wfi03_f158_cal.asdf,wfi03,eval,1,80,0.004735707,1
gwcs,../roman/.data/build21/r0000101001001001001_0001_wfi03_f158_cal.asdf,wfi03,eval,1,81,0.004643280,1
gwcs,../roman/.data/build21/r0000101001001001001_0001_wfi03_f158_cal.asdf,wfi03,eval,1,82,0.004982159,1
gwcs,../roman/.data/build21/r0000101001001001001_0001_wfi03_f158_cal.asdf,wfi03,eval,1,83,0.004840241,1
gwcs,../roman/.data/build21/r0000101001001001001_0001_wfi03_f158_cal.asdf,wfi03,eval,1,84,0.004660649,1
gwcs,../roman/.data/build21/r0000101001001001001_0001_wfi03_f158_cal.asdf,wfi03,eval,1,85,0.004633867,1
gwcs,../roman/.data/build21/r0000101001001001001_0001_wfi03_f158_cal.asdf,wfi03,eval,1,86,0.005167421,1
gwcs,../roman/.data/build21/r0000101001001001001_0001_wfi03_f158_cal.asdf,wfi03,eval,1,87,0.004763761,1
gwcs,../roman/.data/build21/r0000101001001001001_0001_wfi03_f158_cal.asdf,wfi03,eval,1,88,0.004888977,1
gwcs,../roman/.data/build21/r0000101001001001001_0001_wfi03_f158_cal.asdf,wfi03,eval,1,89,0.005613293,1
gwcs,../roman/.data/build21/r0000101001001001001_0001_wfi03_f158_cal.asdf,wfi03,eval,1,90,0.004877993,1
gwcs,../roman/.data/build21/r0000101001001001001_0001_wfi03_f158_cal.asdf,wfi03,eval,1,91,0.004851133,1
gwcs,../roman/.data/build21/r0000101001001001001_0001_wfi03_f158_cal.asdf,wfi03,eval,1,92,0.005240886,1
gwcs,../roman/.data/build21/r0000101001001001001_0001_wfi03_f158_cal.asdf,wfi03,eval,1,93,0.005012377,1
gwcs,../roman/.data/build21/r0000101001001001001_0001_wfi03_f158_cal.asdf,wfi03,eval,1,94,0.004933093,1
gwcs,../roman/.data/build21/r0000101001001001001_0001_wfi03_f158_cal.asdf,wfi03,eval,1,95,0.004859239,1
gwcs,../roman/.data/build21/r0000101001001001001_0001_wfi03_f158_cal.asdf,wfi03,eval,1,96,0.005320031,1
gwcs,../roman/.data/build21/r0000101001001001001_0001_wfi03_f158_cal.asdf,wfi03,eval,1,97,0.004685794,1
gwcs,../roman/.data/build21/r0000101001001001001_0001_wfi03_f158_cal.asdf,wfi03,eval,1,98,0.004668253,1
gwcs,../roman/.data/build21/r0000101001001001001_0001_wfi03_f158_cal.asdf,wfi03,eval,1,99,0.005890572,1
gwcs,../roman/.data/build21/r0000101001001001001_0001_wfi03_f158_cal.asdf,wfi03,eval,10,0,0.006751209,1
gwcs,../roman/.data/build21/r0000101001001001001_0001_wfi03_f158_cal.asdf,wfi03,eval,10,1,0.005075227,1
gwcs,../roman/.data/build21/r0000101001001001001_0001_wfi03_f158_cal.asdf,wfi03,eval,10,2,0.005230237,1
gwcs,../roman/.data/build21/r0000101001001001001_0001_wfi03_f158_cal.asdf,wfi03,eval,10,3,0.004946197,1
gwcs,../roman/.data/build21/r0000101001001001001_0001_wfi03_f158_cal.asdf,wfi03,eval,10,4,0.004802818,1
gwcs,../roman/.data/build21/r0000101001001001001_0001_wfi03_f158_cal.asdf,wfi03,eval,10,5,0.005218225,1
gwcs,../roman/.data/build21/r0000101001001001001_0001_wfi03_f158_cal.asdf,wfi03,eval,10,6,0.005002449,1
gwcs,../roman/.data/build21/r0000101001001001001_0001_wfi03_f158_cal.asdf,wfi03,eval,10,7,0.004780031,1
gwcs,../roman/.data/build21/r0000101001001001001_0001_wfi03_f158_cal.asdf,wfi03,eval,10,8,0.004764194,1
gwcs,../roman/.data/build21/r0000101001001001001_0001_wfi03_f158_cal.asdf,wfi03,eval,10,9,0.004963562,1
gwcs,../roman/.data/build21/r0000101001001001001_0001_wfi03_f158_cal.asdf,wfi03,eval,10,10,0.004820780,1
gwcs,../roman/.data/build21/r0000101001001001001_0001_wfi03_f158_cal.asdf,wfi03,eval,10,11,0.004758704,1
gwcs,../roman/.data/build21/r0000101001001001001_0001_wfi03_f158_cal.asdf,wfi03,eval,10,12,0.005170980,1
gwcs,../roman/.data/build21/r0000101001001001001_0001_wfi03_f158_cal.asdf,wfi03,eval,10,13,0.004879953,1
gwcs,../roman/.data/build21/r0000101001001001001_0001_wfi03_f158_cal.asdf,wfi03,eval,10,14,0.004798621,1
gwcs,../roman/.data/build21/r0000101001001001001_0001_wfi03_f158_cal.asdf,wfi03,eval,10,15,0.004782746,1
gwcs,../roman/.data/build21/r0000101001001001001_0001_wfi03_f158_cal.asdf,wfi03,eval,10,16,0.005068050,1
gwcs,../roman/.data/build21/r0000101001001001001_0001_wfi03_f158_cal.asdf,wfi03,eval,10,17,0.004794246,1
gwcs,../roman/.data/build21/r0000101001001001001_0001_wfi03_f158_cal.asdf,wfi03,eval,10,18,0.004788539,1
gwcs,../roman/.data/build21/r0000101001001001001_0001_wfi03_f158_cal.asdf,wfi03,eval,10,19,0.005456376,1
gwcs,../roman/.data/build21/r0000101001001001001_0001_wfi03_f158_cal.asdf,wfi03,eval,10,20,0.005065087,1
gwcs,../roman/.data/build21/r0000101001001001001_0001_wfi03_f158_cal.asdf,wfi03,eval,10,21,0.005102239,1
gwcs,../roman/.data/build21/r0000101001001001001_0001_wfi03_f158_cal.asdf,wfi03,eval,10,22,0.005474128,1
gwcs,../roman/.data/build21/r0000101001001001001_0001_wfi03_f158_cal.asdf,wfi03,eval,10,23,0.005080924,1
gwcs,../roman/.data/build21/r0000101001001001001_0001_wfi03_f158_cal.asdf,wfi03,eval,10,24,0.005281712,1
gwcs,../roman/.data/build21/r0000101001001001001_0001_wfi03_f158_cal.asdf,wfi03,eval,10,25,0.005186367,1
gwcs,../roman/.data/build21/r0000101001001001001_0001_wfi03_f158_cal.asdf,wfi03,eval,10,26,0.005207071,1
gwcs,../roman/.data/build21/r0000101001001001001_0001_wfi03_f158_cal.asdf,wfi03,eval,10,27,0.005008654,1
gwcs,../roman/.data/build21/r0000101001001001001_0001_wfi03_f158_cal.asdf,wfi03,eval,10,28,0.005503339,1
gwcs,../roman/.data/build21/r0000101001001001001_0001_wfi03_f158_cal.asdf,wfi03,eval,10,29,0.005271657,1
gwcs,../roman/.data/build21/r0000101001001001001_0001_wfi03_f158_cal.asdf,wfi03,eval,10,30,0.007237871,1
gwcs,../roman/.data/build21/r0000101001001001001_0001_wfi03_f158_cal.asdf,wfi03,eval,10,31,0.005144109,1
gwcs,../roman/.data/build21/r0000101001001001001_0001_wfi03_f158_cal.asdf,wfi03,eval,10,32,0.005213414,1
gwcs,../roman/.data/build21/r0000101001001001001_0001_wfi03_f158_cal.asdf,wfi03,eval,10,33,0.005302801,1
gwcs,../roman/.data/build21/r0000101001001001001_0001_wfi03_f158_cal.asdf,wfi03,eval,10,34,0.005238226,1
gwcs,../roman/.data/build21/r0000101001001001001_0001_wfi03_f158_cal.asdf,wfi03,eval,10,35,0.005230493,1
gwcs,../roman/.data/build21/r0000101001001001001_0001_wfi03_f158_cal.asdf,wfi03,eval,10,36,0.004981552,1
gwcs,../roman/.data/build21/r0000101001001001001_0001_wfi03_f158_cal.asdf,wfi03,eval,10,37,0.005108502,1
gwcs,../roman/.data/build21/r0000101001001001001_0001_wfi03_f158_cal.asdf,wfi03,eval,10,38,0.005223987,1
gwcs,../roman/.data/build21/r0000101001001001001_0001_wfi03_f158_cal.asdf,wfi03,eval,10,39,0.005032101,1
gwcs,../roman/.data/build21/r0000101001001001001_0001_wfi03_f158_cal.asdf,wfi03,eval,10,40,0.005104537,1
gwcs,../roman/.data/build21/r0000101001001001001_0001_wfi03_f158_cal.asdf,wfi03,eval,10,41,0.005070725,1
gwcs,../roman/.data/build21/r0000101001001001001_0001_wfi03_f158_cal.asdf,wfi03,eval,10,42,0.005132500,1
gwcs,../roman/.data/build21/r0000101001001001001_0001_wfi03_f158_cal.asdf,wfi03,eval,10,43,0.005002505,1
gwcs,../roman/.data/build21/r0000101001001001001_0001_wfi03_f158_cal.asdf,wfi03,eval,10,44,0.005192047,1
gwcs,../roman/.data/build21/r0000101001001001001_0001_wfi03_f158_cal.asdf,wfi03,eval,10,45,0.005072795,1
gwcs,../roman/.data/build21/r0000101001001001001_0001_wfi03_f158_cal.asdf,wfi03,eval,10,46,0.005318741,1
gwcs,../roman/.data/build21/r0000101001001001001_0001_wfi03_f158_cal.asdf,wfi03,eval,10,47,0.004956197,1
gwcs,../roman/.data/build21/r0000101001001001001_0001_wfi03_f158_cal.asdf,wfi03,eval,10,48,0.005293478,1
gwcs,../roman/.data/build21/r0000101001001001001_0001_wfi03_f158_cal.asdf,wfi03,eval,10,49,0.005008580,1
gwcs,../roman/.data/build21/r0000101001001001001_0001_wfi03_f158_cal.asdf,wfi03,eval,10,50,0.005127393,1
gwcs,../roman/.data/build21/r0000101001001001001_0001_wfi03_f158_cal.asdf,wfi03,eval,10,51,0.005045656,1
gwcs,../roman/.data/build21/r0000101001001001001_0001_wfi03_f158_cal.asdf,wfi03,eval,10,52,0.005276458,1
gwcs,../roman/.data/build21/r0000101001001001001_0001_wfi03_f158_cal.asdf,wfi03,eval,10,53,0.004843981,1
gwcs,../roman/.data/build21/r0000101001001001001_0001_wfi03_f158_cal.asdf,wfi03,eval,10,54,0.005342397,1
gwcs,../roman/.data/build21/r0000101001001001001_0001_wfi03_f158_cal.asdf,wfi03,eval,10,55,0.005144654,1
gwcs,../roman/.data/build21/r0000101001001001001_0001_wfi03_f158_cal.asdf,wfi03,eval,10,56,0.005348014,1
gwcs,../roman/.data/build21/r0000101001001001001_0001_wfi03_f158_cal.asdf,wfi03,eval,10,57,0.005255641,1
gwcs,../roman/.data/build21/r0000101001001001001_0001_wfi03_f158_cal.asdf,wfi03,eval,10,58,0.005345877,1
gwcs,../roman/.data/build21/r0000101001001001001_0001_wfi03_f158_cal.asdf,wfi03,eval,10,59,0.004995164,1
gwcs,../roman/.data/build21/r0000101001001001001_0001_wfi03_f158_cal.asdf,wfi03,eval,10,60,0.005148728,1
gwcs,../roman/.data/build21/r0000101001001001001_0001_wfi03_f158_cal.asdf,wfi03,eval,10,61,0.005095388,1
gwcs,../roman/.data/build21/r0000101001001001001_0001_wfi03_f158_cal.asdf,wfi03,eval,10,62,0.005149568,1
gwcs,../roman/.data/build21/r0000101001001001001_0001_wfi03_f158_cal.asdf,wfi03,eval,10,63,0.005085546,1
gwcs,../roman/.data/build21/r0000101001001001001_0001_wfi03_f158_cal.asdf,wfi03,eval,10,64,0.005424133,1
gwcs,../roman/.data/build21/r0000101001001001001_0001_wfi03_f158_cal.asdf,wfi03,eval,10,65,0.005125042,1
gwcs,../roman/.data/build21/r0000101001001001001_0001_wfi03_f158_cal.asdf,wfi03,eval,10,66,0.005172051,1
gwcs,../roman/.data/build21/r0000101001001001001_0001_wfi03_f158_cal.asdf,wfi03,eval,10,67,0.005115807,1
gwcs,../roman/.data/build21/r0000101001001001001_0001_wfi03_f158_cal.asdf,wfi03,eval,10,68,0.005128908,1
gwcs,../roman/.data/build21/r0000101001001001001_0001_wfi03_f158_cal.asdf,wfi03,eval,10,69,0.005127198,1
gwcs,../roman/.data/build21/r0000101001001001001_0001_wfi03_f158_cal.asdf,wfi03,eval,10,70,0.005899344,1
gwcs,../roman/.data/build21/r0000101001001001001_0001_wfi03_f158_cal.asdf,wfi03,eval,10,71,0.007632753,1
gwcs,../roman/.data/build21/r0000101001001001001_0001_wfi03_f158_cal.asdf,wfi03,eval,10,72,0.004826629,1
gwcs,../roman/.data/build21/r0000101001001001001_0001_wfi03_f158_cal.asdf,wfi03,eval,10,73,0.005145439,1
gwcs,../roman/.data/build21/r0000101001001001001_0001_wfi03_f158_cal.asdf,wfi03,eval,10,74,0.004825328,1
gwcs,../roman/.data/build21/r0000101001001001001_0001_wfi03_f158_cal.asdf,wfi03,eval,10,75,0.004800724,1
gwcs,../roman/.data/build21/r0000101001001001001_0001_wfi03_f158_cal.asdf,wfi03,eval,10,76,0.005132822,1
gwcs,../roman/.data/build21/r0000101001001001001_0001_wfi03_f158_cal.asdf,wfi03,eval,10,77,0.005010350,1
gwcs,../roman/.data/build21/r0000101001001001001_0001_wfi03_f158_cal.asdf,wfi03,eval,10,78,0.004921093,1
gwcs,../roman/.data/build21/r0000101001001001001_0001_wfi03_f158_cal.asdf,wfi03,eval,10,79,0.004896466,1
gwcs,../roman/.data/build21/r0000101001001001001_0001_wfi03_f158_cal.asdf,wfi03,eval,10,80,0.005226729,1
gwcs,../roman/.data/build21/r0000101001001001001_0001_wfi03_f158_cal.asdf,wfi03,eval,10,81,0.004842035,1
gwcs,../roman/.data/build21/r0000101001001001001_0001_wfi03_f158_cal.asdf,wfi03,eval,10,82,0.004817633,1
gwcs,../roman/.data/build21/r0000101001001001001_0001_wfi03_f158_cal.asdf,wfi03,eval,10,83,0.005145387,1
gwcs,../roman/.data/build21/r0000101001001001001_0001_wfi03_f158_cal.asdf,wfi03,eval,10,84,0.005727399,1
gwcs,../roman/.data/build21/r0000101001001001001_0001_wfi03_f158_cal.asdf,wfi03,eval,10,85,0.006818601,1
gwcs,../roman/.data/build21/r0000101001001001001_0001_wfi03_f158_cal.asdf,wfi03,eval,10,86,0.005223503,1
gwcs,../roman/.data/build21/r0000101001001001001_0001_wfi03_f158_cal.asdf,wfi03,eval,10,87,0.004816115,1
gwcs,../roman/.data/build21/r0000101001001001001_0001_wfi03_f158_cal.asdf,wfi03,eval,10,88,0.004939321,1
gwcs,../roman/.data/build21/r0000101001001001001_0001_wfi03_f158_cal.asdf,wfi03,eval,10,89,0.005116722,1
gwcs,../roman/.data/build21/r0000101001001001001_0001_wfi03_f158_cal.asdf,wfi03,eval,10,90,0.004828458,1
gwcs,../roman/.data/build21/r0000101001001001001_0001_wfi03_f158_cal.asdf,wfi03,eval,10,91,0.005210471,1
gwcs,../roman/.data/build21/r0000101001001001001_0001_wfi03_f158_cal.asdf,wfi03,eval,10,92,0.005675610,1
gwcs,../roman/.data/build21/r0000101001001001001_0001_wfi03_f158_cal.asdf,wfi03,eval,10,93,0.004950063,1
gwcs,../roman/.data/build21/r0000101001001001001_0001_wfi03_f158_cal.asdf,wfi03,eval,10,94,0.004963503,1
gwcs,../roman/.data/build21/r0000101001001001001_0001_wfi03_f158_cal.asdf,wfi03,eval,10,95,0.005099190,1
gwcs,../roman/.data/build21/r0000101001001001001_0001_wfi03_f158_cal.asdf,wfi03,eval,10,96,0.005221425,1
gwcs,../roman/.data/build21/r0000101001001001001_0001_wfi03_f158_cal.asdf,wfi03,eval,10,97,0.004811074,1
gwcs,../roman/.data/build21/r0000101001001001001_0001_wfi03_f158_cal.asdf,wfi03,eval,10,98,0.004774201,1
gwcs,../roman/.data/build21/r0000101001001001001_0001_wfi03_f158_cal.asdf,wfi03,eval,10,99,0.005322825,1
gwcs,../roman/.data/build21/r0000101001001001001_0001_wfi03_f158_cal.asdf,wfi03,eval,100,0,0.005081390,1
gwcs,../roman/.data/build21/r0000101001001001001_0001_wfi03_f158_cal.asdf,wfi03,eval,100,1,0.005413788,1
gwcs,../roman/.data/build21/r0000101001001001001_0001_wfi03_f158_cal.asdf,wfi03,eval,100,2,0.005545262,1
gwcs,../roman/.data/build21/r0000101001001001001_0001_wfi03_f158_cal.asdf,wfi03,eval,100,3,0.005223437,1
gwcs,../roman/.data/build21/r0000101001001001001_0001_wfi03_f158_cal.asdf,wfi03,eval,100,4,0.005157108,1
gwcs,../roman/.data/build21/r0000101001001001001_0001_wfi03_f158_cal.asdf,wfi03,eval,100,5,0.005421728,1
gwcs,../roman/.data/build21/r0000101001001001001_0001_wfi03_f158_cal.asdf,wfi03,eval,100,6,0.005021704,1
gwcs,../roman/.data/build21/r0000101001001001001_0001_wfi03_f158_cal.asdf,wfi03,eval,100,7,0.005223023,1
gwcs,../roman/.data/build21/r0000101001001001001_0001_wfi03_f158_cal.asdf,wfi03,eval,100,8,0.005120308,1
gwcs,../roman/.data/build21/r0000101001001001001_0001_wfi03_f158_cal.asdf,wfi03,eval,100,9,0.004890518,1
gwcs,../roman/.data/build21/r0000101001001001001_0001_wfi03_f158_cal.asdf,wfi03,eval,100,10,0.004815138,1
gwcs,../roman/.data/build21/r0000101001001001001_0001_wfi03_f158_cal.asdf,wfi03,eval,100,11,0.004815053,1
gwcs,../roman/.data/build21/r0000101001001001001_0001_wfi03_f158_cal.asdf,wfi03,eval,100,12,0.005161270,1
gwcs,../roman/.data/build21/r0000101001001001001_0001_wfi03_f158_cal.asdf,wfi03,eval,100,13,0.004847838,1
gwcs,../roman/.data/build21/r0000101001001001001_0001_wfi03_f158_cal.asdf,wfi03,eval,100,14,0.004872671,1
gwcs,../roman/.data/build21/r0000101001001001001_0001_wfi03_f158_cal.asdf,wfi03,eval,100,15,0.004936325,1
gwcs,../roman/.data/build21/r0000101001001001001_0001_wfi03_f158_cal.asdf,wfi03,eval,100,16,0.005231267,1
gwcs,../roman/.data/build21/r0000101001001001001_0001_wfi03_f158_cal.asdf,wfi03,eval,100,17,0.004951331,1
gwcs,../roman/.data/build21/r0000101001001001001_0001_wfi03_f158_cal.asdf,wfi03,eval,100,18,0.004880331,1
gwcs,../roman/.data/build21/r0000101001001001001_0001_wfi03_f158_cal.asdf,wfi03,eval,100,19,0.005238866,1
gwcs,../roman/.data/build21/r0000101001001001001_0001_wfi03_f158_cal.asdf,wfi03,eval,100,20,0.004888617,1
gwcs,../roman/.data/build21/r0000101001001001001_0001_wfi03_f158_cal.asdf,wfi03,eval,100,21,0.004810736,1
gwcs,../roman/.data/build21/r0000101001001001001_0001_wfi03_f158_cal.asdf,wfi03,eval,100,22,0.005382977,1
gwcs,../roman/.data/build21/r0000101001001001001_0001_wfi03_f158_cal.asdf,wfi03,eval,100,23,0.004968910,1
gwcs,../roman/.data/build21/r0000101001001001001_0001_wfi03_f158_cal.asdf,wfi03,eval,100,24,0.004845710,1
gwcs,../roman/.data/build21/r0000101001001001001_0001_wfi03_f158_cal.asdf,wfi03,eval,100,25,0.004911720,1
gwcs,../roman/.data/build21/r0000101001001001001_0001_wfi03_f158_cal.asdf,wfi03,eval,100,26,0.005225147,1
gwcs,../roman/.data/build21/r0000101001001001001_0001_wfi03_f158_cal.asdf,wfi03,eval,100,27,0.004847304,1
gwcs,../roman/.data/build21/r0000101001001001001_0001_wfi03_f158_cal.asdf,wfi03,eval,100,28,0.004861563,1
gwcs,../roman/.data/build21/r0000101001001001001_0001_wfi03_f158_cal.asdf,wfi03,eval,100,29,0.005212676,1
gwcs,../roman/.data/build21/r0000101001001001001_0001_wfi03_f158_cal.asdf,wfi03,eval,100,30,0.005112993,1
gwcs,../roman/.data/build21/r0000101001001001001_0001_wfi03_f158_cal.asdf,wfi03,eval,100,31,0.006147002,1
gwcs,../roman/.data/build21/r0000101001001001001_0001_wfi03_f158_cal.asdf,wfi03,eval,100,32,0.005458075,1
gwcs,../roman/.data/build21/r0000101001001001001_0001_wfi03_f158_cal.asdf,wfi03,eval,100,33,0.005149996,1
gwcs,../roman/.data/build21/r0000101001001001001_0001_wfi03_f158_cal.asdf,wfi03,eval,100,34,0.004887969,1
gwcs,../roman/.data/build21/r0000101001001001001_0001_wfi03_f158_cal.asdf,wfi03,eval,100,35,0.005103307,1
gwcs,../roman/.data/build21/r0000101001001001001_0001_wfi03_f158_cal.asdf,wfi03,eval,100,36,0.004921029,1
gwcs,../roman/.data/build21/r0000101001001001001_0001_wfi03_f158_cal.asdf,wfi03,eval,100,37,0.004824435,1
gwcs,../roman/.data/build21/r0000101001001001001_0001_wfi03_f158_cal.asdf,wfi03,eval,100,38,0.005050527,1
gwcs,../roman/.data/build21/r0000101001001001001_0001_wfi03_f158_cal.asdf,wfi03,eval,100,39,0.005038395,1
gwcs,../roman/.data/build21/r0000101001001001001_0001_wfi03_f158_cal.asdf,wfi03,eval,100,40,0.004882818,1
gwcs,../roman/.data/build21/r0000101001001001001_0001_wfi03_f158_cal.asdf,wfi03,eval,100,41,0.004800892,1
gwcs,../roman/.data/build21/r0000101001001001001_0001_wfi03_f158_cal.asdf,wfi03,eval,100,42,0.005199777,1
gwcs,../roman/.data/build21/r0000101001001001001_0001_wfi03_f158_cal.asdf,wfi03,eval,100,43,0.005005299,1
gwcs,../roman/.data/build21/r0000101001001001001_0001_wfi03_f158_cal.asdf,wfi03,eval,100,44,0.004884357,1
gwcs,../roman/.data/build21/r0000101001001001001_0001_wfi03_f158_cal.asdf,wfi03,eval,100,45,0.005117334,1
gwcs,../roman/.data/build21/r0000101001001001001_0001_wfi03_f158_cal.asdf,wfi03,eval,100,46,0.004926217,1
gwcs,../roman/.data/build21/r0000101001001001001_0001_wfi03_f158_cal.asdf,wfi03,eval,100,47,0.004827489,1
gwcs,../roman/.data/build21/r0000101001001001001_0001_wfi03_f158_cal.asdf,wfi03,eval,100,48,0.004930396,1
gwcs,../roman/.data/build21/r0000101001001001001_0001_wfi03_f158_cal.asdf,wfi03,eval,100,49,0.005314847,1
gwcs,../roman/.data/build21/r0000101001001001001_0001_wfi03_f158_cal.asdf,wfi03,eval,1000,0,0.005433428,1
gwcs,../roman/.data/build21/r0000101001001001001_0001_wfi03_f158_cal.asdf,wfi03,eval,1000,1,0.005895905,1
gwcs,../roman/.data/build21/r0000101001001001001_0001_wfi03_f158_cal.asdf,wfi03,eval,1000,2,0.005534249,1
gwcs,../roman/.data/build21/r0000101001001001001_0001_wfi03_f158_cal.asdf,wfi03,eval,1000,3,0.005287417,1
gwcs,../roman/.data/build21/r0000101001001001001_0001_wfi03_f158_cal.asdf,wfi03,eval,1000,4,0.007112519,1
gwcs,../roman/.data/build21/r0000101001001001001_0001_wfi03_f158_cal.asdf,wfi03,eval,1000,5,0.005332864,1
gwcs,../roman/.data/build21/r0000101001001001001_0001_wfi03_f158_cal.asdf,wfi03,eval,1000,6,0.005713250,1
gwcs,../roman/.data/build21/r0000101001001001001_0001_wfi03_f158_cal.asdf,wfi03,eval,1000,7,0.006266526,1
gwcs,../roman/.data/build21/r0000101001001001001_0001_wfi03_f158_cal.asdf,wfi03,eval,1000,8,0.005221377,1
gwcs,../roman/.data/build21/r0000101001001001001_0001_wfi03_f158_cal.asdf,wfi03,eval,1000,9,0.005175813,1
gwcs,../roman/.data/build21/r0000101001001001001_0001_wfi03_f158_cal.asdf,wfi03,eval,1000,10,0.005317455,1
gwcs,../roman/.data/build21/r0000101001001001001_0001_wfi03_f158_cal.asdf,wfi03,eval,1000,11,0.005249020,1
gwcs,../roman/.data/build21/r0000101001001001001_0001_wfi03_f158_cal.asdf,wfi03,eval,1000,12,0.005201018,1
gwcs,../roman/.data/build21/r0000101001001001001_0001_wfi03_f158_cal.asdf,wfi03,eval,1000,13,0.005210585,1
gwcs,../roman/.data/build21/r0000101001001001001_0001_wfi03_f158_cal.asdf,wfi03,eval,1000,14,0.005290293,1
gwcs,../roman/.data/build21/r0000101001001001001_0001_wfi03_f158_cal.asdf,wfi03,eval,1000,15,0.005212762,1
gwcs,../roman/.data/build21/r0000101001001001001_0001_wfi03_f158_cal.asdf,wfi03,eval,1000,16,0.005520611,1
gwcs,../roman/.data/build21/r0000101001001001001_0001_wfi03_f158_cal.asdf,wfi03,eval,1000,17,0.005502591,1
gwcs,../roman/.data/build21/r0000101001001001001_0001_wfi03_f158_cal.asdf,wfi03,eval,1000,18,0.005731788,1
gwcs,../roman/.data/build21/r0000101001001001001_0001_wfi03_f158_cal.asdf,wfi03,eval,1000,19,0.005635273,1
gwcs,../roman/.data/build21/r0000101001001001001_0001_wfi03_f158_cal.asdf,wfi03,eval,10000,0,0.008897265,1
gwcs,../roman/.data/build21/r0000101001001001001_0001_wfi03_f158_cal.asdf,wfi03,eval,10000,1,0.008166372,1
gwcs,../roman/.data/build21/r0000101001001001001_0001_wfi03_f158_cal.asdf,wfi03,eval,10000,2,0.008593332,1
gwcs,../roman/.data/build21/r0000101001001001001_0001_wfi03_f158_cal.asdf,wfi03,eval,10000,3,0.008183006,1
gwcs,../roman/.data/build21/r0000101001001001001_0001_wfi03_f158_cal.asdf,wfi03,eval,10000,4,0.008635971,1
gwcs,../roman/.data/build21/r0000101001001001001_0001_wfi03_f158_cal.asdf,wfi03,eval,10000,5,0.008605814,1
gwcs,../roman/.data/build21/r0000101001001001001_0001_wfi03_f158_cal.asdf,wfi03,eval,10000,6,0.008310882,1
gwcs,../roman/.data/build21/r0000101001001001001_0001_wfi03_f158_cal.asdf,wfi03,eval,10000,7,0.008557004,1
gwcs,../roman/.data/build21/r0000101001001001001_0001_wfi03_f158_cal.asdf,wfi03,eval,10000,8,0.008224962,1
gwcs,../roman/.data/build21/r0000101001001001001_0001_wfi03_f158_cal.asdf,wfi03,eval,10000,9,0.008150706,1
gwcs,../roman/.data/build21/r0000101001001001001_0001_wfi03_f158_cal.asdf,wfi03,eval,100000,0,0.038289032,1
gwcs,../roman/.data/build21/r0000101001001001001_0001_wfi03_f158_cal.asdf,wfi03,eval,100000,1,0.036297329,1
gwcs,../roman/.data/build21/r0000101001001001001_0001_wfi03_f158_cal.asdf,wfi03,eval,100000,2,0.036083450,1
gwcs,../roman/.data/build21/r0000101001001001001_0001_wfi03_f158_cal.asdf,wfi03,eval,100000,3,0.037473569,1
gwcs,../roman/.data/build21/r0000101001001001001_0001_wfi03_f158_cal.asdf,wfi03,eval,100000,4,0.039372938,1
gwcs,../roman/.data/build21/r0000101001001001001_0001_wfi03_f158_cal.asdf,wfi03,eval,1000000,0,0.372580077,1
gwcs,../roman/.data/build21/r0000101001001001001_0001_wfi03_f158_cal.asdf,wfi03,eval,1000000,1,0.370964460,1
gwcs,../roman/.data/build21/r0000101001001001001_0001_wfi03_f158_cal.asdf,wfi03,eval,1000000,2,0.378973251,1
gwcs,../roman/.data/build21/r0000101001001001001_0001_wfi03_f158_cal.asdf,wfi03,eval,10000000,0,10.483646318,1
gwcs,../roman/.data/build21/r0000101001001001001_0001_wfi03_f158_cal.asdf,wfi03,eval,10000000,1,10.413469064,1
gwcs,../roman/.data/build21/r0000101001001001001_0001_wfi03_f158_cal.asdf,wfi03,eval,16711744,0,25.229259435,1
gwcs,../roman/.data/build21/r0000101001001001001_0001_wfi03_f158_cal.asdf,wfi03,eval,16711744,1,25.391812545,1
gwcs,../roman/.data/build21/r0000101001001001001_0001_wfi04_f158_cal.asdf,wfi04,parse_cold,0,0,0.897298671,1
gwcs,../roman/.data/build21/r0000101001001001001_0001_wfi04_f158_cal.asdf,wfi04,parse_hot,0,0,0.608031822,1
gwcs,../roman/.data/build21/r0000101001001001001_0001_wfi04_f158_cal.asdf,wfi04,eval,1,0,0.005667043,1
gwcs,../roman/.data/build21/r0000101001001001001_0001_wfi04_f158_cal.asdf,wfi04,eval,1,1,0.005099174,1
gwcs,../roman/.data/build21/r0000101001001001001_0001_wfi04_f158_cal.asdf,wfi04,eval,1,2,0.005145523,1
gwcs,../roman/.data/build21/r0000101001001001001_0001_wfi04_f158_cal.asdf,wfi04,eval,1,3,0.005137788,1
gwcs,../roman/.data/build21/r0000101001001001001_0001_wfi04_f158_cal.asdf,wfi04,eval,1,4,0.005176999,1
gwcs,../roman/.data/build21/r0000101001001001001_0001_wfi04_f158_cal.asdf,wfi04,eval,1,5,0.005097379,1
gwcs,../roman/.data/build21/r0000101001001001001_0001_wfi04_f158_cal.asdf,wfi04,eval,1,6,0.005040418,1
gwcs,../roman/.data/build21/r0000101001001001001_0001_wfi04_f158_cal.asdf,wfi04,eval,1,7,0.004954855,1
gwcs,../roman/.data/build21/r0000101001001001001_0001_wfi04_f158_cal.asdf,wfi04,eval,1,8,0.005064356,1
gwcs,../roman/.data/build21/r0000101001001001001_0001_wfi04_f158_cal.asdf,wfi04,eval,1,9,0.004901705,1
gwcs,../roman/.data/build21/r0000101001001001001_0001_wfi04_f158_cal.asdf,wfi04,eval,1,10,0.008461359,1
gwcs,../roman/.data/build21/r0000101001001001001_0001_wfi04_f158_cal.asdf,wfi04,eval,1,11,0.006909519,1
gwcs,../roman/.data/build21/r0000101001001001001_0001_wfi04_f158_cal.asdf,wfi04,eval,1,12,0.004732273,1
gwcs,../roman/.data/build21/r0000101001001001001_0001_wfi04_f158_cal.asdf,wfi04,eval,1,13,0.004686454,1
gwcs,../roman/.data/build21/r0000101001001001001_0001_wfi04_f158_cal.asdf,wfi04,eval,1,14,0.005021721,1
gwcs,../roman/.data/build21/r0000101001001001001_0001_wfi04_f158_cal.asdf,wfi04,eval,1,15,0.004741041,1
gwcs,../roman/.data/build21/r0000101001001001001_0001_wfi04_f158_cal.asdf,wfi04,eval,1,16,0.004797086,1
gwcs,../roman/.data/build21/r0000101001001001001_0001_wfi04_f158_cal.asdf,wfi04,eval,1,17,0.004899637,1
gwcs,../roman/.data/build21/r0000101001001001001_0001_wfi04_f158_cal.asdf,wfi04,eval,1,18,0.004973466,1
gwcs,../roman/.data/build21/r0000101001001001001_0001_wfi04_f158_cal.asdf,wfi04,eval,1,19,0.004699138,1
gwcs,../roman/.data/build21/r0000101001001001001_0001_wfi04_f158_cal.asdf,wfi04,eval,1,20,0.004756386,1
gwcs,../roman/.data/build21/r0000101001001001001_0001_wfi04_f158_cal.asdf,wfi04,eval,1,21,0.004998934,1
gwcs,../roman/.data/build21/r0000101001001001001_0001_wfi04_f158_cal.asdf,wfi04,eval,1,22,0.004830715,1
gwcs,../roman/.data/build21/r0000101001001001001_0001_wfi04_f158_cal.asdf,wfi04,eval,1,23,0.004679101,1
gwcs,../roman/.data/build21/r0000101001001001001_0001_wfi04_f158_cal.asdf,wfi04,eval,1,24,0.004771940,1
gwcs,../roman/.data/build21/r0000101001001001001_0001_wfi04_f158_cal.asdf,wfi04,eval,1,25,0.004955903,1
gwcs,../roman/.data/build21/r0000101001001001001_0001_wfi04_f158_cal.asdf,wfi04,eval,1,26,0.004711317,1
gwcs,../roman/.data/build21/r0000101001001001001_0001_wfi04_f158_cal.asdf,wfi04,eval,1,27,0.004708050,1
gwcs,../roman/.data/build21/r0000101001001001001_0001_wfi04_f158_cal.asdf,wfi04,eval,1,28,0.004946657,1
gwcs,../roman/.data/build21/r0000101001001001001_0001_wfi04_f158_cal.asdf,wfi04,eval,1,29,0.004770279,1
gwcs,../roman/.data/build21/r0000101001001001001_0001_wfi04_f158_cal.asdf,wfi04,eval,1,30,0.004946901,1
gwcs,../roman/.data/build21/r0000101001001001001_0001_wfi04_f158_cal.asdf,wfi04,eval,1,31,0.004942688,1
gwcs,../roman/.data/build21/r0000101001001001001_0001_wfi04_f158_cal.asdf,wfi04,eval,1,32,0.004808127,1
gwcs,../roman/.data/build21/r0000101001001001001_0001_wfi04_f158_cal.asdf,wfi04,eval,1,33,0.004664723,1
gwcs,../roman/.data/build21/r0000101001001001001_0001_wfi04_f158_cal.asdf,wfi04,eval,1,34,0.004759641,1
gwcs,../roman/.data/build21/r0000101001001001001_0001_wfi04_f158_cal.asdf,wfi04,eval,1,35,0.004933472,1
gwcs,../roman/.data/build21/r0000101001001001001_0001_wfi04_f158_cal.asdf,wfi04,eval,1,36,0.004733342,1
gwcs,../roman/.data/build21/r0000101001001001001_0001_wfi04_f158_cal.asdf,wfi04,eval,1,37,0.004715419,1
gwcs,../roman/.data/build21/r0000101001001001001_0001_wfi04_f158_cal.asdf,wfi04,eval,1,38,0.005010710,1
gwcs,../roman/.data/build21/r0000101001001001001_0001_wfi04_f158_cal.asdf,wfi04,eval,1,39,0.004796283,1
gwcs,../roman/.data/build21/r0000101001001001001_0001_wfi04_f158_cal.asdf,wfi04,eval,1,40,0.004700848,1
gwcs,../roman/.data/build21/r0000101001001001001_0001_wfi04_f158_cal.asdf,wfi04,eval,1,41,0.004761805,1
gwcs,../roman/.data/build21/r0000101001001001001_0001_wfi04_f158_cal.asdf,wfi04,eval,1,42,0.004890009,1
gwcs,../roman/.data/build21/r0000101001001001001_0001_wfi04_f158_cal.asdf,wfi04,eval,1,43,0.004710509,1
gwcs,../roman/.data/build21/r0000101001001001001_0001_wfi04_f158_cal.asdf,wfi04,eval,1,44,0.004662232,1
gwcs,../roman/.data/build21/r0000101001001001001_0001_wfi04_f158_cal.asdf,wfi04,eval,1,45,0.004841264,1
gwcs,../roman/.data/build21/r0000101001001001001_0001_wfi04_f158_cal.asdf,wfi04,eval,1,46,0.005131911,1
gwcs,../roman/.data/build21/r0000101001001001001_0001_wfi04_f158_cal.asdf,wfi04,eval,1,47,0.004875084,1
gwcs,../roman/.data/build21/r0000101001001001001_0001_wfi04_f158_cal.asdf,wfi04,eval,1,48,0.004855799,1
gwcs,../roman/.data/build21/r0000101001001001001_0001_wfi04_f158_cal.asdf,wfi04,eval,1,49,0.004997157,1
gwcs,../roman/.data/build21/r0000101001001001001_0001_wfi04_f158_cal.asdf,wfi04,eval,1,50,0.004887795,1
gwcs,../roman/.data/build21/r0000101001001001001_0001_wfi04_f158_cal.asdf,wfi04,eval,1,51,0.004993119,1
gwcs,../roman/.data/build21/r0000101001001001001_0001_wfi04_f158_cal.asdf,wfi04,eval,1,52,0.004901000,1
gwcs,../roman/.data/build21/r0000101001001001001_0001_wfi04_f158_cal.asdf,wfi04,eval,1,53,0.005121112,1
gwcs,../roman/.data/build21/r0000101001001001001_0001_wfi04_f158_cal.asdf,wfi04,eval,1,54,0.004784847,1
gwcs,../roman/.data/build21/r0000101001001001001_0001_wfi04_f158_cal.asdf,wfi04,eval,1,55,0.005933280,1
gwcs,../roman/.data/build21/r0000101001001001001_0001_wfi04_f158_cal.asdf,wfi04,eval,1,56,0.005436797,1
gwcs,../roman/.data/build21/r0000101001001001001_0001_wfi04_f158_cal.asdf,wfi04,eval,1,57,0.005496065,1
gwcs,../roman/.data/build21/r0000101001001001001_0001_wfi04_f158_cal.asdf,wfi04,eval,1,58,0.005072402,1
gwcs,../roman/.data/build21/r0000101001001001001_0001_wfi04_f158_cal.asdf,wfi04,eval,1,59,0.005573852,1
gwcs,../roman/.data/build21/r0000101001001001001_0001_wfi04_f158_cal.asdf,wfi04,eval,1,60,0.007162359,1
gwcs,../roman/.data/build21/r0000101001001001001_0001_wfi04_f158_cal.asdf,wfi04,eval,1,61,0.005343556,1
gwcs,../roman/.data/build21/r0000101001001001001_0001_wfi04_f158_cal.asdf,wfi04,eval,1,62,0.004938382,1
gwcs,../roman/.data/build21/r0000101001001001001_0001_wfi04_f158_cal.asdf,wfi04,eval,1,63,0.004740528,1
gwcs,../roman/.data/build21/r0000101001001001001_0001_wfi04_f158_cal.asdf,wfi04,eval,1,64,0.005174950,1
gwcs,../roman/.data/build21/r0000101001001001001_0001_wfi04_f158_cal.asdf,wfi04,eval,1,65,0.004839852,1
gwcs,../roman/.data/build21/r0000101001001001001_0001_wfi04_f158_cal.asdf,wfi04,eval,1,66,0.004739138,1
gwcs,../roman/.data/build21/r0000101001001001001_0001_wfi04_f158_cal.asdf,wfi04,eval,1,67,0.004745454,1
gwcs,../roman/.data/build21/r0000101001001001001_0001_wfi04_f158_cal.asdf,wfi04,eval,1,68,0.005143496,1
gwcs,../roman/.data/build21/r0000101001001001001_0001_wfi04_f158_cal.asdf,wfi04,eval,1,69,0.004672558,1
gwcs,../roman/.data/build21/r0000101001001001001_0001_wfi04_f158_cal.asdf,wfi04,eval,1,70,0.004638283,1
gwcs,../roman/.data/build21/r0000101001001001001_0001_wfi04_f158_cal.asdf,wfi04,eval,1,71,0.005157808,1
gwcs,../roman/.data/build21/r0000101001001001001_0001_wfi04_f158_cal.asdf,wfi04,eval,1,72,0.004711688,1
gwcs,../roman/.data/build21/r0000101001001001001_0001_wfi04_f158_cal.asdf,wfi04,eval,1,73,0.004717517,1
gwcs,../roman/.data/build21/r0000101001001001001_0001_wfi04_f158_cal.asdf,wfi04,eval,1,74,0.004784796,1
gwcs,../roman/.data/build21/r0000101001001001001_0001_wfi04_f158_cal.asdf,wfi04,eval,1,75,0.005721242,1
gwcs,../roman/.data/build21/r0000101001001001001_0001_wfi04_f158_cal.asdf,wfi04,eval,1,76,0.004979706,1
gwcs,../roman/.data/build21/r0000101001001001001_0001_wfi04_f158_cal.asdf,wfi04,eval,1,77,0.004864274,1
gwcs,../roman/.data/build21/r0000101001001001001_0001_wfi04_f158_cal.asdf,wfi04,eval,1,78,0.005475743,1
gwcs,../roman/.data/build21/r0000101001001001001_0001_wfi04_f158_cal.asdf,wfi04,eval,1,79,0.006622399,1
gwcs,../roman/.data/build21/r0000101001001001001_0001_wfi04_f158_cal.asdf,wfi04,eval,1,80,0.005038488,1
gwcs,../roman/.data/build21/r0000101001001001001_0001_wfi04_f158_cal.asdf,wfi04,eval,1,81,0.004822656,1
gwcs,../roman/.data/build21/r0000101001001001001_0001_wfi04_f158_cal.asdf,wfi04,eval,1,82,0.004979930,1
gwcs,../roman/.data/build21/r0000101001001001001_0001_wfi04_f158_cal.asdf,wfi04,eval,1,83,0.004973783,1
gwcs,../roman/.data/build21/r0000101001001001001_0001_wfi04_f158_cal.asdf,wfi04,eval,1,84,0.005239277,1
gwcs,../roman/.data/build21/r0000101001001001001_0001_wfi04_f158_cal.asdf,wfi04,eval,1,85,0.004894678,1
gwcs,../roman/.data/build21/r0000101001001001001_0001_wfi04_f158_cal.asdf,wfi04,eval,1,86,0.005056660,1
gwcs,../roman/.data/build21/r0000101001001001001_0001_wfi04_f158_cal.asdf,wfi04,eval,1,87,0.004799934,1
gwcs,../roman/.data/build21/r0000101001001001001_0001_wfi04_f158_cal.asdf,wfi04,eval,1,88,0.005324586,1
gwcs,../roman/.data/build21/r0000101001001001001_0001_wfi04_f158_cal.asdf,wfi04,eval,1,89,0.004815457,1
gwcs,../roman/.data/build21/r0000101001001001001_0001_wfi04_f158_cal.asdf,wfi04,eval,1,90,0.005129368,1
gwcs,../roman/.data/build21/r0000101001001001001_0001_wfi04_f158_cal.asdf,wfi04,eval,1,91,0.004935486,1
gwcs,../roman/.data/build21/r0000101001001001001_0001_wfi04_f158_cal.asdf,wfi04,eval,1,92,0.004696615,1
gwcs,../roman/.data/build21/r0000101001001001001_0001_wfi04_f158_cal.asdf,wfi04,eval,1,93,0.004676744,1
gwcs,../roman/.data/build21/r0000101001001001001_0001_wfi04_f158_cal.asdf,wfi04,eval,1,94,0.005147408,1
gwcs,../roman/.data/build21/r0000101001001001001_0001_wfi04_f158_cal.asdf,wfi04,eval,1,95,0.005151162,1
gwcs,../roman/.data/build21/r0000101001001001001_0001_wfi04_f158_cal.asdf,wfi04,eval,1,96,0.004999277,1
gwcs,../roman/.data/build21/r0000101001001001001_0001_wfi04_f158_cal.asdf,wfi04,eval,1,97,0.004957463,1
gwcs,../roman/.data/build21/r0000101001001001001_0001_wfi04_f158_cal.asdf,wfi04,eval,1,98,0.005057906,1
gwcs,../roman/.data/build21/r0000101001001001001_0001_wfi04_f158_cal.asdf,wfi04,eval,1,99,0.005062210,1
gwcs,../roman/.data/build21/r0000101001001001001_0001_wfi04_f158_cal.asdf,wfi04,eval,10,0,0.005492419,1
gwcs,../roman/.data/build21/r0000101001001001001_0001_wfi04_f158_cal.asdf,wfi04,eval,10,1,0.005495081,1
gwcs,../roman/.data/build21/r0000101001001001001_0001_wfi04_f158_cal.asdf,wfi04,eval,10,2,0.005041922,1
gwcs,../roman/.data/build21/r0000101001001001001_0001_wfi04_f158_cal.asdf,wfi04,eval,10,3,0.005367920,1
gwcs,../roman/.data/build21/r0000101001001001001_0001_wfi04_f158_cal.asdf,wfi04,eval,10,4,0.005175748,1
gwcs,../roman/.data/build21/r0000101001001001001_0001_wfi04_f158_cal.asdf,wfi04,eval,10,5,0.005205845,1
gwcs,../roman/.data/build21/r0000101001001001001_0001_wfi04_f158_cal.asdf,wfi04,eval,10,6,0.005148058,1
gwcs,../roman/.data/build21/r0000101001001001001_0001_wfi04_f158_cal.asdf,wfi04,eval,10,7,0.005225095,1
gwcs,../roman/.data/build21/r0000101001001001001_0001_wfi04_f158_cal.asdf,wfi04,eval,10,8,0.005064522,1
gwcs,../roman/.data/build21/r0000101001001001001_0001_wfi04_f158_cal.asdf,wfi04,eval,10,9,0.005295924,1
gwcs,../roman/.data/build21/r0000101001001001001_0001_wfi04_f158_cal.asdf,wfi04,eval,10,10,0.005232912,1
gwcs,../roman/.data/build21/r0000101001001001001_0001_wfi04_f158_cal.asdf,wfi04,eval,10,11,0.005218203,1
gwcs,../roman/.data/build21/r0000101001001001001_0001_wfi04_f158_cal.asdf,wfi04,eval,10,12,0.005070499,1
gwcs,../roman/.data/build21/r0000101001001001001_0001_wfi04_f158_cal.asdf,wfi04,eval,10,13,0.005388665,1
gwcs,../roman/.data/build21/r0000101001001001001_0001_wfi04_f158_cal.asdf,wfi04,eval,10,14,0.005043394,1
gwcs,../roman/.data/build21/r0000101001001001001_0001_wfi04_f158_cal.asdf,wfi04,eval,10,15,0.005232820,1
gwcs,../roman/.data/build21/r0000101001001001001_0001_wfi04_f158_cal.asdf,wfi04,eval,10,16,0.004951299,1
gwcs,../roman/.data/build21/r0000101001001001001_0001_wfi04_f158_cal.asdf,wfi04,eval,10,17,0.005389855,1
gwcs,../roman/.data/build21/r0000101001001001001_0001_wfi04_f158_cal.asdf,wfi04,eval,10,18,0.004841589,1
gwcs,../roman/.data/build21/r0000101001001001001_0001_wfi04_f158_cal.asdf,wfi04,eval,10,19,0.004815584,1
gwcs,../roman/.data/build21/r0000101001001001001_0001_wfi04_f158_cal.asdf,wfi04,eval,10,20,0.005204995,1
gwcs,../roman/.data/build21/r0000101001001001001_0001_wfi04_f158_cal.asdf,wfi04,eval,10,21,0.004909041,1
gwcs,../roman/.data/build21/r0000101001001001001_0001_wfi04_f158_cal.asdf,wfi04,eval,10,22,0.004841142,1
gwcs,../roman/.data/build21/r0000101001001001001_0001_wfi04_f158_cal.asdf,wfi04,eval,10,23,0.004863275,1
gwcs,../roman/.data/build21/r0000101001001001001_0001_wfi04_f158_cal.asdf,wfi04,eval,10,24,0.005277016,1
gwcs,../roman/.data/build21/r0000101001001001001_0001_wfi04_f158_cal.asdf,wfi04,eval,10,25,0.005097041,1
gwcs,../roman/.data/build21/r0000101001001001001_0001_wfi04_f158_cal.asdf,wfi04,eval,10,26,0.005032032,1
gwcs,../roman/.data/build21/r0000101001001001001_0001_wfi04_f158_cal.asdf,wfi04,eval,10,27,0.005308899,1
gwcs,../roman/.data/build21/r0000101001001001001_0001_wfi04_f158_cal.asdf,wfi04,eval,10,28,0.005060703,1
gwcs,../roman/.data/build21/r0000101001001001001_0001_wfi04_f158_cal.asdf,wfi04,eval,10,29,0.004989734,1
gwcs,../roman/.data/build21/r0000101001001001001_0001_wfi04_f158_cal.asdf,wfi04,eval,10,30,0.006054894,1
gwcs,../roman/.data/build21/r0000101001001001001_0001_wfi04_f158_cal.asdf,wfi04,eval,10,31,0.005103335,1
gwcs,../roman/.data/build21/r0000101001001001001_0001_wfi04_f158_cal.asdf,wfi04,eval,10,32,0.005057855,1
gwcs,../roman/.data/build21/r0000101001001001001_0001_wfi04_f158_cal.asdf,wfi04,eval,10,33,0.005156907,1
gwcs,../roman/.data/build21/r0000101001001001001_0001_wfi04_f158_cal.asdf,wfi04,eval,10,34,0.005464636,1
gwcs,../roman/.data/build21/r0000101001001001001_0001_wfi04_f158_cal.asdf,wfi04,eval,10,35,0.005134787,1
gwcs,../roman/.data/build21/r0000101001001001001_0001_wfi04_f158_cal.asdf,wfi04,eval,10,36,0.005285690,1
gwcs,../roman/.data/build21/r0000101001001001001_0001_wfi04_f158_cal.asdf,wfi04,eval,10,37,0.005379307,1
gwcs,../roman/.data/build21/r0000101001001001001_0001_wfi04_f158_cal.asdf,wfi04,eval,10,38,0.005111667,1
gwcs,../roman/.data/build21/r0000101001001001001_0001_wfi04_f158_cal.asdf,wfi04,eval,10,39,0.005330822,1
gwcs,../roman/.data/build21/r0000101001001001001_0001_wfi04_f158_cal.asdf,wfi04,eval,10,40,0.005351956,1
gwcs,../roman/.data/build21/r0000101001001001001_0001_wfi04_f158_cal.asdf,wfi04,eval,10,41,0.004966458,1
gwcs,../roman/.data/build21/r0000101001001001001_0001_wfi04_f158_cal.asdf,wfi04,eval,10,42,0.005134720,1
gwcs,../roman/.data/build21/r0000101001001001001_0001_wfi04_f158_cal.asdf,wfi04,eval,10,43,0.005218566,1
gwcs,../roman/.data/build21/r0000101001001001001_0001_wfi04_f158_cal.asdf,wfi04,eval,10,44,0.005177242,1
gwcs,../roman/.data/build21/r0000101001001001001_0001_wfi04_f158_cal.asdf,wfi04,eval,10,45,0.005688597,1
gwcs,../roman/.data/build21/r0000101001001001001_0001_wfi04_f158_cal.asdf,wfi04,eval,10,46,0.005314742,1
gwcs,../roman/.data/build21/r0000101001001001001_0001_wfi04_f158_cal.asdf,wfi04,eval,10,47,0.004805129,1
gwcs,../roman/.data/build21/r0000101001001001001_0001_wfi04_f158_cal.asdf,wfi04,eval,10,48,0.005239591,1
gwcs,../roman/.data/build21/r0000101001001001001_0001_wfi04_f158_cal.asdf,wfi04,eval,10,49,0.004966388,1
gwcs,../roman/.data/build21/r0000101001001001001_0001_wfi04_f158_cal.asdf,wfi04,eval,10,50,0.004805613,1
gwcs,../roman/.data/build21/r0000101001001001001_0001_wfi04_f158_cal.asdf,wfi04,eval,10,51,0.005615283,1
gwcs,../roman/.data/build21/r0000101001001001001_0001_wfi04_f158_cal.asdf,wfi04,eval,10,52,0.005201566,1
gwcs,../roman/.data/build21/r0000101001001001001_0001_wfi04_f158_cal.asdf,wfi04,eval,10,53,0.004942104,1
gwcs,../roman/.data/build21/r0000101001001001001_0001_wfi04_f158_cal.asdf,wfi04,eval,10,54,0.005351263,1
gwcs,../roman/.data/build21/r0000101001001001001_0001_wfi04_f158_cal.asdf,wfi04,eval,10,55,0.005118419,1
gwcs,../roman/.data/build21/r0000101001001001001_0001_wfi04_f158_cal.asdf,wfi04,eval,10,56,0.004902327,1
gwcs,../roman/.data/build21/r0000101001001001001_0001_wfi04_f158_cal.asdf,wfi04,eval,10,57,0.004834519,1
gwcs,../roman/.data/build21/r0000101001001001001_0001_wfi04_f158_cal.asdf,wfi04,eval,10,58,0.004849100,1
gwcs,../roman/.data/build21/r0000101001001001001_0001_wfi04_f158_cal.asdf,wfi04,eval,10,59,0.004881267,1
gwcs,../roman/.data/build21/r0000101001001001001_0001_wfi04_f158_cal.asdf,wfi04,eval,10,60,0.004789291,1
gwcs,../roman/.data/build21/r0000101001001001001_0001_wfi04_f158_cal.asdf,wfi04,eval,10,61,0.004779216,1
gwcs,../roman/.data/build21/r0000101001001001001_0001_wfi04_f158_cal.asdf,wfi04,eval,10,62,0.005054494,1
gwcs,../roman/.data/build21/r0000101001001001001_0001_wfi04_f158_cal.asdf,wfi04,eval,10,63,0.004948618,1
gwcs,../roman/.data/build21/r0000101001001001001_0001_wfi04_f158_cal.asdf,wfi04,eval,10,64,0.004798076,1
gwcs,../roman/.data/build21/r0000101001001001001_0001_wfi04_f158_cal.asdf,wfi04,eval,10,65,0.005126466,1
gwcs,../roman/.data/build21/r0000101001001001001_0001_wfi04_f158_cal.asdf,wfi04,eval,10,66,0.004910600,1
gwcs,../roman/.data/build21/r0000101001001001001_0001_wfi04_f158_cal.asdf,wfi04,eval,10,67,0.004849256,1
gwcs,../roman/.data/build21/r0000101001001001001_0001_wfi04_f158_cal.asdf,wfi04,eval,10,68,0.005146004,1
gwcs,../roman/.data/build21/r0000101001001001001_0001_wfi04_f158_cal.asdf,wfi04,eval,10,69,0.004989645,1
gwcs,../roman/.data/build21/r0000101001001001001_0001_wfi04_f158_cal.asdf,wfi04,eval,10,70,0.004861389,1
gwcs,../roman/.data/build21/r0000101001001001001_0001_wfi04_f158_cal.asdf,wfi04,eval,10,71,0.004783713,1
gwcs,../roman/.data/build21/r0000101001001001001_0001_wfi04_f158_cal.asdf,wfi04,eval,10,72,0.005060223,1
gwcs,../roman/.data/build21/r0000101001001001001_0001_wfi04_f158_cal.asdf,wfi04,eval,10,73,0.004891746,1
gwcs,../roman/.data/build21/r0000101001001001001_0001_wfi04_f158_cal.asdf,wfi04,eval,10,74,0.004805659,1
gwcs,../roman/.data/build21/r0000101001001001001_0001_wfi04_f158_cal.asdf,wfi04,eval,10,75,0.005197096,1
gwcs,../roman/.data/build21/r0000101001001001001_0001_wfi04_f158_cal.asdf,wfi04,eval,10,76,0.004913780,1
gwcs,../roman/.data/build21/r0000101001001001001_0001_wfi04_f158_cal.asdf,wfi04,eval,10,77,0.004751937,1
gwcs,../roman/.data/build21/r0000101001001001001_0001_wfi04_f158_cal.asdf,wfi04,eval,10,78,0.004941276,1
gwcs,../roman/.data/build21/r0000101001001001001_0001_wfi04_f158_cal.asdf,wfi04,eval,10,79,0.005107656,1
gwcs,../roman/.data/build21/r0000101001001001001_0001_wfi04_f158_cal.asdf,wfi04,eval,10,80,0.004852026,1
gwcs,../roman/.data/build21/r0000101001001001001_0001_wfi04_f158_cal.asdf,wfi04,eval,10,81,0.004780266,1
gwcs,../roman/.data/build21/r0000101001001001001_0001_wfi04_f158_cal.asdf,wfi04,eval,10,82,0.005071950,1
gwcs,../roman/.data/build21/r0000101001001001001_0001_wfi04_f158_cal.asdf,wfi04,eval,10,83,0.004921225,1
gwcs,../roman/.data/build21/r0000101001001001001_0001_wfi04_f158_cal.asdf,wfi04,eval,10,84,0.004769744,1
gwcs,../roman/.data/build21/r0000101001001001001_0001_wfi04_f158_cal.asdf,wfi04,eval,10,85,0.005076410,1
gwcs,../roman/.data/build21/r0000101001001001001_0001_wfi04_f158_cal.asdf,wfi04,eval,10,86,0.005048937,1
gwcs,../roman/.data/build21/r0000101001001001001_0001_wfi04_f158_cal.asdf,wfi04,eval,10,87,0.004906018,1
gwcs,../roman/.data/build21/r0000101001001001001_0001_wfi04_f158_cal.asdf,wfi04,eval,10,88,0.005004177,1
gwcs,../roman/.data/build21/r0000101001001001001_0001_wfi04_f158_cal.asdf,wfi04,eval,10,89,0.006704087,1
gwcs,../roman/.data/build21/r0000101001001001001_0001_wfi04_f158_cal.asdf,wfi04,eval,10,90,0.004942525,1
gwcs,../roman/.data/build21/r0000101001001001001_0001_wfi04_f158_cal.asdf,wfi04,eval,10,91,0.004829262,1
gwcs,../roman/.data/build21/r0000101001001001001_0001_wfi04_f158_cal.asdf,wfi04,eval,10,92,0.005084560,1
gwcs,../roman/.data/build21/r0000101001001001001_0001_wfi04_f158_cal.asdf,wfi04,eval,10,93,0.004895296,1
gwcs,../roman/.data/build21/r0000101001001001001_0001_wfi04_f158_cal.asdf,wfi04,eval,10,94,0.004814185,1
gwcs,../roman/.data/build21/r0000101001001001001_0001_wfi04_f158_cal.asdf,wfi04,eval,10,95,0.005175335,1
gwcs,../roman/.data/build21/r0000101001001001001_0001_wfi04_f158_cal.asdf,wfi04,eval,10,96,0.005155563,1
gwcs,../roman/.data/build21/r0000101001001001001_0001_wfi04_f158_cal.asdf,wfi04,eval,10,97,0.004774410,1
gwcs,../roman/.data/build21/r0000101001001001001_0001_wfi04_f158_cal.asdf,wfi04,eval,10,98,0.005106094,1
gwcs,../roman/.data/build21/r0000101001001001001_0001_wfi04_f158_cal.asdf,wfi04,eval,10,99,0.004838056,1
gwcs,../roman/.data/build21/r0000101001001001001_0001_wfi04_f158_cal.asdf,wfi04,eval,100,0,0.005458044,1
gwcs,../roman/.data/build21/r0000101001001001001_0001_wfi04_f158_cal.asdf,wfi04,eval,100,1,0.005568216,1
gwcs,../roman/.data/build21/r0000101001001001001_0001_wfi04_f158_cal.asdf,wfi04,eval,100,2,0.004891200,1
gwcs,../roman/.data/build21/r0000101001001001001_0001_wfi04_f158_cal.asdf,wfi04,eval,100,3,0.004834160,1
gwcs,../roman/.data/build21/r0000101001001001001_0001_wfi04_f158_cal.asdf,wfi04,eval,100,4,0.004853344,1
gwcs,../roman/.data/build21/r0000101001001001001_0001_wfi04_f158_cal.asdf,wfi04,eval,100,5,0.004892441,1
gwcs,../roman/.data/build21/r0000101001001001001_0001_wfi04_f158_cal.asdf,wfi04,eval,100,6,0.004825407,1
gwcs,../roman/.data/build21/r0000101001001001001_0001_wfi04_f158_cal.asdf,wfi04,eval,100,7,0.004965127,1
gwcs,../roman/.data/build21/r0000101001001001001_0001_wfi04_f158_cal.asdf,wfi04,eval,100,8,0.005001449,1
gwcs,../roman/.data/build21/r0000101001001001001_0001_wfi04_f158_cal.asdf,wfi04,eval,100,9,0.004863891,1
gwcs,../roman/.data/build21/r0000101001001001001_0001_wfi04_f158_cal.asdf,wfi04,eval,100,10,0.004814879,1
gwcs,../roman/.data/build21/r0000101001001001001_0001_wfi04_f158_cal.asdf,wfi04,eval,100,11,0.004890938,1
gwcs,../roman/.data/build21/r0000101001001001001_0001_wfi04_f158_cal.asdf,wfi04,eval,100,12,0.004877464,1
gwcs,../roman/.data/build21/r0000101001001001001_0001_wfi04_f158_cal.asdf,wfi04,eval,100,13,0.004812664,1
gwcs,../roman/.data/build21/r0000101001001001001_0001_wfi04_f158_cal.asdf,wfi04,eval,100,14,0.004798714,1
gwcs,../roman/.data/build21/r0000101001001001001_0001_wfi04_f158_cal.asdf,wfi04,eval,100,15,0.004917065,1
gwcs,../roman/.data/build21/r0000101001001001001_0001_wfi04_f158_cal.asdf,wfi04,eval,100,16,0.004893832,1
gwcs,../roman/.data/build21/r0000101001001001001_0001_wfi04_f158_cal.asdf,wfi04,eval,100,17,0.004857431,1
gwcs,../roman/.data/build21/r0000101001001001001_0001_wfi04_f158_cal.asdf,wfi04,eval,100,18,0.005035263,1
gwcs,../roman/.data/build21/r0000101001001001001_0001_wfi04_f158_cal.asdf,wfi04,eval,100,19,0.004921988,1
gwcs,../roman/.data/build21/r0000101001001001001_0001_wfi04_f158_cal.asdf,wfi04,eval,100,20,0.004913835,1
gwcs,../roman/.data/build21/r0000101001001001001_0001_wfi04_f158_cal.asdf,wfi04,eval,100,21,0.004887134,1
gwcs,../roman/.data/build21/r0000101001001001001_0001_wfi04_f158_cal.asdf,wfi04,eval,100,22,0.005017182,1
gwcs,../roman/.data/build21/r0000101001001001001_0001_wfi04_f158_cal.asdf,wfi04,eval,100,23,0.004912490,1
gwcs,../roman/.data/build21/r0000101001001001001_0001_wfi04_f158_cal.asdf,wfi04,eval,100,24,0.004824184,1
gwcs,../roman/.data/build21/r0000101001001001001_0001_wfi04_f158_cal.asdf,wfi04,eval,100,25,0.004937704,1
gwcs,../roman/.data/build21/r0000101001001001001_0001_wfi04_f158_cal.asdf,wfi04,eval,100,26,0.004938219,1
gwcs,../roman/.data/build21/r0000101001001001001_0001_wfi04_f158_cal.asdf,wfi04,eval,100,27,0.004835255,1
gwcs,../roman/.data/build21/r0000101001001001001_0001_wfi04_f158_cal.asdf,wfi04,eval,100,28,0.004838418,1
gwcs,../roman/.data/build21/r0000101001001001001_0001_wfi04_f158_cal.asdf,wfi04,eval,100,29,0.004903640,1
gwcs,../roman/.data/build21/r0000101001001001001_0001_wfi04_f158_cal.asdf,wfi04,eval,100,30,0.004820544,1
gwcs,../roman/.data/build21/r0000101001001001001_0001_wfi04_f158_cal.asdf,wfi04,eval,100,31,0.004797094,1
gwcs,../roman/.data/build21/r0000101001001001001_0001_wfi04_f158_cal.asdf,wfi04,eval,100,32,0.004962997,1
gwcs,../roman/.data/build21/r0000101001001001001_0001_wfi04_f158_cal.asdf,wfi04,eval,100,33,0.004876947,1
gwcs,../roman/.data/build21/r0000101001001001001_0001_wfi04_f158_cal.asdf,wfi04,eval,100,34,0.004816113,1
gwcs,../roman/.data/build21/r0000101001001001001_0001_wfi04_f158_cal.asdf,wfi04,eval,100,35,0.004890522,1
gwcs,../roman/.data/build21/r0000101001001001001_0001_wfi04_f158_cal.asdf,wfi04,eval,100,36,0.004925813,1
gwcs,../roman/.data/build21/r0000101001001001001_0001_wfi04_f158_cal.asdf,wfi04,eval,100,37,0.004859257,1
gwcs,../roman/.data/build21/r0000101001001001001_0001_wfi04_f158_cal.asdf,wfi04,eval,100,38,0.004797665,1
gwcs,../roman/.data/build21/r0000101001001001001_0001_wfi04_f158_cal.asdf,wfi04,eval,100,39,0.004958305,1
gwcs,../roman/.data/build21/r0000101001001001001_0001_wfi04_f158_cal.asdf,wfi04,eval,100,40,0.004813880,1
gwcs,../roman/.data/build21/r0000101001001001001_0001_wfi04_f158_cal.asdf,wfi04,eval,100,41,0.004844980,1
gwcs,../roman/.data/build21/r0000101001001001001_0001_wfi04_f158_cal.asdf,wfi04,eval,100,42,0.004965384,1
gwcs,../roman/.data/build21/r0000101001001001001_0001_wfi04_f158_cal.asdf,wfi04,eval,100,43,0.004837415,1
gwcs,../roman/.data/build21/r0000101001001001001_0001_wfi04_f158_cal.asdf,wfi04,eval,100,44,0.004908829,1
gwcs,../roman/.data/build21/r0000101001001001001_0001_wfi04_f158_cal.asdf,wfi04,eval,100,45,0.004808825,1
gwcs,../roman/.data/build21/r0000101001001001001_0001_wfi04_f158_cal.asdf,wfi04,eval,100,46,0.004894983,1
gwcs,../roman/.data/build21/r0000101001001001001_0001_wfi04_f158_cal.asdf,wfi04,eval,100,47,0.004837901,1
gwcs,../roman/.data/build21/r0000101001001001001_0001_wfi04_f158_cal.asdf,wfi04,eval,100,48,0.004770909,1
gwcs,../roman/.data/build21/r0000101001001001001_0001_wfi04_f158_cal.asdf,wfi04,eval,100,49,0.004876744,1
gwcs,../roman/.data/build21/r0000101001001001001_0001_wfi04_f158_cal.asdf,wfi04,eval,1000,0,0.005498136,1
gwcs,../roman/.data/build21/r0000101001001001001_0001_wfi04_f158_cal.asdf,wfi04,eval,1000,1,0.005436001,1
gwcs,../roman/.data/build21/r0000101001001001001_0001_wfi04_f158_cal.asdf,wfi04,eval,1000,2,0.008203515,1
gwcs,../roman/.data/build21/r0000101001001001001_0001_wfi04_f158_cal.asdf,wfi04,eval,1000,3,0.007115990,1
gwcs,../roman/.data/build21/r0000101001001001001_0001_wfi04_f158_cal.asdf,wfi04,eval,1000,4,0.005455447,1
gwcs,../roman/.data/build21/r0000101001001001001_0001_wfi04_f158_cal.asdf,wfi04,eval,1000,5,0.005396799,1
gwcs,../roman/.data/build21/r0000101001001001001_0001_wfi04_f158_cal.asdf,wfi04,eval,1000,6,0.005395281,1
gwcs,../roman/.data/build21/r0000101001001001001_0001_wfi04_f158_cal.asdf,wfi04,eval,1000,7,0.005328458,1
gwcs,../roman/.data/build21/r0000101001001001001_0001_wfi04_f158_cal.asdf,wfi04,eval,1000,8,0.005356517,1
gwcs,../roman/.data/build21/r0000101001001001001_0001_wfi04_f158_cal.asdf,wfi04,eval,1000,9,0.005245422,1
gwcs,../roman/.data/build21/r0000101001001001001_0001_wfi04_f158_cal.asdf,wfi04,eval,1000,10,0.005180798,1
gwcs,../roman/.data/build21/r0000101001001001001_0001_wfi04_f158_cal.asdf,wfi04,eval,1000,11,0.005377141,1
gwcs,../roman/.data/build21/r0000101001001001001_0001_wfi04_f158_cal.asdf,wfi04,eval,1000,12,0.005194995,1
gwcs,../roman/.data/build21/r0000101001001001001_0001_wfi04_f158_cal.asdf,wfi04,eval,1000,13,0.005149201,1
gwcs,../roman/.data/build21/r0000101001001001001_0001_wfi04_f158_cal.asdf,wfi04,eval,1000,14,0.005434993,1
gwcs,../roman/.data/build21/r0000101001001001001_0001_wfi04_f158_cal.asdf,wfi04,eval,1000,15,0.005246904,1
gwcs,../roman/.data/build21/r0000101001001001001_0001_wfi04_f158_cal.asdf,wfi04,eval,1000,16,0.005210513,1
gwcs,../roman/.data/build21/r0000101001001001001_0001_wfi04_f158_cal.asdf,wfi04,eval,1000,17,0.005332047,1
gwcs,../roman/.data/build21/r0000101001001001001_0001_wfi04_f158_cal.asdf,wfi04,eval,1000,18,0.005269701,1
gwcs,../roman/.data/build21/r0000101001001001001_0001_wfi04_f158_cal.asdf,wfi04,eval,1000,19,0.005232516,1
gwcs,../roman/.data/build21/r0000101001001001001_0001_wfi04_f158_cal.asdf,wfi04,eval,10000,0,0.009450948,1
gwcs,../roman/.data/build21/r0000101001001001001_0001_wfi04_f158_cal.asdf,wfi04,eval,10000,1,0.008255417,1
gwcs,../roman/.data/build21/r0000101001001001001_0001_wfi04_f158_cal.asdf,wfi04,eval,10000,2,0.008597136,1
gwcs,../roman/.data/build21/r0000101001001001001_0001_wfi04_f158_cal.asdf,wfi04,eval,10000,3,0.009564273,1
gwcs,../roman/.data/build21/r0000101001001001001_0001_wfi04_f158_cal.asdf,wfi04,eval,10000,4,0.008528716,1
gwcs,../roman/.data/build21/r0000101001001001001_0001_wfi04_f158_cal.asdf,wfi04,eval,10000,5,0.008298330,1
gwcs,../roman/.data/build21/r0000101001001001001_0001_wfi04_f158_cal.asdf,wfi04,eval,10000,6,0.009007988,1
gwcs,../roman/.data/build21/r0000101001001001001_0001_wfi04_f158_cal.asdf,wfi04,eval,10000,7,0.008054988,1
gwcs,../roman/.data/build21/r0000101001001001001_0001_wfi04_f158_cal.asdf,wfi04,eval,10000,8,0.008467558,1
gwcs,../roman/.data/build21/r0000101001001001001_0001_wfi04_f158_cal.asdf,wfi04,eval,10000,9,0.008064553,1
gwcs,../roman/.data/build21/r0000101001001001001_0001_wfi04_f158_cal.asdf,wfi04,eval,100000,0,0.036140791,1
gwcs,../roman/.data/build21/r0000101001001001001_0001_wfi04_f158_cal.asdf,wfi04,eval,100000,1,0.035527227,1
gwcs,../roman/.data/build21/r0000101001001001001_0001_wfi04_f158_cal.asdf,wfi04,eval,100000,2,0.035658928,1
gwcs,../roman/.data/build21/r0000101001001001001_0001_wfi04_f158_cal.asdf,wfi04,eval,100000,3,0.036177541,1
gwcs,../roman/.data/build21/r0000101001001001001_0001_wfi04_f158_cal.asdf,wfi04,eval,100000,4,0.035326949,1
gwcs,../roman/.data/build21/r0000101001001001001_0001_wfi04_f158_cal.asdf,wfi04,eval,1000000,0,0.363792647,1
gwcs,../roman/.data/build21/r0000101001001001001_0001_wfi04_f158_cal.asdf,wfi04,eval,1000000,1,0.372087629,1
gwcs,../roman/.data/build21/r0000101001001001001_0001_wfi04_f158_cal.asdf,wfi04,eval,1000000,2,0.376925067,1
gwcs,../roman/.data/build21/r0000101001001001001_0001_wfi04_f158_cal.asdf,wfi04,eval,10000000,0,6.839042773,1
gwcs,../roman/.data/build21/r0000101001001001001_0001_wfi04_f158_cal.asdf,wfi04,eval,10000000,1,6.365027472,1
gwcs,../roman/.data/build21/r0000101001001001001_0001_wfi04_f158_cal.asdf,wfi04,eval,16711744,0,22.605960729,1
gwcs,../roman/.data/build21/r0000101001001001001_0001_wfi04_f158_cal.asdf,wfi04,eval,16711744,1,22.905901708,1
gwcs,../roman/.data/build21/r0000101001001001001_0001_wfi05_f158_cal.asdf,wfi05,parse_cold,0,0,0.900517802,1
gwcs,../roman/.data/build21/r0000101001001001001_0001_wfi05_f158_cal.asdf,wfi05,parse_hot,0,0,0.620972575,1
gwcs,../roman/.data/build21/r0000101001001001001_0001_wfi05_f158_cal.asdf,wfi05,eval,1,0,0.005533446,1
gwcs,../roman/.data/build21/r0000101001001001001_0001_wfi05_f158_cal.asdf,wfi05,eval,1,1,0.005751269,1
gwcs,../roman/.data/build21/r0000101001001001001_0001_wfi05_f158_cal.asdf,wfi05,eval,1,2,0.005355795,1
gwcs,../roman/.data/build21/r0000101001001001001_0001_wfi05_f158_cal.asdf,wfi05,eval,1,3,0.005373953,1
gwcs,../roman/.data/build21/r0000101001001001001_0001_wfi05_f158_cal.asdf,wfi05,eval,1,4,0.005265271,1
gwcs,../roman/.data/build21/r0000101001001001001_0001_wfi05_f158_cal.asdf,wfi05,eval,1,5,0.005920328,1
gwcs,../roman/.data/build21/r0000101001001001001_0001_wfi05_f158_cal.asdf,wfi05,eval,1,6,0.005025741,1
gwcs,../roman/.data/build21/r0000101001001001001_0001_wfi05_f158_cal.asdf,wfi05,eval,1,7,0.004841648,1
gwcs,../roman/.data/build21/r0000101001001001001_0001_wfi05_f158_cal.asdf,wfi05,eval,1,8,0.006463503,1
gwcs,../roman/.data/build21/r0000101001001001001_0001_wfi05_f158_cal.asdf,wfi05,eval,1,9,0.005479895,1
gwcs,../roman/.data/build21/r0000101001001001001_0001_wfi05_f158_cal.asdf,wfi05,eval,1,10,0.004874168,1
gwcs,../roman/.data/build21/r0000101001001001001_0001_wfi05_f158_cal.asdf,wfi05,eval,1,11,0.004718329,1
gwcs,../roman/.data/build21/r0000101001001001001_0001_wfi05_f158_cal.asdf,wfi05,eval,1,12,0.004709844,1
gwcs,../roman/.data/build21/r0000101001001001001_0001_wfi05_f158_cal.asdf,wfi05,eval,1,13,0.005919230,1
gwcs,../roman/.data/build21/r0000101001001001001_0001_wfi05_f158_cal.asdf,wfi05,eval,1,14,0.005832260,1
gwcs,../roman/.data/build21/r0000101001001001001_0001_wfi05_f158_cal.asdf,wfi05,eval,1,15,0.004925905,1
gwcs,../roman/.data/build21/r0000101001001001001_0001_wfi05_f158_cal.asdf,wfi05,eval,1,16,0.006166338,1
gwcs,../roman/.data/build21/r0000101001001001001_0001_wfi05_f158_cal.asdf,wfi05,eval,1,17,0.004858728,1
gwcs,../roman/.data/build21/r0000101001001001001_0001_wfi05_f158_cal.asdf,wfi05,eval,1,18,0.005121573,1
gwcs,../roman/.data/build21/r0000101001001001001_0001_wfi05_f158_cal.asdf,wfi05,eval,1,19,0.005765674,1
gwcs,../roman/.data/build21/r0000101001001001001_0001_wfi05_f158_cal.asdf,wfi05,eval,1,20,0.004867120,1
gwcs,../roman/.data/build21/r0000101001001001001_0001_wfi05_f158_cal.asdf,wfi05,eval,1,21,0.004703792,1
gwcs,../roman/.data/build21/r0000101001001001001_0001_wfi05_f158_cal.asdf,wfi05,eval,1,22,0.005859328,1
gwcs,../roman/.data/build21/r0000101001001001001_0001_wfi05_f158_cal.asdf,wfi05,eval,1,23,0.008019635,1
gwcs,../roman/.data/build21/r0000101001001001001_0001_wfi05_f158_cal.asdf,wfi05,eval,1,24,0.004822699,1
gwcs,../roman/.data/build21/r0000101001001001001_0001_wfi05_f158_cal.asdf,wfi05,eval,1,25,0.004927263,1
gwcs,../roman/.data/build21/r0000101001001001001_0001_wfi05_f158_cal.asdf,wfi05,eval,1,26,0.006671676,1
gwcs,../roman/.data/build21/r0000101001001001001_0001_wfi05_f158_cal.asdf,wfi05,eval,1,27,0.005559159,1
gwcs,../roman/.data/build21/r0000101001001001001_0001_wfi05_f158_cal.asdf,wfi05,eval,1,28,0.005031963,1
gwcs,../roman/.data/build21/r0000101001001001001_0001_wfi05_f158_cal.asdf,wfi05,eval,1,29,0.004746348,1
gwcs,../roman/.data/build21/r0000101001001001001_0001_wfi05_f158_cal.asdf,wfi05,eval,1,30,0.004738376,1
gwcs,../roman/.data/build21/r0000101001001001001_0001_wfi05_f158_cal.asdf,wfi05,eval,1,31,0.004715245,1
gwcs,../roman/.data/build21/r0000101001001001001_0001_wfi05_f158_cal.asdf,wfi05,eval,1,32,0.004822805,1
gwcs,../roman/.data/build21/r0000101001001001001_0001_wfi05_f158_cal.asdf,wfi05,eval,1,33,0.004816947,1
gwcs,../roman/.data/build21/r0000101001001001001_0001_wfi05_f158_cal.asdf,wfi05,eval,1,34,0.004792292,1
gwcs,../roman/.data/build21/r0000101001001001001_0001_wfi05_f158_cal.asdf,wfi05,eval,1,35,0.004877849,1
gwcs,../roman/.data/build21/r0000101001001001001_0001_wfi05_f158_cal.asdf,wfi05,eval,1,36,0.004803652,1
gwcs,../roman/.data/build21/r0000101001001001001_0001_wfi05_f158_cal.asdf,wfi05,eval,1,37,0.007517475,1
gwcs,../roman/.data/build21/r0000101001001001001_0001_wfi05_f158_cal.asdf,wfi05,eval,1,38,0.005498869,1
gwcs,../roman/.data/build21/r0000101001001001001_0001_wfi05_f158_cal.asdf,wfi05,eval,1,39,0.005226663,1
gwcs,../roman/.data/build21/r0000101001001001001_0001_wfi05_f158_cal.asdf,wfi05,eval,1,40,0.007121220,1
gwcs,../roman/.data/build21/r0000101001001001001_0001_wfi05_f158_cal.asdf,wfi05,eval,1,41,0.004915295,1
gwcs,../roman/.data/build21/r0000101001001001001_0001_wfi05_f158_cal.asdf,wfi05,eval,1,42,0.005736880,1
gwcs,../roman/.data/build21/r0000101001001001001_0001_wfi05_f158_cal.asdf,wfi05,eval,1,43,0.005828463,1
gwcs,../roman/.data/build21/r0000101001001001001_0001_wfi05_f158_cal.asdf,wfi05,eval,1,44,0.004980110,1
gwcs,../roman/.data/build21/r0000101001001001001_0001_wfi05_f158_cal.asdf,wfi05,eval,1,45,0.005773686,1
gwcs,../roman/.data/build21/r0000101001001001001_0001_wfi05_f158_cal.asdf,wfi05,eval,1,46,0.004877067,1
gwcs,../roman/.data/build21/r0000101001001001001_0001_wfi05_f158_cal.asdf,wfi05,eval,1,47,0.004841254,1
gwcs,../roman/.data/build21/r0000101001001001001_0001_wfi05_f158_cal.asdf,wfi05,eval,1,48,0.004719427,1
gwcs,../roman/.data/build21/r0000101001001001001_0001_wfi05_f158_cal.asdf,wfi05,eval,1,49,0.004877836,1
gwcs,../roman/.data/build21/r0000101001001001001_0001_wfi05_f158_cal.asdf,wfi05,eval,1,50,0.004834666,1
gwcs,../roman/.data/build21/r0000101001001001001_0001_wfi05_f158_cal.asdf,wfi05,eval,1,51,0.004753243,1
gwcs,../roman/.data/build21/r0000101001001001001_0001_wfi05_f158_cal.asdf,wfi05,eval,1,52,0.004704828,1
gwcs,../roman/.data/build21/r0000101001001001001_0001_wfi05_f158_cal.asdf,wfi05,eval,1,53,0.006692532,1
gwcs,../roman/.data/build21/r0000101001001001001_0001_wfi05_f158_cal.asdf,wfi05,eval,1,54,0.006754180,1
gwcs,../roman/.data/build21/r0000101001001001001_0001_wfi05_f158_cal.asdf,wfi05,eval,1,55,0.004778907,1
gwcs,../roman/.data/build21/r0000101001001001001_0001_wfi05_f158_cal.asdf,wfi05,eval,1,56,0.004898837,1
gwcs,../roman/.data/build21/r0000101001001001001_0001_wfi05_f158_cal.asdf,wfi05,eval,1,57,0.004701786,1
gwcs,../roman/.data/build21/r0000101001001001001_0001_wfi05_f158_cal.asdf,wfi05,eval,1,58,0.004682726,1
gwcs,../roman/.data/build21/r0000101001001001001_0001_wfi05_f158_cal.asdf,wfi05,eval,1,59,0.004998610,1
gwcs,../roman/.data/build21/r0000101001001001001_0001_wfi05_f158_cal.asdf,wfi05,eval,1,60,0.004771923,1
gwcs,../roman/.data/build21/r0000101001001001001_0001_wfi05_f158_cal.asdf,wfi05,eval,1,61,0.004668751,1
gwcs,../roman/.data/build21/r0000101001001001001_0001_wfi05_f158_cal.asdf,wfi05,eval,1,62,0.004737616,1
gwcs,../roman/.data/build21/r0000101001001001001_0001_wfi05_f158_cal.asdf,wfi05,eval,1,63,0.004786481,1
gwcs,../roman/.data/build21/r0000101001001001001_0001_wfi05_f158_cal.asdf,wfi05,eval,1,64,0.004721819,1
gwcs,../roman/.data/build21/r0000101001001001001_0001_wfi05_f158_cal.asdf,wfi05,eval,1,65,0.004756761,1
gwcs,../roman/.data/build21/r0000101001001001001_0001_wfi05_f158_cal.asdf,wfi05,eval,1,66,0.004773916,1
gwcs,../roman/.data/build21/r0000101001001001001_0001_wfi05_f158_cal.asdf,wfi05,eval,1,67,0.004759975,1
gwcs,../roman/.data/build21/r0000101001001001001_0001_wfi05_f158_cal.asdf,wfi05,eval,1,68,0.004659743,1
gwcs,../roman/.data/build21/r0000101001001001001_0001_wfi05_f158_cal.asdf,wfi05,eval,1,69,0.005780837,1
gwcs,../roman/.data/build21/r0000101001001001001_0001_wfi05_f158_cal.asdf,wfi05,eval,1,70,0.005656572,1
gwcs,../roman/.data/build21/r0000101001001001001_0001_wfi05_f158_cal.asdf,wfi05,eval,1,71,0.004689217,1
gwcs,../roman/.data/build21/r0000101001001001001_0001_wfi05_f158_cal.asdf,wfi05,eval,1,72,0.005047730,1
gwcs,../roman/.data/build21/r0000101001001001001_0001_wfi05_f158_cal.asdf,wfi05,eval,1,73,0.004751190,1
gwcs,../roman/.data/build21/r0000101001001001001_0001_wfi05_f158_cal.asdf,wfi05,eval,1,74,0.004696080,1
gwcs,../roman/.data/build21/r0000101001001001001_0001_wfi05_f158_cal.asdf,wfi05,eval,1,75,0.004662388,1
gwcs,../roman/.data/build21/r0000101001001001001_0001_wfi05_f158_cal.asdf,wfi05,eval,1,76,0.004736786,1
gwcs,../roman/.data/build21/r0000101001001001001_0001_wfi05_f158_cal.asdf,wfi05,eval,1,77,0.004717715,1
gwcs,../roman/.data/build21/r0000101001001001001_0001_wfi05_f158_cal.asdf,wfi05,eval,1,78,0.004670555,1
gwcs,../roman/.data/build21/r0000101001001001001_0001_wfi05_f158_cal.asdf,wfi05,eval,1,79,0.004706061,1
gwcs,../roman/.data/build21/r0000101001001001001_0001_wfi05_f158_cal.asdf,wfi05,eval,1,80,0.004755347,1
gwcs,../roman/.data/build21/r0000101001001001001_0001_wfi05_f158_cal.asdf,wfi05,eval,1,81,0.004727214,1
gwcs,../roman/.data/build21/r0000101001001001001_0001_wfi05_f158_cal.asdf,wfi05,eval,1,82,0.004665737,1
gwcs,../roman/.data/build21/r0000101001001001001_0001_wfi05_f158_cal.asdf,wfi05,eval,1,83,0.004724708,1
gwcs,../roman/.data/build21/r0000101001001001001_0001_wfi05_f158_cal.asdf,wfi05,eval,1,84,0.004729013,1
gwcs,../roman/.data/build21/r0000101001001001001_0001_wfi05_f158_cal.asdf,wfi05,eval,1,85,0.004696317,1
gwcs,../roman/.data/build21/r0000101001001001001_0001_wfi05_f158_cal.asdf,wfi05,eval,1,86,0.004724327,1
gwcs,../roman/.data/build21/r0000101001001001001_0001_wfi05_f158_cal.asdf,wfi05,eval,1,87,0.004780301,1
gwcs,../roman/.data/build21/r0000101001001001001_0001_wfi05_f158_cal.asdf,wfi05,eval,1,88,0.004721452,1
gwcs,../roman/.data/build21/r0000101001001001001_0001_wfi05_f158_cal.asdf,wfi05,eval,1,89,0.004688552,1
gwcs,../roman/.data/build21/r0000101001001001001_0001_wfi05_f158_cal.asdf,wfi05,eval,1,90,0.004768467,1
gwcs,../roman/.data/build21/r0000101001001001001_0001_wfi05_f158_cal.asdf,wfi05,eval,1,91,0.004710205,1
gwcs,../roman/.data/build21/r0000101001001001001_0001_wfi05_f158_cal.asdf,wfi05,eval,1,92,0.004694844,1
gwcs,../roman/.data/build21/r0000101001001001001_0001_wfi05_f158_cal.asdf,wfi05,eval,1,93,0.004637309,1
gwcs,../roman/.data/build21/r0000101001001001001_0001_wfi05_f158_cal.asdf,wfi05,eval,1,94,0.005211865,1
gwcs,../roman/.data/build21/r0000101001001001001_0001_wfi05_f158_cal.asdf,wfi05,eval,1,95,0.004711384,1
gwcs,../roman/.data/build21/r0000101001001001001_0001_wfi05_f158_cal.asdf,wfi05,eval,1,96,0.004686345,1
gwcs,../roman/.data/build21/r0000101001001001001_0001_wfi05_f158_cal.asdf,wfi05,eval,1,97,0.004709746,1
gwcs,../roman/.data/build21/r0000101001001001001_0001_wfi05_f158_cal.asdf,wfi05,eval,1,98,0.004759074,1
gwcs,../roman/.data/build21/r0000101001001001001_0001_wfi05_f158_cal.asdf,wfi05,eval,1,99,0.004702851,1
gwcs,../roman/.data/build21/r0000101001001001001_0001_wfi05_f158_cal.asdf,wfi05,eval,10,0,0.005316277,1
gwcs,../roman/.data/build21/r0000101001001001001_0001_wfi05_f158_cal.asdf,wfi05,eval,10,1,0.005355735,1
gwcs,../roman/.data/build21/r0000101001001001001_0001_wfi05_f158_cal.asdf,wfi05,eval,10,2,0.004837473,1
gwcs,../roman/.data/build21/r0000101001001001001_0001_wfi05_f158_cal.asdf,wfi05,eval,10,3,0.004794108,1
gwcs,../roman/.data/build21/r0000101001001001001_0001_wfi05_f158_cal.asdf,wfi05,eval,10,4,0.004979168,1
gwcs,../roman/.data/build21/r0000101001001001001_0001_wfi05_f158_cal.asdf,wfi05,eval,10,5,0.004773882,1
gwcs,../roman/.data/build21/r0000101001001001001_0001_wfi05_f158_cal.asdf,wfi05,eval,10,6,0.004776449,1
gwcs,../roman/.data/build21/r0000101001001001001_0001_wfi05_f158_cal.asdf,wfi05,eval,10,7,0.005763839,1
gwcs,../roman/.data/build21/r0000101001001001001_0001_wfi05_f158_cal.asdf,wfi05,eval,10,8,0.004931366,1
gwcs,../roman/.data/build21/r0000101001001001001_0001_wfi05_f158_cal.asdf,wfi05,eval,10,9,0.004868205,1
gwcs,../roman/.data/build21/r0000101001001001001_0001_wfi05_f158_cal.asdf,wfi05,eval,10,10,0.005199422,1
gwcs,../roman/.data/build21/r0000101001001001001_0001_wfi05_f158_cal.asdf,wfi05,eval,10,11,0.005088110,1
gwcs,../roman/.data/build21/r0000101001001001001_0001_wfi05_f158_cal.asdf,wfi05,eval,10,12,0.004804480,1
gwcs,../roman/.data/build21/r0000101001001001001_0001_wfi05_f158_cal.asdf,wfi05,eval,10,13,0.004784401,1
gwcs,../roman/.data/build21/r0000101001001001001_0001_wfi05_f158_cal.asdf,wfi05,eval,10,14,0.004917134,1
gwcs,../roman/.data/build21/r0000101001001001001_0001_wfi05_f158_cal.asdf,wfi05,eval,10,15,0.004866245,1
gwcs,../roman/.data/build21/r0000101001001001001_0001_wfi05_f158_cal.asdf,wfi05,eval,10,16,0.004942708,1
gwcs,../roman/.data/build21/r0000101001001001001_0001_wfi05_f158_cal.asdf,wfi05,eval,10,17,0.004886640,1
gwcs,../roman/.data/build21/r0000101001001001001_0001_wfi05_f158_cal.asdf,wfi05,eval,10,18,0.004878162,1
gwcs,../roman/.data/build21/r0000101001001001001_0001_wfi05_f158_cal.asdf,wfi05,eval,10,19,0.004817374,1
gwcs,../roman/.data/build21/r0000101001001001001_0001_wfi05_f158_cal.asdf,wfi05,eval,10,20,0.004794436,1
gwcs,../roman/.data/build21/r0000101001001001001_0001_wfi05_f158_cal.asdf,wfi05,eval,10,21,0.005001694,1
gwcs,../roman/.data/build21/r0000101001001001001_0001_wfi05_f158_cal.asdf,wfi05,eval,10,22,0.004859758,1
gwcs,../roman/.data/build21/r0000101001001001001_0001_wfi05_f158_cal.asdf,wfi05,eval,10,23,0.004794150,1
gwcs,../roman/.data/build21/r0000101001001001001_0001_wfi05_f158_cal.asdf,wfi05,eval,10,24,0.005475175,1
gwcs,../roman/.data/build21/r0000101001001001001_0001_wfi05_f158_cal.asdf,wfi05,eval,10,25,0.004925583,1
gwcs,../roman/.data/build21/r0000101001001001001_0001_wfi05_f158_cal.asdf,wfi05,eval,10,26,0.004828999,1
gwcs,../roman/.data/build21/r0000101001001001001_0001_wfi05_f158_cal.asdf,wfi05,eval,10,27,0.004922475,1
gwcs,../roman/.data/build21/r0000101001001001001_0001_wfi05_f158_cal.asdf,wfi05,eval,10,28,0.004979563,1
gwcs,../roman/.data/build21/r0000101001001001001_0001_wfi05_f158_cal.asdf,wfi05,eval,10,29,0.004805294,1
gwcs,../roman/.data/build21/r0000101001001001001_0001_wfi05_f158_cal.asdf,wfi05,eval,10,30,0.004801067,1
gwcs,../roman/.data/build21/r0000101001001001001_0001_wfi05_f158_cal.asdf,wfi05,eval,10,31,0.005050827,1
gwcs,../roman/.data/build21/r0000101001001001001_0001_wfi05_f158_cal.asdf,wfi05,eval,10,32,0.004872495,1
gwcs,../roman/.data/build21/r0000101001001001001_0001_wfi05_f158_cal.asdf,wfi05,eval,10,33,0.004784044,1
gwcs,../roman/.data/build21/r0000101001001001001_0001_wfi05_f158_cal.asdf,wfi05,eval,10,34,0.004975673,1
gwcs,../roman/.data/build21/r0000101001001001001_0001_wfi05_f158_cal.asdf,wfi05,eval,10,35,0.004915874,1
gwcs,../roman/.data/build21/r0000101001001001001_0001_wfi05_f158_cal.asdf,wfi05,eval,10,36,0.004833048,1
gwcs,../roman/.data/build21/r0000101001001001001_0001_wfi05_f158_cal.asdf,wfi05,eval,10,37,0.004827745,1
gwcs,../roman/.data/build21/r0000101001001001001_0001_wfi05_f158_cal.asdf,wfi05,eval,10,38,0.004989440,1
gwcs,../roman/.data/build21/r0000101001001001001_0001_wfi05_f158_cal.asdf,wfi05,eval,10,39,0.004801056,1
gwcs,../roman/.data/build21/r0000101001001001001_0001_wfi05_f158_cal.asdf,wfi05,eval,10,40,0.004837406,1
gwcs,../roman/.data/build21/r0000101001001001001_0001_wfi05_f158_cal.asdf,wfi05,eval,10,41,0.004928124,1
gwcs,../roman/.data/build21/r0000101001001001001_0001_wfi05_f158_cal.asdf,wfi05,eval,10,42,0.004866890,1
gwcs,../roman/.data/build21/r0000101001001001001_0001_wfi05_f158_cal.asdf,wfi05,eval,10,43,0.004788843,1
gwcs,../roman/.data/build21/r0000101001001001001_0001_wfi05_f158_cal.asdf,wfi05,eval,10,44,0.004812290,1
gwcs,../roman/.data/build21/r0000101001001001001_0001_wfi05_f158_cal.asdf,wfi05,eval,10,45,0.005036016,1
gwcs,../roman/.data/build21/r0000101001001001001_0001_wfi05_f158_cal.asdf,wfi05,eval,10,46,0.005297108,1
gwcs,../roman/.data/build21/r0000101001001001001_0001_wfi05_f158_cal.asdf,wfi05,eval,10,47,0.004873170,1
gwcs,../roman/.data/build21/r0000101001001001001_0001_wfi05_f158_cal.asdf,wfi05,eval,10,48,0.005051373,1
gwcs,../roman/.data/build21/r0000101001001001001_0001_wfi05_f158_cal.asdf,wfi05,eval,10,49,0.004889167,1
gwcs,../roman/.data/build21/r0000101001001001001_0001_wfi05_f158_cal.asdf,wfi05,eval,10,50,0.005070225,1
gwcs,../roman/.data/build21/r0000101001001001001_0001_wfi05_f158_cal.asdf,wfi05,eval,10,51,0.005533046,1
gwcs,../roman/.data/build21/r0000101001001001001_0001_wfi05_f158_cal.asdf,wfi05,eval,10,52,0.005806459,1
gwcs,../roman/.data/build21/r0000101001001001001_0001_wfi05_f158_cal.asdf,wfi05,eval,10,53,0.004843066,1
gwcs,../roman/.data/build21/r0000101001001001001_0001_wfi05_f158_cal.asdf,wfi05,eval,10,54,0.006506179,1
gwcs,../roman/.data/build21/r0000101001001001001_0001_wfi05_f158_cal.asdf,wfi05,eval,10,55,0.005852392,1
gwcs,../roman/.data/build21/r0000101001001001001_0001_wfi05_f158_cal.asdf,wfi05,eval,10,56,0.005337190,1
gwcs,../roman/.data/build21/r0000101001001001001_0001_wfi05_f158_cal.asdf,wfi05,eval,10,57,0.005246973,1
gwcs,../roman/.data/build21/r0000101001001001001_0001_wfi05_f158_cal.asdf,wfi05,eval,10,58,0.004941501,1
gwcs,../roman/.data/build21/r0000101001001001001_0001_wfi05_f158_cal.asdf,wfi05,eval,10,59,0.005250921,1
gwcs,../roman/.data/build21/r0000101001001001001_0001_wfi05_f158_cal.asdf,wfi05,eval,10,60,0.005005804,1
gwcs,../roman/.data/build21/r0000101001001001001_0001_wfi05_f158_cal.asdf,wfi05,eval,10,61,0.004984279,1
gwcs,../roman/.data/build21/r0000101001001001001_0001_wfi05_f158_cal.asdf,wfi05,eval,10,62,0.004863569,1
gwcs,../roman/.data/build21/r0000101001001001001_0001_wfi05_f158_cal.asdf,wfi05,eval,10,63,0.004772234,1
gwcs,../roman/.data/build21/r0000101001001001001_0001_wfi05_f158_cal.asdf,wfi05,eval,10,64,0.004886800,1
gwcs,../roman/.data/build21/r0000101001001001001_0001_wfi05_f158_cal.asdf,wfi05,eval,10,65,0.004936186,1
gwcs,../roman/.data/build21/r0000101001001001001_0001_wfi05_f158_cal.asdf,wfi05,eval,10,66,0.004899960,1
gwcs,../roman/.data/build21/r0000101001001001001_0001_wfi05_f158_cal.asdf,wfi05,eval,10,67,0.004811311,1
gwcs,../roman/.data/build21/r0000101001001001001_0001_wfi05_f158_cal.asdf,wfi05,eval,10,68,0.004979183,1
gwcs,../roman/.data/build21/r0000101001001001001_0001_wfi05_f158_cal.asdf,wfi05,eval,10,69,0.006142602,1
gwcs,../roman/.data/build21/r0000101001001001001_0001_wfi05_f158_cal.asdf,wfi05,eval,10,70,0.008305700,1
gwcs,../roman/.data/build21/r0000101001001001001_0001_wfi05_f158_cal.asdf,wfi05,eval,10,71,0.005379099,1
gwcs,../roman/.data/build21/r0000101001001001001_0001_wfi05_f158_cal.asdf,wfi05,eval,10,72,0.004798633,1
gwcs,../roman/.data/build21/r0000101001001001001_0001_wfi05_f158_cal.asdf,wfi05,eval,10,73,0.005530328,1
gwcs,../roman/.data/build21/r0000101001001001001_0001_wfi05_f158_cal.asdf,wfi05,eval,10,74,0.005133175,1
gwcs,../roman/.data/build21/r0000101001001001001_0001_wfi05_f158_cal.asdf,wfi05,eval,10,75,0.005236837,1
gwcs,../roman/.data/build21/r0000101001001001001_0001_wfi05_f158_cal.asdf,wfi05,eval,10,76,0.005578798,1
gwcs,../roman/.data/build21/r0000101001001001001_0001_wfi05_f158_cal.asdf,wfi05,eval,10,77,0.004876808,1
gwcs,../roman/.data/build21/r0000101001001001001_0001_wfi05_f158_cal.asdf,wfi05,eval,10,78,0.006596791,1
gwcs,../roman/.data/build21/r0000101001001001001_0001_wfi05_f158_cal.asdf,wfi05,eval,10,79,0.005211629,1
gwcs,../roman/.data/build21/r0000101001001001001_0001_wfi05_f158_cal.asdf,wfi05,eval,10,80,0.005316889,1
gwcs,../roman/.data/build21/r0000101001001001001_0001_wfi05_f158_cal.asdf,wfi05,eval,10,81,0.005083662,1
gwcs,../roman/.data/build21/r0000101001001001001_0001_wfi05_f158_cal.asdf,wfi05,eval,10,82,0.004802364,1
gwcs,../roman/.data/build21/r0000101001001001001_0001_wfi05_f158_cal.asdf,wfi05,eval,10,83,0.005222277,1
gwcs,../roman/.data/build21/r0000101001001001001_0001_wfi05_f158_cal.asdf,wfi05,eval,10,84,0.005232092,1
gwcs,../roman/.data/build21/r0000101001001001001_0001_wfi05_f158_cal.asdf,wfi05,eval,10,85,0.004899344,1
gwcs,../roman/.data/build21/r0000101001001001001_0001_wfi05_f158_cal.asdf,wfi05,eval,10,86,0.005203317,1
gwcs,../roman/.data/build21/r0000101001001001001_0001_wfi05_f158_cal.asdf,wfi05,eval,10,87,0.005263078,1
gwcs,../roman/.data/build21/r0000101001001001001_0001_wfi05_f158_cal.asdf,wfi05,eval,10,88,0.005285706,1
gwcs,../roman/.data/build21/r0000101001001001001_0001_wfi05_f158_cal.asdf,wfi05,eval,10,89,0.005031907,1
gwcs,../roman/.data/build21/r0000101001001001001_0001_wfi05_f158_cal.asdf,wfi05,eval,10,90,0.007136701,1
gwcs,../roman/.data/build21/r0000101001001001001_0001_wfi05_f158_cal.asdf,wfi05,eval,10,91,0.005634072,1
gwcs,../roman/.data/build21/r0000101001001001001_0001_wfi05_f158_cal.asdf,wfi05,eval,10,92,0.006258791,1
gwcs,../roman/.data/build21/r0000101001001001001_0001_wfi05_f158_cal.asdf,wfi05,eval,10,93,0.005272131,1
gwcs,../roman/.data/build21/r0000101001001001001_0001_wfi05_f158_cal.asdf,wfi05,eval,10,94,0.005014378,1
gwcs,../roman/.data/build21/r0000101001001001001_0001_wfi05_f158_cal.asdf,wfi05,eval,10,95,0.005486097,1
gwcs,../roman/.data/build21/r0000101001001001001_0001_wfi05_f158_cal.asdf,wfi05,eval,10,96,0.004966978,1
gwcs,../roman/.data/build21/r0000101001001001001_0001_wfi05_f158_cal.asdf,wfi05,eval,10,97,0.004875779,1
gwcs,../roman/.data/build21/r0000101001001001001_0001_wfi05_f158_cal.asdf,wfi05,eval,10,98,0.004895728,1
gwcs,../roman/.data/build21/r0000101001001001001_0001_wfi05_f158_cal.asdf,wfi05,eval,10,99,0.004893319,1
gwcs,../roman/.data/build21/r0000101001001001001_0001_wfi05_f158_cal.asdf,wfi05,eval,100,0,0.005304362,1
gwcs,../roman/.data/build21/r0000101001001001001_0001_wfi05_f158_cal.asdf,wfi05,eval,100,1,0.005252439,1
gwcs,../roman/.data/build21/r0000101001001001001_0001_wfi05_f158_cal.asdf,wfi05,eval,100,2,0.005502818,1
gwcs,../roman/.data/build21/r0000101001001001001_0001_wfi05_f158_cal.asdf,wfi05,eval,100,3,0.004977993,1
gwcs,../roman/.data/build21/r0000101001001001001_0001_wfi05_f158_cal.asdf,wfi05,eval,100,4,0.004953091,1
gwcs,../roman/.data/build21/r0000101001001001001_0001_wfi05_f158_cal.asdf,wfi05,eval,100,5,0.005006143,1
gwcs,../roman/.data/build21/r0000101001001001001_0001_wfi05_f158_cal.asdf,wfi05,eval,100,6,0.004897729,1
gwcs,../roman/.data/build21/r0000101001001001001_0001_wfi05_f158_cal.asdf,wfi05,eval,100,7,0.004816183,1
gwcs,../roman/.data/build21/r0000101001001001001_0001_wfi05_f158_cal.asdf,wfi05,eval,100,8,0.004987380,1
gwcs,../roman/.data/build21/r0000101001001001001_0001_wfi05_f158_cal.asdf,wfi05,eval,100,9,0.004910290,1
gwcs,../roman/.data/build21/r0000101001001001001_0001_wfi05_f158_cal.asdf,wfi05,eval,100,10,0.004873904,1
gwcs,../roman/.data/build21/r0000101001001001001_0001_wfi05_f158_cal.asdf,wfi05,eval,100,11,0.004942680,1
gwcs,../roman/.data/build21/r0000101001001001001_0001_wfi05_f158_cal.asdf,wfi05,eval,100,12,0.004976868,1
gwcs,../roman/.data/build21/r0000101001001001001_0001_wfi05_f158_cal.asdf,wfi05,eval,100,13,0.004935925,1
gwcs,../roman/.data/build21/r0000101001001001001_0001_wfi05_f158_cal.asdf,wfi05,eval,100,14,0.004825251,1
gwcs,../roman/.data/build21/r0000101001001001001_0001_wfi05_f158_cal.asdf,wfi05,eval,100,15,0.004951213,1
gwcs,../roman/.data/build21/r0000101001001001001_0001_wfi05_f158_cal.asdf,wfi05,eval,100,16,0.004912009,1
gwcs,../roman/.data/build21/r0000101001001001001_0001_wfi05_f158_cal.asdf,wfi05,eval,100,17,0.007064996,1
gwcs,../roman/.data/build21/r0000101001001001001_0001_wfi05_f158_cal.asdf,wfi05,eval,100,18,0.007837482,1
gwcs,../roman/.data/build21/r0000101001001001001_0001_wfi05_f158_cal.asdf,wfi05,eval,100,19,0.005699839,1
gwcs,../roman/.data/build21/r0000101001001001001_0001_wfi05_f158_cal.asdf,wfi05,eval,100,20,0.005009007,1
gwcs,../roman/.data/build21/r0000101001001001001_0001_wfi05_f158_cal.asdf,wfi05,eval,100,21,0.006331573,1
gwcs,../roman/.data/build21/r0000101001001001001_0001_wfi05_f158_cal.asdf,wfi05,eval,100,22,0.007359380,1
gwcs,../roman/.data/build21/r0000101001001001001_0001_wfi05_f158_cal.asdf,wfi05,eval,100,23,0.005977098,1
gwcs,../roman/.data/build21/r0000101001001001001_0001_wfi05_f158_cal.asdf,wfi05,eval,100,24,0.004971466,1
gwcs,../roman/.data/build21/r0000101001001001001_0001_wfi05_f158_cal.asdf,wfi05,eval,100,25,0.004938369,1
gwcs,../roman/.data/build21/r0000101001001001001_0001_wfi05_f158_cal.asdf,wfi05,eval,100,26,0.005991206,1
gwcs,../roman/.data/build21/r0000101001001001001_0001_wfi05_f158_cal.asdf,wfi05,eval,100,27,0.005096294,1
gwcs,../roman/.data/build21/r0000101001001001001_0001_wfi05_f158_cal.asdf,wfi05,eval,100,28,0.005139262,1
gwcs,../roman/.data/build21/r0000101001001001001_0001_wfi05_f158_cal.asdf,wfi05,eval,100,29,0.005569622,1
gwcs,../roman/.data/build21/r0000101001001001001_0001_wfi05_f158_cal.asdf,wfi05,eval,100,30,0.005308796,1
gwcs,../roman/.data/build21/r0000101001001001001_0001_wfi05_f158_cal.asdf,wfi05,eval,100,31,0.004904008,1
gwcs,../roman/.data/build21/r0000101001001001001_0001_wfi05_f158_cal.asdf,wfi05,eval,100,32,0.005270625,1
gwcs,../roman/.data/build21/r0000101001001001001_0001_wfi05_f158_cal.asdf,wfi05,eval,100,33,0.005101198,1
gwcs,../roman/.data/build21/r0000101001001001001_0001_wfi05_f158_cal.asdf,wfi05,eval,100,34,0.005573834,1
gwcs,../roman/.data/build21/r0000101001001001001_0001_wfi05_f158_cal.asdf,wfi05,eval,100,35,0.005356864,1
gwcs,../roman/.data/build21/r0000101001001001001_0001_wfi05_f158_cal.asdf,wfi05,eval,100,36,0.005711134,1
gwcs,../roman/.data/build21/r0000101001001001001_0001_wfi05_f158_cal.asdf,wfi05,eval,100,37,0.005553861,1
gwcs,../roman/.data/build21/r0000101001001001001_0001_wfi05_f158_cal.asdf,wfi05,eval,100,38,0.005756946,1
gwcs,../roman/.data/build21/r0000101001001001001_0001_wfi05_f158_cal.asdf,wfi05,eval,100,39,0.006411428,1
gwcs,../roman/.data/build21/r0000101001001001001_0001_wfi05_f158_cal.asdf,wfi05,eval,100,40,0.005193591,1
gwcs,../roman/.data/build21/r0000101001001001001_0001_wfi05_f158_cal.asdf,wfi05,eval,100,41,0.006516872,1
gwcs,../roman/.data/build21/r0000101001001001001_0001_wfi05_f158_cal.asdf,wfi05,eval,100,42,0.005111394,1
gwcs,../roman/.data/build21/r0000101001001001001_0001_wfi05_f158_cal.asdf,wfi05,eval,100,43,0.004848354,1
gwcs,../roman/.data/build21/r0000101001001001001_0001_wfi05_f158_cal.asdf,wfi05,eval,100,44,0.005647037,1
gwcs,../roman/.data/build21/r0000101001001001001_0001_wfi05_f158_cal.asdf,wfi05,eval,100,45,0.004896747,1
gwcs,../roman/.data/build21/r0000101001001001001_0001_wfi05_f158_cal.asdf,wfi05,eval,100,46,0.004801014,1
gwcs,../roman/.data/build21/r0000101001001001001_0001_wfi05_f158_cal.asdf,wfi05,eval,100,47,0.006753662,1
gwcs,../roman/.data/build21/r0000101001001001001_0001_wfi05_f158_cal.asdf,wfi05,eval,100,48,0.006735937,1
gwcs,../roman/.data/build21/r0000101001001001001_0001_wfi05_f158_cal.asdf,wfi05,eval,100,49,0.004875793,1
gwcs,../roman/.data/build21/r0000101001001001001_0001_wfi05_f158_cal.asdf,wfi05,eval,1000,0,0.006310446,1
gwcs,../roman/.data/build21/r0000101001001001001_0001_wfi05_f158_cal.asdf,wfi05,eval,1000,1,0.005768078,1
gwcs,../roman/.data/build21/r0000101001001001001_0001_wfi05_f158_cal.asdf,wfi05,eval,1000,2,0.005465127,1
gwcs,../roman/.data/build21/r0000101001001001001_0001_wfi05_f158_cal.asdf,wfi05,eval,1000,3,0.005763494,1
gwcs,../roman/.data/build21/r0000101001001001001_0001_wfi05_f158_cal.asdf,wfi05,eval,1000,4,0.007170849,1
gwcs,../roman/.data/build21/r0000101001001001001_0001_wfi05_f158_cal.asdf,wfi05,eval,1000,5,0.006257175,1
gwcs,../roman/.data/build21/r0000101001001001001_0001_wfi05_f158_cal.asdf,wfi05,eval,1000,6,0.005838031,1
gwcs,../roman/.data/build21/r0000101001001001001_0001_wfi05_f158_cal.asdf,wfi05,eval,1000,7,0.005682764,1
gwcs,../roman/.data/build21/r0000101001001001001_0001_wfi05_f158_cal.asdf,wfi05,eval,1000,8,0.005629422,1
gwcs,../roman/.data/build21/r0000101001001001001_0001_wfi05_f158_cal.asdf,wfi05,eval,1000,9,0.005735956,1
gwcs,../roman/.data/build21/r0000101001001001001_0001_wfi05_f158_cal.asdf,wfi05,eval,1000,10,0.005320995,1
gwcs,../roman/.data/build21/r0000101001001001001_0001_wfi05_f158_cal.asdf,wfi05,eval,1000,11,0.005664284,1
gwcs,../roman/.data/build21/r0000101001001001001_0001_wfi05_f158_cal.asdf,wfi05,eval,1000,12,0.005342264,1
gwcs,../roman/.data/build21/r0000101001001001001_0001_wfi05_f158_cal.asdf,wfi05,eval,1000,13,0.005231688,1
gwcs,../roman/.data/build21/r0000101001001001001_0001_wfi05_f158_cal.asdf,wfi05,eval,1000,14,0.005989790,1
gwcs,../roman/.data/build21/r0000101001001001001_0001_wfi05_f158_cal.asdf,wfi05,eval,1000,15,0.006741419,1
gwcs,../roman/.data/build21/r0000101001001001001_0001_wfi05_f158_cal.asdf,wfi05,eval,1000,16,0.005424656,1
gwcs,../roman/.data/build21/r0000101001001001001_0001_wfi05_f158_cal.asdf,wfi05,eval,1000,17,0.006665452,1
gwcs,../roman/.data/build21/r0000101001001001001_0001_wfi05_f158_cal.asdf,wfi05,eval,1000,18,0.005463060,1
gwcs,../roman/.data/build21/r0000101001001001001_0001_wfi05_f158_cal.asdf,wfi05,eval,1000,19,0.006161890,1
gwcs,../roman/.data/build21/r0000101001001001001_0001_wfi05_f158_cal.asdf,wfi05,eval,10000,0,0.010788123,1
gwcs,../roman/.data/build21/r0000101001001001001_0001_wfi05_f158_cal.asdf,wfi05,eval,10000,1,0.009900072,1
gwcs,../roman/.data/build21/r0000101001001001001_0001_wfi05_f158_cal.asdf,wfi05,eval,10000,2,0.010838001,1
gwcs,../roman/.data/build21/r0000101001001001001_0001_wfi05_f158_cal.asdf,wfi05,eval,10000,3,0.009455647,1
gwcs,../roman/.data/build21/r0000101001001001001_0001_wfi05_f158_cal.asdf,wfi05,eval,10000,4,0.009728026,1
gwcs,../roman/.data/build21/r0000101001001001001_0001_wfi05_f158_cal.asdf,wfi05,eval,10000,5,0.009563538,1
gwcs,../roman/.data/build21/r0000101001001001001_0001_wfi05_f158_cal.asdf,wfi05,eval,10000,6,0.009229516,1
gwcs,../roman/.data/build21/r0000101001001001001_0001_wfi05_f158_cal.asdf,wfi05,eval,10000,7,0.009179221,1
gwcs,../roman/.data/build21/r0000101001001001001_0001_wfi05_f158_cal.asdf,wfi05,eval,10000,8,0.009215630,1
gwcs,../roman/.data/build21/r0000101001001001001_0001_wfi05_f158_cal.asdf,wfi05,eval,10000,9,0.009466935,1
gwcs,../roman/.data/build21/r0000101001001001001_0001_wfi05_f158_cal.asdf,wfi05,eval,100000,0,0.040009438,1
gwcs,../roman/.data/build21/r0000101001001001001_0001_wfi05_f158_cal.asdf,wfi05,eval,100000,1,0.040524863,1
gwcs,../roman/.data/build21/r0000101001001001001_0001_wfi05_f158_cal.asdf,wfi05,eval,100000,2,0.041029031,1
gwcs,../roman/.data/build21/r0000101001001001001_0001_wfi05_f158_cal.asdf,wfi05,eval,100000,3,0.040925427,1
gwcs,../roman/.data/build21/r0000101001001001001_0001_wfi05_f158_cal.asdf,wfi05,eval,100000,4,0.040706152,1
gwcs,../roman/.data/build21/r0000101001001001001_0001_wfi05_f158_cal.asdf,wfi05,eval,1000000,0,0.379419183,1
gwcs,../roman/.data/build21/r0000101001001001001_0001_wfi05_f158_cal.asdf,wfi05,eval,1000000,1,0.372767734,1
gwcs,../roman/.data/build21/r0000101001001001001_0001_wfi05_f158_cal.asdf,wfi05,eval,1000000,2,0.378050497,1
gwcs,../roman/.data/build21/r0000101001001001001_0001_wfi05_f158_cal.asdf,wfi05,eval,10000000,0,8.110147137,1
gwcs,../roman/.data/build21/r0000101001001001001_0001_wfi05_f158_cal.asdf,wfi05,eval,10000000,1,8.523306489,1
gwcs,../roman/.data/build21/r0000101001001001001_0001_wfi05_f158_cal.asdf,wfi05,eval,16711744,0,24.782752467,1
gwcs,../roman/.data/build21/r0000101001001001001_0001_wfi05_f158_cal.asdf,wfi05,eval,16711744,1,25.260741114,1
gwcs,../roman/.data/build21/r0000101001001001001_0001_wfi06_f158_cal.asdf,wfi06,parse_cold,0,0,0.852023406,1
gwcs,../roman/.data/build21/r0000101001001001001_0001_wfi06_f158_cal.asdf,wfi06,parse_hot,0,0,0.588409473,1
gwcs,../roman/.data/build21/r0000101001001001001_0001_wfi06_f158_cal.asdf,wfi06,eval,1,0,0.005244102,1
gwcs,../roman/.data/build21/r0000101001001001001_0001_wfi06_f158_cal.asdf,wfi06,eval,1,1,0.004921518,1
gwcs,../roman/.data/build21/r0000101001001001001_0001_wfi06_f158_cal.asdf,wfi06,eval,1,2,0.004840631,1
gwcs,../roman/.data/build21/r0000101001001001001_0001_wfi06_f158_cal.asdf,wfi06,eval,1,3,0.004759581,1
gwcs,../roman/.data/build21/r0000101001001001001_0001_wfi06_f158_cal.asdf,wfi06,eval,1,4,0.004706808,1
gwcs,../roman/.data/build21/r0000101001001001001_0001_wfi06_f158_cal.asdf,wfi06,eval,1,5,0.005019118,1
gwcs,../roman/.data/build21/r0000101001001001001_0001_wfi06_f158_cal.asdf,wfi06,eval,1,6,0.004778282,1
gwcs,../roman/.data/build21/r0000101001001001001_0001_wfi06_f158_cal.asdf,wfi06,eval,1,7,0.004680183,1
gwcs,../roman/.data/build21/r0000101001001001001_0001_wfi06_f158_cal.asdf,wfi06,eval,1,8,0.004660660,1
gwcs,../roman/.data/build21/r0000101001001001001_0001_wfi06_f158_cal.asdf,wfi06,eval,1,9,0.004750703,1
gwcs,../roman/.data/build21/r0000101001001001001_0001_wfi06_f158_cal.asdf,wfi06,eval,1,10,0.004775098,1
gwcs,../roman/.data/build21/r0000101001001001001_0001_wfi06_f158_cal.asdf,wfi06,eval,1,11,0.004744098,1
gwcs,../roman/.data/build21/r0000101001001001001_0001_wfi06_f158_cal.asdf,wfi06,eval,1,12,0.004661665,1
gwcs,../roman/.data/build21/r0000101001001001001_0001_wfi06_f158_cal.asdf,wfi06,eval,1,13,0.004748074,1
gwcs,../roman/.data/build21/r0000101001001001001_0001_wfi06_f158_cal.asdf,wfi06,eval,1,14,0.004685833,1
gwcs,../roman/.data/build21/r0000101001001001001_0001_wfi06_f158_cal.asdf,wfi06,eval,1,15,0.004667367,1
gwcs,../roman/.data/build21/r0000101001001001001_0001_wfi06_f158_cal.asdf,wfi06,eval,1,16,0.004818984,1
gwcs,../roman/.data/build21/r0000101001001001001_0001_wfi06_f158_cal.asdf,wfi06,eval,1,17,0.004719262,1
gwcs,../roman/.data/build21/r0000101001001001001_0001_wfi06_f158_cal.asdf,wfi06,eval,1,18,0.004694336,1
gwcs,../roman/.data/build21/r0000101001001001001_0001_wfi06_f158_cal.asdf,wfi06,eval,1,19,0.004676051,1
gwcs,../roman/.data/build21/r0000101001001001001_0001_wfi06_f158_cal.asdf,wfi06,eval,1,20,0.004736179,1
gwcs,../roman/.data/build21/r0000101001001001001_0001_wfi06_f158_cal.asdf,wfi06,eval,1,21,0.004693423,1
gwcs,../roman/.data/build21/r0000101001001001001_0001_wfi06_f158_cal.asdf,wfi06,eval,1,22,0.004686808,1
gwcs,../roman/.data/build21/r0000101001001001001_0001_wfi06_f158_cal.asdf,wfi06,eval,1,23,0.004827918,1
gwcs,../roman/.data/build21/r0000101001001001001_0001_wfi06_f158_cal.asdf,wfi06,eval,1,24,0.004760995,1
gwcs,../roman/.data/build21/r0000101001001001001_0001_wfi06_f158_cal.asdf,wfi06,eval,1,25,0.004658467,1
gwcs,../roman/.data/build21/r0000101001001001001_0001_wfi06_f158_cal.asdf,wfi06,eval,1,26,0.004695004,1
gwcs,../roman/.data/build21/r0000101001001001001_0001_wfi06_f158_cal.asdf,wfi06,eval,1,27,0.004912205,1
gwcs,../roman/.data/build21/r0000101001001001001_0001_wfi06_f158_cal.asdf,wfi06,eval,1,28,0.004726888,1
gwcs,../roman/.data/build21/r0000101001001001001_0001_wfi06_f158_cal.asdf,wfi06,eval,1,29,0.004686374,1
gwcs,../roman/.data/build21/r0000101001001001001_0001_wfi06_f158_cal.asdf,wfi06,eval,1,30,0.005001025,1
gwcs,../roman/.data/build21/r0000101001001001001_0001_wfi06_f158_cal.asdf,wfi06,eval,1,31,0.004787665,1
gwcs,../roman/.data/build21/r0000101001001001001_0001_wfi06_f158_cal.asdf,wfi06,eval,1,32,0.004861929,1
gwcs,../roman/.data/build21/r0000101001001001001_0001_wfi06_f158_cal.asdf,wfi06,eval,1,33,0.004943662,1
gwcs,../roman/.data/build21/r0000101001001001001_0001_wfi06_f158_cal.asdf,wfi06,eval,1,34,0.005898965,1
gwcs,../roman/.data/build21/r0000101001001001001_0001_wfi06_f158_cal.asdf,wfi06,eval,1,35,0.005149661,1
gwcs,../roman/.data/build21/r0000101001001001001_0001_wfi06_f158_cal.asdf,wfi06,eval,1,36,0.004794938,1
gwcs,../roman/.data/build21/r0000101001001001001_0001_wfi06_f158_cal.asdf,wfi06,eval,1,37,0.004984723,1
gwcs,../roman/.data/build21/r0000101001001001001_0001_wfi06_f158_cal.asdf,wfi06,eval,1,38,0.004676014,1
gwcs,../roman/.data/build21/r0000101001001001001_0001_wfi06_f158_cal.asdf,wfi06,eval,1,39,0.004678155,1
gwcs,../roman/.data/build21/r0000101001001001001_0001_wfi06_f158_cal.asdf,wfi06,eval,1,40,0.004970548,1
gwcs,../roman/.data/build21/r0000101001001001001_0001_wfi06_f158_cal.asdf,wfi06,eval,1,41,0.004806203,1
gwcs,../roman/.data/build21/r0000101001001001001_0001_wfi06_f158_cal.asdf,wfi06,eval,1,42,0.004706830,1
gwcs,../roman/.data/build21/r0000101001001001001_0001_wfi06_f158_cal.asdf,wfi06,eval,1,43,0.004704511,1
gwcs,../roman/.data/build21/r0000101001001001001_0001_wfi06_f158_cal.asdf,wfi06,eval,1,44,0.005039841,1
gwcs,../roman/.data/build21/r0000101001001001001_0001_wfi06_f158_cal.asdf,wfi06,eval,1,45,0.004731961,1
gwcs,../roman/.data/build21/r0000101001001001001_0001_wfi06_f158_cal.asdf,wfi06,eval,1,46,0.004696478,1
gwcs,../roman/.data/build21/r0000101001001001001_0001_wfi06_f158_cal.asdf,wfi06,eval,1,47,0.004950895,1
gwcs,../roman/.data/build21/r0000101001001001001_0001_wfi06_f158_cal.asdf,wfi06,eval,1,48,0.004754017,1
gwcs,../roman/.data/build21/r0000101001001001001_0001_wfi06_f158_cal.asdf,wfi06,eval,1,49,0.004675006,1
gwcs,../roman/.data/build21/r0000101001001001001_0001_wfi06_f158_cal.asdf,wfi06,eval,1,50,0.004750739,1
gwcs,../roman/.data/build21/r0000101001001001001_0001_wfi06_f158_cal.asdf,wfi06,eval,1,51,0.005242373,1
gwcs,../roman/.data/build21/r0000101001001001001_0001_wfi06_f158_cal.asdf,wfi06,eval,1,52,0.004814999,1
gwcs,../roman/.data/build21/r0000101001001001001_0001_wfi06_f158_cal.asdf,wfi06,eval,1,53,0.004728836,1
gwcs,../roman/.data/build21/r0000101001001001001_0001_wfi06_f158_cal.asdf,wfi06,eval,1,54,0.005006994,1
gwcs,../roman/.data/build21/r0000101001001001001_0001_wfi06_f158_cal.asdf,wfi06,eval,1,55,0.004788044,1
gwcs,../roman/.data/build21/r0000101001001001001_0001_wfi06_f158_cal.asdf,wfi06,eval,1,56,0.004706841,1
gwcs,../roman/.data/build21/r0000101001001001001_0001_wfi06_f158_cal.asdf,wfi06,eval,1,57,0.004722931,1
gwcs,../roman/.data/build21/r0000101001001001001_0001_wfi06_f158_cal.asdf,wfi06,eval,1,58,0.005101969,1
gwcs,../roman/.data/build21/r0000101001001001001_0001_wfi06_f158_cal.asdf,wfi06,eval,1,59,0.004688278,1
gwcs,../roman/.data/build21/r0000101001001001001_0001_wfi06_f158_cal.asdf,wfi06,eval,1,60,0.004681533,1
gwcs,../roman/.data/build21/r0000101001001001001_0001_wfi06_f158_cal.asdf,wfi06,eval,1,61,0.005180756,1
gwcs,../roman/.data/build21/r0000101001001001001_0001_wfi06_f158_cal.asdf,wfi06,eval,1,62,0.004770271,1
gwcs,../roman/.data/build21/r0000101001001001001_0001_wfi06_f158_cal.asdf,wfi06,eval,1,63,0.004691262,1
gwcs,../roman/.data/build21/r0000101001001001001_0001_wfi06_f158_cal.asdf,wfi06,eval,1,64,0.004886175,1
gwcs,../roman/.data/build21/r0000101001001001001_0001_wfi06_f158_cal.asdf,wfi06,eval,1,65,0.004843213,1
gwcs,../roman/.data/build21/r0000101001001001001_0001_wfi06_f158_cal.asdf,wfi06,eval,1,66,0.004690809,1
gwcs,../roman/.data/build21/r0000101001001001001_0001_wfi06_f158_cal.asdf,wfi06,eval,1,67,0.004753095,1
gwcs,../roman/.data/build21/r0000101001001001001_0001_wfi06_f158_cal.asdf,wfi06,eval,1,68,0.004994357,1
gwcs,../roman/.data/build21/r0000101001001001001_0001_wfi06_f158_cal.asdf,wfi06,eval,1,69,0.004707407,1
gwcs,../roman/.data/build21/r0000101001001001001_0001_wfi06_f158_cal.asdf,wfi06,eval,1,70,0.004696931,1
gwcs,../roman/.data/build21/r0000101001001001001_0001_wfi06_f158_cal.asdf,wfi06,eval,1,71,0.004980090,1
gwcs,../roman/.data/build21/r0000101001001001001_0001_wfi06_f158_cal.asdf,wfi06,eval,1,72,0.004808795,1
gwcs,../roman/.data/build21/r0000101001001001001_0001_wfi06_f158_cal.asdf,wfi06,eval,1,73,0.004713766,1
gwcs,../roman/.data/build21/r0000101001001001001_0001_wfi06_f158_cal.asdf,wfi06,eval,1,74,0.004815388,1
gwcs,../roman/.data/build21/r0000101001001001001_0001_wfi06_f158_cal.asdf,wfi06,eval,1,75,0.004916088,1
gwcs,../roman/.data/build21/r0000101001001001001_0001_wfi06_f158_cal.asdf,wfi06,eval,1,76,0.004692965,1
gwcs,../roman/.data/build21/r0000101001001001001_0001_wfi06_f158_cal.asdf,wfi06,eval,1,77,0.004683510,1
gwcs,../roman/.data/build21/r0000101001001001001_0001_wfi06_f158_cal.asdf,wfi06,eval,1,78,0.004925016,1
gwcs,../roman/.data/build21/r0000101001001001001_0001_wfi06_f158_cal.asdf,wfi06,eval,1,79,0.004782451,1
gwcs,../roman/.data/build21/r0000101001001001001_0001_wfi06_f158_cal.asdf,wfi06,eval,1,80,0.004673664,1
gwcs,../roman/.data/build21/r0000101001001001001_0001_wfi06_f158_cal.asdf,wfi06,eval,1,81,0.004702458,1
gwcs,../roman/.data/build21/r0000101001001001001_0001_wfi06_f158_cal.asdf,wfi06,eval,1,82,0.005203295,1
gwcs,../roman/.data/build21/r0000101001001001001_0001_wfi06_f158_cal.asdf,wfi06,eval,1,83,0.004686598,1
gwcs,../roman/.data/build21/r0000101001001001001_0001_wfi06_f158_cal.asdf,wfi06,eval,1,84,0.004677834,1
gwcs,../roman/.data/build21/r0000101001001001001_0001_wfi06_f158_cal.asdf,wfi06,eval,1,85,0.004879003,1
gwcs,../roman/.data/build21/r0000101001001001001_0001_wfi06_f158_cal.asdf,wfi06,eval,1,86,0.004847833,1
gwcs,../roman/.data/build21/r0000101001001001001_0001_wfi06_f158_cal.asdf,wfi06,eval,1,87,0.005043948,1
gwcs,../roman/.data/build21/r0000101001001001001_0001_wfi06_f158_cal.asdf,wfi06,eval,1,88,0.005687630,1
gwcs,../roman/.data/build21/r0000101001001001001_0001_wfi06_f158_cal.asdf,wfi06,eval,1,89,0.004877546,1
gwcs,../roman/.data/build21/r0000101001001001001_0001_wfi06_f158_cal.asdf,wfi06,eval,1,90,0.005758908,1
gwcs,../roman/.data/build21/r0000101001001001001_0001_wfi06_f158_cal.asdf,wfi06,eval,1,91,0.004804683,1
gwcs,../roman/.data/build21/r0000101001001001001_0001_wfi06_f158_cal.asdf,wfi06,eval,1,92,0.005168607,1
gwcs,../roman/.data/build21/r0000101001001001001_0001_wfi06_f158_cal.asdf,wfi06,eval,1,93,0.006130456,1
gwcs,../roman/.data/build21/r0000101001001001001_0001_wfi06_f158_cal.asdf,wfi06,eval,1,94,0.005641218,1
gwcs,../roman/.data/build21/r0000101001001001001_0001_wfi06_f158_cal.asdf,wfi06,eval,1,95,0.005035360,1
gwcs,../roman/.data/build21/r0000101001001001001_0001_wfi06_f158_cal.asdf,wfi06,eval,1,96,0.005415508,1
gwcs,../roman/.data/build21/r0000101001001001001_0001_wfi06_f158_cal.asdf,wfi06,eval,1,97,0.004948618,1
gwcs,../roman/.data/build21/r0000101001001001001_0001_wfi06_f158_cal.asdf,wfi06,eval,1,98,0.005884647,1
gwcs,../roman/.data/build21/r0000101001001001001_0001_wfi06_f158_cal.asdf,wfi06,eval,1,99,0.005037396,1
gwcs,../roman/.data/build21/r0000101001001001001_0001_wfi06_f158_cal.asdf,wfi06,eval,10,0,0.005769979,1
gwcs,../roman/.data/build21/r0000101001001001001_0001_wfi06_f158_cal.asdf,wfi06,eval,10,1,0.005812402,1
gwcs,../roman/.data/build21/r0000101001001001001_0001_wfi06_f158_cal.asdf,wfi06,eval,10,2,0.005138979,1
gwcs,../roman/.data/build21/r0000101001001001001_0001_wfi06_f158_cal.asdf,wfi06,eval,10,3,0.005509800,1
gwcs,../roman/.data/build21/r0000101001001001001_0001_wfi06_f158_cal.asdf,wfi06,eval,10,4,0.005329386,1
gwcs,../roman/.data/build21/r0000101001001001001_0001_wfi06_f158_cal.asdf,wfi06,eval,10,5,0.004912850,1
gwcs,../roman/.data/build21/r0000101001001001001_0001_wfi06_f158_cal.asdf,wfi06,eval,10,6,0.005548427,1
gwcs,../roman/.data/build21/r0000101001001001001_0001_wfi06_f158_cal.asdf,wfi06,eval,10,7,0.005105780,1
gwcs,../roman/.data/build21/r0000101001001001001_0001_wfi06_f158_cal.asdf,wfi06,eval,10,8,0.005184685,1
gwcs,../roman/.data/build21/r0000101001001001001_0001_wfi06_f158_cal.asdf,wfi06,eval,10,9,0.005347107,1
gwcs,../roman/.data/build21/r0000101001001001001_0001_wfi06_f158_cal.asdf,wfi06,eval,10,10,0.005540145,1
gwcs,../roman/.data/build21/r0000101001001001001_0001_wfi06_f158_cal.asdf,wfi06,eval,10,11,0.004992167,1
gwcs,../roman/.data/build21/r0000101001001001001_0001_wfi06_f158_cal.asdf,wfi06,eval,10,12,0.005320486,1
gwcs,../roman/.data/build21/r0000101001001001001_0001_wfi06_f158_cal.asdf,wfi06,eval,10,13,0.005127423,1
gwcs,../roman/.data/build21/r0000101001001001001_0001_wfi06_f158_cal.asdf,wfi06,eval,10,14,0.005218060,1
gwcs,../roman/.data/build21/r0000101001001001001_0001_wfi06_f158_cal.asdf,wfi06,eval,10,15,0.004903708,1
gwcs,../roman/.data/build21/r0000101001001001001_0001_wfi06_f158_cal.asdf,wfi06,eval,10,16,0.005451681,1
gwcs,../roman/.data/build21/r0000101001001001001_0001_wfi06_f158_cal.asdf,wfi06,eval,10,17,0.005274643,1
gwcs,../roman/.data/build21/r0000101001001001001_0001_wfi06_f158_cal.asdf,wfi06,eval,10,18,0.005910143,1
gwcs,../roman/.data/build21/r0000101001001001001_0001_wfi06_f158_cal.asdf,wfi06,eval,10,19,0.005369965,1
gwcs,../roman/.data/build21/r0000101001001001001_0001_wfi06_f158_cal.asdf,wfi06,eval,10,20,0.004872072,1
gwcs,../roman/.data/build21/r0000101001001001001_0001_wfi06_f158_cal.asdf,wfi06,eval,10,21,0.005204559,1
gwcs,../roman/.data/build21/r0000101001001001001_0001_wfi06_f158_cal.asdf,wfi06,eval,10,22,0.005460184,1
gwcs,../roman/.data/build21/r0000101001001001001_0001_wfi06_f158_cal.asdf,wfi06,eval,10,23,0.004971243,1
gwcs,../roman/.data/build21/r0000101001001001001_0001_wfi06_f158_cal.asdf,wfi06,eval,10,24,0.005157933,1
gwcs,../roman/.data/build21/r0000101001001001001_0001_wfi06_f158_cal.asdf,wfi06,eval,10,25,0.005344375,1
gwcs,../roman/.data/build21/r0000101001001001001_0001_wfi06_f158_cal.asdf,wfi06,eval,10,26,0.005619531,1
gwcs,../roman/.data/build21/r0000101001001001001_0001_wfi06_f158_cal.asdf,wfi06,eval,10,27,0.004944030,1
gwcs,../roman/.data/build21/r0000101001001001001_0001_wfi06_f158_cal.asdf,wfi06,eval,10,28,0.005845687,1
gwcs,../roman/.data/build21/r0000101001001001001_0001_wfi06_f158_cal.asdf,wfi06,eval,10,29,0.005202304,1
gwcs,../roman/.data/build21/r0000101001001001001_0001_wfi06_f158_cal.asdf,wfi06,eval,10,30,0.005002622,1
gwcs,../roman/.data/build21/r0000101001001001001_0001_wfi06_f158_cal.asdf,wfi06,eval,10,31,0.005211887,1
gwcs,../roman/.data/build21/r0000101001001001001_0001_wfi06_f158_cal.asdf,wfi06,eval,10,32,0.004937775,1
gwcs,../roman/.data/build21/r0000101001001001001_0001_wfi06_f158_cal.asdf,wfi06,eval,10,33,0.004789542,1
gwcs,../roman/.data/build21/r0000101001001001001_0001_wfi06_f158_cal.asdf,wfi06,eval,10,34,0.004778294,1
gwcs,../roman/.data/build21/r0000101001001001001_0001_wfi06_f158_cal.asdf,wfi06,eval,10,35,0.005165822,1
gwcs,../roman/.data/build21/r0000101001001001001_0001_wfi06_f158_cal.asdf,wfi06,eval,10,36,0.004992597,1
gwcs,../roman/.data/build21/r0000101001001001001_0001_wfi06_f158_cal.asdf,wfi06,eval,10,37,0.005045841,1
gwcs,../roman/.data/build21/r0000101001001001001_0001_wfi06_f158_cal.asdf,wfi06,eval,10,38,0.005212665,1
gwcs,../roman/.data/build21/r0000101001001001001_0001_wfi06_f158_cal.asdf,wfi06,eval,10,39,0.005234729,1
gwcs,../roman/.data/build21/r0000101001001001001_0001_wfi06_f158_cal.asdf,wfi06,eval,10,40,0.004915362,1
gwcs,../roman/.data/build21/r0000101001001001001_0001_wfi06_f158_cal.asdf,wfi06,eval,10,41,0.005221630,1
gwcs,../roman/.data/build21/r0000101001001001001_0001_wfi06_f158_cal.asdf,wfi06,eval,10,42,0.005146743,1
gwcs,../roman/.data/build21/r0000101001001001001_0001_wfi06_f158_cal.asdf,wfi06,eval,10,43,0.005116728,1
gwcs,../roman/.data/build21/r0000101001001001001_0001_wfi06_f158_cal.asdf,wfi06,eval,10,44,0.005038314,1
gwcs,../roman/.data/build21/r0000101001001001001_0001_wfi06_f158_cal.asdf,wfi06,eval,10,45,0.006087126,1
gwcs,../roman/.data/build21/r0000101001001001001_0001_wfi06_f158_cal.asdf,wfi06,eval,10,46,0.006283900,1
gwcs,../roman/.data/build21/r0000101001001001001_0001_wfi06_f158_cal.asdf,wfi06,eval,10,47,0.010609216,1
gwcs,../roman/.data/build21/r0000101001001001001_0001_wfi06_f158_cal.asdf,wfi06,eval,10,48,0.008116660,1
gwcs,../roman/.data/build21/r0000101001001001001_0001_wfi06_f158_cal.asdf,wfi06,eval,10,49,0.008122487,1
gwcs,../roman/.data/build21/r0000101001001001001_0001_wfi06_f158_cal.asdf,wfi06,eval,10,50,0.008022730,1
gwcs,../roman/.data/build21/r0000101001001001001_0001_wfi06_f158_cal.asdf,wfi06,eval,10,51,0.008078227,1
gwcs,../roman/.data/build21/r0000101001001001001_0001_wfi06_f158_cal.asdf,wfi06,eval,10,52,0.008047553,1
gwcs,../roman/.data/build21/r0000101001001001001_0001_wfi06_f158_cal.asdf,wfi06,eval,10,53,0.008056939,1
gwcs,../roman/.data/build21/r0000101001001001001_0001_wfi06_f158_cal.asdf,wfi06,eval,10,54,0.008063722,1
gwcs,../roman/.data/build21/r0000101001001001001_0001_wfi06_f158_cal.asdf,wfi06,eval,10,55,0.008183562,1
gwcs,../roman/.data/build21/r0000101001001001001_0001_wfi06_f158_cal.asdf,wfi06,eval,10,56,0.007654762,1
gwcs,../roman/.data/build21/r0000101001001001001_0001_wfi06_f158_cal.asdf,wfi06,eval,10,57,0.007674675,1
gwcs,../roman/.data/build21/r0000101001001001001_0001_wfi06_f158_cal.asdf,wfi06,eval,10,58,0.007002404,1
gwcs,../roman/.data/build21/r0000101001001001001_0001_wfi06_f158_cal.asdf,wfi06,eval,10,59,0.005431023,1
gwcs,../roman/.data/build21/r0000101001001001001_0001_wfi06_f158_cal.asdf,wfi06,eval,10,60,0.005246112,1
gwcs,../roman/.data/build21/r0000101001001001001_0001_wfi06_f158_cal.asdf,wfi06,eval,10,61,0.005463070,1
gwcs,../roman/.data/build21/r0000101001001001001_0001_wfi06_f158_cal.asdf,wfi06,eval,10,62,0.005485416,1
gwcs,../roman/.data/build21/r0000101001001001001_0001_wfi06_f158_cal.asdf,wfi06,eval,10,63,0.005023384,1
gwcs,../roman/.data/build21/r0000101001001001001_0001_wfi06_f158_cal.asdf,wfi06,eval,10,64,0.005225881,1
gwcs,../roman/.data/build21/r0000101001001001001_0001_wfi06_f158_cal.asdf,wfi06,eval,10,65,0.004971285,1
gwcs,../roman/.data/build21/r0000101001001001001_0001_wfi06_f158_cal.asdf,wfi06,eval,10,66,0.006462498,1
gwcs,../roman/.data/build21/r0000101001001001001_0001_wfi06_f158_cal.asdf,wfi06,eval,10,67,0.005361393,1
gwcs,../roman/.data/build21/r0000101001001001001_0001_wfi06_f158_cal.asdf,wfi06,eval,10,68,0.005291362,1
gwcs,../roman/.data/build21/r0000101001001001001_0001_wfi06_f158_cal.asdf,wfi06,eval,10,69,0.006695870,1
gwcs,../roman/.data/build21/r0000101001001001001_0001_wfi06_f158_cal.asdf,wfi06,eval,10,70,0.006334797,1
gwcs,../roman/.data/build21/r0000101001001001001_0001_wfi06_f158_cal.asdf,wfi06,eval,10,71,0.005153219,1
gwcs,../roman/.data/build21/r0000101001001001001_0001_wfi06_f158_cal.asdf,wfi06,eval,10,72,0.005023471,1
gwcs,../roman/.data/build21/r0000101001001001001_0001_wfi06_f158_cal.asdf,wfi06,eval,10,73,0.005139923,1
gwcs,../roman/.data/build21/r0000101001001001001_0001_wfi06_f158_cal.asdf,wfi06,eval,10,74,0.005030556,1
gwcs,../roman/.data/build21/r0000101001001001001_0001_wfi06_f158_cal.asdf,wfi06,eval,10,75,0.005466798,1
gwcs,../roman/.data/build21/r0000101001001001001_0001_wfi06_f158_cal.asdf,wfi06,eval,10,76,0.005710251,1
gwcs,../roman/.data/build21/r0000101001001001001_0001_wfi06_f158_cal.asdf,wfi06,eval,10,77,0.006163723,1
gwcs,../roman/.data/build21/r0000101001001001001_0001_wfi06_f158_cal.asdf,wfi06,eval,10,78,0.005370401,1
gwcs,../roman/.data/build21/r0000101001001001001_0001_wfi06_f158_cal.asdf,wfi06,eval,10,79,0.006398364,1
gwcs,../roman/.data/build21/r0000101001001001001_0001_wfi06_f158_cal.asdf,wfi06,eval,10,80,0.005159066,1
gwcs,../roman/.data/build21/r0000101001001001001_0001_wfi06_f158_cal.asdf,wfi06,eval,10,81,0.005591232,1
gwcs,../roman/.data/build21/r0000101001001001001_0001_wfi06_f158_cal.asdf,wfi06,eval,10,82,0.006206501,1
gwcs,../roman/.data/build21/r0000101001001001001_0001_wfi06_f158_cal.asdf,wfi06,eval,10,83,0.005228770,1
gwcs,../roman/.data/build21/r0000101001001001001_0001_wfi06_f158_cal.asdf,wfi06,eval,10,84,0.006383949,1
gwcs,../roman/.data/build21/r0000101001001001001_0001_wfi06_f158_cal.asdf,wfi06,eval,10,85,0.005402624,1
gwcs,../roman/.data/build21/r0000101001001001001_0001_wfi06_f158_cal.asdf,wfi06,eval,10,86,0.006310591,1
gwcs,../roman/.data/build21/r0000101001001001001_0001_wfi06_f158_cal.asdf,wfi06,eval,10,87,0.005773781,1
gwcs,../roman/.data/build21/r0000101001001001001_0001_wfi06_f158_cal.asdf,wfi06,eval,10,88,0.006142557,1
gwcs,../roman/.data/build21/r0000101001001001001_0001_wfi06_f158_cal.asdf,wfi06,eval,10,89,0.005303814,1
gwcs,../roman/.data/build21/r0000101001001001001_0001_wfi06_f158_cal.asdf,wfi06,eval,10,90,0.005643860,1
gwcs,../roman/.data/build21/r0000101001001001001_0001_wfi06_f158_cal.asdf,wfi06,eval,10,91,0.005049646,1
gwcs,../roman/.data/build21/r0000101001001001001_0001_wfi06_f158_cal.asdf,wfi06,eval,10,92,0.004941869,1
gwcs,../roman/.data/build21/r0000101001001001001_0001_wfi06_f158_cal.asdf,wfi06,eval,10,93,0.005090991,1
gwcs,../roman/.data/build21/r0000101001001001001_0001_wfi06_f158_cal.asdf,wfi06,eval,10,94,0.004978633,1
gwcs,../roman/.data/build21/r0000101001001001001_0001_wfi06_f158_cal.asdf,wfi06,eval,10,95,0.004967988,1
gwcs,../roman/.data/build21/r0000101001001001001_0001_wfi06_f158_cal.asdf,wfi06,eval,10,96,0.005044870,1
gwcs,../roman/.data/build21/r0000101001001001001_0001_wfi06_f158_cal.asdf,wfi06,eval,10,97,0.005027582,1
gwcs,../roman/.data/build21/r0000101001001001001_0001_wfi06_f158_cal.asdf,wfi06,eval,10,98,0.005068850,1
gwcs,../roman/.data/build21/r0000101001001001001_0001_wfi06_f158_cal.asdf,wfi06,eval,10,99,0.005032116,1
gwcs,../roman/.data/build21/r0000101001001001001_0001_wfi06_f158_cal.asdf,wfi06,eval,100,0,0.005629781,1
gwcs,../roman/.data/build21/r0000101001001001001_0001_wfi06_f158_cal.asdf,wfi06,eval,100,1,0.005173657,1
gwcs,../roman/.data/build21/r0000101001001001001_0001_wfi06_f158_cal.asdf,wfi06,eval,100,2,0.005262977,1
gwcs,../roman/.data/build21/r0000101001001001001_0001_wfi06_f158_cal.asdf,wfi06,eval,100,3,0.005154955,1
gwcs,../roman/.data/build21/r0000101001001001001_0001_wfi06_f158_cal.asdf,wfi06,eval,100,4,0.004964160,1
gwcs,../roman/.data/build21/r0000101001001001001_0001_wfi06_f158_cal.asdf,wfi06,eval,100,5,0.005172910,1
gwcs,../roman/.data/build21/r0000101001001001001_0001_wfi06_f158_cal.asdf,wfi06,eval,100,6,0.005177426,1
gwcs,../roman/.data/build21/r0000101001001001001_0001_wfi06_f158_cal.asdf,wfi06,eval,100,7,0.005125320,1
gwcs,../roman/.data/build21/r0000101001001001001_0001_wfi06_f158_cal.asdf,wfi06,eval,100,8,0.005003696,1
gwcs,../roman/.data/build21/r0000101001001001001_0001_wfi06_f158_cal.asdf,wfi06,eval,100,9,0.005319974,1
gwcs,../roman/.data/build21/r0000101001001001001_0001_wfi06_f158_cal.asdf,wfi06,eval,100,10,0.004971333,1
gwcs,../roman/.data/build21/r0000101001001001001_0001_wfi06_f158_cal.asdf,wfi06,eval,100,11,0.004904687,1
gwcs,../roman/.data/build21/r0000101001001001001_0001_wfi06_f158_cal.asdf,wfi06,eval,100,12,0.005156275,1
gwcs,../roman/.data/build21/r0000101001001001001_0001_wfi06_f158_cal.asdf,wfi06,eval,100,13,0.005029165,1
gwcs,../roman/.data/build21/r0000101001001001001_0001_wfi06_f158_cal.asdf,wfi06,eval,100,14,0.005023886,1
gwcs,../roman/.data/build21/r0000101001001001001_0001_wfi06_f158_cal.asdf,wfi06,eval,100,15,0.005272826,1
gwcs,../roman/.data/build21/r0000101001001001001_0001_wfi06_f158_cal.asdf,wfi06,eval,100,16,0.005753058,1
gwcs,../roman/.data/build21/r0000101001001001001_0001_wfi06_f158_cal.asdf,wfi06,eval,100,17,0.005746241,1
gwcs,../roman/.data/build21/r0000101001001001001_0001_wfi06_f158_cal.asdf,wfi06,eval,100,18,0.006412515,1
gwcs,../roman/.data/build21/r0000101001001001001_0001_wfi06_f158_cal.asdf,wfi06,eval,100,19,0.007347548,1
gwcs,../roman/.data/build21/r0000101001001001001_0001_wfi06_f158_cal.asdf,wfi06,eval,100,20,0.004980260,1
gwcs,../roman/.data/build21/r0000101001001001001_0001_wfi06_f158_cal.asdf,wfi06,eval,100,21,0.005941975,1
gwcs,../roman/.data/build21/r0000101001001001001_0001_wfi06_f158_cal.asdf,wfi06,eval,100,22,0.005071747,1
gwcs,../roman/.data/build21/r0000101001001001001_0001_wfi06_f158_cal.asdf,wfi06,eval,100,23,0.004923636,1
gwcs,../roman/.data/build21/r0000101001001001001_0001_wfi06_f158_cal.asdf,wfi06,eval,100,24,0.005951229,1
gwcs,../roman/.data/build21/r0000101001001001001_0001_wfi06_f158_cal.asdf,wfi06,eval,100,25,0.005234431,1
gwcs,../roman/.data/build21/r0000101001001001001_0001_wfi06_f158_cal.asdf,wfi06,eval,100,26,0.004962226,1
gwcs,../roman/.data/build21/r0000101001001001001_0001_wfi06_f158_cal.asdf,wfi06,eval,100,27,0.004878411,1
gwcs,../roman/.data/build21/r0000101001001001001_0001_wfi06_f158_cal.asdf,wfi06,eval,100,28,0.005358692,1
gwcs,../roman/.data/build21/r0000101001001001001_0001_wfi06_f158_cal.asdf,wfi06,eval,100,29,0.005553080,1
gwcs,../roman/.data/build21/r0000101001001001001_0001_wfi06_f158_cal.asdf,wfi06,eval,100,30,0.005926047,1
gwcs,../roman/.data/build21/r0000101001001001001_0001_wfi06_f158_cal.asdf,wfi06,eval,100,31,0.006004646,1
gwcs,../roman/.data/build21/r0000101001001001001_0001_wfi06_f158_cal.asdf,wfi06,eval,100,32,0.007331882,1
gwcs,../roman/.data/build21/r0000101001001001001_0001_wfi06_f158_cal.asdf,wfi06,eval,100,33,0.006701918,1
gwcs,../roman/.data/build21/r0000101001001001001_0001_wfi06_f158_cal.asdf,wfi06,eval,100,34,0.010114022,1
gwcs,../roman/.data/build21/r0000101001001001001_0001_wfi06_f158_cal.asdf,wfi06,eval,100,35,0.007232647,1
gwcs,../roman/.data/build21/r0000101001001001001_0001_wfi06_f158_cal.asdf,wfi06,eval,100,36,0.008900933,1
gwcs,../roman/.data/build21/r0000101001001001001_0001_wfi06_f158_cal.asdf,wfi06,eval,100,37,0.006273955,1
gwcs,../roman/.data/build21/r0000101001001001001_0001_wfi06_f158_cal.asdf,wfi06,eval,100,38,0.005188785,1
gwcs,../roman/.data/build21/r0000101001001001001_0001_wfi06_f158_cal.asdf,wfi06,eval,100,39,0.005192044,1
gwcs,../roman/.data/build21/r0000101001001001001_0001_wfi06_f158_cal.asdf,wfi06,eval,100,40,0.005177368,1
gwcs,../roman/.data/build21/r0000101001001001001_0001_wfi06_f158_cal.asdf,wfi06,eval,100,41,0.006835797,1
gwcs,../roman/.data/build21/r0000101001001001001_0001_wfi06_f158_cal.asdf,wfi06,eval,100,42,0.005442073,1
gwcs,../roman/.data/build21/r0000101001001001001_0001_wfi06_f158_cal.asdf,wfi06,eval,100,43,0.006136350,1
gwcs,../roman/.data/build21/r0000101001001001001_0001_wfi06_f158_cal.asdf,wfi06,eval,100,44,0.005244727,1
gwcs,../roman/.data/build21/r0000101001001001001_0001_wfi06_f158_cal.asdf,wfi06,eval,100,45,0.005583315,1
gwcs,../roman/.data/build21/r0000101001001001001_0001_wfi06_f158_cal.asdf,wfi06,eval,100,46,0.005211137,1
gwcs,../roman/.data/build21/r0000101001001001001_0001_wfi06_f158_cal.asdf,wfi06,eval,100,47,0.004854102,1
gwcs,../roman/.data/build21/r0000101001001001001_0001_wfi06_f158_cal.asdf,wfi06,eval,100,48,0.006880838,1
gwcs,../roman/.data/build21/r0000101001001001001_0001_wfi06_f158_cal.asdf,wfi06,eval,100,49,0.006037511,1
gwcs,../roman/.data/build21/r0000101001001001001_0001_wfi06_f158_cal.asdf,wfi06,eval,1000,0,0.006530041,1
gwcs,../roman/.data/build21/r0000101001001001001_0001_wfi06_f158_cal.asdf,wfi06,eval,1000,1,0.006272083,1
gwcs,../roman/.data/build21/r0000101001001001001_0001_wfi06_f158_cal.asdf,wfi06,eval,1000,2,0.007041806,1
gwcs,../roman/.data/build21/r0000101001001001001_0001_wfi06_f158_cal.asdf,wfi06,eval,1000,3,0.007861621,1
gwcs,../roman/.data/build21/r0000101001001001001_0001_wfi06_f158_cal.asdf,wfi06,eval,1000,4,0.005972398,1
gwcs,../roman/.data/build21/r0000101001001001001_0001_wfi06_f158_cal.asdf,wfi06,eval,1000,5,0.005624868,1
gwcs,../roman/.data/build21/r0000101001001001001_0001_wfi06_f158_cal.asdf,wfi06,eval,1000,6,0.005270883,1
gwcs,../roman/.data/build21/r0000101001001001001_0001_wfi06_f158_cal.asdf,wfi06,eval,1000,7,0.006314676,1
gwcs,../roman/.data/build21/r0000101001001001001_0001_wfi06_f158_cal.asdf,wfi06,eval,1000,8,0.005823858,1
gwcs,../roman/.data/build21/r0000101001001001001_0001_wfi06_f158_cal.asdf,wfi06,eval,1000,9,0.006304850,1
gwcs,../roman/.data/build21/r0000101001001001001_0001_wfi06_f158_cal.asdf,wfi06,eval,1000,10,0.006755988,1
gwcs,../roman/.data/build21/r0000101001001001001_0001_wfi06_f158_cal.asdf,wfi06,eval,1000,11,0.005381944,1
gwcs,../roman/.data/build21/r0000101001001001001_0001_wfi06_f158_cal.asdf,wfi06,eval,1000,12,0.006477127,1
gwcs,../roman/.data/build21/r0000101001001001001_0001_wfi06_f158_cal.asdf,wfi06,eval,1000,13,0.006273529,1
gwcs,../roman/.data/build21/r0000101001001001001_0001_wfi06_f158_cal.asdf,wfi06,eval,1000,14,0.006273576,1
gwcs,../roman/.data/build21/r0000101001001001001_0001_wfi06_f158_cal.asdf,wfi06,eval,1000,15,0.005420513,1
gwcs,../roman/.data/build21/r0000101001001001001_0001_wfi06_f158_cal.asdf,wfi06,eval,1000,16,0.005478901,1
gwcs,../roman/.data/build21/r0000101001001001001_0001_wfi06_f158_cal.asdf,wfi06,eval,1000,17,0.006407192,1
gwcs,../roman/.data/build21/r0000101001001001001_0001_wfi06_f158_cal.asdf,wfi06,eval,1000,18,0.005816801,1
gwcs,../roman/.data/build21/r0000101001001001001_0001_wfi06_f158_cal.asdf,wfi06,eval,1000,19,0.005496033,1
gwcs,../roman/.data/build21/r0000101001001001001_0001_wfi06_f158_cal.asdf,wfi06,eval,10000,0,0.009192626,1
gwcs,../roman/.data/build21/r0000101001001001001_0001_wfi06_f158_cal.asdf,wfi06,eval,10000,1,0.008680129,1
gwcs,../roman/.data/build21/r0000101001001001001_0001_wfi06_f158_cal.asdf,wfi06,eval,10000,2,0.008659962,1
gwcs,../roman/.data/build21/r0000101001001001001_0001_wfi06_f158_cal.asdf,wfi06,eval,10000,3,0.008481491,1
gwcs,../roman/.data/build21/r0000101001001001001_0001_wfi06_f158_cal.asdf,wfi06,eval,10000,4,0.008600956,1
gwcs,../roman/.data/build21/r0000101001001001001_0001_wfi06_f158_cal.asdf,wfi06,eval,10000,5,0.009001242,1
gwcs,../roman/.data/build21/r0000101001001001001_0001_wfi06_f158_cal.asdf,wfi06,eval,10000,6,0.009546518,1
gwcs,../roman/.data/build21/r0000101001001001001_0001_wfi06_f158_cal.asdf,wfi06,eval,10000,7,0.008792331,1
gwcs,../roman/.data/build21/r0000101001001001001_0001_wfi06_f158_cal.asdf,wfi06,eval,10000,8,0.009096668,1
gwcs,../roman/.data/build21/r0000101001001001001_0001_wfi06_f158_cal.asdf,wfi06,eval,10000,9,0.008107161,1
gwcs,../roman/.data/build21/r0000101001001001001_0001_wfi06_f158_cal.asdf,wfi06,eval,100000,0,0.038717948,1
gwcs,../roman/.data/build21/r0000101001001001001_0001_wfi06_f158_cal.asdf,wfi06,eval,100000,1,0.035884172,1
gwcs,../roman/.data/build21/r0000101001001001001_0001_wfi06_f158_cal.asdf,wfi06,eval,100000,2,0.040458930,1
gwcs,../roman/.data/build21/r0000101001001001001_0001_wfi06_f158_cal.asdf,wfi06,eval,100000,3,0.046977187,1
gwcs,../roman/.data/build21/r0000101001001001001_0001_wfi06_f158_cal.asdf,wfi06,eval,100000,4,0.046742859,1
gwcs,../roman/.data/build21/r0000101001001001001_0001_wfi06_f158_cal.asdf,wfi06,eval,1000000,0,0.454885070,1
gwcs,../roman/.data/build21/r0000101001001001001_0001_wfi06_f158_cal.asdf,wfi06,eval,1000000,1,0.418837748,1
gwcs,../roman/.data/build21/r0000101001001001001_0001_wfi06_f158_cal.asdf,wfi06,eval,1000000,2,0.444865068,1
gwcs,../roman/.data/build21/r0000101001001001001_0001_wfi06_f158_cal.asdf,wfi06,eval,10000000,0,6.751074683,1
gwcs,../roman/.data/build21/r0000101001001001001_0001_wfi06_f158_cal.asdf,wfi06,eval,10000000,1,7.001334078,1
gwcs,../roman/.data/build21/r0000101001001001001_0001_wfi06_f158_cal.asdf,wfi06,eval,16711744,0,23.395496137,1
gwcs,../roman/.data/build21/r0000101001001001001_0001_wfi06_f158_cal.asdf,wfi06,eval,16711744,1,22.979902286,1
gwcs,../roman/.data/build21/r0000101001001001001_0001_wfi07_f158_cal.asdf,wfi07,parse_cold,0,0,0.842219062,1
gwcs,../roman/.data/build21/r0000101001001001001_0001_wfi07_f158_cal.asdf,wfi07,parse_hot,0,0,0.665729931,1
gwcs,../roman/.data/build21/r0000101001001001001_0001_wfi07_f158_cal.asdf,wfi07,eval,1,0,0.005053150,1
gwcs,../roman/.data/build21/r0000101001001001001_0001_wfi07_f158_cal.asdf,wfi07,eval,1,1,0.005033637,1
gwcs,../roman/.data/build21/r0000101001001001001_0001_wfi07_f158_cal.asdf,wfi07,eval,1,2,0.004775655,1
gwcs,../roman/.data/build21/r0000101001001001001_0001_wfi07_f158_cal.asdf,wfi07,eval,1,3,0.004697876,1
gwcs,../roman/.data/build21/r0000101001001001001_0001_wfi07_f158_cal.asdf,wfi07,eval,1,4,0.004946343,1
gwcs,../roman/.data/build21/r0000101001001001001_0001_wfi07_f158_cal.asdf,wfi07,eval,1,5,0.004856875,1
gwcs,../roman/.data/build21/r0000101001001001001_0001_wfi07_f158_cal.asdf,wfi07,eval,1,6,0.004717414,1
gwcs,../roman/.data/build21/r0000101001001001001_0001_wfi07_f158_cal.asdf,wfi07,eval,1,7,0.004700300,1
gwcs,../roman/.data/build21/r0000101001001001001_0001_wfi07_f158_cal.asdf,wfi07,eval,1,8,0.004785088,1
gwcs,../roman/.data/build21/r0000101001001001001_0001_wfi07_f158_cal.asdf,wfi07,eval,1,9,0.004745597,1
gwcs,../roman/.data/build21/r0000101001001001001_0001_wfi07_f158_cal.asdf,wfi07,eval,1,10,0.004749203,1
gwcs,../roman/.data/build21/r0000101001001001001_0001_wfi07_f158_cal.asdf,wfi07,eval,1,11,0.004702429,1
gwcs,../roman/.data/build21/r0000101001001001001_0001_wfi07_f158_cal.asdf,wfi07,eval,1,12,0.004949711,1
gwcs,../roman/.data/build21/r0000101001001001001_0001_wfi07_f158_cal.asdf,wfi07,eval,1,13,0.004707512,1
gwcs,../roman/.data/build21/r0000101001001001001_0001_wfi07_f158_cal.asdf,wfi07,eval,1,14,0.004753246,1
gwcs,../roman/.data/build21/r0000101001001001001_0001_wfi07_f158_cal.asdf,wfi07,eval,1,15,0.004821350,1
gwcs,../roman/.data/build21/r0000101001001001001_0001_wfi07_f158_cal.asdf,wfi07,eval,1,16,0.004816887,1
gwcs,../roman/.data/build21/r0000101001001001001_0001_wfi07_f158_cal.asdf,wfi07,eval,1,17,0.004691293,1
gwcs,../roman/.data/build21/r0000101001001001001_0001_wfi07_f158_cal.asdf,wfi07,eval,1,18,0.004840845,1
gwcs,../roman/.data/build21/r0000101001001001001_0001_wfi07_f158_cal.asdf,wfi07,eval,1,19,0.004802483,1
gwcs,../roman/.data/build21/r0000101001001001001_0001_wfi07_f158_cal.asdf,wfi07,eval,1,20,0.004925403,1
gwcs,../roman/.data/build21/r0000101001001001001_0001_wfi07_f158_cal.asdf,wfi07,eval,1,21,0.004686348,1
gwcs,../roman/.data/build21/r0000101001001001001_0001_wfi07_f158_cal.asdf,wfi07,eval,1,22,0.005282040,1
gwcs,../roman/.data/build21/r0000101001001001001_0001_wfi07_f158_cal.asdf,wfi07,eval,1,23,0.004824597,1
gwcs,../roman/.data/build21/r0000101001001001001_0001_wfi07_f158_cal.asdf,wfi07,eval,1,24,0.004693810,1
gwcs,../roman/.data/build21/r0000101001001001001_0001_wfi07_f158_cal.asdf,wfi07,eval,1,25,0.005005717,1
gwcs,../roman/.data/build21/r0000101001001001001_0001_wfi07_f158_cal.asdf,wfi07,eval,1,26,0.004934348,1
gwcs,../roman/.data/build21/r0000101001001001001_0001_wfi07_f158_cal.asdf,wfi07,eval,1,27,0.004737969,1
gwcs,../roman/.data/build21/r0000101001001001001_0001_wfi07_f158_cal.asdf,wfi07,eval,1,28,0.004676471,1
gwcs,../roman/.data/build21/r0000101001001001001_0001_wfi07_f158_cal.asdf,wfi07,eval,1,29,0.005315911,1
gwcs,../roman/.data/build21/r0000101001001001001_0001_wfi07_f158_cal.asdf,wfi07,eval,1,30,0.004715183,1
gwcs,../roman/.data/build21/r0000101001001001001_0001_wfi07_f158_cal.asdf,wfi07,eval,1,31,0.004731275,1
gwcs,../roman/.data/build21/r0000101001001001001_0001_wfi07_f158_cal.asdf,wfi07,eval,1,32,0.005344492,1
gwcs,../roman/.data/build21/r0000101001001001001_0001_wfi07_f158_cal.asdf,wfi07,eval,1,33,0.004781170,1
gwcs,../roman/.data/build21/r0000101001001001001_0001_wfi07_f158_cal.asdf,wfi07,eval,1,34,0.004682234,1
gwcs,../roman/.data/build21/r0000101001001001001_0001_wfi07_f158_cal.asdf,wfi07,eval,1,35,0.005115372,1
gwcs,../roman/.data/build21/r0000101001001001001_0001_wfi07_f158_cal.asdf,wfi07,eval,1,36,0.005048077,1
gwcs,../roman/.data/build21/r0000101001001001001_0001_wfi07_f158_cal.asdf,wfi07,eval,1,37,0.004699013,1
gwcs,../roman/.data/build21/r0000101001001001001_0001_wfi07_f158_cal.asdf,wfi07,eval,1,38,0.004699132,1
gwcs,../roman/.data/build21/r0000101001001001001_0001_wfi07_f158_cal.asdf,wfi07,eval,1,39,0.005421974,1
gwcs,../roman/.data/build21/r0000101001001001001_0001_wfi07_f158_cal.asdf,wfi07,eval,1,40,0.004710951,1
gwcs,../roman/.data/build21/r0000101001001001001_0001_wfi07_f158_cal.asdf,wfi07,eval,1,41,0.004691307,1
gwcs,../roman/.data/build21/r0000101001001001001_0001_wfi07_f158_cal.asdf,wfi07,eval,1,42,0.005103408,1
gwcs,../roman/.data/build21/r0000101001001001001_0001_wfi07_f158_cal.asdf,wfi07,eval,1,43,0.004795005,1
gwcs,../roman/.data/build21/r0000101001001001001_0001_wfi07_f158_cal.asdf,wfi07,eval,1,44,0.004688889,1
gwcs,../roman/.data/build21/r0000101001001001001_0001_wfi07_f158_cal.asdf,wfi07,eval,1,45,0.004678315,1
gwcs,../roman/.data/build21/r0000101001001001001_0001_wfi07_f158_cal.asdf,wfi07,eval,1,46,0.005199909,1
gwcs,../roman/.data/build21/r0000101001001001001_0001_wfi07_f158_cal.asdf,wfi07,eval,1,47,0.004659689,1
gwcs,../roman/.data/build21/r0000101001001001001_0001_wfi07_f158_cal.asdf,wfi07,eval,1,48,0.004697526,1
gwcs,../roman/.data/build21/r0000101001001001001_0001_wfi07_f158_cal.asdf,wfi07,eval,1,49,0.005145963,1
gwcs,../roman/.data/build21/r0000101001001001001_0001_wfi07_f158_cal.asdf,wfi07,eval,1,50,0.004800189,1
gwcs,../roman/.data/build21/r0000101001001001001_0001_wfi07_f158_cal.asdf,wfi07,eval,1,51,0.004809042,1
gwcs,../roman/.data/build21/r0000101001001001001_0001_wfi07_f158_cal.asdf,wfi07,eval,1,52,0.004856914,1
gwcs,../roman/.data/build21/r0000101001001001001_0001_wfi07_f158_cal.asdf,wfi07,eval,1,53,0.005118935,1
gwcs,../roman/.data/build21/r0000101001001001001_0001_wfi07_f158_cal.asdf,wfi07,eval,1,54,0.004704542,1
gwcs,../roman/.data/build21/r0000101001001001001_0001_wfi07_f158_cal.asdf,wfi07,eval,1,55,0.004701694,1
gwcs,../roman/.data/build21/r0000101001001001001_0001_wfi07_f158_cal.asdf,wfi07,eval,1,56,0.005171703,1
gwcs,../roman/.data/build21/r0000101001001001001_0001_wfi07_f158_cal.asdf,wfi07,eval,1,57,0.004938385,1
gwcs,../roman/.data/build21/r0000101001001001001_0001_wfi07_f158_cal.asdf,wfi07,eval,1,58,0.004675722,1
gwcs,../roman/.data/build21/r0000101001001001001_0001_wfi07_f158_cal.asdf,wfi07,eval,1,59,0.005079362,1
gwcs,../roman/.data/build21/r0000101001001001001_0001_wfi07_f158_cal.asdf,wfi07,eval,1,60,0.005030122,1
gwcs,../roman/.data/build21/r0000101001001001001_0001_wfi07_f158_cal.asdf,wfi07,eval,1,61,0.004709457,1
gwcs,../roman/.data/build21/r0000101001001001001_0001_wfi07_f158_cal.asdf,wfi07,eval,1,62,0.004690218,1
gwcs,../roman/.data/build21/r0000101001001001001_0001_wfi07_f158_cal.asdf,wfi07,eval,1,63,0.005662857,1
gwcs,../roman/.data/build21/r0000101001001001001_0001_wfi07_f158_cal.asdf,wfi07,eval,1,64,0.004762197,1
gwcs,../roman/.data/build21/r0000101001001001001_0001_wfi07_f158_cal.asdf,wfi07,eval,1,65,0.004687709,1
gwcs,../roman/.data/build21/r0000101001001001001_0001_wfi07_f158_cal.asdf,wfi07,eval,1,66,0.004807683,1
gwcs,../roman/.data/build21/r0000101001001001001_0001_wfi07_f158_cal.asdf,wfi07,eval,1,67,0.004741363,1
gwcs,../roman/.data/build21/r0000101001001001001_0001_wfi07_f158_cal.asdf,wfi07,eval,1,68,0.004718464,1
gwcs,../roman/.data/build21/r0000101001001001001_0001_wfi07_f158_cal.asdf,wfi07,eval,1,69,0.004691055,1
gwcs,../roman/.data/build21/r0000101001001001001_0001_wfi07_f158_cal.asdf,wfi07,eval,1,70,0.005160575,1
gwcs,../roman/.data/build21/r0000101001001001001_0001_wfi07_f158_cal.asdf,wfi07,eval,1,71,0.004932911,1
gwcs,../roman/.data/build21/r0000101001001001001_0001_wfi07_f158_cal.asdf,wfi07,eval,1,72,0.005083745,1
gwcs,../roman/.data/build21/r0000101001001001001_0001_wfi07_f158_cal.asdf,wfi07,eval,1,73,0.004968079,1
gwcs,../roman/.data/build21/r0000101001001001001_0001_wfi07_f158_cal.asdf,wfi07,eval,1,74,0.005200691,1
gwcs,../roman/.data/build21/r0000101001001001001_0001_wfi07_f158_cal.asdf,wfi07,eval,1,75,0.004853242,1
gwcs,../roman/.data/build21/r0000101001001001001_0001_wfi07_f158_cal.asdf,wfi07,eval,1,76,0.005185674,1
gwcs,../roman/.data/build21/r0000101001001001001_0001_wfi07_f158_cal.asdf,wfi07,eval,1,77,0.005064364,1
gwcs,../roman/.data/build21/r0000101001001001001_0001_wfi07_f158_cal.asdf,wfi07,eval,1,78,0.005057587,1
gwcs,../roman/.data/build21/r0000101001001001001_0001_wfi07_f158_cal.asdf,wfi07,eval,1,79,0.005009308,1
gwcs,../roman/.data/build21/r0000101001001001001_0001_wfi07_f158_cal.asdf,wfi07,eval,1,80,0.005203949,1
gwcs,../roman/.data/build21/r0000101001001001001_0001_wfi07_f158_cal.asdf,wfi07,eval,1,81,0.004842064,1
gwcs,../roman/.data/build21/r0000101001001001001_0001_wfi07_f158_cal.asdf,wfi07,eval,1,82,0.004964923,1
gwcs,../roman/.data/build21/r0000101001001001001_0001_wfi07_f158_cal.asdf,wfi07,eval,1,83,0.005035896,1
gwcs,../roman/.data/build21/r0000101001001001001_0001_wfi07_f158_cal.asdf,wfi07,eval,1,84,0.005169782,1
gwcs,../roman/.data/build21/r0000101001001001001_0001_wfi07_f158_cal.asdf,wfi07,eval,1,85,0.004924661,1
gwcs,../roman/.data/build21/r0000101001001001001_0001_wfi07_f158_cal.asdf,wfi07,eval,1,86,0.004904989,1
gwcs,../roman/.data/build21/r0000101001001001001_0001_wfi07_f158_cal.asdf,wfi07,eval,1,87,0.005189615,1
gwcs,../roman/.data/build21/r0000101001001001001_0001_wfi07_f158_cal.asdf,wfi07,eval,1,88,0.004796050,1
gwcs,../roman/.data/build21/r0000101001001001001_0001_wfi07_f158_cal.asdf,wfi07,eval,1,89,0.005356532,1
gwcs,../roman/.data/build21/r0000101001001001001_0001_wfi07_f158_cal.asdf,wfi07,eval,1,90,0.005091249,1
gwcs,../roman/.data/build21/r0000101001001001001_0001_wfi07_f158_cal.asdf,wfi07,eval,1,91,0.005342119,1
gwcs,../roman/.data/build21/r0000101001001001001_0001_wfi07_f158_cal.asdf,wfi07,eval,1,92,0.005048262,1
gwcs,../roman/.data/build21/r0000101001001001001_0001_wfi07_f158_cal.asdf,wfi07,eval,1,93,0.005090005,1
gwcs,../roman/.data/build21/r0000101001001001001_0001_wfi07_f158_cal.asdf,wfi07,eval,1,94,0.004870415,1
gwcs,../roman/.data/build21/r0000101001001001001_0001_wfi07_f158_cal.asdf,wfi07,eval,1,95,0.006341254,1
gwcs,../roman/.data/build21/r0000101001001001001_0001_wfi07_f158_cal.asdf,wfi07,eval,1,96,0.004894913,1
gwcs,../roman/.data/build21/r0000101001001001001_0001_wfi07_f158_cal.asdf,wfi07,eval,1,97,0.004901314,1
gwcs,../roman/.data/build21/r0000101001001001001_0001_wfi07_f158_cal.asdf,wfi07,eval,1,98,0.004989757,1
gwcs,../roman/.data/build21/r0000101001001001001_0001_wfi07_f158_cal.asdf,wfi07,eval,1,99,0.005001954,1
gwcs,../roman/.data/build21/r0000101001001001001_0001_wfi07_f158_cal.asdf,wfi07,eval,10,0,0.006400039,1
gwcs,../roman/.data/build21/r0000101001001001001_0001_wfi07_f158_cal.asdf,wfi07,eval,10,1,0.005313395,1
gwcs,../roman/.data/build21/r0000101001001001001_0001_wfi07_f158_cal.asdf,wfi07,eval,10,2,0.005417167,1
gwcs,../roman/.data/build21/r0000101001001001001_0001_wfi07_f158_cal.asdf,wfi07,eval,10,3,0.006086930,1
gwcs,../roman/.data/build21/r0000101001001001001_0001_wfi07_f158_cal.asdf,wfi07,eval,10,4,0.004888466,1
gwcs,../roman/.data/build21/r0000101001001001001_0001_wfi07_f158_cal.asdf,wfi07,eval,10,5,0.004909113,1
gwcs,../roman/.data/build21/r0000101001001001001_0001_wfi07_f158_cal.asdf,wfi07,eval,10,6,0.005383994,1
gwcs,../roman/.data/build21/r0000101001001001001_0001_wfi07_f158_cal.asdf,wfi07,eval,10,7,0.004827596,1
gwcs,../roman/.data/build21/r0000101001001001001_0001_wfi07_f158_cal.asdf,wfi07,eval,10,8,0.004857060,1
gwcs,../roman/.data/build21/r0000101001001001001_0001_wfi07_f158_cal.asdf,wfi07,eval,10,9,0.005322536,1
gwcs,../roman/.data/build21/r0000101001001001001_0001_wfi07_f158_cal.asdf,wfi07,eval,10,10,0.004916674,1
gwcs,../roman/.data/build21/r0000101001001001001_0001_wfi07_f158_cal.asdf,wfi07,eval,10,11,0.004895530,1
gwcs,../roman/.data/build21/r0000101001001001001_0001_wfi07_f158_cal.asdf,wfi07,eval,10,12,0.005150111,1
gwcs,../roman/.data/build21/r0000101001001001001_0001_wfi07_f158_cal.asdf,wfi07,eval,10,13,0.004893395,1
gwcs,../roman/.data/build21/r0000101001001001001_0001_wfi07_f158_cal.asdf,wfi07,eval,10,14,0.004799710,1
gwcs,../roman/.data/build21/r0000101001001001001_0001_wfi07_f158_cal.asdf,wfi07,eval,10,15,0.005377257,1
gwcs,../roman/.data/build21/r0000101001001001001_0001_wfi07_f158_cal.asdf,wfi07,eval,10,16,0.004861251,1
gwcs,../roman/.data/build21/r0000101001001001001_0001_wfi07_f158_cal.asdf,wfi07,eval,10,17,0.004798885,1
gwcs,../roman/.data/build21/r0000101001001001001_0001_wfi07_f158_cal.asdf,wfi07,eval,10,18,0.004894707,1
gwcs,../roman/.data/build21/r0000101001001001001_0001_wfi07_f158_cal.asdf,wfi07,eval,10,19,0.005457464,1
gwcs,../roman/.data/build21/r0000101001001001001_0001_wfi07_f158_cal.asdf,wfi07,eval,10,20,0.004808235,1
gwcs,../roman/.data/build21/r0000101001001001001_0001_wfi07_f158_cal.asdf,wfi07,eval,10,21,0.004870838,1
gwcs,../roman/.data/build21/r0000101001001001001_0001_wfi07_f158_cal.asdf,wfi07,eval,10,22,0.005161326,1
gwcs,../roman/.data/build21/r0000101001001001001_0001_wfi07_f158_cal.asdf,wfi07,eval,10,23,0.004858987,1
gwcs,../roman/.data/build21/r0000101001001001001_0001_wfi07_f158_cal.asdf,wfi07,eval,10,24,0.004801791,1
gwcs,../roman/.data/build21/r0000101001001001001_0001_wfi07_f158_cal.asdf,wfi07,eval,10,25,0.005188853,1
gwcs,../roman/.data/build21/r0000101001001001001_0001_wfi07_f158_cal.asdf,wfi07,eval,10,26,0.004877302,1
gwcs,../roman/.data/build21/r0000101001001001001_0001_wfi07_f158_cal.asdf,wfi07,eval,10,27,0.004804416,1
gwcs,../roman/.data/build21/r0000101001001001001_0001_wfi07_f158_cal.asdf,wfi07,eval,10,28,0.004929956,1
gwcs,../roman/.data/build21/r0000101001001001001_0001_wfi07_f158_cal.asdf,wfi07,eval,10,29,0.005200684,1
gwcs,../roman/.data/build21/r0000101001001001001_0001_wfi07_f158_cal.asdf,wfi07,eval,10,30,0.004828321,1
gwcs,../roman/.data/build21/r0000101001001001001_0001_wfi07_f158_cal.asdf,wfi07,eval,10,31,0.005121823,1
gwcs,../roman/.data/build21/r0000101001001001001_0001_wfi07_f158_cal.asdf,wfi07,eval,10,32,0.005389396,1
gwcs,../roman/.data/build21/r0000101001001001001_0001_wfi07_f158_cal.asdf,wfi07,eval,10,33,0.006205874,1
gwcs,../roman/.data/build21/r0000101001001001001_0001_wfi07_f158_cal.asdf,wfi07,eval,10,34,0.005014970,1
gwcs,../roman/.data/build21/r0000101001001001001_0001_wfi07_f158_cal.asdf,wfi07,eval,10,35,0.005145160,1
gwcs,../roman/.data/build21/r0000101001001001001_0001_wfi07_f158_cal.asdf,wfi07,eval,10,36,0.005432413,1
gwcs,../roman/.data/build21/r0000101001001001001_0001_wfi07_f158_cal.asdf,wfi07,eval,10,37,0.004849275,1
gwcs,../roman/.data/build21/r0000101001001001001_0001_wfi07_f158_cal.asdf,wfi07,eval,10,38,0.005244285,1
gwcs,../roman/.data/build21/r0000101001001001001_0001_wfi07_f158_cal.asdf,wfi07,eval,10,39,0.004878975,1
gwcs,../roman/.data/build21/r0000101001001001001_0001_wfi07_f158_cal.asdf,wfi07,eval,10,40,0.004814297,1
gwcs,../roman/.data/build21/r0000101001001001001_0001_wfi07_f158_cal.asdf,wfi07,eval,10,41,0.004926147,1
gwcs,../roman/.data/build21/r0000101001001001001_0001_wfi07_f158_cal.asdf,wfi07,eval,10,42,0.005198141,1
gwcs,../roman/.data/build21/r0000101001001001001_0001_wfi07_f158_cal.asdf,wfi07,eval,10,43,0.006817519,1
gwcs,../roman/.data/build21/r0000101001001001001_0001_wfi07_f158_cal.asdf,wfi07,eval,10,44,0.005028202,1
gwcs,../roman/.data/build21/r0000101001001001001_0001_wfi07_f158_cal.asdf,wfi07,eval,10,45,0.004928817,1
gwcs,../roman/.data/build21/r0000101001001001001_0001_wfi07_f158_cal.asdf,wfi07,eval,10,46,0.004803681,1
gwcs,../roman/.data/build21/r0000101001001001001_0001_wfi07_f158_cal.asdf,wfi07,eval,10,47,0.010516817,1
gwcs,../roman/.data/build21/r0000101001001001001_0001_wfi07_f158_cal.asdf,wfi07,eval,10,48,0.007753524,1
gwcs,../roman/.data/build21/r0000101001001001001_0001_wfi07_f158_cal.asdf,wfi07,eval,10,49,0.005235783,1
gwcs,../roman/.data/build21/r0000101001001001001_0001_wfi07_f158_cal.asdf,wfi07,eval,10,50,0.005153183,1
gwcs,../roman/.data/build21/r0000101001001001001_0001_wfi07_f158_cal.asdf,wfi07,eval,10,51,0.005234244,1
gwcs,../roman/.data/build21/r0000101001001001001_0001_wfi07_f158_cal.asdf,wfi07,eval,10,52,0.005052148,1
gwcs,../roman/.data/build21/r0000101001001001001_0001_wfi07_f158_cal.asdf,wfi07,eval,10,53,0.005156609,1
gwcs,../roman/.data/build21/r0000101001001001001_0001_wfi07_f158_cal.asdf,wfi07,eval,10,54,0.005033118,1
gwcs,../roman/.data/build21/r0000101001001001001_0001_wfi07_f158_cal.asdf,wfi07,eval,10,55,0.005009993,1
gwcs,../roman/.data/build21/r0000101001001001001_0001_wfi07_f158_cal.asdf,wfi07,eval,10,56,0.005587708,1
gwcs,../roman/.data/build21/r0000101001001001001_0001_wfi07_f158_cal.asdf,wfi07,eval,10,57,0.004864732,1
gwcs,../roman/.data/build21/r0000101001001001001_0001_wfi07_f158_cal.asdf,wfi07,eval,10,58,0.004795227,1
gwcs,../roman/.data/build21/r0000101001001001001_0001_wfi07_f158_cal.asdf,wfi07,eval,10,59,0.004925203,1
gwcs,../roman/.data/build21/r0000101001001001001_0001_wfi07_f158_cal.asdf,wfi07,eval,10,60,0.004893612,1
gwcs,../roman/.data/build21/r0000101001001001001_0001_wfi07_f158_cal.asdf,wfi07,eval,10,61,0.004781242,1
gwcs,../roman/.data/build21/r0000101001001001001_0001_wfi07_f158_cal.asdf,wfi07,eval,10,62,0.004840453,1
gwcs,../roman/.data/build21/r0000101001001001001_0001_wfi07_f158_cal.asdf,wfi07,eval,10,63,0.004956173,1
gwcs,../roman/.data/build21/r0000101001001001001_0001_wfi07_f158_cal.asdf,wfi07,eval,10,64,0.004821476,1
gwcs,../roman/.data/build21/r0000101001001001001_0001_wfi07_f158_cal.asdf,wfi07,eval,10,65,0.004772312,1
gwcs,../roman/.data/build21/r0000101001001001001_0001_wfi07_f158_cal.asdf,wfi07,eval,10,66,0.004893234,1
gwcs,../roman/.data/build21/r0000101001001001001_0001_wfi07_f158_cal.asdf,wfi07,eval,10,67,0.004889078,1
gwcs,../roman/.data/build21/r0000101001001001001_0001_wfi07_f158_cal.asdf,wfi07,eval,10,68,0.004772197,1
gwcs,../roman/.data/build21/r0000101001001001001_0001_wfi07_f158_cal.asdf,wfi07,eval,10,69,0.004813540,1
gwcs,../roman/.data/build21/r0000101001001001001_0001_wfi07_f158_cal.asdf,wfi07,eval,10,70,0.004883461,1
gwcs,../roman/.data/build21/r0000101001001001001_0001_wfi07_f158_cal.asdf,wfi07,eval,10,71,0.004870252,1
gwcs,../roman/.data/build21/r0000101001001001001_0001_wfi07_f158_cal.asdf,wfi07,eval,10,72,0.004796826,1
gwcs,../roman/.data/build21/r0000101001001001001_0001_wfi07_f158_cal.asdf,wfi07,eval,10,73,0.005032852,1
gwcs,../roman/.data/build21/r0000101001001001001_0001_wfi07_f158_cal.asdf,wfi07,eval,10,74,0.004884899,1
gwcs,../roman/.data/build21/r0000101001001001001_0001_wfi07_f158_cal.asdf,wfi07,eval,10,75,0.004794827,1
gwcs,../roman/.data/build21/r0000101001001001001_0001_wfi07_f158_cal.asdf,wfi07,eval,10,76,0.004924775,1
gwcs,../roman/.data/build21/r0000101001001001001_0001_wfi07_f158_cal.asdf,wfi07,eval,10,77,0.004904638,1
gwcs,../roman/.data/build21/r0000101001001001001_0001_wfi07_f158_cal.asdf,wfi07,eval,10,78,0.004825796,1
gwcs,../roman/.data/build21/r0000101001001001001_0001_wfi07_f158_cal.asdf,wfi07,eval,10,79,0.004843908,1
gwcs,../roman/.data/build21/r0000101001001001001_0001_wfi07_f158_cal.asdf,wfi07,eval,10,80,0.004925931,1
gwcs,../roman/.data/build21/r0000101001001001001_0001_wfi07_f158_cal.asdf,wfi07,eval,10,81,0.004930410,1
gwcs,../roman/.data/build21/r0000101001001001001_0001_wfi07_f158_cal.asdf,wfi07,eval,10,82,0.004782811,1
gwcs,../roman/.data/build21/r0000101001001001001_0001_wfi07_f158_cal.asdf,wfi07,eval,10,83,0.004930978,1
gwcs,../roman/.data/build21/r0000101001001001001_0001_wfi07_f158_cal.asdf,wfi07,eval,10,84,0.004859322,1
gwcs,../roman/.data/build21/r0000101001001001001_0001_wfi07_f158_cal.asdf,wfi07,eval,10,85,0.004767910,1
gwcs,../roman/.data/build21/r0000101001001001001_0001_wfi07_f158_cal.asdf,wfi07,eval,10,86,0.004777354,1
gwcs,../roman/.data/build21/r0000101001001001001_0001_wfi07_f158_cal.asdf,wfi07,eval,10,87,0.004942347,1
gwcs,../roman/.data/build21/r0000101001001001001_0001_wfi07_f158_cal.asdf,wfi07,eval,10,88,0.004789236,1
gwcs,../roman/.data/build21/r0000101001001001001_0001_wfi07_f158_cal.asdf,wfi07,eval,10,89,0.004759656,1
gwcs,../roman/.data/build21/r0000101001001001001_0001_wfi07_f158_cal.asdf,wfi07,eval,10,90,0.004878463,1
gwcs,../roman/.data/build21/r0000101001001001001_0001_wfi07_f158_cal.asdf,wfi07,eval,10,91,0.004857462,1
gwcs,../roman/.data/build21/r0000101001001001001_0001_wfi07_f158_cal.asdf,wfi07,eval,10,92,0.004770735,1
gwcs,../roman/.data/build21/r0000101001001001001_0001_wfi07_f158_cal.asdf,wfi07,eval,10,93,0.004869401,1
gwcs,../roman/.data/build21/r0000101001001001001_0001_wfi07_f158_cal.asdf,wfi07,eval,10,94,0.004897035,1
gwcs,../roman/.data/build21/r0000101001001001001_0001_wfi07_f158_cal.asdf,wfi07,eval,10,95,0.004770203,1
gwcs,../roman/.data/build21/r0000101001001001001_0001_wfi07_f158_cal.asdf,wfi07,eval,10,96,0.004766430,1
gwcs,../roman/.data/build21/r0000101001001001001_0001_wfi07_f158_cal.asdf,wfi07,eval,10,97,0.005633435,1
gwcs,../roman/.data/build21/r0000101001001001001_0001_wfi07_f158_cal.asdf,wfi07,eval,10,98,0.005052085,1
gwcs,../roman/.data/build21/r0000101001001001001_0001_wfi07_f158_cal.asdf,wfi07,eval,10,99,0.004824289,1
gwcs,../roman/.data/build21/r0000101001001001001_0001_wfi07_f158_cal.asdf,wfi07,eval,100,0,0.006099544,1
gwcs,../roman/.data/build21/r0000101001001001001_0001_wfi07_f158_cal.asdf,wfi07,eval,100,1,0.005611623,1
gwcs,../roman/.data/build21/r0000101001001001001_0001_wfi07_f158_cal.asdf,wfi07,eval,100,2,0.004911823,1
gwcs,../roman/.data/build21/r0000101001001001001_0001_wfi07_f158_cal.asdf,wfi07,eval,100,3,0.005164767,1
gwcs,../roman/.data/build21/r0000101001001001001_0001_wfi07_f158_cal.asdf,wfi07,eval,100,4,0.005453034,1
gwcs,../roman/.data/build21/r0000101001001001001_0001_wfi07_f158_cal.asdf,wfi07,eval,100,5,0.004882636,1
gwcs,../roman/.data/build21/r0000101001001001001_0001_wfi07_f158_cal.asdf,wfi07,eval,100,6,0.004920363,1
gwcs,../roman/.data/build21/r0000101001001001001_0001_wfi07_f158_cal.asdf,wfi07,eval,100,7,0.005316157,1
gwcs,../roman/.data/build21/r0000101001001001001_0001_wfi07_f158_cal.asdf,wfi07,eval,100,8,0.004922848,1
gwcs,../roman/.data/build21/r0000101001001001001_0001_wfi07_f158_cal.asdf,wfi07,eval,100,9,0.004892156,1
gwcs,../roman/.data/build21/r0000101001001001001_0001_wfi07_f158_cal.asdf,wfi07,eval,100,10,0.004949077,1
gwcs,../roman/.data/build21/r0000101001001001001_0001_wfi07_f158_cal.asdf,wfi07,eval,100,11,0.004874858,1
gwcs,../roman/.data/build21/r0000101001001001001_0001_wfi07_f158_cal.asdf,wfi07,eval,100,12,0.004933719,1
gwcs,../roman/.data/build21/r0000101001001001001_0001_wfi07_f158_cal.asdf,wfi07,eval,100,13,0.004964801,1
gwcs,../roman/.data/build21/r0000101001001001001_0001_wfi07_f158_cal.asdf,wfi07,eval,100,14,0.004928669,1
gwcs,../roman/.data/build21/r0000101001001001001_0001_wfi07_f158_cal.asdf,wfi07,eval,100,15,0.004833443,1
gwcs,../roman/.data/build21/r0000101001001001001_0001_wfi07_f158_cal.asdf,wfi07,eval,100,16,0.004848666,1
gwcs,../roman/.data/build21/r0000101001001001001_0001_wfi07_f158_cal.asdf,wfi07,eval,100,17,0.005161305,1
gwcs,../roman/.data/build21/r0000101001001001001_0001_wfi07_f158_cal.asdf,wfi07,eval,100,18,0.004917663,1
gwcs,../roman/.data/build21/r0000101001001001001_0001_wfi07_f158_cal.asdf,wfi07,eval,100,19,0.004835527,1
gwcs,../roman/.data/build21/r0000101001001001001_0001_wfi07_f158_cal.asdf,wfi07,eval,100,20,0.004981522,1
gwcs,../roman/.data/build21/r0000101001001001001_0001_wfi07_f158_cal.asdf,wfi07,eval,100,21,0.004893242,1
gwcs,../roman/.data/build21/r0000101001001001001_0001_wfi07_f158_cal.asdf,wfi07,eval,100,22,0.004870611,1
gwcs,../roman/.data/build21/r0000101001001001001_0001_wfi07_f158_cal.asdf,wfi07,eval,100,23,0.004887527,1
gwcs,../roman/.data/build21/r0000101001001001001_0001_wfi07_f158_cal.asdf,wfi07,eval,100,24,0.004928294,1
gwcs,../roman/.data/build21/r0000101001001001001_0001_wfi07_f158_cal.asdf,wfi07,eval,100,25,0.004834776,1
gwcs,../roman/.data/build21/r0000101001001001001_0001_wfi07_f158_cal.asdf,wfi07,eval,100,26,0.004850853,1
gwcs,../roman/.data/build21/r0000101001001001001_0001_wfi07_f158_cal.asdf,wfi07,eval,100,27,0.005118094,1
gwcs,../roman/.data/build21/r0000101001001001001_0001_wfi07_f158_cal.asdf,wfi07,eval,100,28,0.004990238,1
gwcs,../roman/.data/build21/r0000101001001001001_0001_wfi07_f158_cal.asdf,wfi07,eval,100,29,0.005135676,1
gwcs,../roman/.data/build21/r0000101001001001001_0001_wfi07_f158_cal.asdf,wfi07,eval,100,30,0.005053427,1
gwcs,../roman/.data/build21/r0000101001001001001_0001_wfi07_f158_cal.asdf,wfi07,eval,100,31,0.005903416,1
gwcs,../roman/.data/build21/r0000101001001001001_0001_wfi07_f158_cal.asdf,wfi07,eval,100,32,0.005047455,1
gwcs,../roman/.data/build21/r0000101001001001001_0001_wfi07_f158_cal.asdf,wfi07,eval,100,33,0.005480301,1
gwcs,../roman/.data/build21/r0000101001001001001_0001_wfi07_f158_cal.asdf,wfi07,eval,100,34,0.005647828,1
gwcs,../roman/.data/build21/r0000101001001001001_0001_wfi07_f158_cal.asdf,wfi07,eval,100,35,0.005016459,1
gwcs,../roman/.data/build21/r0000101001001001001_0001_wfi07_f158_cal.asdf,wfi07,eval,100,36,0.005300961,1
gwcs,../roman/.data/build21/r0000101001001001001_0001_wfi07_f158_cal.asdf,wfi07,eval,100,37,0.005136219,1
gwcs,../roman/.data/build21/r0000101001001001001_0001_wfi07_f158_cal.asdf,wfi07,eval,100,38,0.005027690,1
gwcs,../roman/.data/build21/r0000101001001001001_0001_wfi07_f158_cal.asdf,wfi07,eval,100,39,0.005135149,1
gwcs,../roman/.data/build21/r0000101001001001001_0001_wfi07_f158_cal.asdf,wfi07,eval,100,40,0.005443094,1
gwcs,../roman/.data/build21/r0000101001001001001_0001_wfi07_f158_cal.asdf,wfi07,eval,100,41,0.005056352,1
gwcs,../roman/.data/build21/r0000101001001001001_0001_wfi07_f158_cal.asdf,wfi07,eval,100,42,0.005117552,1
gwcs,../roman/.data/build21/r0000101001001001001_0001_wfi07_f158_cal.asdf,wfi07,eval,100,43,0.005235929,1
gwcs,../roman/.data/build21/r0000101001001001001_0001_wfi07_f158_cal.asdf,wfi07,eval,100,44,0.005032979,1
gwcs,../roman/.data/build21/r0000101001001001001_0001_wfi07_f158_cal.asdf,wfi07,eval,100,45,0.005248682,1
gwcs,../roman/.data/build21/r0000101001001001001_0001_wfi07_f158_cal.asdf,wfi07,eval,100,46,0.005076570,1
gwcs,../roman/.data/build21/r0000101001001001001_0001_wfi07_f158_cal.asdf,wfi07,eval,100,47,0.005107909,1
gwcs,../roman/.data/build21/r0000101001001001001_0001_wfi07_f158_cal.asdf,wfi07,eval,100,48,0.005112085,1
gwcs,../roman/.data/build21/r0000101001001001001_0001_wfi07_f158_cal.asdf,wfi07,eval,100,49,0.005140790,1
gwcs,../roman/.data/build21/r0000101001001001001_0001_wfi07_f158_cal.asdf,wfi07,eval,1000,0,0.005957358,1
gwcs,../roman/.data/build21/r0000101001001001001_0001_wfi07_f158_cal.asdf,wfi07,eval,1000,1,0.006572034,1
gwcs,../roman/.data/build21/r0000101001001001001_0001_wfi07_f158_cal.asdf,wfi07,eval,1000,2,0.005651898,1
gwcs,../roman/.data/build21/r0000101001001001001_0001_wfi07_f158_cal.asdf,wfi07,eval,1000,3,0.005535408,1
gwcs,../roman/.data/build21/r0000101001001001001_0001_wfi07_f158_cal.asdf,wfi07,eval,1000,4,0.005704423,1
gwcs,../roman/.data/build21/r0000101001001001001_0001_wfi07_f158_cal.asdf,wfi07,eval,1000,5,0.005773390,1
gwcs,../roman/.data/build21/r0000101001001001001_0001_wfi07_f158_cal.asdf,wfi07,eval,1000,6,0.005668803,1
gwcs,../roman/.data/build21/r0000101001001001001_0001_wfi07_f158_cal.asdf,wfi07,eval,1000,7,0.005372697,1
gwcs,../roman/.data/build21/r0000101001001001001_0001_wfi07_f158_cal.asdf,wfi07,eval,1000,8,0.006278615,1
gwcs,../roman/.data/build21/r0000101001001001001_0001_wfi07_f158_cal.asdf,wfi07,eval,1000,9,0.005617568,1
gwcs,../roman/.data/build21/r0000101001001001001_0001_wfi07_f158_cal.asdf,wfi07,eval,1000,10,0.005503223,1
gwcs,../roman/.data/build21/r0000101001001001001_0001_wfi07_f158_cal.asdf,wfi07,eval,1000,11,0.005806562,1
gwcs,../roman/.data/build21/r0000101001001001001_0001_wfi07_f158_cal.asdf,wfi07,eval,1000,12,0.005581034,1
gwcs,../roman/.data/build21/r0000101001001001001_0001_wfi07_f158_cal.asdf,wfi07,eval,1000,13,0.005584997,1
gwcs,../roman/.data/build21/r0000101001001001001_0001_wfi07_f158_cal.asdf,wfi07,eval,1000,14,0.005919299,1
gwcs,../roman/.data/build21/r0000101001001001001_0001_wfi07_f158_cal.asdf,wfi07,eval,1000,15,0.005271065,1
gwcs,../roman/.data/build21/r0000101001001001001_0001_wfi07_f158_cal.asdf,wfi07,eval,1000,16,0.005321890,1
gwcs,../roman/.data/build21/r0000101001001001001_0001_wfi07_f158_cal.asdf,wfi07,eval,1000,17,0.005894623,1
gwcs,../roman/.data/build21/r0000101001001001001_0001_wfi07_f158_cal.asdf,wfi07,eval,1000,18,0.005292040,1
gwcs,../roman/.data/build21/r0000101001001001001_0001_wfi07_f158_cal.asdf,wfi07,eval,1000,19,0.005360322,1
gwcs,../roman/.data/build21/r0000101001001001001_0001_wfi07_f158_cal.asdf,wfi07,eval,10000,0,0.009266354,1
gwcs,../roman/.data/build21/r0000101001001001001_0001_wfi07_f158_cal.asdf,wfi07,eval,10000,1,0.008243959,1
gwcs,../roman/.data/build21/r0000101001001001001_0001_wfi07_f158_cal.asdf,wfi07,eval,10000,2,0.008116852,1
gwcs,../roman/.data/build21/r0000101001001001001_0001_wfi07_f158_cal.asdf,wfi07,eval,10000,3,0.007954838,1
gwcs,../roman/.data/build21/r0000101001001001001_0001_wfi07_f158_cal.asdf,wfi07,eval,10000,4,0.008460356,1
gwcs,../roman/.data/build21/r0000101001001001001_0001_wfi07_f158_cal.asdf,wfi07,eval,10000,5,0.008009451,1
gwcs,../roman/.data/build21/r0000101001001001001_0001_wfi07_f158_cal.asdf,wfi07,eval,10000,6,0.008126842,1
gwcs,../roman/.data/build21/r0000101001001001001_0001_wfi07_f158_cal.asdf,wfi07,eval,10000,7,0.008015411,1
gwcs,../roman/.data/build21/r0000101001001001001_0001_wfi07_f158_cal.asdf,wfi07,eval,10000,8,0.008197497,1
gwcs,../roman/.data/build21/r0000101001001001001_0001_wfi07_f158_cal.asdf,wfi07,eval,10000,9,0.008110579,1
gwcs,../roman/.data/build21/r0000101001001001001_0001_wfi07_f158_cal.asdf,wfi07,eval,100000,0,0.037694560,1
gwcs,../roman/.data/build21/r0000101001001001001_0001_wfi07_f158_cal.asdf,wfi07,eval,100000,1,0.034975347,1
gwcs,../roman/.data/build21/r0000101001001001001_0001_wfi07_f158_cal.asdf,wfi07,eval,100000,2,0.035370208,1
gwcs,../roman/.data/build21/r0000101001001001001_0001_wfi07_f158_cal.asdf,wfi07,eval,100000,3,0.035180852,1
gwcs,../roman/.data/build21/r0000101001001001001_0001_wfi07_f158_cal.asdf,wfi07,eval,100000,4,0.035150519,1
gwcs,../roman/.data/build21/r0000101001001001001_0001_wfi07_f158_cal.asdf,wfi07,eval,1000000,0,0.369823385,1
gwcs,../roman/.data/build21/r0000101001001001001_0001_wfi07_f158_cal.asdf,wfi07,eval,1000000,1,0.372697134,1
gwcs,../roman/.data/build21/r0000101001001001001_0001_wfi07_f158_cal.asdf,wfi07,eval,1000000,2,0.381885469,1
gwcs,../roman/.data/build21/r0000101001001001001_0001_wfi07_f158_cal.asdf,wfi07,eval,10000000,0,8.292416908,1
gwcs,../roman/.data/build21/r0000101001001001001_0001_wfi07_f158_cal.asdf,wfi07,eval,10000000,1,7.909222446,1
gwcs,../roman/.data/build21/r0000101001001001001_0001_wfi07_f158_cal.asdf,wfi07,eval,16711744,0,25.078933994,1
gwcs,../roman/.data/build21/r0000101001001001001_0001_wfi07_f158_cal.asdf,wfi07,eval,16711744,1,24.594417657,1
gwcs,../roman/.data/build21/r0000101001001001001_0001_wfi08_f158_cal.asdf,wfi08,parse_cold,0,0,0.850294606,1
gwcs,../roman/.data/build21/r0000101001001001001_0001_wfi08_f158_cal.asdf,wfi08,parse_hot,0,0,0.521717193,1
gwcs,../roman/.data/build21/r0000101001001001001_0001_wfi08_f158_cal.asdf,wfi08,eval,1,0,0.005407277,1
gwcs,../roman/.data/build21/r0000101001001001001_0001_wfi08_f158_cal.asdf,wfi08,eval,1,1,0.005262023,1
gwcs,../roman/.data/build21/r0000101001001001001_0001_wfi08_f158_cal.asdf,wfi08,eval,1,2,0.004892568,1
gwcs,../roman/.data/build21/r0000101001001001001_0001_wfi08_f158_cal.asdf,wfi08,eval,1,3,0.005136426,1
gwcs,../roman/.data/build21/r0000101001001001001_0001_wfi08_f158_cal.asdf,wfi08,eval,1,4,0.004823197,1
gwcs,../roman/.data/build21/r0000101001001001001_0001_wfi08_f158_cal.asdf,wfi08,eval,1,5,0.004759867,1
gwcs,../roman/.data/build21/r0000101001001001001_0001_wfi08_f158_cal.asdf,wfi08,eval,1,6,0.004994082,1
gwcs,../roman/.data/build21/r0000101001001001001_0001_wfi08_f158_cal.asdf,wfi08,eval,1,7,0.004768820,1
gwcs,../roman/.data/build21/r0000101001001001001_0001_wfi08_f158_cal.asdf,wfi08,eval,1,8,0.004749831,1
gwcs,../roman/.data/build21/r0000101001001001001_0001_wfi08_f158_cal.asdf,wfi08,eval,1,9,0.004781747,1
gwcs,../roman/.data/build21/r0000101001001001001_0001_wfi08_f158_cal.asdf,wfi08,eval,1,10,0.005041896,1
gwcs,../roman/.data/build21/r0000101001001001001_0001_wfi08_f158_cal.asdf,wfi08,eval,1,11,0.004797906,1
gwcs,../roman/.data/build21/r0000101001001001001_0001_wfi08_f158_cal.asdf,wfi08,eval,1,12,0.004677072,1
gwcs,../roman/.data/build21/r0000101001001001001_0001_wfi08_f158_cal.asdf,wfi08,eval,1,13,0.005101714,1
gwcs,../roman/.data/build21/r0000101001001001001_0001_wfi08_f158_cal.asdf,wfi08,eval,1,14,0.005429557,1
gwcs,../roman/.data/build21/r0000101001001001001_0001_wfi08_f158_cal.asdf,wfi08,eval,1,15,0.004913731,1
gwcs,../roman/.data/build21/r0000101001001001001_0001_wfi08_f158_cal.asdf,wfi08,eval,1,16,0.005209969,1
gwcs,../roman/.data/build21/r0000101001001001001_0001_wfi08_f158_cal.asdf,wfi08,eval,1,17,0.004889545,1
gwcs,../roman/.data/build21/r0000101001001001001_0001_wfi08_f158_cal.asdf,wfi08,eval,1,18,0.005096275,1
gwcs,../roman/.data/build21/r0000101001001001001_0001_wfi08_f158_cal.asdf,wfi08,eval,1,19,0.005002502,1
gwcs,../roman/.data/build21/r0000101001001001001_0001_wfi08_f158_cal.asdf,wfi08,eval,1,20,0.005178707,1
gwcs,../roman/.data/build21/r0000101001001001001_0001_wfi08_f158_cal.asdf,wfi08,eval,1,21,0.005235337,1
gwcs,../roman/.data/build21/r0000101001001001001_0001_wfi08_f158_cal.asdf,wfi08,eval,1,22,0.005009010,1
gwcs,../roman/.data/build21/r0000101001001001001_0001_wfi08_f158_cal.asdf,wfi08,eval,1,23,0.005055204,1
gwcs,../roman/.data/build21/r0000101001001001001_0001_wfi08_f158_cal.asdf,wfi08,eval,1,24,0.005091810,1
gwcs,../roman/.data/build21/r0000101001001001001_0001_wfi08_f158_cal.asdf,wfi08,eval,1,25,0.004854498,1
gwcs,../roman/.data/build21/r0000101001001001001_0001_wfi08_f158_cal.asdf,wfi08,eval,1,26,0.004994710,1
gwcs,../roman/.data/build21/r0000101001001001001_0001_wfi08_f158_cal.asdf,wfi08,eval,1,27,0.005021466,1
gwcs,../roman/.data/build21/r0000101001001001001_0001_wfi08_f158_cal.asdf,wfi08,eval,1,28,0.004881105,1
gwcs,../roman/.data/build21/r0000101001001001001_0001_wfi08_f158_cal.asdf,wfi08,eval,1,29,0.005318229,1
gwcs,../roman/.data/build21/r0000101001001001001_0001_wfi08_f158_cal.asdf,wfi08,eval,1,30,0.004973607,1
gwcs,../roman/.data/build21/r0000101001001001001_0001_wfi08_f158_cal.asdf,wfi08,eval,1,31,0.005166759,1
gwcs,../roman/.data/build21/r0000101001001001001_0001_wfi08_f158_cal.asdf,wfi08,eval,1,32,0.005288779,1
gwcs,../roman/.data/build21/r0000101001001001001_0001_wfi08_f158_cal.asdf,wfi08,eval,1,33,0.005265944,1
gwcs,../roman/.data/build21/r0000101001001001001_0001_wfi08_f158_cal.asdf,wfi08,eval,1,34,0.005043185,1
gwcs,../roman/.data/build21/r0000101001001001001_0001_wfi08_f158_cal.asdf,wfi08,eval,1,35,0.005062581,1
gwcs,../roman/.data/build21/r0000101001001001001_0001_wfi08_f158_cal.asdf,wfi08,eval,1,36,0.005177204,1
gwcs,../roman/.data/build21/r0000101001001001001_0001_wfi08_f158_cal.asdf,wfi08,eval,1,37,0.005063982,1
gwcs,../roman/.data/build21/r0000101001001001001_0001_wfi08_f158_cal.asdf,wfi08,eval,1,38,0.004736650,1
gwcs,../roman/.data/build21/r0000101001001001001_0001_wfi08_f158_cal.asdf,wfi08,eval,1,39,0.004924493,1
gwcs,../roman/.data/build21/r0000101001001001001_0001_wfi08_f158_cal.asdf,wfi08,eval,1,40,0.004797392,1
gwcs,../roman/.data/build21/r0000101001001001001_0001_wfi08_f158_cal.asdf,wfi08,eval,1,41,0.004713047,1
gwcs,../roman/.data/build21/r0000101001001001001_0001_wfi08_f158_cal.asdf,wfi08,eval,1,42,0.004724382,1
gwcs,../roman/.data/build21/r0000101001001001001_0001_wfi08_f158_cal.asdf,wfi08,eval,1,43,0.006058731,1
gwcs,../roman/.data/build21/r0000101001001001001_0001_wfi08_f158_cal.asdf,wfi08,eval,1,44,0.005156519,1
gwcs,../roman/.data/build21/r0000101001001001001_0001_wfi08_f158_cal.asdf,wfi08,eval,1,45,0.004796315,1
gwcs,../roman/.data/build21/r0000101001001001001_0001_wfi08_f158_cal.asdf,wfi08,eval,1,46,0.005011760,1
gwcs,../roman/.data/build21/r0000101001001001001_0001_wfi08_f158_cal.asdf,wfi08,eval,1,47,0.004754349,1
gwcs,../roman/.data/build21/r0000101001001001001_0001_wfi08_f158_cal.asdf,wfi08,eval,1,48,0.004682240,1
gwcs,../roman/.data/build21/r0000101001001001001_0001_wfi08_f158_cal.asdf,wfi08,eval,1,49,0.004905622,1
gwcs,../roman/.data/build21/r0000101001001001001_0001_wfi08_f158_cal.asdf,wfi08,eval,1,50,0.004780270,1
gwcs,../roman/.data/build21/r0000101001001001001_0001_wfi08_f158_cal.asdf,wfi08,eval,1,51,0.004741139,1
gwcs,../roman/.data/build21/r0000101001001001001_0001_wfi08_f158_cal.asdf,wfi08,eval,1,52,0.006309814,1
gwcs,../roman/.data/build21/r0000101001001001001_0001_wfi08_f158_cal.asdf,wfi08,eval,1,53,0.004815564,1
gwcs,../roman/.data/build21/r0000101001001001001_0001_wfi08_f158_cal.asdf,wfi08,eval,1,54,0.007111149,1
gwcs,../roman/.data/build21/r0000101001001001001_0001_wfi08_f158_cal.asdf,wfi08,eval,1,55,0.004814410,1
gwcs,../roman/.data/build21/r0000101001001001001_0001_wfi08_f158_cal.asdf,wfi08,eval,1,56,0.004808653,1
gwcs,../roman/.data/build21/r0000101001001001001_0001_wfi08_f158_cal.asdf,wfi08,eval,1,57,0.004818415,1
gwcs,../roman/.data/build21/r0000101001001001001_0001_wfi08_f158_cal.asdf,wfi08,eval,1,58,0.004741190,1
gwcs,../roman/.data/build21/r0000101001001001001_0001_wfi08_f158_cal.asdf,wfi08,eval,1,59,0.004818104,1
gwcs,../roman/.data/build21/r0000101001001001001_0001_wfi08_f158_cal.asdf,wfi08,eval,1,60,0.004873028,1
gwcs,../roman/.data/build21/r0000101001001001001_0001_wfi08_f158_cal.asdf,wfi08,eval,1,61,0.004701579,1
gwcs,../roman/.data/build21/r0000101001001001001_0001_wfi08_f158_cal.asdf,wfi08,eval,1,62,0.004773118,1
gwcs,../roman/.data/build21/r0000101001001001001_0001_wfi08_f158_cal.asdf,wfi08,eval,1,63,0.004805810,1
gwcs,../roman/.data/build21/r0000101001001001001_0001_wfi08_f158_cal.asdf,wfi08,eval,1,64,0.004724681,1
gwcs,../roman/.data/build21/r0000101001001001001_0001_wfi08_f158_cal.asdf,wfi08,eval,1,65,0.004704438,1
gwcs,../roman/.data/build21/r0000101001001001001_0001_wfi08_f158_cal.asdf,wfi08,eval,1,66,0.004765769,1
gwcs,../roman/.data/build21/r0000101001001001001_0001_wfi08_f158_cal.asdf,wfi08,eval,1,67,0.004798805,1
gwcs,../roman/.data/build21/r0000101001001001001_0001_wfi08_f158_cal.asdf,wfi08,eval,1,68,0.004672848,1
gwcs,../roman/.data/build21/r0000101001001001001_0001_wfi08_f158_cal.asdf,wfi08,eval,1,69,0.004826025,1
gwcs,../roman/.data/build21/r0000101001001001001_0001_wfi08_f158_cal.asdf,wfi08,eval,1,70,0.004833641,1
gwcs,../roman/.data/build21/r0000101001001001001_0001_wfi08_f158_cal.asdf,wfi08,eval,1,71,0.004734389,1
gwcs,../roman/.data/build21/r0000101001001001001_0001_wfi08_f158_cal.asdf,wfi08,eval,1,72,0.004697705,1
gwcs,../roman/.data/build21/r0000101001001001001_0001_wfi08_f158_cal.asdf,wfi08,eval,1,73,0.004802113,1
gwcs,../roman/.data/build21/r0000101001001001001_0001_wfi08_f158_cal.asdf,wfi08,eval,1,74,0.004985567,1
gwcs,../roman/.data/build21/r0000101001001001001_0001_wfi08_f158_cal.asdf,wfi08,eval,1,75,0.004891678,1
gwcs,../roman/.data/build21/r0000101001001001001_0001_wfi08_f158_cal.asdf,wfi08,eval,1,76,0.004801097,1
gwcs,../roman/.data/build21/r0000101001001001001_0001_wfi08_f158_cal.asdf,wfi08,eval,1,77,0.004852729,1
gwcs,../roman/.data/build21/r0000101001001001001_0001_wfi08_f158_cal.asdf,wfi08,eval,1,78,0.004746800,1
gwcs,../roman/.data/build21/r0000101001001001001_0001_wfi08_f158_cal.asdf,wfi08,eval,1,79,0.004746705,1
gwcs,../roman/.data/build21/r0000101001001001001_0001_wfi08_f158_cal.asdf,wfi08,eval,1,80,0.004925008,1
gwcs,../roman/.data/build21/r0000101001001001001_0001_wfi08_f158_cal.asdf,wfi08,eval,1,81,0.004791189,1
gwcs,../roman/.data/build21/r0000101001001001001_0001_wfi08_f158_cal.asdf,wfi08,eval,1,82,0.004685293,1
gwcs,../roman/.data/build21/r0000101001001001001_0001_wfi08_f158_cal.asdf,wfi08,eval,1,83,0.004783618,1
gwcs,../roman/.data/build21/r0000101001001001001_0001_wfi08_f158_cal.asdf,wfi08,eval,1,84,0.004894679,1
gwcs,../roman/.data/build21/r0000101001001001001_0001_wfi08_f158_cal.asdf,wfi08,eval,1,85,0.004708809,1
gwcs,../roman/.data/build21/r0000101001001001001_0001_wfi08_f158_cal.asdf,wfi08,eval,1,86,0.004702133,1
gwcs,../roman/.data/build21/r0000101001001001001_0001_wfi08_f158_cal.asdf,wfi08,eval,1,87,0.004819616,1
gwcs,../roman/.data/build21/r0000101001001001001_0001_wfi08_f158_cal.asdf,wfi08,eval,1,88,0.004718239,1
gwcs,../roman/.data/build21/r0000101001001001001_0001_wfi08_f158_cal.asdf,wfi08,eval,1,89,0.004694823,1
gwcs,../roman/.data/build21/r0000101001001001001_0001_wfi08_f158_cal.asdf,wfi08,eval,1,90,0.004770950,1
gwcs,../roman/.data/build21/r0000101001001001001_0001_wfi08_f158_cal.asdf,wfi08,eval,1,91,0.004771519,1
gwcs,../roman/.data/build21/r0000101001001001001_0001_wfi08_f158_cal.asdf,wfi08,eval,1,92,0.004694049,1
gwcs,../roman/.data/build21/r0000101001001001001_0001_wfi08_f158_cal.asdf,wfi08,eval,1,93,0.005332697,1
gwcs,../roman/.data/build21/r0000101001001001001_0001_wfi08_f158_cal.asdf,wfi08,eval,1,94,0.004945542,1
gwcs,../roman/.data/build21/r0000101001001001001_0001_wfi08_f158_cal.asdf,wfi08,eval,1,95,0.004748579,1
gwcs,../roman/.data/build21/r0000101001001001001_0001_wfi08_f158_cal.asdf,wfi08,eval,1,96,0.004706841,1
gwcs,../roman/.data/build21/r0000101001001001001_0001_wfi08_f158_cal.asdf,wfi08,eval,1,97,0.004869639,1
gwcs,../roman/.data/build21/r0000101001001001001_0001_wfi08_f158_cal.asdf,wfi08,eval,1,98,0.004814689,1
gwcs,../roman/.data/build21/r0000101001001001001_0001_wfi08_f158_cal.asdf,wfi08,eval,1,99,0.004756806,1
gwcs,../roman/.data/build21/r0000101001001001001_0001_wfi08_f158_cal.asdf,wfi08,eval,10,0,0.005315836,1
gwcs,../roman/.data/build21/r0000101001001001001_0001_wfi08_f158_cal.asdf,wfi08,eval,10,1,0.005356386,1
gwcs,../roman/.data/build21/r0000101001001001001_0001_wfi08_f158_cal.asdf,wfi08,eval,10,2,0.004863041,1
gwcs,../roman/.data/build21/r0000101001001001001_0001_wfi08_f158_cal.asdf,wfi08,eval,10,3,0.004857713,1
gwcs,../roman/.data/build21/r0000101001001001001_0001_wfi08_f158_cal.asdf,wfi08,eval,10,4,0.005048003,1
gwcs,../roman/.data/build21/r0000101001001001001_0001_wfi08_f158_cal.asdf,wfi08,eval,10,5,0.004891048,1
gwcs,../roman/.data/build21/r0000101001001001001_0001_wfi08_f158_cal.asdf,wfi08,eval,10,6,0.004799848,1
gwcs,../roman/.data/build21/r0000101001001001001_0001_wfi08_f158_cal.asdf,wfi08,eval,10,7,0.005003069,1
gwcs,../roman/.data/build21/r0000101001001001001_0001_wfi08_f158_cal.asdf,wfi08,eval,10,8,0.004841441,1
gwcs,../roman/.data/build21/r0000101001001001001_0001_wfi08_f158_cal.asdf,wfi08,eval,10,9,0.004793400,1
gwcs,../roman/.data/build21/r0000101001001001001_0001_wfi08_f158_cal.asdf,wfi08,eval,10,10,0.005028555,1
gwcs,../roman/.data/build21/r0000101001001001001_0001_wfi08_f158_cal.asdf,wfi08,eval,10,11,0.005006456,1
gwcs,../roman/.data/build21/r0000101001001001001_0001_wfi08_f158_cal.asdf,wfi08,eval,10,12,0.004789623,1
gwcs,../roman/.data/build21/r0000101001001001001_0001_wfi08_f158_cal.asdf,wfi08,eval,10,13,0.004862039,1
gwcs,../roman/.data/build21/r0000101001001001001_0001_wfi08_f158_cal.asdf,wfi08,eval,10,14,0.005013781,1
gwcs,../roman/.data/build21/r0000101001001001001_0001_wfi08_f158_cal.asdf,wfi08,eval,10,15,0.005000430,1
gwcs,../roman/.data/build21/r0000101001001001001_0001_wfi08_f158_cal.asdf,wfi08,eval,10,16,0.004821330,1
gwcs,../roman/.data/build21/r0000101001001001001_0001_wfi08_f158_cal.asdf,wfi08,eval,10,17,0.004924499,1
gwcs,../roman/.data/build21/r0000101001001001001_0001_wfi08_f158_cal.asdf,wfi08,eval,10,18,0.004881068,1
gwcs,../roman/.data/build21/r0000101001001001001_0001_wfi08_f158_cal.asdf,wfi08,eval,10,19,0.004980069,1
gwcs,../roman/.data/build21/r0000101001001001001_0001_wfi08_f158_cal.asdf,wfi08,eval,10,20,0.004800416,1
gwcs,../roman/.data/build21/r0000101001001001001_0001_wfi08_f158_cal.asdf,wfi08,eval,10,21,0.006038821,1
gwcs,../roman/.data/build21/r0000101001001001001_0001_wfi08_f158_cal.asdf,wfi08,eval,10,22,0.005487112,1
gwcs,../roman/.data/build21/r0000101001001001001_0001_wfi08_f158_cal.asdf,wfi08,eval,10,23,0.004816204,1
gwcs,../roman/.data/build21/r0000101001001001001_0001_wfi08_f158_cal.asdf,wfi08,eval,10,24,0.005061038,1
gwcs,../roman/.data/build21/r0000101001001001001_0001_wfi08_f158_cal.asdf,wfi08,eval,10,25,0.004866048,1
gwcs,../roman/.data/build21/r0000101001001001001_0001_wfi08_f158_cal.asdf,wfi08,eval,10,26,0.004831782,1
gwcs,../roman/.data/build21/r0000101001001001001_0001_wfi08_f158_cal.asdf,wfi08,eval,10,27,0.005334605,1
gwcs,../roman/.data/build21/r0000101001001001001_0001_wfi08_f158_cal.asdf,wfi08,eval,10,28,0.004980073,1
gwcs,../roman/.data/build21/r0000101001001001001_0001_wfi08_f158_cal.asdf,wfi08,eval,10,29,0.004762765,1
gwcs,../roman/.data/build21/r0000101001001001001_0001_wfi08_f158_cal.asdf,wfi08,eval,10,30,0.004971675,1
gwcs,../roman/.data/build21/r0000101001001001001_0001_wfi08_f158_cal.asdf,wfi08,eval,10,31,0.005079797,1
gwcs,../roman/.data/build21/r0000101001001001001_0001_wfi08_f158_cal.asdf,wfi08,eval,10,32,0.004809678,1
gwcs,../roman/.data/build21/r0000101001001001001_0001_wfi08_f158_cal.asdf,wfi08,eval,10,33,0.004788294,1
gwcs,../roman/.data/build21/r0000101001001001001_0001_wfi08_f158_cal.asdf,wfi08,eval,10,34,0.004822255,1
gwcs,../roman/.data/build21/r0000101001001001001_0001_wfi08_f158_cal.asdf,wfi08,eval,10,35,0.005086351,1
gwcs,../roman/.data/build21/r0000101001001001001_0001_wfi08_f158_cal.asdf,wfi08,eval,10,36,0.004819953,1
gwcs,../roman/.data/build21/r0000101001001001001_0001_wfi08_f158_cal.asdf,wfi08,eval,10,37,0.004799658,1
gwcs,../roman/.data/build21/r0000101001001001001_0001_wfi08_f158_cal.asdf,wfi08,eval,10,38,0.005008126,1
gwcs,../roman/.data/build21/r0000101001001001001_0001_wfi08_f158_cal.asdf,wfi08,eval,10,39,0.004913862,1
gwcs,../roman/.data/build21/r0000101001001001001_0001_wfi08_f158_cal.asdf,wfi08,eval,10,40,0.004811410,1
gwcs,../roman/.data/build21/r0000101001001001001_0001_wfi08_f158_cal.asdf,wfi08,eval,10,41,0.005052305,1
gwcs,../roman/.data/build21/r0000101001001001001_0001_wfi08_f158_cal.asdf,wfi08,eval,10,42,0.005294204,1
gwcs,../roman/.data/build21/r0000101001001001001_0001_wfi08_f158_cal.asdf,wfi08,eval,10,43,0.004825900,1
gwcs,../roman/.data/build21/r0000101001001001001_0001_wfi08_f158_cal.asdf,wfi08,eval,10,44,0.004770646,1
gwcs,../roman/.data/build21/r0000101001001001001_0001_wfi08_f158_cal.asdf,wfi08,eval,10,45,0.005027530,1
gwcs,../roman/.data/build21/r0000101001001001001_0001_wfi08_f158_cal.asdf,wfi08,eval,10,46,0.004823296,1
gwcs,../roman/.data/build21/r0000101001001001001_0001_wfi08_f158_cal.asdf,wfi08,eval,10,47,0.004769336,1
gwcs,../roman/.data/build21/r0000101001001001001_0001_wfi08_f158_cal.asdf,wfi08,eval,10,48,0.004922743,1
gwcs,../roman/.data/build21/r0000101001001001001_0001_wfi08_f158_cal.asdf,wfi08,eval,10,49,0.004863367,1
gwcs,../roman/.data/build21/r0000101001001001001_0001_wfi08_f158_cal.asdf,wfi08,eval,10,50,0.004774995,1
gwcs,../roman/.data/build21/r0000101001001001001_0001_wfi08_f158_cal.asdf,wfi08,eval,10,51,0.004835566,1
gwcs,../roman/.data/build21/r0000101001001001001_0001_wfi08_f158_cal.asdf,wfi08,eval,10,52,0.004951863,1
gwcs,../roman/.data/build21/r0000101001001001001_0001_wfi08_f158_cal.asdf,wfi08,eval,10,53,0.004826497,1
gwcs,../roman/.data/build21/r0000101001001001001_0001_wfi08_f158_cal.asdf,wfi08,eval,10,54,0.004773863,1
gwcs,../roman/.data/build21/r0000101001001001001_0001_wfi08_f158_cal.asdf,wfi08,eval,10,55,0.005123103,1
gwcs,../roman/.data/build21/r0000101001001001001_0001_wfi08_f158_cal.asdf,wfi08,eval,10,56,0.005195376,1
gwcs,../roman/.data/build21/r0000101001001001001_0001_wfi08_f158_cal.asdf,wfi08,eval,10,57,0.005147704,1
gwcs,../roman/.data/build21/r0000101001001001001_0001_wfi08_f158_cal.asdf,wfi08,eval,10,58,0.004856756,1
gwcs,../roman/.data/build21/r0000101001001001001_0001_wfi08_f158_cal.asdf,wfi08,eval,10,59,0.004917133,1
gwcs,../roman/.data/build21/r0000101001001001001_0001_wfi08_f158_cal.asdf,wfi08,eval,10,60,0.004863078,1
gwcs,../roman/.data/build21/r0000101001001001001_0001_wfi08_f158_cal.asdf,wfi08,eval,10,61,0.004919605,1
gwcs,../roman/.data/build21/r0000101001001001001_0001_wfi08_f158_cal.asdf,wfi08,eval,10,62,0.004960839,1
gwcs,../roman/.data/build21/r0000101001001001001_0001_wfi08_f158_cal.asdf,wfi08,eval,10,63,0.004836245,1
gwcs,../roman/.data/build21/r0000101001001001001_0001_wfi08_f158_cal.asdf,wfi08,eval,10,64,0.004806220,1
gwcs,../roman/.data/build21/r0000101001001001001_0001_wfi08_f158_cal.asdf,wfi08,eval,10,65,0.005042661,1
gwcs,../roman/.data/build21/r0000101001001001001_0001_wfi08_f158_cal.asdf,wfi08,eval,10,66,0.004904435,1
gwcs,../roman/.data/build21/r0000101001001001001_0001_wfi08_f158_cal.asdf,wfi08,eval,10,67,0.005933104,1
gwcs,../roman/.data/build21/r0000101001001001001_0001_wfi08_f158_cal.asdf,wfi08,eval,10,68,0.005073084,1
gwcs,../roman/.data/build21/r0000101001001001001_0001_wfi08_f158_cal.asdf,wfi08,eval,10,69,0.004954197,1
gwcs,../roman/.data/build21/r0000101001001001001_0001_wfi08_f158_cal.asdf,wfi08,eval,10,70,0.004807962,1
gwcs,../roman/.data/build21/r0000101001001001001_0001_wfi08_f158_cal.asdf,wfi08,eval,10,71,0.005486934,1
gwcs,../roman/.data/build21/r0000101001001001001_0001_wfi08_f158_cal.asdf,wfi08,eval,10,72,0.005128376,1
gwcs,../roman/.data/build21/r0000101001001001001_0001_wfi08_f158_cal.asdf,wfi08,eval,10,73,0.005014982,1
gwcs,../roman/.data/build21/r0000101001001001001_0001_wfi08_f158_cal.asdf,wfi08,eval,10,74,0.005063936,1
gwcs,../roman/.data/build21/r0000101001001001001_0001_wfi08_f158_cal.asdf,wfi08,eval,10,75,0.005180787,1
gwcs,../roman/.data/build21/r0000101001001001001_0001_wfi08_f158_cal.asdf,wfi08,eval,10,76,0.004796479,1
gwcs,../roman/.data/build21/r0000101001001001001_0001_wfi08_f158_cal.asdf,wfi08,eval,10,77,0.005538402,1
gwcs,../roman/.data/build21/r0000101001001001001_0001_wfi08_f158_cal.asdf,wfi08,eval,10,78,0.005382614,1
gwcs,../roman/.data/build21/r0000101001001001001_0001_wfi08_f158_cal.asdf,wfi08,eval,10,79,0.005312128,1
gwcs,../roman/.data/build21/r0000101001001001001_0001_wfi08_f158_cal.asdf,wfi08,eval,10,80,0.004973296,1
gwcs,../roman/.data/build21/r0000101001001001001_0001_wfi08_f158_cal.asdf,wfi08,eval,10,81,0.005756295,1
gwcs,../roman/.data/build21/r0000101001001001001_0001_wfi08_f158_cal.asdf,wfi08,eval,10,82,0.004970483,1
gwcs,../roman/.data/build21/r0000101001001001001_0001_wfi08_f158_cal.asdf,wfi08,eval,10,83,0.005106242,1
gwcs,../roman/.data/build21/r0000101001001001001_0001_wfi08_f158_cal.asdf,wfi08,eval,10,84,0.005119002,1
gwcs,../roman/.data/build21/r0000101001001001001_0001_wfi08_f158_cal.asdf,wfi08,eval,10,85,0.005409188,1
gwcs,../roman/.data/build21/r0000101001001001001_0001_wfi08_f158_cal.asdf,wfi08,eval,10,86,0.005058223,1
gwcs,../roman/.data/build21/r0000101001001001001_0001_wfi08_f158_cal.asdf,wfi08,eval,10,87,0.005875829,1
gwcs,../roman/.data/build21/r0000101001001001001_0001_wfi08_f158_cal.asdf,wfi08,eval,10,88,0.005149358,1
gwcs,../roman/.data/build21/r0000101001001001001_0001_wfi08_f158_cal.asdf,wfi08,eval,10,89,0.005332146,1
gwcs,../roman/.data/build21/r0000101001001001001_0001_wfi08_f158_cal.asdf,wfi08,eval,10,90,0.005255521,1
gwcs,../roman/.data/build21/r0000101001001001001_0001_wfi08_f158_cal.asdf,wfi08,eval,10,91,0.005396979,1
gwcs,../roman/.data/build21/r0000101001001001001_0001_wfi08_f158_cal.asdf,wfi08,eval,10,92,0.005358453,1
gwcs,../roman/.data/build21/r0000101001001001001_0001_wfi08_f158_cal.asdf,wfi08,eval,10,93,0.006472287,1
gwcs,../roman/.data/build21/r0000101001001001001_0001_wfi08_f158_cal.asdf,wfi08,eval,10,94,0.006969918,1
gwcs,../roman/.data/build21/r0000101001001001001_0001_wfi08_f158_cal.asdf,wfi08,eval,10,95,0.008320241,1
gwcs,../roman/.data/build21/r0000101001001001001_0001_wfi08_f158_cal.asdf,wfi08,eval,10,96,0.005435471,1
gwcs,../roman/.data/build21/r0000101001001001001_0001_wfi08_f158_cal.asdf,wfi08,eval,10,97,0.006158968,1
gwcs,../roman/.data/build21/r0000101001001001001_0001_wfi08_f158_cal.asdf,wfi08,eval,10,98,0.005480454,1
gwcs,../roman/.data/build21/r0000101001001001001_0001_wfi08_f158_cal.asdf,wfi08,eval,10,99,0.006077988,1
gwcs,../roman/.data/build21/r0000101001001001001_0001_wfi08_f158_cal.asdf,wfi08,eval,100,0,0.005552096,1
gwcs,../roman/.data/build21/r0000101001001001001_0001_wfi08_f158_cal.asdf,wfi08,eval,100,1,0.005198472,1
gwcs,../roman/.data/build21/r0000101001001001001_0001_wfi08_f158_cal.asdf,wfi08,eval,100,2,0.005063808,1
gwcs,../roman/.data/build21/r0000101001001001001_0001_wfi08_f158_cal.asdf,wfi08,eval,100,3,0.004867678,1
gwcs,../roman/.data/build21/r0000101001001001001_0001_wfi08_f158_cal.asdf,wfi08,eval,100,4,0.004827547,1
gwcs,../roman/.data/build21/r0000101001001001001_0001_wfi08_f158_cal.asdf,wfi08,eval,100,5,0.004962215,1
gwcs,../roman/.data/build21/r0000101001001001001_0001_wfi08_f158_cal.asdf,wfi08,eval,100,6,0.004893442,1
gwcs,../roman/.data/build21/r0000101001001001001_0001_wfi08_f158_cal.asdf,wfi08,eval,100,7,0.004827311,1
gwcs,../roman/.data/build21/r0000101001001001001_0001_wfi08_f158_cal.asdf,wfi08,eval,100,8,0.004972451,1
gwcs,../roman/.data/build21/r0000101001001001001_0001_wfi08_f158_cal.asdf,wfi08,eval,100,9,0.004873984,1
gwcs,../roman/.data/build21/r0000101001001001001_0001_wfi08_f158_cal.asdf,wfi08,eval,100,10,0.004837971,1
gwcs,../roman/.data/build21/r0000101001001001001_0001_wfi08_f158_cal.asdf,wfi08,eval,100,11,0.004872859,1
gwcs,../roman/.data/build21/r0000101001001001001_0001_wfi08_f158_cal.asdf,wfi08,eval,100,12,0.005101722,1
gwcs,../roman/.data/build21/r0000101001001001001_0001_wfi08_f158_cal.asdf,wfi08,eval,100,13,0.004915450,1
gwcs,../roman/.data/build21/r0000101001001001001_0001_wfi08_f158_cal.asdf,wfi08,eval,100,14,0.004835508,1
gwcs,../roman/.data/build21/r0000101001001001001_0001_wfi08_f158_cal.asdf,wfi08,eval,100,15,0.004836364,1
gwcs,../roman/.data/build21/r0000101001001001001_0001_wfi08_f158_cal.asdf,wfi08,eval,100,16,0.005000221,1
gwcs,../roman/.data/build21/r0000101001001001001_0001_wfi08_f158_cal.asdf,wfi08,eval,100,17,0.004877146,1
gwcs,../roman/.data/build21/r0000101001001001001_0001_wfi08_f158_cal.asdf,wfi08,eval,100,18,0.004811321,1
gwcs,../roman/.data/build21/r0000101001001001001_0001_wfi08_f158_cal.asdf,wfi08,eval,100,19,0.004962566,1
gwcs,../roman/.data/build21/r0000101001001001001_0001_wfi08_f158_cal.asdf,wfi08,eval,100,20,0.004871344,1
gwcs,../roman/.data/build21/r0000101001001001001_0001_wfi08_f158_cal.asdf,wfi08,eval,100,21,0.004810683,1
gwcs,../roman/.data/build21/r0000101001001001001_0001_wfi08_f158_cal.asdf,wfi08,eval,100,22,0.004941643,1
gwcs,../roman/.data/build21/r0000101001001001001_0001_wfi08_f158_cal.asdf,wfi08,eval,100,23,0.004877986,1
gwcs,../roman/.data/build21/r0000101001001001001_0001_wfi08_f158_cal.asdf,wfi08,eval,100,24,0.004853858,1
gwcs,../roman/.data/build21/r0000101001001001001_0001_wfi08_f158_cal.asdf,wfi08,eval,100,25,0.004803896,1
gwcs,../roman/.data/build21/r0000101001001001001_0001_wfi08_f158_cal.asdf,wfi08,eval,100,26,0.005020173,1
gwcs,../roman/.data/build21/r0000101001001001001_0001_wfi08_f158_cal.asdf,wfi08,eval,100,27,0.004814140,1
gwcs,../roman/.data/build21/r0000101001001001001_0001_wfi08_f158_cal.asdf,wfi08,eval,100,28,0.004793684,1
gwcs,../roman/.data/build21/r0000101001001001001_0001_wfi08_f158_cal.asdf,wfi08,eval,100,29,0.004949536,1
gwcs,../roman/.data/build21/r0000101001001001001_0001_wfi08_f158_cal.asdf,wfi08,eval,100,30,0.004890369,1
gwcs,../roman/.data/build21/r0000101001001001001_0001_wfi08_f158_cal.asdf,wfi08,eval,100,31,0.004816766,1
gwcs,../roman/.data/build21/r0000101001001001001_0001_wfi08_f158_cal.asdf,wfi08,eval,100,32,0.004844887,1
gwcs,../roman/.data/build21/r0000101001001001001_0001_wfi08_f158_cal.asdf,wfi08,eval,100,33,0.004991676,1
gwcs,../roman/.data/build21/r0000101001001001001_0001_wfi08_f158_cal.asdf,wfi08,eval,100,34,0.004816156,1
gwcs,../roman/.data/build21/r0000101001001001001_0001_wfi08_f158_cal.asdf,wfi08,eval,100,35,0.004840152,1
gwcs,../roman/.data/build21/r0000101001001001001_0001_wfi08_f158_cal.asdf,wfi08,eval,100,36,0.005157916,1
gwcs,../roman/.data/build21/r0000101001001001001_0001_wfi08_f158_cal.asdf,wfi08,eval,100,37,0.004852284,1
gwcs,../roman/.data/build21/r0000101001001001001_0001_wfi08_f158_cal.asdf,wfi08,eval,100,38,0.004808990,1
gwcs,../roman/.data/build21/r0000101001001001001_0001_wfi08_f158_cal.asdf,wfi08,eval,100,39,0.004980909,1
gwcs,../roman/.data/build21/r0000101001001001001_0001_wfi08_f158_cal.asdf,wfi08,eval,100,40,0.004894040,1
gwcs,../roman/.data/build21/r0000101001001001001_0001_wfi08_f158_cal.asdf,wfi08,eval,100,41,0.004824883,1
gwcs,../roman/.data/build21/r0000101001001001001_0001_wfi08_f158_cal.asdf,wfi08,eval,100,42,0.006483255,1
gwcs,../roman/.data/build21/r0000101001001001001_0001_wfi08_f158_cal.asdf,wfi08,eval,100,43,0.005049113,1
gwcs,../roman/.data/build21/r0000101001001001001_0001_wfi08_f158_cal.asdf,wfi08,eval,100,44,0.004878569,1
gwcs,../roman/.data/build21/r0000101001001001001_0001_wfi08_f158_cal.asdf,wfi08,eval,100,45,0.004853699,1
gwcs,../roman/.data/build21/r0000101001001001001_0001_wfi08_f158_cal.asdf,wfi08,eval,100,46,0.005006119,1
gwcs,../roman/.data/build21/r0000101001001001001_0001_wfi08_f158_cal.asdf,wfi08,eval,100,47,0.004985722,1
gwcs,../roman/.data/build21/r0000101001001001001_0001_wfi08_f158_cal.asdf,wfi08,eval,100,48,0.007002177,1
gwcs,../roman/.data/build21/r0000101001001001001_0001_wfi08_f158_cal.asdf,wfi08,eval,100,49,0.005011711,1
gwcs,../roman/.data/build21/r0000101001001001001_0001_wfi08_f158_cal.asdf,wfi08,eval,1000,0,0.007397324,1
gwcs,../roman/.data/build21/r0000101001001001001_0001_wfi08_f158_cal.asdf,wfi08,eval,1000,1,0.005687417,1
gwcs,../roman/.data/build21/r0000101001001001001_0001_wfi08_f158_cal.asdf,wfi08,eval,1000,2,0.005746738,1
gwcs,../roman/.data/build21/r0000101001001001001_0001_wfi08_f158_cal.asdf,wfi08,eval,1000,3,0.005379505,1
gwcs,../roman/.data/build21/r0000101001001001001_0001_wfi08_f158_cal.asdf,wfi08,eval,1000,4,0.005965658,1
gwcs,../roman/.data/build21/r0000101001001001001_0001_wfi08_f158_cal.asdf,wfi08,eval,1000,5,0.005484246,1
gwcs,../roman/.data/build21/r0000101001001001001_0001_wfi08_f158_cal.asdf,wfi08,eval,1000,6,0.005629672,1
gwcs,../roman/.data/build21/r0000101001001001001_0001_wfi08_f158_cal.asdf,wfi08,eval,1000,7,0.005509628,1
gwcs,../roman/.data/build21/r0000101001001001001_0001_wfi08_f158_cal.asdf,wfi08,eval,1000,8,0.005538682,1
gwcs,../roman/.data/build21/r0000101001001001001_0001_wfi08_f158_cal.asdf,wfi08,eval,1000,9,0.005420242,1
gwcs,../roman/.data/build21/r0000101001001001001_0001_wfi08_f158_cal.asdf,wfi08,eval,1000,10,0.005943138,1
gwcs,../roman/.data/build21/r0000101001001001001_0001_wfi08_f158_cal.asdf,wfi08,eval,1000,11,0.005499747,1
gwcs,../roman/.data/build21/r0000101001001001001_0001_wfi08_f158_cal.asdf,wfi08,eval,1000,12,0.005402787,1
gwcs,../roman/.data/build21/r0000101001001001001_0001_wfi08_f158_cal.asdf,wfi08,eval,1000,13,0.005370533,1
gwcs,../roman/.data/build21/r0000101001001001001_0001_wfi08_f158_cal.asdf,wfi08,eval,1000,14,0.005363856,1
gwcs,../roman/.data/build21/r0000101001001001001_0001_wfi08_f158_cal.asdf,wfi08,eval,1000,15,0.005221335,1
gwcs,../roman/.data/build21/r0000101001001001001_0001_wfi08_f158_cal.asdf,wfi08,eval,1000,16,0.005226662,1
gwcs,../roman/.data/build21/r0000101001001001001_0001_wfi08_f158_cal.asdf,wfi08,eval,1000,17,0.005387390,1
gwcs,../roman/.data/build21/r0000101001001001001_0001_wfi08_f158_cal.asdf,wfi08,eval,1000,18,0.005347879,1
gwcs,../roman/.data/build21/r0000101001001001001_0001_wfi08_f158_cal.asdf,wfi08,eval,1000,19,0.005296797,1
gwcs,../roman/.data/build21/r0000101001001001001_0001_wfi08_f158_cal.asdf,wfi08,eval,10000,0,0.008732611,1
gwcs,../roman/.data/build21/r0000101001001001001_0001_wfi08_f158_cal.asdf,wfi08,eval,10000,1,0.008168755,1
gwcs,../roman/.data/build21/r0000101001001001001_0001_wfi08_f158_cal.asdf,wfi08,eval,10000,2,0.008282121,1
gwcs,../roman/.data/build21/r0000101001001001001_0001_wfi08_f158_cal.asdf,wfi08,eval,10000,3,0.008059494,1
gwcs,../roman/.data/build21/r0000101001001001001_0001_wfi08_f158_cal.asdf,wfi08,eval,10000,4,0.008198078,1
gwcs,../roman/.data/build21/r0000101001001001001_0001_wfi08_f158_cal.asdf,wfi08,eval,10000,5,0.008275297,1
gwcs,../roman/.data/build21/r0000101001001001001_0001_wfi08_f158_cal.asdf,wfi08,eval,10000,6,0.008138317,1
gwcs,../roman/.data/build21/r0000101001001001001_0001_wfi08_f158_cal.asdf,wfi08,eval,10000,7,0.008215966,1
gwcs,../roman/.data/build21/r0000101001001001001_0001_wfi08_f158_cal.asdf,wfi08,eval,10000,8,0.008073169,1
gwcs,../roman/.data/build21/r0000101001001001001_0001_wfi08_f158_cal.asdf,wfi08,eval,10000,9,0.007926652,1
gwcs,../roman/.data/build21/r0000101001001001001_0001_wfi08_f158_cal.asdf,wfi08,eval,100000,0,0.037713549,1
gwcs,../roman/.data/build21/r0000101001001001001_0001_wfi08_f158_cal.asdf,wfi08,eval,100000,1,0.036023008,1
gwcs,../roman/.data/build21/r0000101001001001001_0001_wfi08_f158_cal.asdf,wfi08,eval,100000,2,0.037255241,1
gwcs,../roman/.data/build21/r0000101001001001001_0001_wfi08_f158_cal.asdf,wfi08,eval,100000,3,0.037100141,1
gwcs,../roman/.data/build21/r0000101001001001001_0001_wfi08_f158_cal.asdf,wfi08,eval,100000,4,0.037195973,1
gwcs,../roman/.data/build21/r0000101001001001001_0001_wfi08_f158_cal.asdf,wfi08,eval,1000000,0,0.372254781,1
gwcs,../roman/.data/build21/r0000101001001001001_0001_wfi08_f158_cal.asdf,wfi08,eval,1000000,1,0.372494760,1
gwcs,../roman/.data/build21/r0000101001001001001_0001_wfi08_f158_cal.asdf,wfi08,eval,1000000,2,0.373047986,1
gwcs,../roman/.data/build21/r0000101001001001001_0001_wfi08_f158_cal.asdf,wfi08,eval,10000000,0,10.320628110,1
gwcs,../roman/.data/build21/r0000101001001001001_0001_wfi08_f158_cal.asdf,wfi08,eval,10000000,1,9.136047713,1
gwcs,../roman/.data/build21/r0000101001001001001_0001_wfi08_f158_cal.asdf,wfi08,eval,16711744,0,25.854291365,1
gwcs,../roman/.data/build21/r0000101001001001001_0001_wfi08_f158_cal.asdf,wfi08,eval,16711744,1,25.696652099,1
gwcs,../roman/.data/build21/r0000101001001001001_0001_wfi09_f158_cal.asdf,wfi09,parse_cold,0,0,0.888161750,1
gwcs,../roman/.data/build21/r0000101001001001001_0001_wfi09_f158_cal.asdf,wfi09,parse_hot,0,0,0.663924089,1
gwcs,../roman/.data/build21/r0000101001001001001_0001_wfi09_f158_cal.asdf,wfi09,eval,1,0,0.004928051,1
gwcs,../roman/.data/build21/r0000101001001001001_0001_wfi09_f158_cal.asdf,wfi09,eval,1,1,0.006042564,1
gwcs,../roman/.data/build21/r0000101001001001001_0001_wfi09_f158_cal.asdf,wfi09,eval,1,2,0.004958061,1
gwcs,../roman/.data/build21/r0000101001001001001_0001_wfi09_f158_cal.asdf,wfi09,eval,1,3,0.004801954,1
gwcs,../roman/.data/build21/r0000101001001001001_0001_wfi09_f158_cal.asdf,wfi09,eval,1,4,0.004962942,1
gwcs,../roman/.data/build21/r0000101001001001001_0001_wfi09_f158_cal.asdf,wfi09,eval,1,5,0.005050830,1
gwcs,../roman/.data/build21/r0000101001001001001_0001_wfi09_f158_cal.asdf,wfi09,eval,1,6,0.004930239,1
gwcs,../roman/.data/build21/r0000101001001001001_0001_wfi09_f158_cal.asdf,wfi09,eval,1,7,0.005049421,1
gwcs,../roman/.data/build21/r0000101001001001001_0001_wfi09_f158_cal.asdf,wfi09,eval,1,8,0.005466538,1
gwcs,../roman/.data/build21/r0000101001001001001_0001_wfi09_f158_cal.asdf,wfi09,eval,1,9,0.004855739,1
gwcs,../roman/.data/build21/r0000101001001001001_0001_wfi09_f158_cal.asdf,wfi09,eval,1,10,0.005462606,1
gwcs,../roman/.data/build21/r0000101001001001001_0001_wfi09_f158_cal.asdf,wfi09,eval,1,11,0.005277219,1
gwcs,../roman/.data/build21/r0000101001001001001_0001_wfi09_f158_cal.asdf,wfi09,eval,1,12,0.004885389,1
gwcs,../roman/.data/build21/r0000101001001001001_0001_wfi09_f158_cal.asdf,wfi09,eval,1,13,0.007055635,1
gwcs,../roman/.data/build21/r0000101001001001001_0001_wfi09_f158_cal.asdf,wfi09,eval,1,14,0.005525836,1
gwcs,../roman/.data/build21/r0000101001001001001_0001_wfi09_f158_cal.asdf,wfi09,eval,1,15,0.004966416,1
gwcs,../roman/.data/build21/r0000101001001001001_0001_wfi09_f158_cal.asdf,wfi09,eval,1,16,0.007061125,1
gwcs,../roman/.data/build21/r0000101001001001001_0001_wfi09_f158_cal.asdf,wfi09,eval,1,17,0.005310958,1
gwcs,../roman/.data/build21/r0000101001001001001_0001_wfi09_f158_cal.asdf,wfi09,eval,1,18,0.005005973,1
gwcs,../roman/.data/build21/r0000101001001001001_0001_wfi09_f158_cal.asdf,wfi09,eval,1,19,0.005007689,1
gwcs,../roman/.data/build21/r0000101001001001001_0001_wfi09_f158_cal.asdf,wfi09,eval,1,20,0.005634917,1
gwcs,../roman/.data/build21/r0000101001001001001_0001_wfi09_f158_cal.asdf,wfi09,eval,1,21,0.005356388,1
gwcs,../roman/.data/build21/r0000101001001001001_0001_wfi09_f158_cal.asdf,wfi09,eval,1,22,0.004854449,1
gwcs,../roman/.data/build21/r0000101001001001001_0001_wfi09_f158_cal.asdf,wfi09,eval,1,23,0.005029135,1
gwcs,../roman/.data/build21/r0000101001001001001_0001_wfi09_f158_cal.asdf,wfi09,eval,1,24,0.005225703,1
gwcs,../roman/.data/build21/r0000101001001001001_0001_wfi09_f158_cal.asdf,wfi09,eval,1,25,0.004972062,1
gwcs,../roman/.data/build21/r0000101001001001001_0001_wfi09_f158_cal.asdf,wfi09,eval,1,26,0.004941678,1
gwcs,../roman/.data/build21/r0000101001001001001_0001_wfi09_f158_cal.asdf,wfi09,eval,1,27,0.005570752,1
gwcs,../roman/.data/build21/r0000101001001001001_0001_wfi09_f158_cal.asdf,wfi09,eval,1,28,0.005206553,1
gwcs,../roman/.data/build21/r0000101001001001001_0001_wfi09_f158_cal.asdf,wfi09,eval,1,29,0.004789454,1
gwcs,../roman/.data/build21/r0000101001001001001_0001_wfi09_f158_cal.asdf,wfi09,eval,1,30,0.005409470,1
gwcs,../roman/.data/build21/r0000101001001001001_0001_wfi09_f158_cal.asdf,wfi09,eval,1,31,0.005068012,1
gwcs,../roman/.data/build21/r0000101001001001001_0001_wfi09_f158_cal.asdf,wfi09,eval,1,32,0.005057572,1
gwcs,../roman/.data/build21/r0000101001001001001_0001_wfi09_f158_cal.asdf,wfi09,eval,1,33,0.004883688,1
gwcs,../roman/.data/build21/r0000101001001001001_0001_wfi09_f158_cal.asdf,wfi09,eval,1,34,0.005267181,1
gwcs,../roman/.data/build21/r0000101001001001001_0001_wfi09_f158_cal.asdf,wfi09,eval,1,35,0.005207551,1
gwcs,../roman/.data/build21/r0000101001001001001_0001_wfi09_f158_cal.asdf,wfi09,eval,1,36,0.005961773,1
gwcs,../roman/.data/build21/r0000101001001001001_0001_wfi09_f158_cal.asdf,wfi09,eval,1,37,0.005086333,1
gwcs,../roman/.data/build21/r0000101001001001001_0001_wfi09_f158_cal.asdf,wfi09,eval,1,38,0.006089462,1
gwcs,../roman/.data/build21/r0000101001001001001_0001_wfi09_f158_cal.asdf,wfi09,eval,1,39,0.005574382,1
gwcs,../roman/.data/build21/r0000101001001001001_0001_wfi09_f158_cal.asdf,wfi09,eval,1,40,0.005974210,1
gwcs,../roman/.data/build21/r0000101001001001001_0001_wfi09_f158_cal.asdf,wfi09,eval,1,41,0.005137632,1
gwcs,../roman/.data/build21/r0000101001001001001_0001_wfi09_f158_cal.asdf,wfi09,eval,1,42,0.005076970,1
gwcs,../roman/.data/build21/r0000101001001001001_0001_wfi09_f158_cal.asdf,wfi09,eval,1,43,0.004855093,1
gwcs,../roman/.data/build21/r0000101001001001001_0001_wfi09_f158_cal.asdf,wfi09,eval,1,44,0.004708368,1
gwcs,../roman/.data/build21/r0000101001001001001_0001_wfi09_f158_cal.asdf,wfi09,eval,1,45,0.005212831,1
gwcs,../roman/.data/build21/r0000101001001001001_0001_wfi09_f158_cal.asdf,wfi09,eval,1,46,0.005776704,1
gwcs,../roman/.data/build21/r0000101001001001001_0001_wfi09_f158_cal.asdf,wfi09,eval,1,47,0.004956840,1
gwcs,../roman/.data/build21/r0000101001001001001_0001_wfi09_f158_cal.asdf,wfi09,eval,1,48,0.005492287,1
gwcs,../roman/.data/build21/r0000101001001001001_0001_wfi09_f158_cal.asdf,wfi09,eval,1,49,0.007138056,1
gwcs,../roman/.data/build21/r0000101001001001001_0001_wfi09_f158_cal.asdf,wfi09,eval,1,50,0.004899934,1
gwcs,../roman/.data/build21/r0000101001001001001_0001_wfi09_f158_cal.asdf,wfi09,eval,1,51,0.006245400,1
gwcs,../roman/.data/build21/r0000101001001001001_0001_wfi09_f158_cal.asdf,wfi09,eval,1,52,0.005148598,1
gwcs,../roman/.data/build21/r0000101001001001001_0001_wfi09_f158_cal.asdf,wfi09,eval,1,53,0.005137018,1
gwcs,../roman/.data/build21/r0000101001001001001_0001_wfi09_f158_cal.asdf,wfi09,eval,1,54,0.005611536,1
gwcs,../roman/.data/build21/r0000101001001001001_0001_wfi09_f158_cal.asdf,wfi09,eval,1,55,0.005315124,1
gwcs,../roman/.data/build21/r0000101001001001001_0001_wfi09_f158_cal.asdf,wfi09,eval,1,56,0.005173652,1
gwcs,../roman/.data/build21/r0000101001001001001_0001_wfi09_f158_cal.asdf,wfi09,eval,1,57,0.004731519,1
gwcs,../roman/.data/build21/r0000101001001001001_0001_wfi09_f158_cal.asdf,wfi09,eval,1,58,0.004758473,1
gwcs,../roman/.data/build21/r0000101001001001001_0001_wfi09_f158_cal.asdf,wfi09,eval,1,59,0.004746816,1
gwcs,../roman/.data/build21/r0000101001001001001_0001_wfi09_f158_cal.asdf,wfi09,eval,1,60,0.004698997,1
gwcs,../roman/.data/build21/r0000101001001001001_0001_wfi09_f158_cal.asdf,wfi09,eval,1,61,0.005000357,1
gwcs,../roman/.data/build21/r0000101001001001001_0001_wfi09_f158_cal.asdf,wfi09,eval,1,62,0.004919361,1
gwcs,../roman/.data/build21/r0000101001001001001_0001_wfi09_f158_cal.asdf,wfi09,eval,1,63,0.004741326,1
gwcs,../roman/.data/build21/r0000101001001001001_0001_wfi09_f158_cal.asdf,wfi09,eval,1,64,0.004710724,1
gwcs,../roman/.data/build21/r0000101001001001001_0001_wfi09_f158_cal.asdf,wfi09,eval,1,65,0.004743598,1
gwcs,../roman/.data/build21/r0000101001001001001_0001_wfi09_f158_cal.asdf,wfi09,eval,1,66,0.005625470,1
gwcs,../roman/.data/build21/r0000101001001001001_0001_wfi09_f158_cal.asdf,wfi09,eval,1,67,0.006912222,1
gwcs,../roman/.data/build21/r0000101001001001001_0001_wfi09_f158_cal.asdf,wfi09,eval,1,68,0.005374577,1
gwcs,../roman/.data/build21/r0000101001001001001_0001_wfi09_f158_cal.asdf,wfi09,eval,1,69,0.004839288,1
gwcs,../roman/.data/build21/r0000101001001001001_0001_wfi09_f158_cal.asdf,wfi09,eval,1,70,0.005139322,1
gwcs,../roman/.data/build21/r0000101001001001001_0001_wfi09_f158_cal.asdf,wfi09,eval,1,71,0.004818082,1
gwcs,../roman/.data/build21/r0000101001001001001_0001_wfi09_f158_cal.asdf,wfi09,eval,1,72,0.005157815,1
gwcs,../roman/.data/build21/r0000101001001001001_0001_wfi09_f158_cal.asdf,wfi09,eval,1,73,0.004810221,1
gwcs,../roman/.data/build21/r0000101001001001001_0001_wfi09_f158_cal.asdf,wfi09,eval,1,74,0.005514556,1
gwcs,../roman/.data/build21/r0000101001001001001_0001_wfi09_f158_cal.asdf,wfi09,eval,1,75,0.008025518,1
gwcs,../roman/.data/build21/r0000101001001001001_0001_wfi09_f158_cal.asdf,wfi09,eval,1,76,0.005456082,1
gwcs,../roman/.data/build21/r0000101001001001001_0001_wfi09_f158_cal.asdf,wfi09,eval,1,77,0.006591354,1
gwcs,../roman/.data/build21/r0000101001001001001_0001_wfi09_f158_cal.asdf,wfi09,eval,1,78,0.004843384,1
gwcs,../roman/.data/build21/r0000101001001001001_0001_wfi09_f158_cal.asdf,wfi09,eval,1,79,0.005303335,1
gwcs,../roman/.data/build21/r0000101001001001001_0001_wfi09_f158_cal.asdf,wfi09,eval,1,80,0.004940724,1
gwcs,../roman/.data/build21/r0000101001001001001_0001_wfi09_f158_cal.asdf,wfi09,eval,1,81,0.008433308,1
gwcs,../roman/.data/build21/r0000101001001001001_0001_wfi09_f158_cal.asdf,wfi09,eval,1,82,0.006547066,1
gwcs,../roman/.data/build21/r0000101001001001001_0001_wfi09_f158_cal.asdf,wfi09,eval,1,83,0.005944487,1
gwcs,../roman/.data/build21/r0000101001001001001_0001_wfi09_f158_cal.asdf,wfi09,eval,1,84,0.005873425,1
gwcs,../roman/.data/build21/r0000101001001001001_0001_wfi09_f158_cal.asdf,wfi09,eval,1,85,0.007440830,1
gwcs,../roman/.data/build21/r0000101001001001001_0001_wfi09_f158_cal.asdf,wfi09,eval,1,86,0.005438885,1
gwcs,../roman/.data/build21/r0000101001001001001_0001_wfi09_f158_cal.asdf,wfi09,eval,1,87,0.006486396,1
gwcs,../roman/.data/build21/r0000101001001001001_0001_wfi09_f158_cal.asdf,wfi09,eval,1,88,0.005902111,1
gwcs,../roman/.data/build21/r0000101001001001001_0001_wfi09_f158_cal.asdf,wfi09,eval,1,89,0.005281210,1
gwcs,../roman/.data/build21/r0000101001001001001_0001_wfi09_f158_cal.asdf,wfi09,eval,1,90,0.006425550,1
gwcs,../roman/.data/build21/r0000101001001001001_0001_wfi09_f158_cal.asdf,wfi09,eval,1,91,0.006097484,1
gwcs,../roman/.data/build21/r0000101001001001001_0001_wfi09_f158_cal.asdf,wfi09,eval,1,92,0.005829907,1
gwcs,../roman/.data/build21/r0000101001001001001_0001_wfi09_f158_cal.asdf,wfi09,eval,1,93,0.004791816,1
gwcs,../roman/.data/build21/r0000101001001001001_0001_wfi09_f158_cal.asdf,wfi09,eval,1,94,0.008796181,1
gwcs,../roman/.data/build21/r0000101001001001001_0001_wfi09_f158_cal.asdf,wfi09,eval,1,95,0.006818364,1
gwcs,../roman/.data/build21/r0000101001001001001_0001_wfi09_f158_cal.asdf,wfi09,eval,1,96,0.006214724,1
gwcs,../roman/.data/build21/r0000101001001001001_0001_wfi09_f158_cal.asdf,wfi09,eval,1,97,0.005722897,1
gwcs,../roman/.data/build21/r0000101001001001001_0001_wfi09_f158_cal.asdf,wfi09,eval,1,98,0.006625703,1
gwcs,../roman/.data/build21/r0000101001001001001_0001_wfi09_f158_cal.asdf,wfi09,eval,1,99,0.004819906,1
gwcs,../roman/.data/build21/r0000101001001001001_0001_wfi09_f158_cal.asdf,wfi09,eval,10,0,0.006994261,1
gwcs,../roman/.data/build21/r0000101001001001001_0001_wfi09_f158_cal.asdf,wfi09,eval,10,1,0.006559649,1
gwcs,../roman/.data/build21/r0000101001001001001_0001_wfi09_f158_cal.asdf,wfi09,eval,10,2,0.005359157,1
gwcs,../roman/.data/build21/r0000101001001001001_0001_wfi09_f158_cal.asdf,wfi09,eval,10,3,0.007137270,1
gwcs,../roman/.data/build21/r0000101001001001001_0001_wfi09_f158_cal.asdf,wfi09,eval,10,4,0.005159700,1
gwcs,../roman/.data/build21/r0000101001001001001_0001_wfi09_f158_cal.asdf,wfi09,eval,10,5,0.006305153,1
gwcs,../roman/.data/build21/r0000101001001001001_0001_wfi09_f158_cal.asdf,wfi09,eval,10,6,0.005673931,1
gwcs,../roman/.data/build21/r0000101001001001001_0001_wfi09_f158_cal.asdf,wfi09,eval,10,7,0.005677784,1
gwcs,../roman/.data/build21/r0000101001001001001_0001_wfi09_f158_cal.asdf,wfi09,eval,10,8,0.006329797,1
gwcs,../roman/.data/build21/r0000101001001001001_0001_wfi09_f158_cal.asdf,wfi09,eval,10,9,0.006026038,1
gwcs,../roman/.data/build21/r0000101001001001001_0001_wfi09_f158_cal.asdf,wfi09,eval,10,10,0.006417086,1
gwcs,../roman/.data/build21/r0000101001001001001_0001_wfi09_f158_cal.asdf,wfi09,eval,10,11,0.007409248,1
gwcs,../roman/.data/build21/r0000101001001001001_0001_wfi09_f158_cal.asdf,wfi09,eval,10,12,0.005701442,1
gwcs,../roman/.data/build21/r0000101001001001001_0001_wfi09_f158_cal.asdf,wfi09,eval,10,13,0.008452533,1
gwcs,../roman/.data/build21/r0000101001001001001_0001_wfi09_f158_cal.asdf,wfi09,eval,10,14,0.006503757,1
gwcs,../roman/.data/build21/r0000101001001001001_0001_wfi09_f158_cal.asdf,wfi09,eval,10,15,0.005225609,1
gwcs,../roman/.data/build21/r0000101001001001001_0001_wfi09_f158_cal.asdf,wfi09,eval,10,16,0.006477861,1
gwcs,../roman/.data/build21/r0000101001001001001_0001_wfi09_f158_cal.asdf,wfi09,eval,10,17,0.005734833,1
gwcs,../roman/.data/build21/r0000101001001001001_0001_wfi09_f158_cal.asdf,wfi09,eval,10,18,0.006759511,1
gwcs,../roman/.data/build21/r0000101001001001001_0001_wfi09_f158_cal.asdf,wfi09,eval,10,19,0.006256289,1
gwcs,../roman/.data/build21/r0000101001001001001_0001_wfi09_f158_cal.asdf,wfi09,eval,10,20,0.005238687,1
gwcs,../roman/.data/build21/r0000101001001001001_0001_wfi09_f158_cal.asdf,wfi09,eval,10,21,0.006157358,1
gwcs,../roman/.data/build21/r0000101001001001001_0001_wfi09_f158_cal.asdf,wfi09,eval,10,22,0.005242206,1
gwcs,../roman/.data/build21/r0000101001001001001_0001_wfi09_f158_cal.asdf,wfi09,eval,10,23,0.005948254,1
gwcs,../roman/.data/build21/r0000101001001001001_0001_wfi09_f158_cal.asdf,wfi09,eval,10,24,0.006120519,1
gwcs,../roman/.data/build21/r0000101001001001001_0001_wfi09_f158_cal.asdf,wfi09,eval,10,25,0.004958204,1
gwcs,../roman/.data/build21/r0000101001001001001_0001_wfi09_f158_cal.asdf,wfi09,eval,10,26,0.006333028,1
gwcs,../roman/.data/build21/r0000101001001001001_0001_wfi09_f158_cal.asdf,wfi09,eval,10,27,0.005424717,1
gwcs,../roman/.data/build21/r0000101001001001001_0001_wfi09_f158_cal.asdf,wfi09,eval,10,28,0.006646965,1
gwcs,../roman/.data/build21/r0000101001001001001_0001_wfi09_f158_cal.asdf,wfi09,eval,10,29,0.005697151,1
gwcs,../roman/.data/build21/r0000101001001001001_0001_wfi09_f158_cal.asdf,wfi09,eval,10,30,0.007217538,1
gwcs,../roman/.data/build21/r0000101001001001001_0001_wfi09_f158_cal.asdf,wfi09,eval,10,31,0.006557222,1
gwcs,../roman/.data/build21/r0000101001001001001_0001_wfi09_f158_cal.asdf,wfi09,eval,10,32,0.005614145,1
gwcs,../roman/.data/build21/r0000101001001001001_0001_wfi09_f158_cal.asdf,wfi09,eval,10,33,0.006120512,1
gwcs,../roman/.data/build21/r0000101001001001001_0001_wfi09_f158_cal.asdf,wfi09,eval,10,34,0.006326844,1
gwcs,../roman/.data/build21/r0000101001001001001_0001_wfi09_f158_cal.asdf,wfi09,eval,10,35,0.005751568,1
gwcs,../roman/.data/build21/r0000101001001001001_0001_wfi09_f158_cal.asdf,wfi09,eval,10,36,0.007605086,1
gwcs,../roman/.data/build21/r0000101001001001001_0001_wfi09_f158_cal.asdf,wfi09,eval,10,37,0.006799251,1
gwcs,../roman/.data/build21/r0000101001001001001_0001_wfi09_f158_cal.asdf,wfi09,eval,10,38,0.005752847,1
gwcs,../roman/.data/build21/r0000101001001001001_0001_wfi09_f158_cal.asdf,wfi09,eval,10,39,0.007202527,1
gwcs,../roman/.data/build21/r0000101001001001001_0001_wfi09_f158_cal.asdf,wfi09,eval,10,40,0.004999872,1
gwcs,../roman/.data/build21/r0000101001001001001_0001_wfi09_f158_cal.asdf,wfi09,eval,10,41,0.006010927,1
gwcs,../roman/.data/build21/r0000101001001001001_0001_wfi09_f158_cal.asdf,wfi09,eval,10,42,0.005157558,1
gwcs,../roman/.data/build21/r0000101001001001001_0001_wfi09_f158_cal.asdf,wfi09,eval,10,43,0.004939884,1
gwcs,../roman/.data/build21/r0000101001001001001_0001_wfi09_f158_cal.asdf,wfi09,eval,10,44,0.005567910,1
gwcs,../roman/.data/build21/r0000101001001001001_0001_wfi09_f158_cal.asdf,wfi09,eval,10,45,0.005309761,1
gwcs,../roman/.data/build21/r0000101001001001001_0001_wfi09_f158_cal.asdf,wfi09,eval,10,46,0.004851329,1
gwcs,../roman/.data/build21/r0000101001001001001_0001_wfi09_f158_cal.asdf,wfi09,eval,10,47,0.004765796,1
gwcs,../roman/.data/build21/r0000101001001001001_0001_wfi09_f158_cal.asdf,wfi09,eval,10,48,0.005309182,1
gwcs,../roman/.data/build21/r0000101001001001001_0001_wfi09_f158_cal.asdf,wfi09,eval,10,49,0.005169569,1
gwcs,../roman/.data/build21/r0000101001001001001_0001_wfi09_f158_cal.asdf,wfi09,eval,10,50,0.005405552,1
gwcs,../roman/.data/build21/r0000101001001001001_0001_wfi09_f158_cal.asdf,wfi09,eval,10,51,0.006030432,1
gwcs,../roman/.data/build21/r0000101001001001001_0001_wfi09_f158_cal.asdf,wfi09,eval,10,52,0.005248277,1
gwcs,../roman/.data/build21/r0000101001001001001_0001_wfi09_f158_cal.asdf,wfi09,eval,10,53,0.007519926,1
gwcs,../roman/.data/build21/r0000101001001001001_0001_wfi09_f158_cal.asdf,wfi09,eval,10,54,0.005785556,1
gwcs,../roman/.data/build21/r0000101001001001001_0001_wfi09_f158_cal.asdf,wfi09,eval,10,55,0.005888888,1
gwcs,../roman/.data/build21/r0000101001001001001_0001_wfi09_f158_cal.asdf,wfi09,eval,10,56,0.004970259,1
gwcs,../roman/.data/build21/r0000101001001001001_0001_wfi09_f158_cal.asdf,wfi09,eval,10,57,0.005387500,1
gwcs,../roman/.data/build21/r0000101001001001001_0001_wfi09_f158_cal.asdf,wfi09,eval,10,58,0.005451715,1
gwcs,../roman/.data/build21/r0000101001001001001_0001_wfi09_f158_cal.asdf,wfi09,eval,10,59,0.004809068,1
gwcs,../roman/.data/build21/r0000101001001001001_0001_wfi09_f158_cal.asdf,wfi09,eval,10,60,0.005505371,1
gwcs,../roman/.data/build21/r0000101001001001001_0001_wfi09_f158_cal.asdf,wfi09,eval,10,61,0.004909393,1
gwcs,../roman/.data/build21/r0000101001001001001_0001_wfi09_f158_cal.asdf,wfi09,eval,10,62,0.004798072,1
gwcs,../roman/.data/build21/r0000101001001001001_0001_wfi09_f158_cal.asdf,wfi09,eval,10,63,0.005768774,1
gwcs,../roman/.data/build21/r0000101001001001001_0001_wfi09_f158_cal.asdf,wfi09,eval,10,64,0.005863729,1
gwcs,../roman/.data/build21/r0000101001001001001_0001_wfi09_f158_cal.asdf,wfi09,eval,10,65,0.005379952,1
gwcs,../roman/.data/build21/r0000101001001001001_0001_wfi09_f158_cal.asdf,wfi09,eval,10,66,0.006030343,1
gwcs,../roman/.data/build21/r0000101001001001001_0001_wfi09_f158_cal.asdf,wfi09,eval,10,67,0.005308614,1
gwcs,../roman/.data/build21/r0000101001001001001_0001_wfi09_f158_cal.asdf,wfi09,eval,10,68,0.004922760,1
gwcs,../roman/.data/build21/r0000101001001001001_0001_wfi09_f158_cal.asdf,wfi09,eval,10,69,0.005890602,1
gwcs,../roman/.data/build21/r0000101001001001001_0001_wfi09_f158_cal.asdf,wfi09,eval,10,70,0.005032399,1
gwcs,../roman/.data/build21/r0000101001001001001_0001_wfi09_f158_cal.asdf,wfi09,eval,10,71,0.004825905,1
gwcs,../roman/.data/build21/r0000101001001001001_0001_wfi09_f158_cal.asdf,wfi09,eval,10,72,0.005002130,1
gwcs,../roman/.data/build21/r0000101001001001001_0001_wfi09_f158_cal.asdf,wfi09,eval,10,73,0.006018147,1
gwcs,../roman/.data/build21/r0000101001001001001_0001_wfi09_f158_cal.asdf,wfi09,eval,10,74,0.005638963,1
gwcs,../roman/.data/build21/r0000101001001001001_0001_wfi09_f158_cal.asdf,wfi09,eval,10,75,0.006016434,1
gwcs,../roman/.data/build21/r0000101001001001001_0001_wfi09_f158_cal.asdf,wfi09,eval,10,76,0.005211538,1
gwcs,../roman/.data/build21/r0000101001001001001_0001_wfi09_f158_cal.asdf,wfi09,eval,10,77,0.006075303,1
gwcs,../roman/.data/build21/r0000101001001001001_0001_wfi09_f158_cal.asdf,wfi09,eval,10,78,0.005556346,1
gwcs,../roman/.data/build21/r0000101001001001001_0001_wfi09_f158_cal.asdf,wfi09,eval,10,79,0.005486756,1
gwcs,../roman/.data/build21/r0000101001001001001_0001_wfi09_f158_cal.asdf,wfi09,eval,10,80,0.005615795,1
gwcs,../roman/.data/build21/r0000101001001001001_0001_wfi09_f158_cal.asdf,wfi09,eval,10,81,0.005382081,1
gwcs,../roman/.data/build21/r0000101001001001001_0001_wfi09_f158_cal.asdf,wfi09,eval,10,82,0.005570583,1
gwcs,../roman/.data/build21/r0000101001001001001_0001_wfi09_f158_cal.asdf,wfi09,eval,10,83,0.005604327,1
gwcs,../roman/.data/build21/r0000101001001001001_0001_wfi09_f158_cal.asdf,wfi09,eval,10,84,0.005083608,1
gwcs,../roman/.data/build21/r0000101001001001001_0001_wfi09_f158_cal.asdf,wfi09,eval,10,85,0.005224126,1
gwcs,../roman/.data/build21/r0000101001001001001_0001_wfi09_f158_cal.asdf,wfi09,eval,10,86,0.004990079,1
gwcs,../roman/.data/build21/r0000101001001001001_0001_wfi09_f158_cal.asdf,wfi09,eval,10,87,0.010342448,1
gwcs,../roman/.data/build21/r0000101001001001001_0001_wfi09_f158_cal.asdf,wfi09,eval,10,88,0.011820152,1
gwcs,../roman/.data/build21/r0000101001001001001_0001_wfi09_f158_cal.asdf,wfi09,eval,10,89,0.011783805,1
gwcs,../roman/.data/build21/r0000101001001001001_0001_wfi09_f158_cal.asdf,wfi09,eval,10,90,0.012263008,1
gwcs,../roman/.data/build21/r0000101001001001001_0001_wfi09_f158_cal.asdf,wfi09,eval,10,91,0.011938259,1
gwcs,../roman/.data/build21/r0000101001001001001_0001_wfi09_f158_cal.asdf,wfi09,eval,10,92,0.011601830,1
gwcs,../roman/.data/build21/r0000101001001001001_0001_wfi09_f158_cal.asdf,wfi09,eval,10,93,0.011393622,1
gwcs,../roman/.data/build21/r0000101001001001001_0001_wfi09_f158_cal.asdf,wfi09,eval,10,94,0.007623285,1
gwcs,../roman/.data/build21/r0000101001001001001_0001_wfi09_f158_cal.asdf,wfi09,eval,10,95,0.005335826,1
gwcs,../roman/.data/build21/r0000101001001001001_0001_wfi09_f158_cal.asdf,wfi09,eval,10,96,0.005862055,1
gwcs,../roman/.data/build21/r0000101001001001001_0001_wfi09_f158_cal.asdf,wfi09,eval,10,97,0.006910882,1
gwcs,../roman/.data/build21/r0000101001001001001_0001_wfi09_f158_cal.asdf,wfi09,eval,10,98,0.005860921,1
gwcs,../roman/.data/build21/r0000101001001001001_0001_wfi09_f158_cal.asdf,wfi09,eval,10,99,0.006003091,1
gwcs,../roman/.data/build21/r0000101001001001001_0001_wfi09_f158_cal.asdf,wfi09,eval,100,0,0.007060871,1
gwcs,../roman/.data/build21/r0000101001001001001_0001_wfi09_f158_cal.asdf,wfi09,eval,100,1,0.005365961,1
gwcs,../roman/.data/build21/r0000101001001001001_0001_wfi09_f158_cal.asdf,wfi09,eval,100,2,0.006577188,1
gwcs,../roman/.data/build21/r0000101001001001001_0001_wfi09_f158_cal.asdf,wfi09,eval,100,3,0.006093969,1
gwcs,../roman/.data/build21/r0000101001001001001_0001_wfi09_f158_cal.asdf,wfi09,eval,100,4,0.005458738,1
gwcs,../roman/.data/build21/r0000101001001001001_0001_wfi09_f158_cal.asdf,wfi09,eval,100,5,0.005955896,1
gwcs,../roman/.data/build21/r0000101001001001001_0001_wfi09_f158_cal.asdf,wfi09,eval,100,6,0.005537010,1
gwcs,../roman/.data/build21/r0000101001001001001_0001_wfi09_f158_cal.asdf,wfi09,eval,100,7,0.005865422,1
gwcs,../roman/.data/build21/r0000101001001001001_0001_wfi09_f158_cal.asdf,wfi09,eval,100,8,0.005747161,1
gwcs,../roman/.data/build21/r0000101001001001001_0001_wfi09_f158_cal.asdf,wfi09,eval,100,9,0.005073341,1
gwcs,../roman/.data/build21/r0000101001001001001_0001_wfi09_f158_cal.asdf,wfi09,eval,100,10,0.005481453,1
gwcs,../roman/.data/build21/r0000101001001001001_0001_wfi09_f158_cal.asdf,wfi09,eval,100,11,0.006355005,1
gwcs,../roman/.data/build21/r0000101001001001001_0001_wfi09_f158_cal.asdf,wfi09,eval,100,12,0.007145830,1
gwcs,../roman/.data/build21/r0000101001001001001_0001_wfi09_f158_cal.asdf,wfi09,eval,100,13,0.006032697,1
gwcs,../roman/.data/build21/r0000101001001001001_0001_wfi09_f158_cal.asdf,wfi09,eval,100,14,0.005483259,1
gwcs,../roman/.data/build21/r0000101001001001001_0001_wfi09_f158_cal.asdf,wfi09,eval,100,15,0.006769390,1
gwcs,../roman/.data/build21/r0000101001001001001_0001_wfi09_f158_cal.asdf,wfi09,eval,100,16,0.005532678,1
gwcs,../roman/.data/build21/r0000101001001001001_0001_wfi09_f158_cal.asdf,wfi09,eval,100,17,0.006926588,1
gwcs,../roman/.data/build21/r0000101001001001001_0001_wfi09_f158_cal.asdf,wfi09,eval,100,18,0.004952870,1
gwcs,../roman/.data/build21/r0000101001001001001_0001_wfi09_f158_cal.asdf,wfi09,eval,100,19,0.004901818,1
gwcs,../roman/.data/build21/r0000101001001001001_0001_wfi09_f158_cal.asdf,wfi09,eval,100,20,0.006262794,1
gwcs,../roman/.data/build21/r0000101001001001001_0001_wfi09_f158_cal.asdf,wfi09,eval,100,21,0.009770595,1
gwcs,../roman/.data/build21/r0000101001001001001_0001_wfi09_f158_cal.asdf,wfi09,eval,100,22,0.006840097,1
gwcs,../roman/.data/build21/r0000101001001001001_0001_wfi09_f158_cal.asdf,wfi09,eval,100,23,0.004944709,1
gwcs,../roman/.data/build21/r0000101001001001001_0001_wfi09_f158_cal.asdf,wfi09,eval,100,24,0.004922723,1
gwcs,../roman/.data/build21/r0000101001001001001_0001_wfi09_f158_cal.asdf,wfi09,eval,100,25,0.008024931,1
gwcs,../roman/.data/build21/r0000101001001001001_0001_wfi09_f158_cal.asdf,wfi09,eval,100,26,0.010085389,1
gwcs,../roman/.data/build21/r0000101001001001001_0001_wfi09_f158_cal.asdf,wfi09,eval,100,27,0.009679241,1
gwcs,../roman/.data/build21/r0000101001001001001_0001_wfi09_f158_cal.asdf,wfi09,eval,100,28,0.007606633,1
gwcs,../roman/.data/build21/r0000101001001001001_0001_wfi09_f158_cal.asdf,wfi09,eval,100,29,0.005422957,1
gwcs,../roman/.data/build21/r0000101001001001001_0001_wfi09_f158_cal.asdf,wfi09,eval,100,30,0.005876450,1
gwcs,../roman/.data/build21/r0000101001001001001_0001_wfi09_f158_cal.asdf,wfi09,eval,100,31,0.005023154,1
gwcs,../roman/.data/build21/r0000101001001001001_0001_wfi09_f158_cal.asdf,wfi09,eval,100,32,0.005117596,1
gwcs,../roman/.data/build21/r0000101001001001001_0001_wfi09_f158_cal.asdf,wfi09,eval,100,33,0.006659855,1
gwcs,../roman/.data/build21/r0000101001001001001_0001_wfi09_f158_cal.asdf,wfi09,eval,100,34,0.005418202,1
gwcs,../roman/.data/build21/r0000101001001001001_0001_wfi09_f158_cal.asdf,wfi09,eval,100,35,0.005227382,1
gwcs,../roman/.data/build21/r0000101001001001001_0001_wfi09_f158_cal.asdf,wfi09,eval,100,36,0.005907521,1
gwcs,../roman/.data/build21/r0000101001001001001_0001_wfi09_f158_cal.asdf,wfi09,eval,100,37,0.007304547,1
gwcs,../roman/.data/build21/r0000101001001001001_0001_wfi09_f158_cal.asdf,wfi09,eval,100,38,0.005030463,1
gwcs,../roman/.data/build21/r0000101001001001001_0001_wfi09_f158_cal.asdf,wfi09,eval,100,39,0.010253525,1
gwcs,../roman/.data/build21/r0000101001001001001_0001_wfi09_f158_cal.asdf,wfi09,eval,100,40,0.009840720,1
gwcs,../roman/.data/build21/r0000101001001001001_0001_wfi09_f158_cal.asdf,wfi09,eval,100,41,0.009734672,1
gwcs,../roman/.data/build21/r0000101001001001001_0001_wfi09_f158_cal.asdf,wfi09,eval,100,42,0.009317792,1
gwcs,../roman/.data/build21/r0000101001001001001_0001_wfi09_f158_cal.asdf,wfi09,eval,100,43,0.005402446,1
gwcs,../roman/.data/build21/r0000101001001001001_0001_wfi09_f158_cal.asdf,wfi09,eval,100,44,0.005488292,1
gwcs,../roman/.data/build21/r0000101001001001001_0001_wfi09_f158_cal.asdf,wfi09,eval,100,45,0.005292644,1
gwcs,../roman/.data/build21/r0000101001001001001_0001_wfi09_f158_cal.asdf,wfi09,eval,100,46,0.005045828,1
gwcs,../roman/.data/build21/r0000101001001001001_0001_wfi09_f158_cal.asdf,wfi09,eval,100,47,0.005512744,1
gwcs,../roman/.data/build21/r0000101001001001001_0001_wfi09_f158_cal.asdf,wfi09,eval,100,48,0.005069875,1
gwcs,../roman/.data/build21/r0000101001001001001_0001_wfi09_f158_cal.asdf,wfi09,eval,100,49,0.005429796,1
gwcs,../roman/.data/build21/r0000101001001001001_0001_wfi09_f158_cal.asdf,wfi09,eval,1000,0,0.006150766,1
gwcs,../roman/.data/build21/r0000101001001001001_0001_wfi09_f158_cal.asdf,wfi09,eval,1000,1,0.005860254,1
gwcs,../roman/.data/build21/r0000101001001001001_0001_wfi09_f158_cal.asdf,wfi09,eval,1000,2,0.006183333,1
gwcs,../roman/.data/build21/r0000101001001001001_0001_wfi09_f158_cal.asdf,wfi09,eval,1000,3,0.005827927,1
gwcs,../roman/.data/build21/r0000101001001001001_0001_wfi09_f158_cal.asdf,wfi09,eval,1000,4,0.006477102,1
gwcs,../roman/.data/build21/r0000101001001001001_0001_wfi09_f158_cal.asdf,wfi09,eval,1000,5,0.005810693,1
gwcs,../roman/.data/build21/r0000101001001001001_0001_wfi09_f158_cal.asdf,wfi09,eval,1000,6,0.006257250,1
gwcs,../roman/.data/build21/r0000101001001001001_0001_wfi09_f158_cal.asdf,wfi09,eval,1000,7,0.009232402,1
gwcs,../roman/.data/build21/r0000101001001001001_0001_wfi09_f158_cal.asdf,wfi09,eval,1000,8,0.009099879,1
gwcs,../roman/.data/build21/r0000101001001001001_0001_wfi09_f158_cal.asdf,wfi09,eval,1000,9,0.009586177,1
gwcs,../roman/.data/build21/r0000101001001001001_0001_wfi09_f158_cal.asdf,wfi09,eval,1000,10,0.007550885,1
gwcs,../roman/.data/build21/r0000101001001001001_0001_wfi09_f158_cal.asdf,wfi09,eval,1000,11,0.005221820,1
gwcs,../roman/.data/build21/r0000101001001001001_0001_wfi09_f158_cal.asdf,wfi09,eval,1000,12,0.005294476,1
gwcs,../roman/.data/build21/r0000101001001001001_0001_wfi09_f158_cal.asdf,wfi09,eval,1000,13,0.005252931,1
gwcs,../roman/.data/build21/r0000101001001001001_0001_wfi09_f158_cal.asdf,wfi09,eval,1000,14,0.005489755,1
gwcs,../roman/.data/build21/r0000101001001001001_0001_wfi09_f158_cal.asdf,wfi09,eval,1000,15,0.005304005,1
gwcs,../roman/.data/build21/r0000101001001001001_0001_wfi09_f158_cal.asdf,wfi09,eval,1000,16,0.005265771,1
gwcs,../roman/.data/build21/r0000101001001001001_0001_wfi09_f158_cal.asdf,wfi09,eval,1000,17,0.005547607,1
gwcs,../roman/.data/build21/r0000101001001001001_0001_wfi09_f158_cal.asdf,wfi09,eval,1000,18,0.005576936,1
gwcs,../roman/.data/build21/r0000101001001001001_0001_wfi09_f158_cal.asdf,wfi09,eval,1000,19,0.005821737,1
gwcs,../roman/.data/build21/r0000101001001001001_0001_wfi09_f158_cal.asdf,wfi09,eval,10000,0,0.009050191,1
gwcs,../roman/.data/build21/r0000101001001001001_0001_wfi09_f158_cal.asdf,wfi09,eval,10000,1,0.008441010,1
gwcs,../roman/.data/build21/r0000101001001001001_0001_wfi09_f158_cal.asdf,wfi09,eval,10000,2,0.009353081,1
gwcs,../roman/.data/build21/r0000101001001001001_0001_wfi09_f158_cal.asdf,wfi09,eval,10000,3,0.008721504,1
gwcs,../roman/.data/build21/r0000101001001001001_0001_wfi09_f158_cal.asdf,wfi09,eval,10000,4,0.008715211,1
gwcs,../roman/.data/build21/r0000101001001001001_0001_wfi09_f158_cal.asdf,wfi09,eval,10000,5,0.008446623,1
gwcs,../roman/.data/build21/r0000101001001001001_0001_wfi09_f158_cal.asdf,wfi09,eval,10000,6,0.008859366,1
gwcs,../roman/.data/build21/r0000101001001001001_0001_wfi09_f158_cal.asdf,wfi09,eval,10000,7,0.008395488,1
gwcs,../roman/.data/build21/r0000101001001001001_0001_wfi09_f158_cal.asdf,wfi09,eval,10000,8,0.008489598,1
gwcs,../roman/.data/build21/r0000101001001001001_0001_wfi09_f158_cal.asdf,wfi09,eval,10000,9,0.008381894,1
gwcs,../roman/.data/build21/r0000101001001001001_0001_wfi09_f158_cal.asdf,wfi09,eval,100000,0,0.053236774,1
gwcs,../roman/.data/build21/r0000101001001001001_0001_wfi09_f158_cal.asdf,wfi09,eval,100000,1,0.041051042,1
gwcs,../roman/.data/build21/r0000101001001001001_0001_wfi09_f158_cal.asdf,wfi09,eval,100000,2,0.041211976,1
gwcs,../roman/.data/build21/r0000101001001001001_0001_wfi09_f158_cal.asdf,wfi09,eval,100000,3,0.040173466,1
gwcs,../roman/.data/build21/r0000101001001001001_0001_wfi09_f158_cal.asdf,wfi09,eval,100000,4,0.037822676,1
gwcs,../roman/.data/build21/r0000101001001001001_0001_wfi09_f158_cal.asdf,wfi09,eval,1000000,0,0.503663150,1
gwcs,../roman/.data/build21/r0000101001001001001_0001_wfi09_f158_cal.asdf,wfi09,eval,1000000,1,0.374023699,1
gwcs,../roman/.data/build21/r0000101001001001001_0001_wfi09_f158_cal.asdf,wfi09,eval,1000000,2,0.393833049,1
gwcs,../roman/.data/build21/r0000101001001001001_0001_wfi09_f158_cal.asdf,wfi09,eval,10000000,0,6.655686011,1
gwcs,../roman/.data/build21/r0000101001001001001_0001_wfi09_f158_cal.asdf,wfi09,eval,10000000,1,6.619103573,1
gwcs,../roman/.data/build21/r0000101001001001001_0001_wfi09_f158_cal.asdf,wfi09,eval,16711744,0,23.713991356,1
gwcs,../roman/.data/build21/r0000101001001001001_0001_wfi09_f158_cal.asdf,wfi09,eval,16711744,1,23.766205758,1
gwcs,../roman/.data/build21/r0000101001001001001_0001_wfi10_f158_cal.asdf,wfi10,parse_cold,0,0,0.829049592,1
gwcs,../roman/.data/build21/r0000101001001001001_0001_wfi10_f158_cal.asdf,wfi10,parse_hot,0,0,0.539922591,1
gwcs,../roman/.data/build21/r0000101001001001001_0001_wfi10_f158_cal.asdf,wfi10,eval,1,0,0.005361119,1
gwcs,../roman/.data/build21/r0000101001001001001_0001_wfi10_f158_cal.asdf,wfi10,eval,1,1,0.004875996,1
gwcs,../roman/.data/build21/r0000101001001001001_0001_wfi10_f158_cal.asdf,wfi10,eval,1,2,0.004850707,1
gwcs,../roman/.data/build21/r0000101001001001001_0001_wfi10_f158_cal.asdf,wfi10,eval,1,3,0.004808554,1
gwcs,../roman/.data/build21/r0000101001001001001_0001_wfi10_f158_cal.asdf,wfi10,eval,1,4,0.004715741,1
gwcs,../roman/.data/build21/r0000101001001001001_0001_wfi10_f158_cal.asdf,wfi10,eval,1,5,0.004829339,1
gwcs,../roman/.data/build21/r0000101001001001001_0001_wfi10_f158_cal.asdf,wfi10,eval,1,6,0.004689828,1
gwcs,../roman/.data/build21/r0000101001001001001_0001_wfi10_f158_cal.asdf,wfi10,eval,1,7,0.004720401,1
gwcs,../roman/.data/build21/r0000101001001001001_0001_wfi10_f158_cal.asdf,wfi10,eval,1,8,0.004868325,1
gwcs,../roman/.data/build21/r0000101001001001001_0001_wfi10_f158_cal.asdf,wfi10,eval,1,9,0.004903926,1
gwcs,../roman/.data/build21/r0000101001001001001_0001_wfi10_f158_cal.asdf,wfi10,eval,1,10,0.004732538,1
gwcs,../roman/.data/build21/r0000101001001001001_0001_wfi10_f158_cal.asdf,wfi10,eval,1,11,0.004723297,1
gwcs,../roman/.data/build21/r0000101001001001001_0001_wfi10_f158_cal.asdf,wfi10,eval,1,12,0.005015246,1
gwcs,../roman/.data/build21/r0000101001001001001_0001_wfi10_f158_cal.asdf,wfi10,eval,1,13,0.004744061,1
gwcs,../roman/.data/build21/r0000101001001001001_0001_wfi10_f158_cal.asdf,wfi10,eval,1,14,0.004699741,1
gwcs,../roman/.data/build21/r0000101001001001001_0001_wfi10_f158_cal.asdf,wfi10,eval,1,15,0.004815516,1
gwcs,../roman/.data/build21/r0000101001001001001_0001_wfi10_f158_cal.asdf,wfi10,eval,1,16,0.004853905,1
gwcs,../roman/.data/build21/r0000101001001001001_0001_wfi10_f158_cal.asdf,wfi10,eval,1,17,0.004713573,1
gwcs,../roman/.data/build21/r0000101001001001001_0001_wfi10_f158_cal.asdf,wfi10,eval,1,18,0.004812656,1
gwcs,../roman/.data/build21/r0000101001001001001_0001_wfi10_f158_cal.asdf,wfi10,eval,1,19,0.004835725,1
gwcs,../roman/.data/build21/r0000101001001001001_0001_wfi10_f158_cal.asdf,wfi10,eval,1,20,0.004756120,1
gwcs,../roman/.data/build21/r0000101001001001001_0001_wfi10_f158_cal.asdf,wfi10,eval,1,21,0.004652953,1
gwcs,../roman/.data/build21/r0000101001001001001_0001_wfi10_f158_cal.asdf,wfi10,eval,1,22,0.004786601,1
gwcs,../roman/.data/build21/r0000101001001001001_0001_wfi10_f158_cal.asdf,wfi10,eval,1,23,0.004703372,1
gwcs,../roman/.data/build21/r0000101001001001001_0001_wfi10_f158_cal.asdf,wfi10,eval,1,24,0.004711113,1
gwcs,../roman/.data/build21/r0000101001001001001_0001_wfi10_f158_cal.asdf,wfi10,eval,1,25,0.004776309,1
gwcs,../roman/.data/build21/r0000101001001001001_0001_wfi10_f158_cal.asdf,wfi10,eval,1,26,0.004847298,1
gwcs,../roman/.data/build21/r0000101001001001001_0001_wfi10_f158_cal.asdf,wfi10,eval,1,27,0.004676308,1
gwcs,../roman/.data/build21/r0000101001001001001_0001_wfi10_f158_cal.asdf,wfi10,eval,1,28,0.004647728,1
gwcs,../roman/.data/build21/r0000101001001001001_0001_wfi10_f158_cal.asdf,wfi10,eval,1,29,0.004848466,1
gwcs,../roman/.data/build21/r0000101001001001001_0001_wfi10_f158_cal.asdf,wfi10,eval,1,30,0.004766251,1
gwcs,../roman/.data/build21/r0000101001001001001_0001_wfi10_f158_cal.asdf,wfi10,eval,1,31,0.004742072,1
gwcs,../roman/.data/build21/r0000101001001001001_0001_wfi10_f158_cal.asdf,wfi10,eval,1,32,0.004743643,1
gwcs,../roman/.data/build21/r0000101001001001001_0001_wfi10_f158_cal.asdf,wfi10,eval,1,33,0.004792039,1
gwcs,../roman/.data/build21/r0000101001001001001_0001_wfi10_f158_cal.asdf,wfi10,eval,1,34,0.004725284,1
gwcs,../roman/.data/build21/r0000101001001001001_0001_wfi10_f158_cal.asdf,wfi10,eval,1,35,0.004747430,1
gwcs,../roman/.data/build21/r0000101001001001001_0001_wfi10_f158_cal.asdf,wfi10,eval,1,36,0.004850322,1
gwcs,../roman/.data/build21/r0000101001001001001_0001_wfi10_f158_cal.asdf,wfi10,eval,1,37,0.004755150,1
gwcs,../roman/.data/build21/r0000101001001001001_0001_wfi10_f158_cal.asdf,wfi10,eval,1,38,0.004708872,1
gwcs,../roman/.data/build21/r0000101001001001001_0001_wfi10_f158_cal.asdf,wfi10,eval,1,39,0.004711459,1
gwcs,../roman/.data/build21/r0000101001001001001_0001_wfi10_f158_cal.asdf,wfi10,eval,1,40,0.004900631,1
gwcs,../roman/.data/build21/r0000101001001001001_0001_wfi10_f158_cal.asdf,wfi10,eval,1,41,0.004741834,1
gwcs,../roman/.data/build21/r0000101001001001001_0001_wfi10_f158_cal.asdf,wfi10,eval,1,42,0.004674769,1
gwcs,../roman/.data/build21/r0000101001001001001_0001_wfi10_f158_cal.asdf,wfi10,eval,1,43,0.004845139,1
gwcs,../roman/.data/build21/r0000101001001001001_0001_wfi10_f158_cal.asdf,wfi10,eval,1,44,0.004724864,1
gwcs,../roman/.data/build21/r0000101001001001001_0001_wfi10_f158_cal.asdf,wfi10,eval,1,45,0.004722441,1
gwcs,../roman/.data/build21/r0000101001001001001_0001_wfi10_f158_cal.asdf,wfi10,eval,1,46,0.004724427,1
gwcs,../roman/.data/build21/r0000101001001001001_0001_wfi10_f158_cal.asdf,wfi10,eval,1,47,0.004918296,1
gwcs,../roman/.data/build21/r0000101001001001001_0001_wfi10_f158_cal.asdf,wfi10,eval,1,48,0.004710499,1
gwcs,../roman/.data/build21/r0000101001001001001_0001_wfi10_f158_cal.asdf,wfi10,eval,1,49,0.004784764,1
gwcs,../roman/.data/build21/r0000101001001001001_0001_wfi10_f158_cal.asdf,wfi10,eval,1,50,0.004870984,1
gwcs,../roman/.data/build21/r0000101001001001001_0001_wfi10_f158_cal.asdf,wfi10,eval,1,51,0.004726215,1
gwcs,../roman/.data/build21/r0000101001001001001_0001_wfi10_f158_cal.asdf,wfi10,eval,1,52,0.004751900,1
gwcs,../roman/.data/build21/r0000101001001001001_0001_wfi10_f158_cal.asdf,wfi10,eval,1,53,0.004748278,1
gwcs,../roman/.data/build21/r0000101001001001001_0001_wfi10_f158_cal.asdf,wfi10,eval,1,54,0.004814387,1
gwcs,../roman/.data/build21/r0000101001001001001_0001_wfi10_f158_cal.asdf,wfi10,eval,1,55,0.004684575,1
gwcs,../roman/.data/build21/r0000101001001001001_0001_wfi10_f158_cal.asdf,wfi10,eval,1,56,0.004692230,1
gwcs,../roman/.data/build21/r0000101001001001001_0001_wfi10_f158_cal.asdf,wfi10,eval,1,57,0.004815139,1
gwcs,../roman/.data/build21/r0000101001001001001_0001_wfi10_f158_cal.asdf,wfi10,eval,1,58,0.004695666,1
gwcs,../roman/.data/build21/r0000101001001001001_0001_wfi10_f158_cal.asdf,wfi10,eval,1,59,0.004657223,1
gwcs,../roman/.data/build21/r0000101001001001001_0001_wfi10_f158_cal.asdf,wfi10,eval,1,60,0.004792860,1
gwcs,../roman/.data/build21/r0000101001001001001_0001_wfi10_f158_cal.asdf,wfi10,eval,1,61,0.004942960,1
gwcs,../roman/.data/build21/r0000101001001001001_0001_wfi10_f158_cal.asdf,wfi10,eval,1,62,0.004959411,1
gwcs,../roman/.data/build21/r0000101001001001001_0001_wfi10_f158_cal.asdf,wfi10,eval,1,63,0.004690141,1
gwcs,../roman/.data/build21/r0000101001001001001_0001_wfi10_f158_cal.asdf,wfi10,eval,1,64,0.004887426,1
gwcs,../roman/.data/build21/r0000101001001001001_0001_wfi10_f158_cal.asdf,wfi10,eval,1,65,0.004727152,1
gwcs,../roman/.data/build21/r0000101001001001001_0001_wfi10_f158_cal.asdf,wfi10,eval,1,66,0.005275658,1
gwcs,../roman/.data/build21/r0000101001001001001_0001_wfi10_f158_cal.asdf,wfi10,eval,1,67,0.005056964,1
gwcs,../roman/.data/build21/r0000101001001001001_0001_wfi10_f158_cal.asdf,wfi10,eval,1,68,0.005277238,1
gwcs,../roman/.data/build21/r0000101001001001001_0001_wfi10_f158_cal.asdf,wfi10,eval,1,69,0.004864935,1
gwcs,../roman/.data/build21/r0000101001001001001_0001_wfi10_f158_cal.asdf,wfi10,eval,1,70,0.005235088,1
gwcs,../roman/.data/build21/r0000101001001001001_0001_wfi10_f158_cal.asdf,wfi10,eval,1,71,0.005141754,1
gwcs,../roman/.data/build21/r0000101001001001001_0001_wfi10_f158_cal.asdf,wfi10,eval,1,72,0.004842450,1
gwcs,../roman/.data/build21/r0000101001001001001_0001_wfi10_f158_cal.asdf,wfi10,eval,1,73,0.004704565,1
gwcs,../roman/.data/build21/r0000101001001001001_0001_wfi10_f158_cal.asdf,wfi10,eval,1,74,0.004940556,1
gwcs,../roman/.data/build21/r0000101001001001001_0001_wfi10_f158_cal.asdf,wfi10,eval,1,75,0.005088650,1
gwcs,../roman/.data/build21/r0000101001001001001_0001_wfi10_f158_cal.asdf,wfi10,eval,1,76,0.004722487,1
gwcs,../roman/.data/build21/r0000101001001001001_0001_wfi10_f158_cal.asdf,wfi10,eval,1,77,0.004839012,1
gwcs,../roman/.data/build21/r0000101001001001001_0001_wfi10_f158_cal.asdf,wfi10,eval,1,78,0.004785392,1
gwcs,../roman/.data/build21/r0000101001001001001_0001_wfi10_f158_cal.asdf,wfi10,eval,1,79,0.004723171,1
gwcs,../roman/.data/build21/r0000101001001001001_0001_wfi10_f158_cal.asdf,wfi10,eval,1,80,0.004665972,1
gwcs,../roman/.data/build21/r0000101001001001001_0001_wfi10_f158_cal.asdf,wfi10,eval,1,81,0.004988249,1
gwcs,../roman/.data/build21/r0000101001001001001_0001_wfi10_f158_cal.asdf,wfi10,eval,1,82,0.005137378,1
gwcs,../roman/.data/build21/r0000101001001001001_0001_wfi10_f158_cal.asdf,wfi10,eval,1,83,0.004755019,1
gwcs,../roman/.data/build21/r0000101001001001001_0001_wfi10_f158_cal.asdf,wfi10,eval,1,84,0.004786721,1
gwcs,../roman/.data/build21/r0000101001001001001_0001_wfi10_f158_cal.asdf,wfi10,eval,1,85,0.004794069,1
gwcs,../roman/.data/build21/r0000101001001001001_0001_wfi10_f158_cal.asdf,wfi10,eval,1,86,0.004715805,1
gwcs,../roman/.data/build21/r0000101001001001001_0001_wfi10_f158_cal.asdf,wfi10,eval,1,87,0.005264629,1
gwcs,../roman/.data/build21/r0000101001001001001_0001_wfi10_f158_cal.asdf,wfi10,eval,1,88,0.004944385,1
gwcs,../roman/.data/build21/r0000101001001001001_0001_wfi10_f158_cal.asdf,wfi10,eval,1,89,0.004701356,1
gwcs,../roman/.data/build21/r0000101001001001001_0001_wfi10_f158_cal.asdf,wfi10,eval,1,90,0.004742758,1
gwcs,../roman/.data/build21/r0000101001001001001_0001_wfi10_f158_cal.asdf,wfi10,eval,1,91,0.005153527,1
gwcs,../roman/.data/build21/r0000101001001001001_0001_wfi10_f158_cal.asdf,wfi10,eval,1,92,0.004768550,1
gwcs,../roman/.data/build21/r0000101001001001001_0001_wfi10_f158_cal.asdf,wfi10,eval,1,93,0.004722461,1
gwcs,../roman/.data/build21/r0000101001001001001_0001_wfi10_f158_cal.asdf,wfi10,eval,1,94,0.004791339,1
gwcs,../roman/.data/build21/r0000101001001001001_0001_wfi10_f158_cal.asdf,wfi10,eval,1,95,0.004796495,1
gwcs,../roman/.data/build21/r0000101001001001001_0001_wfi10_f158_cal.asdf,wfi10,eval,1,96,0.004685691,1
gwcs,../roman/.data/build21/r0000101001001001001_0001_wfi10_f158_cal.asdf,wfi10,eval,1,97,0.004674337,1
gwcs,../roman/.data/build21/r0000101001001001001_0001_wfi10_f158_cal.asdf,wfi10,eval,1,98,0.005215670,1
gwcs,../roman/.data/build21/r0000101001001001001_0001_wfi10_f158_cal.asdf,wfi10,eval,1,99,0.004793875,1
gwcs,../roman/.data/build21/r0000101001001001001_0001_wfi10_f158_cal.asdf,wfi10,eval,10,0,0.004863120,1
gwcs,../roman/.data/build21/r0000101001001001001_0001_wfi10_f158_cal.asdf,wfi10,eval,10,1,0.005017101,1
gwcs,../roman/.data/build21/r0000101001001001001_0001_wfi10_f158_cal.asdf,wfi10,eval,10,2,0.005014827,1
gwcs,../roman/.data/build21/r0000101001001001001_0001_wfi10_f158_cal.asdf,wfi10,eval,10,3,0.004928870,1
gwcs,../roman/.data/build21/r0000101001001001001_0001_wfi10_f158_cal.asdf,wfi10,eval,10,4,0.004874306,1
gwcs,../roman/.data/build21/r0000101001001001001_0001_wfi10_f158_cal.asdf,wfi10,eval,10,5,0.004951522,1
gwcs,../roman/.data/build21/r0000101001001001001_0001_wfi10_f158_cal.asdf,wfi10,eval,10,6,0.004846020,1
gwcs,../roman/.data/build21/r0000101001001001001_0001_wfi10_f158_cal.asdf,wfi10,eval,10,7,0.004833250,1
gwcs,../roman/.data/build21/r0000101001001001001_0001_wfi10_f158_cal.asdf,wfi10,eval,10,8,0.004925520,1
gwcs,../roman/.data/build21/r0000101001001001001_0001_wfi10_f158_cal.asdf,wfi10,eval,10,9,0.004881233,1
gwcs,../roman/.data/build21/r0000101001001001001_0001_wfi10_f158_cal.asdf,wfi10,eval,10,10,0.004791350,1
gwcs,../roman/.data/build21/r0000101001001001001_0001_wfi10_f158_cal.asdf,wfi10,eval,10,11,0.004991928,1
gwcs,../roman/.data/build21/r0000101001001001001_0001_wfi10_f158_cal.asdf,wfi10,eval,10,12,0.004953023,1
gwcs,../roman/.data/build21/r0000101001001001001_0001_wfi10_f158_cal.asdf,wfi10,eval,10,13,0.004943383,1
gwcs,../roman/.data/build21/r0000101001001001001_0001_wfi10_f158_cal.asdf,wfi10,eval,10,14,0.004753699,1
gwcs,../roman/.data/build21/r0000101001001001001_0001_wfi10_f158_cal.asdf,wfi10,eval,10,15,0.005014955,1
gwcs,../roman/.data/build21/r0000101001001001001_0001_wfi10_f158_cal.asdf,wfi10,eval,10,16,0.004785607,1
gwcs,../roman/.data/build21/r0000101001001001001_0001_wfi10_f158_cal.asdf,wfi10,eval,10,17,0.004798798,1
gwcs,../roman/.data/build21/r0000101001001001001_0001_wfi10_f158_cal.asdf,wfi10,eval,10,18,0.004935191,1
gwcs,../roman/.data/build21/r0000101001001001001_0001_wfi10_f158_cal.asdf,wfi10,eval,10,19,0.004885831,1
gwcs,../roman/.data/build21/r0000101001001001001_0001_wfi10_f158_cal.asdf,wfi10,eval,10,20,0.004804947,1
gwcs,../roman/.data/build21/r0000101001001001001_0001_wfi10_f158_cal.asdf,wfi10,eval,10,21,0.004806063,1
gwcs,../roman/.data/build21/r0000101001001001001_0001_wfi10_f158_cal.asdf,wfi10,eval,10,22,0.005047747,1
gwcs,../roman/.data/build21/r0000101001001001001_0001_wfi10_f158_cal.asdf,wfi10,eval,10,23,0.004879277,1
gwcs,../roman/.data/build21/r0000101001001001001_0001_wfi10_f158_cal.asdf,wfi10,eval,10,24,0.004748465,1
gwcs,../roman/.data/build21/r0000101001001001001_0001_wfi10_f158_cal.asdf,wfi10,eval,10,25,0.004927082,1
gwcs,../roman/.data/build21/r0000101001001001001_0001_wfi10_f158_cal.asdf,wfi10,eval,10,26,0.004841989,1
gwcs,../roman/.data/build21/r0000101001001001001_0001_wfi10_f158_cal.asdf,wfi10,eval,10,27,0.004996830,1
gwcs,../roman/.data/build21/r0000101001001001001_0001_wfi10_f158_cal.asdf,wfi10,eval,10,28,0.004879655,1
gwcs,../roman/.data/build21/r0000101001001001001_0001_wfi10_f158_cal.asdf,wfi10,eval,10,29,0.004873661,1
gwcs,../roman/.data/build21/r0000101001001001001_0001_wfi10_f158_cal.asdf,wfi10,eval,10,30,0.004786634,1
gwcs,../roman/.data/build21/r0000101001001001001_0001_wfi10_f158_cal.asdf,wfi10,eval,10,31,0.004803909,1
gwcs,../roman/.data/build21/r0000101001001001001_0001_wfi10_f158_cal.asdf,wfi10,eval,10,32,0.005095890,1
gwcs,../roman/.data/build21/r0000101001001001001_0001_wfi10_f158_cal.asdf,wfi10,eval,10,33,0.004830856,1
gwcs,../roman/.data/build21/r0000101001001001001_0001_wfi10_f158_cal.asdf,wfi10,eval,10,34,0.005129402,1
gwcs,../roman/.data/build21/r0000101001001001001_0001_wfi10_f158_cal.asdf,wfi10,eval,10,35,0.004940671,1
gwcs,../roman/.data/build21/r0000101001001001001_0001_wfi10_f158_cal.asdf,wfi10,eval,10,36,0.004887438,1
gwcs,../roman/.data/build21/r0000101001001001001_0001_wfi10_f158_cal.asdf,wfi10,eval,10,37,0.004812989,1
gwcs,../roman/.data/build21/r0000101001001001001_0001_wfi10_f158_cal.asdf,wfi10,eval,10,38,0.004917500,1
gwcs,../roman/.data/build21/r0000101001001001001_0001_wfi10_f158_cal.asdf,wfi10,eval,10,39,0.004951473,1
gwcs,../roman/.data/build21/r0000101001001001001_0001_wfi10_f158_cal.asdf,wfi10,eval,10,40,0.004811554,1
gwcs,../roman/.data/build21/r0000101001001001001_0001_wfi10_f158_cal.asdf,wfi10,eval,10,41,0.004767953,1
gwcs,../roman/.data/build21/r0000101001001001001_0001_wfi10_f158_cal.asdf,wfi10,eval,10,42,0.005122311,1
gwcs,../roman/.data/build21/r0000101001001001001_0001_wfi10_f158_cal.asdf,wfi10,eval,10,43,0.004881393,1
gwcs,../roman/.data/build21/r0000101001001001001_0001_wfi10_f158_cal.asdf,wfi10,eval,10,44,0.004810818,1
gwcs,../roman/.data/build21/r0000101001001001001_0001_wfi10_f158_cal.asdf,wfi10,eval,10,45,0.004899941,1
gwcs,../roman/.data/build21/r0000101001001001001_0001_wfi10_f158_cal.asdf,wfi10,eval,10,46,0.004915135,1
gwcs,../roman/.data/build21/r0000101001001001001_0001_wfi10_f158_cal.asdf,wfi10,eval,10,47,0.004997281,1
gwcs,../roman/.data/build21/r0000101001001001001_0001_wfi10_f158_cal.asdf,wfi10,eval,10,48,0.004774104,1
gwcs,../roman/.data/build21/r0000101001001001001_0001_wfi10_f158_cal.asdf,wfi10,eval,10,49,0.005114582,1
gwcs,../roman/.data/build21/r0000101001001001001_0001_wfi10_f158_cal.asdf,wfi10,eval,10,50,0.004907098,1
gwcs,../roman/.data/build21/r0000101001001001001_0001_wfi10_f158_cal.asdf,wfi10,eval,10,51,0.004831330,1
gwcs,../roman/.data/build21/r0000101001001001001_0001_wfi10_f158_cal.asdf,wfi10,eval,10,52,0.005006688,1
gwcs,../roman/.data/build21/r0000101001001001001_0001_wfi10_f158_cal.asdf,wfi10,eval,10,53,0.004929552,1
gwcs,../roman/.data/build21/r0000101001001001001_0001_wfi10_f158_cal.asdf,wfi10,eval,10,54,0.004943403,1
gwcs,../roman/.data/build21/r0000101001001001001_0001_wfi10_f158_cal.asdf,wfi10,eval,10,55,0.004913447,1
gwcs,../roman/.data/build21/r0000101001001001001_0001_wfi10_f158_cal.asdf,wfi10,eval,10,56,0.004916336,1
gwcs,../roman/.data/build21/r0000101001001001001_0001_wfi10_f158_cal.asdf,wfi10,eval,10,57,0.004799494,1
gwcs,../roman/.data/build21/r0000101001001001001_0001_wfi10_f158_cal.asdf,wfi10,eval,10,58,0.004797054,1
gwcs,../roman/.data/build21/r0000101001001001001_0001_wfi10_f158_cal.asdf,wfi10,eval,10,59,0.004937487,1
gwcs,../roman/.data/build21/r0000101001001001001_0001_wfi10_f158_cal.asdf,wfi10,eval,10,60,0.004944985,1
gwcs,../roman/.data/build21/r0000101001001001001_0001_wfi10_f158_cal.asdf,wfi10,eval,10,61,0.005590012,1
gwcs,../roman/.data/build21/r0000101001001001001_0001_wfi10_f158_cal.asdf,wfi10,eval,10,62,0.006290389,1
gwcs,../roman/.data/build21/r0000101001001001001_0001_wfi10_f158_cal.asdf,wfi10,eval,10,63,0.004973662,1
gwcs,../roman/.data/build21/r0000101001001001001_0001_wfi10_f158_cal.asdf,wfi10,eval,10,64,0.005402672,1
gwcs,../roman/.data/build21/r0000101001001001001_0001_wfi10_f158_cal.asdf,wfi10,eval,10,65,0.005014180,1
gwcs,../roman/.data/build21/r0000101001001001001_0001_wfi10_f158_cal.asdf,wfi10,eval,10,66,0.005134265,1
gwcs,../roman/.data/build21/r0000101001001001001_0001_wfi10_f158_cal.asdf,wfi10,eval,10,67,0.004915856,1
gwcs,../roman/.data/build21/r0000101001001001001_0001_wfi10_f158_cal.asdf,wfi10,eval,10,68,0.004902890,1
gwcs,../roman/.data/build21/r0000101001001001001_0001_wfi10_f158_cal.asdf,wfi10,eval,10,69,0.004951232,1
gwcs,../roman/.data/build21/r0000101001001001001_0001_wfi10_f158_cal.asdf,wfi10,eval,10,70,0.004914900,1
gwcs,../roman/.data/build21/r0000101001001001001_0001_wfi10_f158_cal.asdf,wfi10,eval,10,71,0.005106590,1
gwcs,../roman/.data/build21/r0000101001001001001_0001_wfi10_f158_cal.asdf,wfi10,eval,10,72,0.005506881,1
gwcs,../roman/.data/build21/r0000101001001001001_0001_wfi10_f158_cal.asdf,wfi10,eval,10,73,0.006339564,1
gwcs,../roman/.data/build21/r0000101001001001001_0001_wfi10_f158_cal.asdf,wfi10,eval,10,74,0.007580379,1
gwcs,../roman/.data/build21/r0000101001001001001_0001_wfi10_f158_cal.asdf,wfi10,eval,10,75,0.005908031,1
gwcs,../roman/.data/build21/r0000101001001001001_0001_wfi10_f158_cal.asdf,wfi10,eval,10,76,0.005288346,1
gwcs,../roman/.data/build21/r0000101001001001001_0001_wfi10_f158_cal.asdf,wfi10,eval,10,77,0.005459342,1
gwcs,../roman/.data/build21/r0000101001001001001_0001_wfi10_f158_cal.asdf,wfi10,eval,10,78,0.005189591,1
gwcs,../roman/.data/build21/r0000101001001001001_0001_wfi10_f158_cal.asdf,wfi10,eval,10,79,0.005072033,1
gwcs,../roman/.data/build21/r0000101001001001001_0001_wfi10_f158_cal.asdf,wfi10,eval,10,80,0.005119143,1
gwcs,../roman/.data/build21/r0000101001001001001_0001_wfi10_f158_cal.asdf,wfi10,eval,10,81,0.005280828,1
gwcs,../roman/.data/build21/r0000101001001001001_0001_wfi10_f158_cal.asdf,wfi10,eval,10,82,0.005435757,1
gwcs,../roman/.data/build21/r0000101001001001001_0001_wfi10_f158_cal.asdf,wfi10,eval,10,83,0.004912294,1
gwcs,../roman/.data/build21/r0000101001001001001_0001_wfi10_f158_cal.asdf,wfi10,eval,10,84,0.005018678,1
gwcs,../roman/.data/build21/r0000101001001001001_0001_wfi10_f158_cal.asdf,wfi10,eval,10,85,0.004825581,1
gwcs,../roman/.data/build21/r0000101001001001001_0001_wfi10_f158_cal.asdf,wfi10,eval,10,86,0.004857433,1
gwcs,../roman/.data/build21/r0000101001001001001_0001_wfi10_f158_cal.asdf,wfi10,eval,10,87,0.005289204,1
gwcs,../roman/.data/build21/r0000101001001001001_0001_wfi10_f158_cal.asdf,wfi10,eval,10,88,0.005057664,1
gwcs,../roman/.data/build21/r0000101001001001001_0001_wfi10_f158_cal.asdf,wfi10,eval,10,89,0.004973396,1
gwcs,../roman/.data/build21/r0000101001001001001_0001_wfi10_f158_cal.asdf,wfi10,eval,10,90,0.005461468,1
gwcs,../roman/.data/build21/r0000101001001001001_0001_wfi10_f158_cal.asdf,wfi10,eval,10,91,0.005087350,1
gwcs,../roman/.data/build21/r0000101001001001001_0001_wfi10_f158_cal.asdf,wfi10,eval,10,92,0.005405130,1
gwcs,../roman/.data/build21/r0000101001001001001_0001_wfi10_f158_cal.asdf,wfi10,eval,10,93,0.005116005,1
gwcs,../roman/.data/build21/r0000101001001001001_0001_wfi10_f158_cal.asdf,wfi10,eval,10,94,0.004893140,1
gwcs,../roman/.data/build21/r0000101001001001001_0001_wfi10_f158_cal.asdf,wfi10,eval,10,95,0.004872852,1
gwcs,../roman/.data/build21/r0000101001001001001_0001_wfi10_f158_cal.asdf,wfi10,eval,10,96,0.004809606,1
gwcs,../roman/.data/build21/r0000101001001001001_0001_wfi10_f158_cal.asdf,wfi10,eval,10,97,0.005341507,1
gwcs,../roman/.data/build21/r0000101001001001001_0001_wfi10_f158_cal.asdf,wfi10,eval,10,98,0.005313458,1
gwcs,../roman/.data/build21/r0000101001001001001_0001_wfi10_f158_cal.asdf,wfi10,eval,10,99,0.004892088,1
gwcs,../roman/.data/build21/r0000101001001001001_0001_wfi10_f158_cal.asdf,wfi10,eval,100,0,0.005756011,1
gwcs,../roman/.data/build21/r0000101001001001001_0001_wfi10_f158_cal.asdf,wfi10,eval,100,1,0.005309138,1
gwcs,../roman/.data/build21/r0000101001001001001_0001_wfi10_f158_cal.asdf,wfi10,eval,100,2,0.005753877,1
gwcs,../roman/.data/build21/r0000101001001001001_0001_wfi10_f158_cal.asdf,wfi10,eval,100,3,0.005430976,1
gwcs,../roman/.data/build21/r0000101001001001001_0001_wfi10_f158_cal.asdf,wfi10,eval,100,4,0.005427508,1
gwcs,../roman/.data/build21/r0000101001001001001_0001_wfi10_f158_cal.asdf,wfi10,eval,100,5,0.005114274,1
gwcs,../roman/.data/build21/r0000101001001001001_0001_wfi10_f158_cal.asdf,wfi10,eval,100,6,0.005501824,1
gwcs,../roman/.data/build21/r0000101001001001001_0001_wfi10_f158_cal.asdf,wfi10,eval,100,7,0.005090163,1
gwcs,../roman/.data/build21/r0000101001001001001_0001_wfi10_f158_cal.asdf,wfi10,eval,100,8,0.005112907,1
gwcs,../roman/.data/build21/r0000101001001001001_0001_wfi10_f158_cal.asdf,wfi10,eval,100,9,0.005270237,1
gwcs,../roman/.data/build21/r0000101001001001001_0001_wfi10_f158_cal.asdf,wfi10,eval,100,10,0.005251833,1
gwcs,../roman/.data/build21/r0000101001001001001_0001_wfi10_f158_cal.asdf,wfi10,eval,100,11,0.005283330,1
gwcs,../roman/.data/build21/r0000101001001001001_0001_wfi10_f158_cal.asdf,wfi10,eval,100,12,0.005406731,1
gwcs,../roman/.data/build21/r0000101001001001001_0001_wfi10_f158_cal.asdf,wfi10,eval,100,13,0.005365804,1
gwcs,../roman/.data/build21/r0000101001001001001_0001_wfi10_f158_cal.asdf,wfi10,eval,100,14,0.005257478,1
gwcs,../roman/.data/build21/r0000101001001001001_0001_wfi10_f158_cal.asdf,wfi10,eval,100,15,0.005222146,1
gwcs,../roman/.data/build21/r0000101001001001001_0001_wfi10_f158_cal.asdf,wfi10,eval,100,16,0.004977345,1
gwcs,../roman/.data/build21/r0000101001001001001_0001_wfi10_f158_cal.asdf,wfi10,eval,100,17,0.004968020,1
gwcs,../roman/.data/build21/r0000101001001001001_0001_wfi10_f158_cal.asdf,wfi10,eval,100,18,0.004834274,1
gwcs,../roman/.data/build21/r0000101001001001001_0001_wfi10_f158_cal.asdf,wfi10,eval,100,19,0.005204234,1
gwcs,../roman/.data/build21/r0000101001001001001_0001_wfi10_f158_cal.asdf,wfi10,eval,100,20,0.004905009,1
gwcs,../roman/.data/build21/r0000101001001001001_0001_wfi10_f158_cal.asdf,wfi10,eval,100,21,0.004856806,1
gwcs,../roman/.data/build21/r0000101001001001001_0001_wfi10_f158_cal.asdf,wfi10,eval,100,22,0.005078101,1
gwcs,../roman/.data/build21/r0000101001001001001_0001_wfi10_f158_cal.asdf,wfi10,eval,100,23,0.004938833,1
gwcs,../roman/.data/build21/r0000101001001001001_0001_wfi10_f158_cal.asdf,wfi10,eval,100,24,0.004857629,1
gwcs,../roman/.data/build21/r0000101001001001001_0001_wfi10_f158_cal.asdf,wfi10,eval,100,25,0.004917878,1
gwcs,../roman/.data/build21/r0000101001001001001_0001_wfi10_f158_cal.asdf,wfi10,eval,100,26,0.005016449,1
gwcs,../roman/.data/build21/r0000101001001001001_0001_wfi10_f158_cal.asdf,wfi10,eval,100,27,0.004843223,1
gwcs,../roman/.data/build21/r0000101001001001001_0001_wfi10_f158_cal.asdf,wfi10,eval,100,28,0.004809086,1
gwcs,../roman/.data/build21/r0000101001001001001_0001_wfi10_f158_cal.asdf,wfi10,eval,100,29,0.005310114,1
gwcs,../roman/.data/build21/r0000101001001001001_0001_wfi10_f158_cal.asdf,wfi10,eval,100,30,0.005034038,1
gwcs,../roman/.data/build21/r0000101001001001001_0001_wfi10_f158_cal.asdf,wfi10,eval,100,31,0.005275483,1
gwcs,../roman/.data/build21/r0000101001001001001_0001_wfi10_f158_cal.asdf,wfi10,eval,100,32,0.005236215,1
gwcs,../roman/.data/build21/r0000101001001001001_0001_wfi10_f158_cal.asdf,wfi10,eval,100,33,0.005189597,1
gwcs,../roman/.data/build21/r0000101001001001001_0001_wfi10_f158_cal.asdf,wfi10,eval,100,34,0.005027539,1
gwcs,../roman/.data/build21/r0000101001001001001_0001_wfi10_f158_cal.asdf,wfi10,eval,100,35,0.005352222,1
gwcs,../roman/.data/build21/r0000101001001001001_0001_wfi10_f158_cal.asdf,wfi10,eval,100,36,0.004990759,1
gwcs,../roman/.data/build21/r0000101001001001001_0001_wfi10_f158_cal.asdf,wfi10,eval,100,37,0.005173808,1
gwcs,../roman/.data/build21/r0000101001001001001_0001_wfi10_f158_cal.asdf,wfi10,eval,100,38,0.005023090,1
gwcs,../roman/.data/build21/r0000101001001001001_0001_wfi10_f158_cal.asdf,wfi10,eval,100,39,0.005211309,1
gwcs,../roman/.data/build21/r0000101001001001001_0001_wfi10_f158_cal.asdf,wfi10,eval,100,40,0.005013630,1
gwcs,../roman/.data/build21/r0000101001001001001_0001_wfi10_f158_cal.asdf,wfi10,eval,100,41,0.005294414,1
gwcs,../roman/.data/build21/r0000101001001001001_0001_wfi10_f158_cal.asdf,wfi10,eval,100,42,0.005014546,1
gwcs,../roman/.data/build21/r0000101001001001001_0001_wfi10_f158_cal.asdf,wfi10,eval,100,43,0.005190294,1
gwcs,../roman/.data/build21/r0000101001001001001_0001_wfi10_f158_cal.asdf,wfi10,eval,100,44,0.004963636,1
gwcs,../roman/.data/build21/r0000101001001001001_0001_wfi10_f158_cal.asdf,wfi10,eval,100,45,0.005478567,1
gwcs,../roman/.data/build21/r0000101001001001001_0001_wfi10_f158_cal.asdf,wfi10,eval,100,46,0.005032851,1
gwcs,../roman/.data/build21/r0000101001001001001_0001_wfi10_f158_cal.asdf,wfi10,eval,100,47,0.005245458,1
gwcs,../roman/.data/build21/r0000101001001001001_0001_wfi10_f158_cal.asdf,wfi10,eval,100,48,0.004991618,1
gwcs,../roman/.data/build21/r0000101001001001001_0001_wfi10_f158_cal.asdf,wfi10,eval,100,49,0.005223163,1
gwcs,../roman/.data/build21/r0000101001001001001_0001_wfi10_f158_cal.asdf,wfi10,eval,1000,0,0.005571540,1
gwcs,../roman/.data/build21/r0000101001001001001_0001_wfi10_f158_cal.asdf,wfi10,eval,1000,1,0.005668947,1
gwcs,../roman/.data/build21/r0000101001001001001_0001_wfi10_f158_cal.asdf,wfi10,eval,1000,2,0.005471802,1
gwcs,../roman/.data/build21/r0000101001001001001_0001_wfi10_f158_cal.asdf,wfi10,eval,1000,3,0.005663556,1
gwcs,../roman/.data/build21/r0000101001001001001_0001_wfi10_f158_cal.asdf,wfi10,eval,1000,4,0.005341888,1
gwcs,../roman/.data/build21/r0000101001001001001_0001_wfi10_f158_cal.asdf,wfi10,eval,1000,5,0.005646957,1
gwcs,../roman/.data/build21/r0000101001001001001_0001_wfi10_f158_cal.asdf,wfi10,eval,1000,6,0.005421761,1
gwcs,../roman/.data/build21/r0000101001001001001_0001_wfi10_f158_cal.asdf,wfi10,eval,1000,7,0.005628116,1
gwcs,../roman/.data/build21/r0000101001001001001_0001_wfi10_f158_cal.asdf,wfi10,eval,1000,8,0.005561169,1
gwcs,../roman/.data/build21/r0000101001001001001_0001_wfi10_f158_cal.asdf,wfi10,eval,1000,9,0.005942273,1
gwcs,../roman/.data/build21/r0000101001001001001_0001_wfi10_f158_cal.asdf,wfi10,eval,1000,10,0.005823098,1
gwcs,../roman/.data/build21/r0000101001001001001_0001_wfi10_f158_cal.asdf,wfi10,eval,1000,11,0.005551423,1
gwcs,../roman/.data/build21/r0000101001001001001_0001_wfi10_f158_cal.asdf,wfi10,eval,1000,12,0.005535336,1
gwcs,../roman/.data/build21/r0000101001001001001_0001_wfi10_f158_cal.asdf,wfi10,eval,1000,13,0.005930828,1
gwcs,../roman/.data/build21/r0000101001001001001_0001_wfi10_f158_cal.asdf,wfi10,eval,1000,14,0.005663680,1
gwcs,../roman/.data/build21/r0000101001001001001_0001_wfi10_f158_cal.asdf,wfi10,eval,1000,15,0.005532816,1
gwcs,../roman/.data/build21/r0000101001001001001_0001_wfi10_f158_cal.asdf,wfi10,eval,1000,16,0.005657847,1
gwcs,../roman/.data/build21/r0000101001001001001_0001_wfi10_f158_cal.asdf,wfi10,eval,1000,17,0.005741431,1
gwcs,../roman/.data/build21/r0000101001001001001_0001_wfi10_f158_cal.asdf,wfi10,eval,1000,18,0.006113464,1
gwcs,../roman/.data/build21/r0000101001001001001_0001_wfi10_f158_cal.asdf,wfi10,eval,1000,19,0.006576407,1
gwcs,../roman/.data/build21/r0000101001001001001_0001_wfi10_f158_cal.asdf,wfi10,eval,10000,0,0.008178942,1
gwcs,../roman/.data/build21/r0000101001001001001_0001_wfi10_f158_cal.asdf,wfi10,eval,10000,1,0.008646381,1
gwcs,../roman/.data/build21/r0000101001001001001_0001_wfi10_f158_cal.asdf,wfi10,eval,10000,2,0.008573889,1
gwcs,../roman/.data/build21/r0000101001001001001_0001_wfi10_f158_cal.asdf,wfi10,eval,10000,3,0.008908697,1
gwcs,../roman/.data/build21/r0000101001001001001_0001_wfi10_f158_cal.asdf,wfi10,eval,10000,4,0.011385229,1
gwcs,../roman/.data/build21/r0000101001001001001_0001_wfi10_f158_cal.asdf,wfi10,eval,10000,5,0.010856166,1
gwcs,../roman/.data/build21/r0000101001001001001_0001_wfi10_f158_cal.asdf,wfi10,eval,10000,6,0.010668498,1
gwcs,../roman/.data/build21/r0000101001001001001_0001_wfi10_f158_cal.asdf,wfi10,eval,10000,7,0.008088749,1
gwcs,../roman/.data/build21/r0000101001001001001_0001_wfi10_f158_cal.asdf,wfi10,eval,10000,8,0.008458760,1
gwcs,../roman/.data/build21/r0000101001001001001_0001_wfi10_f158_cal.asdf,wfi10,eval,10000,9,0.008132417,1
gwcs,../roman/.data/build21/r0000101001001001001_0001_wfi10_f158_cal.asdf,wfi10,eval,100000,0,0.036548917,1
gwcs,../roman/.data/build21/r0000101001001001001_0001_wfi10_f158_cal.asdf,wfi10,eval,100000,1,0.035854759,1
gwcs,../roman/.data/build21/r0000101001001001001_0001_wfi10_f158_cal.asdf,wfi10,eval,100000,2,0.036290859,1
gwcs,../roman/.data/build21/r0000101001001001001_0001_wfi10_f158_cal.asdf,wfi10,eval,100000,3,0.035612193,1
gwcs,../roman/.data/build21/r0000101001001001001_0001_wfi10_f158_cal.asdf,wfi10,eval,100000,4,0.036907087,1
gwcs,../roman/.data/build21/r0000101001001001001_0001_wfi10_f158_cal.asdf,wfi10,eval,1000000,0,0.374239356,1
gwcs,../roman/.data/build21/r0000101001001001001_0001_wfi10_f158_cal.asdf,wfi10,eval,1000000,1,0.369703430,1
gwcs,../roman/.data/build21/r0000101001001001001_0001_wfi10_f158_cal.asdf,wfi10,eval,1000000,2,0.368993073,1
gwcs,../roman/.data/build21/r0000101001001001001_0001_wfi10_f158_cal.asdf,wfi10,eval,10000000,0,10.363222372,1
gwcs,../roman/.data/build21/r0000101001001001001_0001_wfi10_f158_cal.asdf,wfi10,eval,10000000,1,10.350387623,1
gwcs,../roman/.data/build21/r0000101001001001001_0001_wfi10_f158_cal.asdf,wfi10,eval,16711744,0,26.014221755,1
gwcs,../roman/.data/build21/r0000101001001001001_0001_wfi10_f158_cal.asdf,wfi10,eval,16711744,1,25.568961960,1
gwcs,../roman/.data/build21/r0000101001001001001_0001_wfi11_f158_cal.asdf,wfi11,parse_cold,0,0,0.897827470,1
gwcs,../roman/.data/build21/r0000101001001001001_0001_wfi11_f158_cal.asdf,wfi11,parse_hot,0,0,0.651550991,1
gwcs,../roman/.data/build21/r0000101001001001001_0001_wfi11_f158_cal.asdf,wfi11,eval,1,0,0.004926685,1
gwcs,../roman/.data/build21/r0000101001001001001_0001_wfi11_f158_cal.asdf,wfi11,eval,1,1,0.005121166,1
gwcs,../roman/.data/build21/r0000101001001001001_0001_wfi11_f158_cal.asdf,wfi11,eval,1,2,0.006581426,1
gwcs,../roman/.data/build21/r0000101001001001001_0001_wfi11_f158_cal.asdf,wfi11,eval,1,3,0.004740910,1
gwcs,../roman/.data/build21/r0000101001001001001_0001_wfi11_f158_cal.asdf,wfi11,eval,1,4,0.005260196,1
gwcs,../roman/.data/build21/r0000101001001001001_0001_wfi11_f158_cal.asdf,wfi11,eval,1,5,0.005698493,1
gwcs,../roman/.data/build21/r0000101001001001001_0001_wfi11_f158_cal.asdf,wfi11,eval,1,6,0.004909204,1
gwcs,../roman/.data/build21/r0000101001001001001_0001_wfi11_f158_cal.asdf,wfi11,eval,1,7,0.004902448,1
gwcs,../roman/.data/build21/r0000101001001001001_0001_wfi11_f158_cal.asdf,wfi11,eval,1,8,0.007177941,1
gwcs,../roman/.data/build21/r0000101001001001001_0001_wfi11_f158_cal.asdf,wfi11,eval,1,9,0.004786370,1
gwcs,../roman/.data/build21/r0000101001001001001_0001_wfi11_f158_cal.asdf,wfi11,eval,1,10,0.005042934,1
gwcs,../roman/.data/build21/r0000101001001001001_0001_wfi11_f158_cal.asdf,wfi11,eval,1,11,0.005008559,1
gwcs,../roman/.data/build21/r0000101001001001001_0001_wfi11_f158_cal.asdf,wfi11,eval,1,12,0.005169835,1
gwcs,../roman/.data/build21/r0000101001001001001_0001_wfi11_f158_cal.asdf,wfi11,eval,1,13,0.004735121,1
gwcs,../roman/.data/build21/r0000101001001001001_0001_wfi11_f158_cal.asdf,wfi11,eval,1,14,0.006374465,1
gwcs,../roman/.data/build21/r0000101001001001001_0001_wfi11_f158_cal.asdf,wfi11,eval,1,15,0.004940247,1
gwcs,../roman/.data/build21/r0000101001001001001_0001_wfi11_f158_cal.asdf,wfi11,eval,1,16,0.004798657,1
gwcs,../roman/.data/build21/r0000101001001001001_0001_wfi11_f158_cal.asdf,wfi11,eval,1,17,0.004691031,1
gwcs,../roman/.data/build21/r0000101001001001001_0001_wfi11_f158_cal.asdf,wfi11,eval,1,18,0.004960831,1
gwcs,../roman/.data/build21/r0000101001001001001_0001_wfi11_f158_cal.asdf,wfi11,eval,1,19,0.004743361,1
gwcs,../roman/.data/build21/r0000101001001001001_0001_wfi11_f158_cal.asdf,wfi11,eval,1,20,0.005150500,1
gwcs,../roman/.data/build21/r0000101001001001001_0001_wfi11_f158_cal.asdf,wfi11,eval,1,21,0.005317916,1
gwcs,../roman/.data/build21/r0000101001001001001_0001_wfi11_f158_cal.asdf,wfi11,eval,1,22,0.004893661,1
gwcs,../roman/.data/build21/r0000101001001001001_0001_wfi11_f158_cal.asdf,wfi11,eval,1,23,0.005755395,1
gwcs,../roman/.data/build21/r0000101001001001001_0001_wfi11_f158_cal.asdf,wfi11,eval,1,24,0.005097064,1
gwcs,../roman/.data/build21/r0000101001001001001_0001_wfi11_f158_cal.asdf,wfi11,eval,1,25,0.004865271,1
gwcs,../roman/.data/build21/r0000101001001001001_0001_wfi11_f158_cal.asdf,wfi11,eval,1,26,0.005252709,1
gwcs,../roman/.data/build21/r0000101001001001001_0001_wfi11_f158_cal.asdf,wfi11,eval,1,27,0.004993725,1
gwcs,../roman/.data/build21/r0000101001001001001_0001_wfi11_f158_cal.asdf,wfi11,eval,1,28,0.004800348,1
gwcs,../roman/.data/build21/r0000101001001001001_0001_wfi11_f158_cal.asdf,wfi11,eval,1,29,0.004731872,1
gwcs,../roman/.data/build21/r0000101001001001001_0001_wfi11_f158_cal.asdf,wfi11,eval,1,30,0.007750319,1
gwcs,../roman/.data/build21/r0000101001001001001_0001_wfi11_f158_cal.asdf,wfi11,eval,1,31,0.004816934,1
gwcs,../roman/.data/build21/r0000101001001001001_0001_wfi11_f158_cal.asdf,wfi11,eval,1,32,0.004751082,1
gwcs,../roman/.data/build21/r0000101001001001001_0001_wfi11_f158_cal.asdf,wfi11,eval,1,33,0.004757500,1
gwcs,../roman/.data/build21/r0000101001001001001_0001_wfi11_f158_cal.asdf,wfi11,eval,1,34,0.004785986,1
gwcs,../roman/.data/build21/r0000101001001001001_0001_wfi11_f158_cal.asdf,wfi11,eval,1,35,0.004760265,1
gwcs,../roman/.data/build21/r0000101001001001001_0001_wfi11_f158_cal.asdf,wfi11,eval,1,36,0.004714769,1
gwcs,../roman/.data/build21/r0000101001001001001_0001_wfi11_f158_cal.asdf,wfi11,eval,1,37,0.004973634,1
gwcs,../roman/.data/build21/r0000101001001001001_0001_wfi11_f158_cal.asdf,wfi11,eval,1,38,0.004973116,1
gwcs,../roman/.data/build21/r0000101001001001001_0001_wfi11_f158_cal.asdf,wfi11,eval,1,39,0.005206767,1
gwcs,../roman/.data/build21/r0000101001001001001_0001_wfi11_f158_cal.asdf,wfi11,eval,1,40,0.004870130,1
gwcs,../roman/.data/build21/r0000101001001001001_0001_wfi11_f158_cal.asdf,wfi11,eval,1,41,0.006484314,1
gwcs,../roman/.data/build21/r0000101001001001001_0001_wfi11_f158_cal.asdf,wfi11,eval,1,42,0.006982605,1
gwcs,../roman/.data/build21/r0000101001001001001_0001_wfi11_f158_cal.asdf,wfi11,eval,1,43,0.005301531,1
gwcs,../roman/.data/build21/r0000101001001001001_0001_wfi11_f158_cal.asdf,wfi11,eval,1,44,0.005122103,1
gwcs,../roman/.data/build21/r0000101001001001001_0001_wfi11_f158_cal.asdf,wfi11,eval,1,45,0.004801934,1
gwcs,../roman/.data/build21/r0000101001001001001_0001_wfi11_f158_cal.asdf,wfi11,eval,1,46,0.004783699,1
gwcs,../roman/.data/build21/r0000101001001001001_0001_wfi11_f158_cal.asdf,wfi11,eval,1,47,0.005835483,1
gwcs,../roman/.data/build21/r0000101001001001001_0001_wfi11_f158_cal.asdf,wfi11,eval,1,48,0.004716016,1
gwcs,../roman/.data/build21/r0000101001001001001_0001_wfi11_f158_cal.asdf,wfi11,eval,1,49,0.004687652,1
gwcs,../roman/.data/build21/r0000101001001001001_0001_wfi11_f158_cal.asdf,wfi11,eval,1,50,0.004756765,1
gwcs,../roman/.data/build21/r0000101001001001001_0001_wfi11_f158_cal.asdf,wfi11,eval,1,51,0.004772732,1
gwcs,../roman/.data/build21/r0000101001001001001_0001_wfi11_f158_cal.asdf,wfi11,eval,1,52,0.004712158,1
gwcs,../roman/.data/build21/r0000101001001001001_0001_wfi11_f158_cal.asdf,wfi11,eval,1,53,0.004676896,1
gwcs,../roman/.data/build21/r0000101001001001001_0001_wfi11_f158_cal.asdf,wfi11,eval,1,54,0.004823713,1
gwcs,../roman/.data/build21/r0000101001001001001_0001_wfi11_f158_cal.asdf,wfi11,eval,1,55,0.004733113,1
gwcs,../roman/.data/build21/r0000101001001001001_0001_wfi11_f158_cal.asdf,wfi11,eval,1,56,0.004766360,1
gwcs,../roman/.data/build21/r0000101001001001001_0001_wfi11_f158_cal.asdf,wfi11,eval,1,57,0.004838554,1
gwcs,../roman/.data/build21/r0000101001001001001_0001_wfi11_f158_cal.asdf,wfi11,eval,1,58,0.004764862,1
gwcs,../roman/.data/build21/r0000101001001001001_0001_wfi11_f158_cal.asdf,wfi11,eval,1,59,0.004910763,1
gwcs,../roman/.data/build21/r0000101001001001001_0001_wfi11_f158_cal.asdf,wfi11,eval,1,60,0.004801598,1
gwcs,../roman/.data/build21/r0000101001001001001_0001_wfi11_f158_cal.asdf,wfi11,eval,1,61,0.004992824,1
gwcs,../roman/.data/build21/r0000101001001001001_0001_wfi11_f158_cal.asdf,wfi11,eval,1,62,0.004714981,1
gwcs,../roman/.data/build21/r0000101001001001001_0001_wfi11_f158_cal.asdf,wfi11,eval,1,63,0.004690677,1
gwcs,../roman/.data/build21/r0000101001001001001_0001_wfi11_f158_cal.asdf,wfi11,eval,1,64,0.004845626,1
gwcs,../roman/.data/build21/r0000101001001001001_0001_wfi11_f158_cal.asdf,wfi11,eval,1,65,0.004764545,1
gwcs,../roman/.data/build21/r0000101001001001001_0001_wfi11_f158_cal.asdf,wfi11,eval,1,66,0.004721760,1
gwcs,../roman/.data/build21/r0000101001001001001_0001_wfi11_f158_cal.asdf,wfi11,eval,1,67,0.004772269,1
gwcs,../roman/.data/build21/r0000101001001001001_0001_wfi11_f158_cal.asdf,wfi11,eval,1,68,0.004775719,1
gwcs,../roman/.data/build21/r0000101001001001001_0001_wfi11_f158_cal.asdf,wfi11,eval,1,69,0.004714856,1
gwcs,../roman/.data/build21/r0000101001001001001_0001_wfi11_f158_cal.asdf,wfi11,eval,1,70,0.004722072,1
gwcs,../roman/.data/build21/r0000101001001001001_0001_wfi11_f158_cal.asdf,wfi11,eval,1,71,0.005360420,1
gwcs,../roman/.data/build21/r0000101001001001001_0001_wfi11_f158_cal.asdf,wfi11,eval,1,72,0.004836234,1
gwcs,../roman/.data/build21/r0000101001001001001_0001_wfi11_f158_cal.asdf,wfi11,eval,1,73,0.004744041,1
gwcs,../roman/.data/build21/r0000101001001001001_0001_wfi11_f158_cal.asdf,wfi11,eval,1,74,0.004798304,1
gwcs,../roman/.data/build21/r0000101001001001001_0001_wfi11_f158_cal.asdf,wfi11,eval,1,75,0.005366887,1
gwcs,../roman/.data/build21/r0000101001001001001_0001_wfi11_f158_cal.asdf,wfi11,eval,1,76,0.004914527,1
gwcs,../roman/.data/build21/r0000101001001001001_0001_wfi11_f158_cal.asdf,wfi11,eval,1,77,0.004757117,1
gwcs,../roman/.data/build21/r0000101001001001001_0001_wfi11_f158_cal.asdf,wfi11,eval,1,78,0.004780443,1
gwcs,../roman/.data/build21/r0000101001001001001_0001_wfi11_f158_cal.asdf,wfi11,eval,1,79,0.004740307,1
gwcs,../roman/.data/build21/r0000101001001001001_0001_wfi11_f158_cal.asdf,wfi11,eval,1,80,0.004688085,1
gwcs,../roman/.data/build21/r0000101001001001001_0001_wfi11_f158_cal.asdf,wfi11,eval,1,81,0.005443522,1
gwcs,../roman/.data/build21/r0000101001001001001_0001_wfi11_f158_cal.asdf,wfi11,eval,1,82,0.005113391,1
gwcs,../roman/.data/build21/r0000101001001001001_0001_wfi11_f158_cal.asdf,wfi11,eval,1,83,0.004823260,1
gwcs,../roman/.data/build21/r0000101001001001001_0001_wfi11_f158_cal.asdf,wfi11,eval,1,84,0.005241627,1
gwcs,../roman/.data/build21/r0000101001001001001_0001_wfi11_f158_cal.asdf,wfi11,eval,1,85,0.005004676,1
gwcs,../roman/.data/build21/r0000101001001001001_0001_wfi11_f158_cal.asdf,wfi11,eval,1,86,0.005160435,1
gwcs,../roman/.data/build21/r0000101001001001001_0001_wfi11_f158_cal.asdf,wfi11,eval,1,87,0.004858058,1
gwcs,../roman/.data/build21/r0000101001001001001_0001_wfi11_f158_cal.asdf,wfi11,eval,1,88,0.005110432,1
gwcs,../roman/.data/build21/r0000101001001001001_0001_wfi11_f158_cal.asdf,wfi11,eval,1,89,0.005098773,1
gwcs,../roman/.data/build21/r0000101001001001001_0001_wfi11_f158_cal.asdf,wfi11,eval,1,90,0.005132243,1
gwcs,../roman/.data/build21/r0000101001001001001_0001_wfi11_f158_cal.asdf,wfi11,eval,1,91,0.005825935,1
gwcs,../roman/.data/build21/r0000101001001001001_0001_wfi11_f158_cal.asdf,wfi11,eval,1,92,0.005380560,1
gwcs,../roman/.data/build21/r0000101001001001001_0001_wfi11_f158_cal.asdf,wfi11,eval,1,93,0.006036781,1
gwcs,../roman/.data/build21/r0000101001001001001_0001_wfi11_f158_cal.asdf,wfi11,eval,1,94,0.005668707,1
gwcs,../roman/.data/build21/r0000101001001001001_0001_wfi11_f158_cal.asdf,wfi11,eval,1,95,0.005142284,1
gwcs,../roman/.data/build21/r0000101001001001001_0001_wfi11_f158_cal.asdf,wfi11,eval,1,96,0.005253345,1
gwcs,../roman/.data/build21/r0000101001001001001_0001_wfi11_f158_cal.asdf,wfi11,eval,1,97,0.005003126,1
gwcs,../roman/.data/build21/r0000101001001001001_0001_wfi11_f158_cal.asdf,wfi11,eval,1,98,0.005054118,1
gwcs,../roman/.data/build21/r0000101001001001001_0001_wfi11_f158_cal.asdf,wfi11,eval,1,99,0.004753523,1
gwcs,../roman/.data/build21/r0000101001001001001_0001_wfi11_f158_cal.asdf,wfi11,eval,10,0,0.005289892,1
gwcs,../roman/.data/build21/r0000101001001001001_0001_wfi11_f158_cal.asdf,wfi11,eval,10,1,0.005678814,1
gwcs,../roman/.data/build21/r0000101001001001001_0001_wfi11_f158_cal.asdf,wfi11,eval,10,2,0.005021720,1
gwcs,../roman/.data/build21/r0000101001001001001_0001_wfi11_f158_cal.asdf,wfi11,eval,10,3,0.004917329,1
gwcs,../roman/.data/build21/r0000101001001001001_0001_wfi11_f158_cal.asdf,wfi11,eval,10,4,0.005060250,1
gwcs,../roman/.data/build21/r0000101001001001001_0001_wfi11_f158_cal.asdf,wfi11,eval,10,5,0.004887930,1
gwcs,../roman/.data/build21/r0000101001001001001_0001_wfi11_f158_cal.asdf,wfi11,eval,10,6,0.004815520,1
gwcs,../roman/.data/build21/r0000101001001001001_0001_wfi11_f158_cal.asdf,wfi11,eval,10,7,0.004908398,1
gwcs,../roman/.data/build21/r0000101001001001001_0001_wfi11_f158_cal.asdf,wfi11,eval,10,8,0.005269024,1
gwcs,../roman/.data/build21/r0000101001001001001_0001_wfi11_f158_cal.asdf,wfi11,eval,10,9,0.005599749,1
gwcs,../roman/.data/build21/r0000101001001001001_0001_wfi11_f158_cal.asdf,wfi11,eval,10,10,0.005331151,1
gwcs,../roman/.data/build21/r0000101001001001001_0001_wfi11_f158_cal.asdf,wfi11,eval,10,11,0.006179825,1
gwcs,../roman/.data/build21/r0000101001001001001_0001_wfi11_f158_cal.asdf,wfi11,eval,10,12,0.005647849,1
gwcs,../roman/.data/build21/r0000101001001001001_0001_wfi11_f158_cal.asdf,wfi11,eval,10,13,0.005242003,1
gwcs,../roman/.data/build21/r0000101001001001001_0001_wfi11_f158_cal.asdf,wfi11,eval,10,14,0.005871505,1
gwcs,../roman/.data/build21/r0000101001001001001_0001_wfi11_f158_cal.asdf,wfi11,eval,10,15,0.005182376,1
gwcs,../roman/.data/build21/r0000101001001001001_0001_wfi11_f158_cal.asdf,wfi11,eval,10,16,0.005325491,1
gwcs,../roman/.data/build21/r0000101001001001001_0001_wfi11_f158_cal.asdf,wfi11,eval,10,17,0.005685913,1
gwcs,../roman/.data/build21/r0000101001001001001_0001_wfi11_f158_cal.asdf,wfi11,eval,10,18,0.005198615,1
gwcs,../roman/.data/build21/r0000101001001001001_0001_wfi11_f158_cal.asdf,wfi11,eval,10,19,0.005307662,1
gwcs,../roman/.data/build21/r0000101001001001001_0001_wfi11_f158_cal.asdf,wfi11,eval,10,20,0.005200962,1
gwcs,../roman/.data/build21/r0000101001001001001_0001_wfi11_f158_cal.asdf,wfi11,eval,10,21,0.004932176,1
gwcs,../roman/.data/build21/r0000101001001001001_0001_wfi11_f158_cal.asdf,wfi11,eval,10,22,0.005562983,1
gwcs,../roman/.data/build21/r0000101001001001001_0001_wfi11_f158_cal.asdf,wfi11,eval,10,23,0.004912636,1
gwcs,../roman/.data/build21/r0000101001001001001_0001_wfi11_f158_cal.asdf,wfi11,eval,10,24,0.010097027,1
gwcs,../roman/.data/build21/r0000101001001001001_0001_wfi11_f158_cal.asdf,wfi11,eval,10,25,0.005087686,1
gwcs,../roman/.data/build21/r0000101001001001001_0001_wfi11_f158_cal.asdf,wfi11,eval,10,26,0.004855320,1
gwcs,../roman/.data/build21/r0000101001001001001_0001_wfi11_f158_cal.asdf,wfi11,eval,10,27,0.004910083,1
gwcs,../roman/.data/build21/r0000101001001001001_0001_wfi11_f158_cal.asdf,wfi11,eval,10,28,0.005174331,1
gwcs,../roman/.data/build21/r0000101001001001001_0001_wfi11_f158_cal.asdf,wfi11,eval,10,29,0.004863197,1
gwcs,../roman/.data/build21/r0000101001001001001_0001_wfi11_f158_cal.asdf,wfi11,eval,10,30,0.005025698,1
gwcs,../roman/.data/build21/r0000101001001001001_0001_wfi11_f158_cal.asdf,wfi11,eval,10,31,0.005230725,1
gwcs,../roman/.data/build21/r0000101001001001001_0001_wfi11_f158_cal.asdf,wfi11,eval,10,32,0.007066538,1
gwcs,../roman/.data/build21/r0000101001001001001_0001_wfi11_f158_cal.asdf,wfi11,eval,10,33,0.004930258,1
gwcs,../roman/.data/build21/r0000101001001001001_0001_wfi11_f158_cal.asdf,wfi11,eval,10,34,0.005066364,1
gwcs,../roman/.data/build21/r0000101001001001001_0001_wfi11_f158_cal.asdf,wfi11,eval,10,35,0.004871758,1
gwcs,../roman/.data/build21/r0000101001001001001_0001_wfi11_f158_cal.asdf,wfi11,eval,10,36,0.004875689,1
gwcs,../roman/.data/build21/r0000101001001001001_0001_wfi11_f158_cal.asdf,wfi11,eval,10,37,0.005273416,1
gwcs,../roman/.data/build21/r0000101001001001001_0001_wfi11_f158_cal.asdf,wfi11,eval,10,38,0.007198740,1
gwcs,../roman/.data/build21/r0000101001001001001_0001_wfi11_f158_cal.asdf,wfi11,eval,10,39,0.006273154,1
gwcs,../roman/.data/build21/r0000101001001001001_0001_wfi11_f158_cal.asdf,wfi11,eval,10,40,0.005351987,1
gwcs,../roman/.data/build21/r0000101001001001001_0001_wfi11_f158_cal.asdf,wfi11,eval,10,41,0.005109079,1
gwcs,../roman/.data/build21/r0000101001001001001_0001_wfi11_f158_cal.asdf,wfi11,eval,10,42,0.006259386,1
gwcs,../roman/.data/build21/r0000101001001001001_0001_wfi11_f158_cal.asdf,wfi11,eval,10,43,0.004966241,1
gwcs,../roman/.data/build21/r0000101001001001001_0001_wfi11_f158_cal.asdf,wfi11,eval,10,44,0.004870811,1
gwcs,../roman/.data/build21/r0000101001001001001_0001_wfi11_f158_cal.asdf,wfi11,eval,10,45,0.005633325,1
gwcs,../roman/.data/build21/r0000101001001001001_0001_wfi11_f158_cal.asdf,wfi11,eval,10,46,0.005322970,1
gwcs,../roman/.data/build21/r0000101001001001001_0001_wfi11_f158_cal.asdf,wfi11,eval,10,47,0.005011219,1
gwcs,../roman/.data/build21/r0000101001001001001_0001_wfi11_f158_cal.asdf,wfi11,eval,10,48,0.004926896,1
gwcs,../roman/.data/build21/r0000101001001001001_0001_wfi11_f158_cal.asdf,wfi11,eval,10,49,0.005096522,1
gwcs,../roman/.data/build21/r0000101001001001001_0001_wfi11_f158_cal.asdf,wfi11,eval,10,50,0.005032379,1
gwcs,../roman/.data/build21/r0000101001001001001_0001_wfi11_f158_cal.asdf,wfi11,eval,10,51,0.005648943,1
gwcs,../roman/.data/build21/r0000101001001001001_0001_wfi11_f158_cal.asdf,wfi11,eval,10,52,0.006039739,1
gwcs,../roman/.data/build21/r0000101001001001001_0001_wfi11_f158_cal.asdf,wfi11,eval,10,53,0.005068296,1
gwcs,../roman/.data/build21/r0000101001001001001_0001_wfi11_f158_cal.asdf,wfi11,eval,10,54,0.005013132,1
gwcs,../roman/.data/build21/r0000101001001001001_0001_wfi11_f158_cal.asdf,wfi11,eval,10,55,0.005200645,1
gwcs,../roman/.data/build21/r0000101001001001001_0001_wfi11_f158_cal.asdf,wfi11,eval,10,56,0.004992106,1
gwcs,../roman/.data/build21/r0000101001001001001_0001_wfi11_f158_cal.asdf,wfi11,eval,10,57,0.005366660,1
gwcs,../roman/.data/build21/r0000101001001001001_0001_wfi11_f158_cal.asdf,wfi11,eval,10,58,0.005349644,1
gwcs,../roman/.data/build21/r0000101001001001001_0001_wfi11_f158_cal.asdf,wfi11,eval,10,59,0.005924691,1
gwcs,../roman/.data/build21/r0000101001001001001_0001_wfi11_f158_cal.asdf,wfi11,eval,10,60,0.005238142,1
gwcs,../roman/.data/build21/r0000101001001001001_0001_wfi11_f158_cal.asdf,wfi11,eval,10,61,0.006624108,1
gwcs,../roman/.data/build21/r0000101001001001001_0001_wfi11_f158_cal.asdf,wfi11,eval,10,62,0.005514512,1
gwcs,../roman/.data/build21/r0000101001001001001_0001_wfi11_f158_cal.asdf,wfi11,eval,10,63,0.005907333,1
gwcs,../roman/.data/build21/r0000101001001001001_0001_wfi11_f158_cal.asdf,wfi11,eval,10,64,0.005627890,1
gwcs,../roman/.data/build21/r0000101001001001001_0001_wfi11_f158_cal.asdf,wfi11,eval,10,65,0.005297170,1
gwcs,../roman/.data/build21/r0000101001001001001_0001_wfi11_f158_cal.asdf,wfi11,eval,10,66,0.005945072,1
gwcs,../roman/.data/build21/r0000101001001001001_0001_wfi11_f158_cal.asdf,wfi11,eval,10,67,0.005485091,1
gwcs,../roman/.data/build21/r0000101001001001001_0001_wfi11_f158_cal.asdf,wfi11,eval,10,68,0.004968072,1
gwcs,../roman/.data/build21/r0000101001001001001_0001_wfi11_f158_cal.asdf,wfi11,eval,10,69,0.006043728,1
gwcs,../roman/.data/build21/r0000101001001001001_0001_wfi11_f158_cal.asdf,wfi11,eval,10,70,0.004855082,1
gwcs,../roman/.data/build21/r0000101001001001001_0001_wfi11_f158_cal.asdf,wfi11,eval,10,71,0.004992608,1
gwcs,../roman/.data/build21/r0000101001001001001_0001_wfi11_f158_cal.asdf,wfi11,eval,10,72,0.004866922,1
gwcs,../roman/.data/build21/r0000101001001001001_0001_wfi11_f158_cal.asdf,wfi11,eval,10,73,0.004868802,1
gwcs,../roman/.data/build21/r0000101001001001001_0001_wfi11_f158_cal.asdf,wfi11,eval,10,74,0.005253576,1
gwcs,../roman/.data/build21/r0000101001001001001_0001_wfi11_f158_cal.asdf,wfi11,eval,10,75,0.005885258,1
gwcs,../roman/.data/build21/r0000101001001001001_0001_wfi11_f158_cal.asdf,wfi11,eval,10,76,0.006956807,1
gwcs,../roman/.data/build21/r0000101001001001001_0001_wfi11_f158_cal.asdf,wfi11,eval,10,77,0.005404106,1
gwcs,../roman/.data/build21/r0000101001001001001_0001_wfi11_f158_cal.asdf,wfi11,eval,10,78,0.006665190,1
gwcs,../roman/.data/build21/r0000101001001001001_0001_wfi11_f158_cal.asdf,wfi11,eval,10,79,0.005312705,1
gwcs,../roman/.data/build21/r0000101001001001001_0001_wfi11_f158_cal.asdf,wfi11,eval,10,80,0.005899673,1
gwcs,../roman/.data/build21/r0000101001001001001_0001_wfi11_f158_cal.asdf,wfi11,eval,10,81,0.005011956,1
gwcs,../roman/.data/build21/r0000101001001001001_0001_wfi11_f158_cal.asdf,wfi11,eval,10,82,0.005720542,1
gwcs,../roman/.data/build21/r0000101001001001001_0001_wfi11_f158_cal.asdf,wfi11,eval,10,83,0.006421600,1
gwcs,../roman/.data/build21/r0000101001001001001_0001_wfi11_f158_cal.asdf,wfi11,eval,10,84,0.007932537,1
gwcs,../roman/.data/build21/r0000101001001001001_0001_wfi11_f158_cal.asdf,wfi11,eval,10,85,0.004980940,1
gwcs,../roman/.data/build21/r0000101001001001001_0001_wfi11_f158_cal.asdf,wfi11,eval,10,86,0.004850874,1
gwcs,../roman/.data/build21/r0000101001001001001_0001_wfi11_f158_cal.asdf,wfi11,eval,10,87,0.005237569,1
gwcs,../roman/.data/build21/r0000101001001001001_0001_wfi11_f158_cal.asdf,wfi11,eval,10,88,0.004838479,1
gwcs,../roman/.data/build21/r0000101001001001001_0001_wfi11_f158_cal.asdf,wfi11,eval,10,89,0.005092239,1
gwcs,../roman/.data/build21/r0000101001001001001_0001_wfi11_f158_cal.asdf,wfi11,eval,10,90,0.005135845,1
gwcs,../roman/.data/build21/r0000101001001001001_0001_wfi11_f158_cal.asdf,wfi11,eval,10,91,0.005216296,1
gwcs,../roman/.data/build21/r0000101001001001001_0001_wfi11_f158_cal.asdf,wfi11,eval,10,92,0.005184948,1
gwcs,../roman/.data/build21/r0000101001001001001_0001_wfi11_f158_cal.asdf,wfi11,eval,10,93,0.005008535,1
gwcs,../roman/.data/build21/r0000101001001001001_0001_wfi11_f158_cal.asdf,wfi11,eval,10,94,0.005686191,1
gwcs,../roman/.data/build21/r0000101001001001001_0001_wfi11_f158_cal.asdf,wfi11,eval,10,95,0.005275064,1
gwcs,../roman/.data/build21/r0000101001001001001_0001_wfi11_f158_cal.asdf,wfi11,eval,10,96,0.005179421,1
gwcs,../roman/.data/build21/r0000101001001001001_0001_wfi11_f158_cal.asdf,wfi11,eval,10,97,0.005023323,1
gwcs,../roman/.data/build21/r0000101001001001001_0001_wfi11_f158_cal.asdf,wfi11,eval,10,98,0.005288471,1
gwcs,../roman/.data/build21/r0000101001001001001_0001_wfi11_f158_cal.asdf,wfi11,eval,10,99,0.004964124,1
gwcs,../roman/.data/build21/r0000101001001001001_0001_wfi11_f158_cal.asdf,wfi11,eval,100,0,0.005264761,1
gwcs,../roman/.data/build21/r0000101001001001001_0001_wfi11_f158_cal.asdf,wfi11,eval,100,1,0.005404784,1
gwcs,../roman/.data/build21/r0000101001001001001_0001_wfi11_f158_cal.asdf,wfi11,eval,100,2,0.006376934,1
gwcs,../roman/.data/build21/r0000101001001001001_0001_wfi11_f158_cal.asdf,wfi11,eval,100,3,0.005116521,1
gwcs,../roman/.data/build21/r0000101001001001001_0001_wfi11_f158_cal.asdf,wfi11,eval,100,4,0.006286528,1
gwcs,../roman/.data/build21/r0000101001001001001_0001_wfi11_f158_cal.asdf,wfi11,eval,100,5,0.006529711,1
gwcs,../roman/.data/build21/r0000101001001001001_0001_wfi11_f158_cal.asdf,wfi11,eval,100,6,0.005110627,1
gwcs,../roman/.data/build21/r0000101001001001001_0001_wfi11_f158_cal.asdf,wfi11,eval,100,7,0.006478020,1
gwcs,../roman/.data/build21/r0000101001001001001_0001_wfi11_f158_cal.asdf,wfi11,eval,100,8,0.009084002,1
gwcs,../roman/.data/build21/r0000101001001001001_0001_wfi11_f158_cal.asdf,wfi11,eval,100,9,0.005168188,1
gwcs,../roman/.data/build21/r0000101001001001001_0001_wfi11_f158_cal.asdf,wfi11,eval,100,10,0.005962062,1
gwcs,../roman/.data/build21/r0000101001001001001_0001_wfi11_f158_cal.asdf,wfi11,eval,100,11,0.004917778,1
gwcs,../roman/.data/build21/r0000101001001001001_0001_wfi11_f158_cal.asdf,wfi11,eval,100,12,0.006178180,1
gwcs,../roman/.data/build21/r0000101001001001001_0001_wfi11_f158_cal.asdf,wfi11,eval,100,13,0.004909525,1
gwcs,../roman/.data/build21/r0000101001001001001_0001_wfi11_f158_cal.asdf,wfi11,eval,100,14,0.005938720,1
gwcs,../roman/.data/build21/r0000101001001001001_0001_wfi11_f158_cal.asdf,wfi11,eval,100,15,0.005712504,1
gwcs,../roman/.data/build21/r0000101001001001001_0001_wfi11_f158_cal.asdf,wfi11,eval,100,16,0.005378739,1
gwcs,../roman/.data/build21/r0000101001001001001_0001_wfi11_f158_cal.asdf,wfi11,eval,100,17,0.006084190,1
gwcs,../roman/.data/build21/r0000101001001001001_0001_wfi11_f158_cal.asdf,wfi11,eval,100,18,0.005030795,1
gwcs,../roman/.data/build21/r0000101001001001001_0001_wfi11_f158_cal.asdf,wfi11,eval,100,19,0.006383747,1
gwcs,../roman/.data/build21/r0000101001001001001_0001_wfi11_f158_cal.asdf,wfi11,eval,100,20,0.005458379,1
gwcs,../roman/.data/build21/r0000101001001001001_0001_wfi11_f158_cal.asdf,wfi11,eval,100,21,0.006404679,1
gwcs,../roman/.data/build21/r0000101001001001001_0001_wfi11_f158_cal.asdf,wfi11,eval,100,22,0.006981005,1
gwcs,../roman/.data/build21/r0000101001001001001_0001_wfi11_f158_cal.asdf,wfi11,eval,100,23,0.005159110,1
gwcs,../roman/.data/build21/r0000101001001001001_0001_wfi11_f158_cal.asdf,wfi11,eval,100,24,0.006441906,1
gwcs,../roman/.data/build21/r0000101001001001001_0001_wfi11_f158_cal.asdf,wfi11,eval,100,25,0.004917989,1
gwcs,../roman/.data/build21/r0000101001001001001_0001_wfi11_f158_cal.asdf,wfi11,eval,100,26,0.006145677,1
gwcs,../roman/.data/build21/r0000101001001001001_0001_wfi11_f158_cal.asdf,wfi11,eval,100,27,0.005991557,1
gwcs,../roman/.data/build21/r0000101001001001001_0001_wfi11_f158_cal.asdf,wfi11,eval,100,28,0.005329227,1
gwcs,../roman/.data/build21/r0000101001001001001_0001_wfi11_f158_cal.asdf,wfi11,eval,100,29,0.006230344,1
gwcs,../roman/.data/build21/r0000101001001001001_0001_wfi11_f158_cal.asdf,wfi11,eval,100,30,0.005070164,1
gwcs,../roman/.data/build21/r0000101001001001001_0001_wfi11_f158_cal.asdf,wfi11,eval,100,31,0.005972834,1
gwcs,../roman/.data/build21/r0000101001001001001_0001_wfi11_f158_cal.asdf,wfi11,eval,100,32,0.005059701,1
gwcs,../roman/.data/build21/r0000101001001001001_0001_wfi11_f158_cal.asdf,wfi11,eval,100,33,0.006032284,1
gwcs,../roman/.data/build21/r0000101001001001001_0001_wfi11_f158_cal.asdf,wfi11,eval,100,34,0.004850872,1
gwcs,../roman/.data/build21/r0000101001001001001_0001_wfi11_f158_cal.asdf,wfi11,eval,100,35,0.005928426,1
gwcs,../roman/.data/build21/r0000101001001001001_0001_wfi11_f158_cal.asdf,wfi11,eval,100,36,0.006208799,1
gwcs,../roman/.data/build21/r0000101001001001001_0001_wfi11_f158_cal.asdf,wfi11,eval,100,37,0.005252903,1
gwcs,../roman/.data/build21/r0000101001001001001_0001_wfi11_f158_cal.asdf,wfi11,eval,100,38,0.006180854,1
gwcs,../roman/.data/build21/r0000101001001001001_0001_wfi11_f158_cal.asdf,wfi11,eval,100,39,0.005008039,1
gwcs,../roman/.data/build21/r0000101001001001001_0001_wfi11_f158_cal.asdf,wfi11,eval,100,40,0.006073414,1
gwcs,../roman/.data/build21/r0000101001001001001_0001_wfi11_f158_cal.asdf,wfi11,eval,100,41,0.004995903,1
gwcs,../roman/.data/build21/r0000101001001001001_0001_wfi11_f158_cal.asdf,wfi11,eval,100,42,0.006332190,1
gwcs,../roman/.data/build21/r0000101001001001001_0001_wfi11_f158_cal.asdf,wfi11,eval,100,43,0.005436080,1
gwcs,../roman/.data/build21/r0000101001001001001_0001_wfi11_f158_cal.asdf,wfi11,eval,100,44,0.006063264,1
gwcs,../roman/.data/build21/r0000101001001001001_0001_wfi11_f158_cal.asdf,wfi11,eval,100,45,0.006010856,1
gwcs,../roman/.data/build21/r0000101001001001001_0001_wfi11_f158_cal.asdf,wfi11,eval,100,46,0.004916418,1
gwcs,../roman/.data/build21/r0000101001001001001_0001_wfi11_f158_cal.asdf,wfi11,eval,100,47,0.006309122,1
gwcs,../roman/.data/build21/r0000101001001001001_0001_wfi11_f158_cal.asdf,wfi11,eval,100,48,0.005306879,1
gwcs,../roman/.data/build21/r0000101001001001001_0001_wfi11_f158_cal.asdf,wfi11,eval,100,49,0.006120540,1
gwcs,../roman/.data/build21/r0000101001001001001_0001_wfi11_f158_cal.asdf,wfi11,eval,1000,0,0.008261294,1
gwcs,../roman/.data/build21/r0000101001001001001_0001_wfi11_f158_cal.asdf,wfi11,eval,1000,1,0.008182789,1
gwcs,../roman/.data/build21/r0000101001001001001_0001_wfi11_f158_cal.asdf,wfi11,eval,1000,2,0.009722250,1
gwcs,../roman/.data/build21/r0000101001001001001_0001_wfi11_f158_cal.asdf,wfi11,eval,1000,3,0.006526193,1
gwcs,../roman/.data/build21/r0000101001001001001_0001_wfi11_f158_cal.asdf,wfi11,eval,1000,4,0.007057655,1
gwcs,../roman/.data/build21/r0000101001001001001_0001_wfi11_f158_cal.asdf,wfi11,eval,1000,5,0.006389203,1
gwcs,../roman/.data/build21/r0000101001001001001_0001_wfi11_f158_cal.asdf,wfi11,eval,1000,6,0.006531875,1
gwcs,../roman/.data/build21/r0000101001001001001_0001_wfi11_f158_cal.asdf,wfi11,eval,1000,7,0.007034984,1
gwcs,../roman/.data/build21/r0000101001001001001_0001_wfi11_f158_cal.asdf,wfi11,eval,1000,8,0.005961132,1
gwcs,../roman/.data/build21/r0000101001001001001_0001_wfi11_f158_cal.asdf,wfi11,eval,1000,9,0.007501032,1
gwcs,../roman/.data/build21/r0000101001001001001_0001_wfi11_f158_cal.asdf,wfi11,eval,1000,10,0.006374826,1
gwcs,../roman/.data/build21/r0000101001001001001_0001_wfi11_f158_cal.asdf,wfi11,eval,1000,11,0.005272071,1
gwcs,../roman/.data/build21/r0000101001001001001_0001_wfi11_f158_cal.asdf,wfi11,eval,1000,12,0.006490216,1
gwcs,../roman/.data/build21/r0000101001001001001_0001_wfi11_f158_cal.asdf,wfi11,eval,1000,13,0.006474071,1
gwcs,../roman/.data/build21/r0000101001001001001_0001_wfi11_f158_cal.asdf,wfi11,eval,1000,14,0.005293773,1
gwcs,../roman/.data/build21/r0000101001001001001_0001_wfi11_f158_cal.asdf,wfi11,eval,1000,15,0.006526200,1
gwcs,../roman/.data/build21/r0000101001001001001_0001_wfi11_f158_cal.asdf,wfi11,eval,1000,16,0.005781217,1
gwcs,../roman/.data/build21/r0000101001001001001_0001_wfi11_f158_cal.asdf,wfi11,eval,1000,17,0.007118060,1
gwcs,../roman/.data/build21/r0000101001001001001_0001_wfi11_f158_cal.asdf,wfi11,eval,1000,18,0.006767463,1
gwcs,../roman/.data/build21/r0000101001001001001_0001_wfi11_f158_cal.asdf,wfi11,eval,1000,19,0.005441604,1
gwcs,../roman/.data/build21/r0000101001001001001_0001_wfi11_f158_cal.asdf,wfi11,eval,10000,0,0.009714012,1
gwcs,../roman/.data/build21/r0000101001001001001_0001_wfi11_f158_cal.asdf,wfi11,eval,10000,1,0.009588540,1
gwcs,../roman/.data/build21/r0000101001001001001_0001_wfi11_f158_cal.asdf,wfi11,eval,10000,2,0.009420726,1
gwcs,../roman/.data/build21/r0000101001001001001_0001_wfi11_f158_cal.asdf,wfi11,eval,10000,3,0.009267434,1
gwcs,../roman/.data/build21/r0000101001001001001_0001_wfi11_f158_cal.asdf,wfi11,eval,10000,4,0.009186842,1
gwcs,../roman/.data/build21/r0000101001001001001_0001_wfi11_f158_cal.asdf,wfi11,eval,10000,5,0.011038505,1
gwcs,../roman/.data/build21/r0000101001001001001_0001_wfi11_f158_cal.asdf,wfi11,eval,10000,6,0.011518138,1
gwcs,../roman/.data/build21/r0000101001001001001_0001_wfi11_f158_cal.asdf,wfi11,eval,10000,7,0.009438680,1
gwcs,../roman/.data/build21/r0000101001001001001_0001_wfi11_f158_cal.asdf,wfi11,eval,10000,8,0.009882912,1
gwcs,../roman/.data/build21/r0000101001001001001_0001_wfi11_f158_cal.asdf,wfi11,eval,10000,9,0.009440614,1
gwcs,../roman/.data/build21/r0000101001001001001_0001_wfi11_f158_cal.asdf,wfi11,eval,100000,0,0.040356276,1
gwcs,../roman/.data/build21/r0000101001001001001_0001_wfi11_f158_cal.asdf,wfi11,eval,100000,1,0.039909150,1
gwcs,../roman/.data/build21/r0000101001001001001_0001_wfi11_f158_cal.asdf,wfi11,eval,100000,2,0.035857376,1
gwcs,../roman/.data/build21/r0000101001001001001_0001_wfi11_f158_cal.asdf,wfi11,eval,100000,3,0.039026543,1
gwcs,../roman/.data/build21/r0000101001001001001_0001_wfi11_f158_cal.asdf,wfi11,eval,100000,4,0.035617239,1
gwcs,../roman/.data/build21/r0000101001001001001_0001_wfi11_f158_cal.asdf,wfi11,eval,1000000,0,0.425973549,1
gwcs,../roman/.data/build21/r0000101001001001001_0001_wfi11_f158_cal.asdf,wfi11,eval,1000000,1,0.407015123,1
gwcs,../roman/.data/build21/r0000101001001001001_0001_wfi11_f158_cal.asdf,wfi11,eval,1000000,2,0.431020483,1
gwcs,../roman/.data/build21/r0000101001001001001_0001_wfi11_f158_cal.asdf,wfi11,eval,10000000,0,6.427367552,1
gwcs,../roman/.data/build21/r0000101001001001001_0001_wfi11_f158_cal.asdf,wfi11,eval,10000000,1,6.651287522,1
gwcs,../roman/.data/build21/r0000101001001001001_0001_wfi11_f158_cal.asdf,wfi11,eval,16711744,0,23.724687469,1
gwcs,../roman/.data/build21/r0000101001001001001_0001_wfi11_f158_cal.asdf,wfi11,eval,16711744,1,22.969882351,1
gwcs,../roman/.data/build21/r0000101001001001001_0001_wfi12_f158_cal.asdf,wfi12,parse_cold,0,0,0.957739389,1
gwcs,../roman/.data/build21/r0000101001001001001_0001_wfi12_f158_cal.asdf,wfi12,parse_hot,0,0,0.655040720,1
gwcs,../roman/.data/build21/r0000101001001001001_0001_wfi12_f158_cal.asdf,wfi12,eval,1,0,0.005773265,1
gwcs,../roman/.data/build21/r0000101001001001001_0001_wfi12_f158_cal.asdf,wfi12,eval,1,1,0.005354077,1
gwcs,../roman/.data/build21/r0000101001001001001_0001_wfi12_f158_cal.asdf,wfi12,eval,1,2,0.005543926,1
gwcs,../roman/.data/build21/r0000101001001001001_0001_wfi12_f158_cal.asdf,wfi12,eval,1,3,0.005741654,1
gwcs,../roman/.data/build21/r0000101001001001001_0001_wfi12_f158_cal.asdf,wfi12,eval,1,4,0.005476379,1
gwcs,../roman/.data/build21/r0000101001001001001_0001_wfi12_f158_cal.asdf,wfi12,eval,1,5,0.006052579,1
gwcs,../roman/.data/build21/r0000101001001001001_0001_wfi12_f158_cal.asdf,wfi12,eval,1,6,0.005593915,1
gwcs,../roman/.data/build21/r0000101001001001001_0001_wfi12_f158_cal.asdf,wfi12,eval,1,7,0.006453956,1
gwcs,../roman/.data/build21/r0000101001001001001_0001_wfi12_f158_cal.asdf,wfi12,eval,1,8,0.005835355,1
gwcs,../roman/.data/build21/r0000101001001001001_0001_wfi12_f158_cal.asdf,wfi12,eval,1,9,0.007715992,1
gwcs,../roman/.data/build21/r0000101001001001001_0001_wfi12_f158_cal.asdf,wfi12,eval,1,10,0.005421564,1
gwcs,../roman/.data/build21/r0000101001001001001_0001_wfi12_f158_cal.asdf,wfi12,eval,1,11,0.004766652,1
gwcs,../roman/.data/build21/r0000101001001001001_0001_wfi12_f158_cal.asdf,wfi12,eval,1,12,0.005963326,1
gwcs,../roman/.data/build21/r0000101001001001001_0001_wfi12_f158_cal.asdf,wfi12,eval,1,13,0.005612317,1
gwcs,../roman/.data/build21/r0000101001001001001_0001_wfi12_f158_cal.asdf,wfi12,eval,1,14,0.004905904,1
gwcs,../roman/.data/build21/r0000101001001001001_0001_wfi12_f158_cal.asdf,wfi12,eval,1,15,0.005022829,1
gwcs,../roman/.data/build21/r0000101001001001001_0001_wfi12_f158_cal.asdf,wfi12,eval,1,16,0.004939313,1
gwcs,../roman/.data/build21/r0000101001001001001_0001_wfi12_f158_cal.asdf,wfi12,eval,1,17,0.005164020,1
gwcs,../roman/.data/build21/r0000101001001001001_0001_wfi12_f158_cal.asdf,wfi12,eval,1,18,0.005905797,1
gwcs,../roman/.data/build21/r0000101001001001001_0001_wfi12_f158_cal.asdf,wfi12,eval,1,19,0.005143024,1
gwcs,../roman/.data/build21/r0000101001001001001_0001_wfi12_f158_cal.asdf,wfi12,eval,1,20,0.005249621,1
gwcs,../roman/.data/build21/r0000101001001001001_0001_wfi12_f158_cal.asdf,wfi12,eval,1,21,0.007056559,1
gwcs,../roman/.data/build21/r0000101001001001001_0001_wfi12_f158_cal.asdf,wfi12,eval,1,22,0.006271926,1
gwcs,../roman/.data/build21/r0000101001001001001_0001_wfi12_f158_cal.asdf,wfi12,eval,1,23,0.005442572,1
gwcs,../roman/.data/build21/r0000101001001001001_0001_wfi12_f158_cal.asdf,wfi12,eval,1,24,0.005207445,1
gwcs,../roman/.data/build21/r0000101001001001001_0001_wfi12_f158_cal.asdf,wfi12,eval,1,25,0.005271723,1
gwcs,../roman/.data/build21/r0000101001001001001_0001_wfi12_f158_cal.asdf,wfi12,eval,1,26,0.005371909,1
gwcs,../roman/.data/build21/r0000101001001001001_0001_wfi12_f158_cal.asdf,wfi12,eval,1,27,0.006956807,1
gwcs,../roman/.data/build21/r0000101001001001001_0001_wfi12_f158_cal.asdf,wfi12,eval,1,28,0.005598350,1
gwcs,../roman/.data/build21/r0000101001001001001_0001_wfi12_f158_cal.asdf,wfi12,eval,1,29,0.004839431,1
gwcs,../roman/.data/build21/r0000101001001001001_0001_wfi12_f158_cal.asdf,wfi12,eval,1,30,0.005041675,1
gwcs,../roman/.data/build21/r0000101001001001001_0001_wfi12_f158_cal.asdf,wfi12,eval,1,31,0.005434411,1
gwcs,../roman/.data/build21/r0000101001001001001_0001_wfi12_f158_cal.asdf,wfi12,eval,1,32,0.005199037,1
gwcs,../roman/.data/build21/r0000101001001001001_0001_wfi12_f158_cal.asdf,wfi12,eval,1,33,0.005070875,1
gwcs,../roman/.data/build21/r0000101001001001001_0001_wfi12_f158_cal.asdf,wfi12,eval,1,34,0.005343736,1
gwcs,../roman/.data/build21/r0000101001001001001_0001_wfi12_f158_cal.asdf,wfi12,eval,1,35,0.005605386,1
gwcs,../roman/.data/build21/r0000101001001001001_0001_wfi12_f158_cal.asdf,wfi12,eval,1,36,0.004945848,1
gwcs,../roman/.data/build21/r0000101001001001001_0001_wfi12_f158_cal.asdf,wfi12,eval,1,37,0.005260244,1
gwcs,../roman/.data/build21/r0000101001001001001_0001_wfi12_f158_cal.asdf,wfi12,eval,1,38,0.004835473,1
gwcs,../roman/.data/build21/r0000101001001001001_0001_wfi12_f158_cal.asdf,wfi12,eval,1,39,0.004687728,1
gwcs,../roman/.data/build21/r0000101001001001001_0001_wfi12_f158_cal.asdf,wfi12,eval,1,40,0.004956751,1
gwcs,../roman/.data/build21/r0000101001001001001_0001_wfi12_f158_cal.asdf,wfi12,eval,1,41,0.004742440,1
gwcs,../roman/.data/build21/r0000101001001001001_0001_wfi12_f158_cal.asdf,wfi12,eval,1,42,0.004697856,1
gwcs,../roman/.data/build21/r0000101001001001001_0001_wfi12_f158_cal.asdf,wfi12,eval,1,43,0.004686764,1
gwcs,../roman/.data/build21/r0000101001001001001_0001_wfi12_f158_cal.asdf,wfi12,eval,1,44,0.005508506,1
gwcs,../roman/.data/build21/r0000101001001001001_0001_wfi12_f158_cal.asdf,wfi12,eval,1,45,0.004845095,1
gwcs,../roman/.data/build21/r0000101001001001001_0001_wfi12_f158_cal.asdf,wfi12,eval,1,46,0.004844815,1
gwcs,../roman/.data/build21/r0000101001001001001_0001_wfi12_f158_cal.asdf,wfi12,eval,1,47,0.005233380,1
gwcs,../roman/.data/build21/r0000101001001001001_0001_wfi12_f158_cal.asdf,wfi12,eval,1,48,0.005088078,1
gwcs,../roman/.data/build21/r0000101001001001001_0001_wfi12_f158_cal.asdf,wfi12,eval,1,49,0.004713042,1
gwcs,../roman/.data/build21/r0000101001001001001_0001_wfi12_f158_cal.asdf,wfi12,eval,1,50,0.004704868,1
gwcs,../roman/.data/build21/r0000101001001001001_0001_wfi12_f158_cal.asdf,wfi12,eval,1,51,0.004962824,1
gwcs,../roman/.data/build21/r0000101001001001001_0001_wfi12_f158_cal.asdf,wfi12,eval,1,52,0.004691124,1
gwcs,../roman/.data/build21/r0000101001001001001_0001_wfi12_f158_cal.asdf,wfi12,eval,1,53,0.004696955,1
gwcs,../roman/.data/build21/r0000101001001001001_0001_wfi12_f158_cal.asdf,wfi12,eval,1,54,0.004919416,1
gwcs,../roman/.data/build21/r0000101001001001001_0001_wfi12_f158_cal.asdf,wfi12,eval,1,55,0.005512810,1
gwcs,../roman/.data/build21/r0000101001001001001_0001_wfi12_f158_cal.asdf,wfi12,eval,1,56,0.004973435,1
gwcs,../roman/.data/build21/r0000101001001001001_0001_wfi12_f158_cal.asdf,wfi12,eval,1,57,0.005063714,1
gwcs,../roman/.data/build21/r0000101001001001001_0001_wfi12_f158_cal.asdf,wfi12,eval,1,58,0.007220104,1
gwcs,../roman/.data/build21/r0000101001001001001_0001_wfi12_f158_cal.asdf,wfi12,eval,1,59,0.004681610,1
gwcs,../roman/.data/build21/r0000101001001001001_0001_wfi12_f158_cal.asdf,wfi12,eval,1,60,0.005873547,1
gwcs,../roman/.data/build21/r0000101001001001001_0001_wfi12_f158_cal.asdf,wfi12,eval,1,61,0.008070527,1
gwcs,../roman/.data/build21/r0000101001001001001_0001_wfi12_f158_cal.asdf,wfi12,eval,1,62,0.005508339,1
gwcs,../roman/.data/build21/r0000101001001001001_0001_wfi12_f158_cal.asdf,wfi12,eval,1,63,0.005260848,1
gwcs,../roman/.data/build21/r0000101001001001001_0001_wfi12_f158_cal.asdf,wfi12,eval,1,64,0.004745239,1
gwcs,../roman/.data/build21/r0000101001001001001_0001_wfi12_f158_cal.asdf,wfi12,eval,1,65,0.004669082,1
gwcs,../roman/.data/build21/r0000101001001001001_0001_wfi12_f158_cal.asdf,wfi12,eval,1,66,0.005209254,1
gwcs,../roman/.data/build21/r0000101001001001001_0001_wfi12_f158_cal.asdf,wfi12,eval,1,67,0.004849154,1
gwcs,../roman/.data/build21/r0000101001001001001_0001_wfi12_f158_cal.asdf,wfi12,eval,1,68,0.004674327,1
gwcs,../roman/.data/build21/r0000101001001001001_0001_wfi12_f158_cal.asdf,wfi12,eval,1,69,0.004967722,1
gwcs,../roman/.data/build21/r0000101001001001001_0001_wfi12_f158_cal.asdf,wfi12,eval,1,70,0.004975613,1
gwcs,../roman/.data/build21/r0000101001001001001_0001_wfi12_f158_cal.asdf,wfi12,eval,1,71,0.004913727,1
gwcs,../roman/.data/build21/r0000101001001001001_0001_wfi12_f158_cal.asdf,wfi12,eval,1,72,0.005026150,1
gwcs,../roman/.data/build21/r0000101001001001001_0001_wfi12_f158_cal.asdf,wfi12,eval,1,73,0.004912325,1
gwcs,../roman/.data/build21/r0000101001001001001_0001_wfi12_f158_cal.asdf,wfi12,eval,1,74,0.004771865,1
gwcs,../roman/.data/build21/r0000101001001001001_0001_wfi12_f158_cal.asdf,wfi12,eval,1,75,0.004678754,1
gwcs,../roman/.data/build21/r0000101001001001001_0001_wfi12_f158_cal.asdf,wfi12,eval,1,76,0.004750213,1
gwcs,../roman/.data/build21/r0000101001001001001_0001_wfi12_f158_cal.asdf,wfi12,eval,1,77,0.004930067,1
gwcs,../roman/.data/build21/r0000101001001001001_0001_wfi12_f158_cal.asdf,wfi12,eval,1,78,0.004736267,1
gwcs,../roman/.data/build21/r0000101001001001001_0001_wfi12_f158_cal.asdf,wfi12,eval,1,79,0.004879247,1
gwcs,../roman/.data/build21/r0000101001001001001_0001_wfi12_f158_cal.asdf,wfi12,eval,1,80,0.004819697,1
gwcs,../roman/.data/build21/r0000101001001001001_0001_wfi12_f158_cal.asdf,wfi12,eval,1,81,0.004789805,1
gwcs,../roman/.data/build21/r0000101001001001001_0001_wfi12_f158_cal.asdf,wfi12,eval,1,82,0.004693675,1
gwcs,../roman/.data/build21/r0000101001001001001_0001_wfi12_f158_cal.asdf,wfi12,eval,1,83,0.004871998,1
gwcs,../roman/.data/build21/r0000101001001001001_0001_wfi12_f158_cal.asdf,wfi12,eval,1,84,0.005142222,1
gwcs,../roman/.data/build21/r0000101001001001001_0001_wfi12_f158_cal.asdf,wfi12,eval,1,85,0.004698857,1
gwcs,../roman/.data/build21/r0000101001001001001_0001_wfi12_f158_cal.asdf,wfi12,eval,1,86,0.004717607,1
gwcs,../roman/.data/build21/r0000101001001001001_0001_wfi12_f158_cal.asdf,wfi12,eval,1,87,0.005105887,1
gwcs,../roman/.data/build21/r0000101001001001001_0001_wfi12_f158_cal.asdf,wfi12,eval,1,88,0.005699810,1
gwcs,../roman/.data/build21/r0000101001001001001_0001_wfi12_f158_cal.asdf,wfi12,eval,1,89,0.006853238,1
gwcs,../roman/.data/build21/r0000101001001001001_0001_wfi12_f158_cal.asdf,wfi12,eval,1,90,0.005110158,1
gwcs,../roman/.data/build21/r0000101001001001001_0001_wfi12_f158_cal.asdf,wfi12,eval,1,91,0.004818224,1
gwcs,../roman/.data/build21/r0000101001001001001_0001_wfi12_f158_cal.asdf,wfi12,eval,1,92,0.004711268,1
gwcs,../roman/.data/build21/r0000101001001001001_0001_wfi12_f158_cal.asdf,wfi12,eval,1,93,0.004834367,1
gwcs,../roman/.data/build21/r0000101001001001001_0001_wfi12_f158_cal.asdf,wfi12,eval,1,94,0.004788734,1
gwcs,../roman/.data/build21/r0000101001001001001_0001_wfi12_f158_cal.asdf,wfi12,eval,1,95,0.004690220,1
gwcs,../roman/.data/build21/r0000101001001001001_0001_wfi12_f158_cal.asdf,wfi12,eval,1,96,0.005103990,1
gwcs,../roman/.data/build21/r0000101001001001001_0001_wfi12_f158_cal.asdf,wfi12,eval,1,97,0.005055460,1
gwcs,../roman/.data/build21/r0000101001001001001_0001_wfi12_f158_cal.asdf,wfi12,eval,1,98,0.004776575,1
gwcs,../roman/.data/build21/r0000101001001001001_0001_wfi12_f158_cal.asdf,wfi12,eval,1,99,0.005349956,1
gwcs,../roman/.data/build21/r0000101001001001001_0001_wfi12_f158_cal.asdf,wfi12,eval,10,0,0.006292477,1
gwcs,../roman/.data/build21/r0000101001001001001_0001_wfi12_f158_cal.asdf,wfi12,eval,10,1,0.004853207,1
gwcs,../roman/.data/build21/r0000101001001001001_0001_wfi12_f158_cal.asdf,wfi12,eval,10,2,0.005546750,1
gwcs,../roman/.data/build21/r0000101001001001001_0001_wfi12_f158_cal.asdf,wfi12,eval,10,3,0.004901616,1
gwcs,../roman/.data/build21/r0000101001001001001_0001_wfi12_f158_cal.asdf,wfi12,eval,10,4,0.004801607,1
gwcs,../roman/.data/build21/r0000101001001001001_0001_wfi12_f158_cal.asdf,wfi12,eval,10,5,0.006537003,1
gwcs,../roman/.data/build21/r0000101001001001001_0001_wfi12_f158_cal.asdf,wfi12,eval,10,6,0.005726638,1
gwcs,../roman/.data/build21/r0000101001001001001_0001_wfi12_f158_cal.asdf,wfi12,eval,10,7,0.004823236,1
gwcs,../roman/.data/build21/r0000101001001001001_0001_wfi12_f158_cal.asdf,wfi12,eval,10,8,0.005887856,1
gwcs,../roman/.data/build21/r0000101001001001001_0001_wfi12_f158_cal.asdf,wfi12,eval,10,9,0.005195484,1
gwcs,../roman/.data/build21/r0000101001001001001_0001_wfi12_f158_cal.asdf,wfi12,eval,10,10,0.005137343,1
gwcs,../roman/.data/build21/r0000101001001001001_0001_wfi12_f158_cal.asdf,wfi12,eval,10,11,0.004931749,1
gwcs,../roman/.data/build21/r0000101001001001001_0001_wfi12_f158_cal.asdf,wfi12,eval,10,12,0.005032694,1
gwcs,../roman/.data/build21/r0000101001001001001_0001_wfi12_f158_cal.asdf,wfi12,eval,10,13,0.004846536,1
gwcs,../roman/.data/build21/r0000101001001001001_0001_wfi12_f158_cal.asdf,wfi12,eval,10,14,0.004815416,1
gwcs,../roman/.data/build21/r0000101001001001001_0001_wfi12_f158_cal.asdf,wfi12,eval,10,15,0.005018697,1
gwcs,../roman/.data/build21/r0000101001001001001_0001_wfi12_f158_cal.asdf,wfi12,eval,10,16,0.004919400,1
gwcs,../roman/.data/build21/r0000101001001001001_0001_wfi12_f158_cal.asdf,wfi12,eval,10,17,0.004781537,1
gwcs,../roman/.data/build21/r0000101001001001001_0001_wfi12_f158_cal.asdf,wfi12,eval,10,18,0.005900035,1
gwcs,../roman/.data/build21/r0000101001001001001_0001_wfi12_f158_cal.asdf,wfi12,eval,10,19,0.007116309,1
gwcs,../roman/.data/build21/r0000101001001001001_0001_wfi12_f158_cal.asdf,wfi12,eval,10,20,0.004826306,1
gwcs,../roman/.data/build21/r0000101001001001001_0001_wfi12_f158_cal.asdf,wfi12,eval,10,21,0.004924801,1
gwcs,../roman/.data/build21/r0000101001001001001_0001_wfi12_f158_cal.asdf,wfi12,eval,10,22,0.005243547,1
gwcs,../roman/.data/build21/r0000101001001001001_0001_wfi12_f158_cal.asdf,wfi12,eval,10,23,0.005110272,1
gwcs,../roman/.data/build21/r0000101001001001001_0001_wfi12_f158_cal.asdf,wfi12,eval,10,24,0.005230171,1
gwcs,../roman/.data/build21/r0000101001001001001_0001_wfi12_f158_cal.asdf,wfi12,eval,10,25,0.005669964,1
gwcs,../roman/.data/build21/r0000101001001001001_0001_wfi12_f158_cal.asdf,wfi12,eval,10,26,0.004900052,1
gwcs,../roman/.data/build21/r0000101001001001001_0001_wfi12_f158_cal.asdf,wfi12,eval,10,27,0.004933489,1
gwcs,../roman/.data/build21/r0000101001001001001_0001_wfi12_f158_cal.asdf,wfi12,eval,10,28,0.005208470,1
gwcs,../roman/.data/build21/r0000101001001001001_0001_wfi12_f158_cal.asdf,wfi12,eval,10,29,0.004938688,1
gwcs,../roman/.data/build21/r0000101001001001001_0001_wfi12_f158_cal.asdf,wfi12,eval,10,30,0.004865753,1
gwcs,../roman/.data/build21/r0000101001001001001_0001_wfi12_f158_cal.asdf,wfi12,eval,10,31,0.005578902,1
gwcs,../roman/.data/build21/r0000101001001001001_0001_wfi12_f158_cal.asdf,wfi12,eval,10,32,0.004886619,1
gwcs,../roman/.data/build21/r0000101001001001001_0001_wfi12_f158_cal.asdf,wfi12,eval,10,33,0.004808998,1
gwcs,../roman/.data/build21/r0000101001001001001_0001_wfi12_f158_cal.asdf,wfi12,eval,10,34,0.004787166,1
gwcs,../roman/.data/build21/r0000101001001001001_0001_wfi12_f158_cal.asdf,wfi12,eval,10,35,0.005394246,1
gwcs,../roman/.data/build21/r0000101001001001001_0001_wfi12_f158_cal.asdf,wfi12,eval,10,36,0.005166796,1
gwcs,../roman/.data/build21/r0000101001001001001_0001_wfi12_f158_cal.asdf,wfi12,eval,10,37,0.004946430,1
gwcs,../roman/.data/build21/r0000101001001001001_0001_wfi12_f158_cal.asdf,wfi12,eval,10,38,0.005329710,1
gwcs,../roman/.data/build21/r0000101001001001001_0001_wfi12_f158_cal.asdf,wfi12,eval,10,39,0.004987969,1
gwcs,../roman/.data/build21/r0000101001001001001_0001_wfi12_f158_cal.asdf,wfi12,eval,10,40,0.005289445,1
gwcs,../roman/.data/build21/r0000101001001001001_0001_wfi12_f158_cal.asdf,wfi12,eval,10,41,0.005109493,1
gwcs,../roman/.data/build21/r0000101001001001001_0001_wfi12_f158_cal.asdf,wfi12,eval,10,42,0.005101309,1
gwcs,../roman/.data/build21/r0000101001001001001_0001_wfi12_f158_cal.asdf,wfi12,eval,10,43,0.004979864,1
gwcs,../roman/.data/build21/r0000101001001001001_0001_wfi12_f158_cal.asdf,wfi12,eval,10,44,0.005561643,1
gwcs,../roman/.data/build21/r0000101001001001001_0001_wfi12_f158_cal.asdf,wfi12,eval,10,45,0.005772927,1
gwcs,../roman/.data/build21/r0000101001001001001_0001_wfi12_f158_cal.asdf,wfi12,eval,10,46,0.005113157,1
gwcs,../roman/.data/build21/r0000101001001001001_0001_wfi12_f158_cal.asdf,wfi12,eval,10,47,0.004859679,1
gwcs,../roman/.data/build21/r0000101001001001001_0001_wfi12_f158_cal.asdf,wfi12,eval,10,48,0.004936323,1
gwcs,../roman/.data/build21/r0000101001001001001_0001_wfi12_f158_cal.asdf,wfi12,eval,10,49,0.004890031,1
gwcs,../roman/.data/build21/r0000101001001001001_0001_wfi12_f158_cal.asdf,wfi12,eval,10,50,0.005006406,1
gwcs,../roman/.data/build21/r0000101001001001001_0001_wfi12_f158_cal.asdf,wfi12,eval,10,51,0.004934590,1
gwcs,../roman/.data/build21/r0000101001001001001_0001_wfi12_f158_cal.asdf,wfi12,eval,10,52,0.004971315,1
gwcs,../roman/.data/build21/r0000101001001001001_0001_wfi12_f158_cal.asdf,wfi12,eval,10,53,0.005463850,1
gwcs,../roman/.data/build21/r0000101001001001001_0001_wfi12_f158_cal.asdf,wfi12,eval,10,54,0.006113047,1
gwcs,../roman/.data/build21/r0000101001001001001_0001_wfi12_f158_cal.asdf,wfi12,eval,10,55,0.005009186,1
gwcs,../roman/.data/build21/r0000101001001001001_0001_wfi12_f158_cal.asdf,wfi12,eval,10,56,0.004803687,1
gwcs,../roman/.data/build21/r0000101001001001001_0001_wfi12_f158_cal.asdf,wfi12,eval,10,57,0.006131585,1
gwcs,../roman/.data/build21/r0000101001001001001_0001_wfi12_f158_cal.asdf,wfi12,eval,10,58,0.005962620,1
gwcs,../roman/.data/build21/r0000101001001001001_0001_wfi12_f158_cal.asdf,wfi12,eval,10,59,0.005116045,1
gwcs,../roman/.data/build21/r0000101001001001001_0001_wfi12_f158_cal.asdf,wfi12,eval,10,60,0.006639116,1
gwcs,../roman/.data/build21/r0000101001001001001_0001_wfi12_f158_cal.asdf,wfi12,eval,10,61,0.004878395,1
gwcs,../roman/.data/build21/r0000101001001001001_0001_wfi12_f158_cal.asdf,wfi12,eval,10,62,0.004800324,1
gwcs,../roman/.data/build21/r0000101001001001001_0001_wfi12_f158_cal.asdf,wfi12,eval,10,63,0.004750852,1
gwcs,../roman/.data/build21/r0000101001001001001_0001_wfi12_f158_cal.asdf,wfi12,eval,10,64,0.005738685,1
gwcs,../roman/.data/build21/r0000101001001001001_0001_wfi12_f158_cal.asdf,wfi12,eval,10,65,0.007396400,1
gwcs,../roman/.data/build21/r0000101001001001001_0001_wfi12_f158_cal.asdf,wfi12,eval,10,66,0.005161241,1
gwcs,../roman/.data/build21/r0000101001001001001_0001_wfi12_f158_cal.asdf,wfi12,eval,10,67,0.005330020,1
gwcs,../roman/.data/build21/r0000101001001001001_0001_wfi12_f158_cal.asdf,wfi12,eval,10,68,0.004845548,1
gwcs,../roman/.data/build21/r0000101001001001001_0001_wfi12_f158_cal.asdf,wfi12,eval,10,69,0.005038578,1
gwcs,../roman/.data/build21/r0000101001001001001_0001_wfi12_f158_cal.asdf,wfi12,eval,10,70,0.005982612,1
gwcs,../roman/.data/build21/r0000101001001001001_0001_wfi12_f158_cal.asdf,wfi12,eval,10,71,0.005083879,1
gwcs,../roman/.data/build21/r0000101001001001001_0001_wfi12_f158_cal.asdf,wfi12,eval,10,72,0.005000895,1
gwcs,../roman/.data/build21/r0000101001001001001_0001_wfi12_f158_cal.asdf,wfi12,eval,10,73,0.004984569,1
gwcs,../roman/.data/build21/r0000101001001001001_0001_wfi12_f158_cal.asdf,wfi12,eval,10,74,0.004823963,1
gwcs,../roman/.data/build21/r0000101001001001001_0001_wfi12_f158_cal.asdf,wfi12,eval,10,75,0.004779514,1
gwcs,../roman/.data/build21/r0000101001001001001_0001_wfi12_f158_cal.asdf,wfi12,eval,10,76,0.004813028,1
gwcs,../roman/.data/build21/r0000101001001001001_0001_wfi12_f158_cal.asdf,wfi12,eval,10,77,0.004943561,1
gwcs,../roman/.data/build21/r0000101001001001001_0001_wfi12_f158_cal.asdf,wfi12,eval,10,78,0.004850841,1
gwcs,../roman/.data/build21/r0000101001001001001_0001_wfi12_f158_cal.asdf,wfi12,eval,10,79,0.005041877,1
gwcs,../roman/.data/build21/r0000101001001001001_0001_wfi12_f158_cal.asdf,wfi12,eval,10,80,0.005316074,1
gwcs,../roman/.data/build21/r0000101001001001001_0001_wfi12_f158_cal.asdf,wfi12,eval,10,81,0.004867316,1
gwcs,../roman/.data/build21/r0000101001001001001_0001_wfi12_f158_cal.asdf,wfi12,eval,10,82,0.004881843,1
gwcs,../roman/.data/build21/r0000101001001001001_0001_wfi12_f158_cal.asdf,wfi12,eval,10,83,0.007008306,1
gwcs,../roman/.data/build21/r0000101001001001001_0001_wfi12_f158_cal.asdf,wfi12,eval,10,84,0.006065026,1
gwcs,../roman/.data/build21/r0000101001001001001_0001_wfi12_f158_cal.asdf,wfi12,eval,10,85,0.004871808,1
gwcs,../roman/.data/build21/r0000101001001001001_0001_wfi12_f158_cal.asdf,wfi12,eval,10,86,0.005004699,1
gwcs,../roman/.data/build21/r0000101001001001001_0001_wfi12_f158_cal.asdf,wfi12,eval,10,87,0.004870886,1
gwcs,../roman/.data/build21/r0000101001001001001_0001_wfi12_f158_cal.asdf,wfi12,eval,10,88,0.004837416,1
gwcs,../roman/.data/build21/r0000101001001001001_0001_wfi12_f158_cal.asdf,wfi12,eval,10,89,0.004804778,1
gwcs,../roman/.data/build21/r0000101001001001001_0001_wfi12_f158_cal.asdf,wfi12,eval,10,90,0.004972019,1
gwcs,../roman/.data/build21/r0000101001001001001_0001_wfi12_f158_cal.asdf,wfi12,eval,10,91,0.004794500,1
gwcs,../roman/.data/build21/r0000101001001001001_0001_wfi12_f158_cal.asdf,wfi12,eval,10,92,0.005059044,1
gwcs,../roman/.data/build21/r0000101001001001001_0001_wfi12_f158_cal.asdf,wfi12,eval,10,93,0.005011022,1
gwcs,../roman/.data/build21/r0000101001001001001_0001_wfi12_f158_cal.asdf,wfi12,eval,10,94,0.005546727,1
gwcs,../roman/.data/build21/r0000101001001001001_0001_wfi12_f158_cal.asdf,wfi12,eval,10,95,0.006606416,1
gwcs,../roman/.data/build21/r0000101001001001001_0001_wfi12_f158_cal.asdf,wfi12,eval,10,96,0.004835868,1
gwcs,../roman/.data/build21/r0000101001001001001_0001_wfi12_f158_cal.asdf,wfi12,eval,10,97,0.004768776,1
gwcs,../roman/.data/build21/r0000101001001001001_0001_wfi12_f158_cal.asdf,wfi12,eval,10,98,0.004761556,1
gwcs,../roman/.data/build21/r0000101001001001001_0001_wfi12_f158_cal.asdf,wfi12,eval,10,99,0.004770490,1
gwcs,../roman/.data/build21/r0000101001001001001_0001_wfi12_f158_cal.asdf,wfi12,eval,100,0,0.006244143,1
gwcs,../roman/.data/build21/r0000101001001001001_0001_wfi12_f158_cal.asdf,wfi12,eval,100,1,0.005155925,1
gwcs,../roman/.data/build21/r0000101001001001001_0001_wfi12_f158_cal.asdf,wfi12,eval,100,2,0.004887489,1
gwcs,../roman/.data/build21/r0000101001001001001_0001_wfi12_f158_cal.asdf,wfi12,eval,100,3,0.005098952,1
gwcs,../roman/.data/build21/r0000101001001001001_0001_wfi12_f158_cal.asdf,wfi12,eval,100,4,0.004818732,1
gwcs,../roman/.data/build21/r0000101001001001001_0001_wfi12_f158_cal.asdf,wfi12,eval,100,5,0.004834556,1
gwcs,../roman/.data/build21/r0000101001001001001_0001_wfi12_f158_cal.asdf,wfi12,eval,100,6,0.005117699,1
gwcs,../roman/.data/build21/r0000101001001001001_0001_wfi12_f158_cal.asdf,wfi12,eval,100,7,0.005373480,1
gwcs,../roman/.data/build21/r0000101001001001001_0001_wfi12_f158_cal.asdf,wfi12,eval,100,8,0.006613789,1
gwcs,../roman/.data/build21/r0000101001001001001_0001_wfi12_f158_cal.asdf,wfi12,eval,100,9,0.005073573,1
gwcs,../roman/.data/build21/r0000101001001001001_0001_wfi12_f158_cal.asdf,wfi12,eval,100,10,0.005805398,1
gwcs,../roman/.data/build21/r0000101001001001001_0001_wfi12_f158_cal.asdf,wfi12,eval,100,11,0.005631400,1
gwcs,../roman/.data/build21/r0000101001001001001_0001_wfi12_f158_cal.asdf,wfi12,eval,100,12,0.005114758,1
gwcs,../roman/.data/build21/r0000101001001001001_0001_wfi12_f158_cal.asdf,wfi12,eval,100,13,0.005653361,1
gwcs,../roman/.data/build21/r0000101001001001001_0001_wfi12_f158_cal.asdf,wfi12,eval,100,14,0.005171044,1
gwcs,../roman/.data/build21/r0000101001001001001_0001_wfi12_f158_cal.asdf,wfi12,eval,100,15,0.004891956,1
gwcs,../roman/.data/build21/r0000101001001001001_0001_wfi12_f158_cal.asdf,wfi12,eval,100,16,0.005289200,1
gwcs,../roman/.data/build21/r0000101001001001001_0001_wfi12_f158_cal.asdf,wfi12,eval,100,17,0.005913844,1
gwcs,../roman/.data/build21/r0000101001001001001_0001_wfi12_f158_cal.asdf,wfi12,eval,100,18,0.005945902,1
gwcs,../roman/.data/build21/r0000101001001001001_0001_wfi12_f158_cal.asdf,wfi12,eval,100,19,0.004911442,1
gwcs,../roman/.data/build21/r0000101001001001001_0001_wfi12_f158_cal.asdf,wfi12,eval,100,20,0.006202397,1
gwcs,../roman/.data/build21/r0000101001001001001_0001_wfi12_f158_cal.asdf,wfi12,eval,100,21,0.005405023,1
gwcs,../roman/.data/build21/r0000101001001001001_0001_wfi12_f158_cal.asdf,wfi12,eval,100,22,0.004925996,1
gwcs,../roman/.data/build21/r0000101001001001001_0001_wfi12_f158_cal.asdf,wfi12,eval,100,23,0.004995041,1
gwcs,../roman/.data/build21/r0000101001001001001_0001_wfi12_f158_cal.asdf,wfi12,eval,100,24,0.005165206,1
gwcs,../roman/.data/build21/r0000101001001001001_0001_wfi12_f158_cal.asdf,wfi12,eval,100,25,0.005029783,1
gwcs,../roman/.data/build21/r0000101001001001001_0001_wfi12_f158_cal.asdf,wfi12,eval,100,26,0.004893780,1
gwcs,../roman/.data/build21/r0000101001001001001_0001_wfi12_f158_cal.asdf,wfi12,eval,100,27,0.005262600,1
gwcs,../roman/.data/build21/r0000101001001001001_0001_wfi12_f158_cal.asdf,wfi12,eval,100,28,0.004853227,1
gwcs,../roman/.data/build21/r0000101001001001001_0001_wfi12_f158_cal.asdf,wfi12,eval,100,29,0.005073043,1
gwcs,../roman/.data/build21/r0000101001001001001_0001_wfi12_f158_cal.asdf,wfi12,eval,100,30,0.005992336,1
gwcs,../roman/.data/build21/r0000101001001001001_0001_wfi12_f158_cal.asdf,wfi12,eval,100,31,0.005134777,1
gwcs,../roman/.data/build21/r0000101001001001001_0001_wfi12_f158_cal.asdf,wfi12,eval,100,32,0.004852854,1
gwcs,../roman/.data/build21/r0000101001001001001_0001_wfi12_f158_cal.asdf,wfi12,eval,100,33,0.005065160,1
gwcs,../roman/.data/build21/r0000101001001001001_0001_wfi12_f158_cal.asdf,wfi12,eval,100,34,0.004935743,1
gwcs,../roman/.data/build21/r0000101001001001001_0001_wfi12_f158_cal.asdf,wfi12,eval,100,35,0.004968858,1
gwcs,../roman/.data/build21/r0000101001001001001_0001_wfi12_f158_cal.asdf,wfi12,eval,100,36,0.005185545,1
gwcs,../roman/.data/build21/r0000101001001001001_0001_wfi12_f158_cal.asdf,wfi12,eval,100,37,0.004891375,1
gwcs,../roman/.data/build21/r0000101001001001001_0001_wfi12_f158_cal.asdf,wfi12,eval,100,38,0.004814554,1
gwcs,../roman/.data/build21/r0000101001001001001_0001_wfi12_f158_cal.asdf,wfi12,eval,100,39,0.005460625,1
gwcs,../roman/.data/build21/r0000101001001001001_0001_wfi12_f158_cal.asdf,wfi12,eval,100,40,0.005521869,1
gwcs,../roman/.data/build21/r0000101001001001001_0001_wfi12_f158_cal.asdf,wfi12,eval,100,41,0.004874893,1
gwcs,../roman/.data/build21/r0000101001001001001_0001_wfi12_f158_cal.asdf,wfi12,eval,100,42,0.006516068,1
gwcs,../roman/.data/build21/r0000101001001001001_0001_wfi12_f158_cal.asdf,wfi12,eval,100,43,0.008172459,1
gwcs,../roman/.data/build21/r0000101001001001001_0001_wfi12_f158_cal.asdf,wfi12,eval,100,44,0.005844199,1
gwcs,../roman/.data/build21/r0000101001001001001_0001_wfi12_f158_cal.asdf,wfi12,eval,100,45,0.006245121,1
gwcs,../roman/.data/build21/r0000101001001001001_0001_wfi12_f158_cal.asdf,wfi12,eval,100,46,0.004895519,1
gwcs,../roman/.data/build21/r0000101001001001001_0001_wfi12_f158_cal.asdf,wfi12,eval,100,47,0.004859056,1
gwcs,../roman/.data/build21/r0000101001001001001_0001_wfi12_f158_cal.asdf,wfi12,eval,100,48,0.004840105,1
gwcs,../roman/.data/build21/r0000101001001001001_0001_wfi12_f158_cal.asdf,wfi12,eval,100,49,0.005580727,1
gwcs,../roman/.data/build21/r0000101001001001001_0001_wfi12_f158_cal.asdf,wfi12,eval,1000,0,0.005729929,1
gwcs,../roman/.data/build21/r0000101001001001001_0001_wfi12_f158_cal.asdf,wfi12,eval,1000,1,0.006306401,1
gwcs,../roman/.data/build21/r0000101001001001001_0001_wfi12_f158_cal.asdf,wfi12,eval,1000,2,0.008226116,1
gwcs,../roman/.data/build21/r0000101001001001001_0001_wfi12_f158_cal.asdf,wfi12,eval,1000,3,0.005314192,1
gwcs,../roman/.data/build21/r0000101001001001001_0001_wfi12_f158_cal.asdf,wfi12,eval,1000,4,0.006238007,1
gwcs,../roman/.data/build21/r0000101001001001001_0001_wfi12_f158_cal.asdf,wfi12,eval,1000,5,0.005528048,1
gwcs,../roman/.data/build21/r0000101001001001001_0001_wfi12_f158_cal.asdf,wfi12,eval,1000,6,0.005605783,1
gwcs,../roman/.data/build21/r0000101001001001001_0001_wfi12_f158_cal.asdf,wfi12,eval,1000,7,0.005559198,1
gwcs,../roman/.data/build21/r0000101001001001001_0001_wfi12_f158_cal.asdf,wfi12,eval,1000,8,0.005251002,1
gwcs,../roman/.data/build21/r0000101001001001001_0001_wfi12_f158_cal.asdf,wfi12,eval,1000,9,0.005382008,1
gwcs,../roman/.data/build21/r0000101001001001001_0001_wfi12_f158_cal.asdf,wfi12,eval,1000,10,0.005381873,1
gwcs,../roman/.data/build21/r0000101001001001001_0001_wfi12_f158_cal.asdf,wfi12,eval,1000,11,0.005234822,1
gwcs,../roman/.data/build21/r0000101001001001001_0001_wfi12_f158_cal.asdf,wfi12,eval,1000,12,0.005196949,1
gwcs,../roman/.data/build21/r0000101001001001001_0001_wfi12_f158_cal.asdf,wfi12,eval,1000,13,0.005596089,1
gwcs,../roman/.data/build21/r0000101001001001001_0001_wfi12_f158_cal.asdf,wfi12,eval,1000,14,0.005238279,1
gwcs,../roman/.data/build21/r0000101001001001001_0001_wfi12_f158_cal.asdf,wfi12,eval,1000,15,0.005240528,1
gwcs,../roman/.data/build21/r0000101001001001001_0001_wfi12_f158_cal.asdf,wfi12,eval,1000,16,0.007007541,1
gwcs,../roman/.data/build21/r0000101001001001001_0001_wfi12_f158_cal.asdf,wfi12,eval,1000,17,0.005571607,1
gwcs,../roman/.data/build21/r0000101001001001001_0001_wfi12_f158_cal.asdf,wfi12,eval,1000,18,0.005550976,1
gwcs,../roman/.data/build21/r0000101001001001001_0001_wfi12_f158_cal.asdf,wfi12,eval,1000,19,0.007483733,1
gwcs,../roman/.data/build21/r0000101001001001001_0001_wfi12_f158_cal.asdf,wfi12,eval,10000,0,0.008870611,1
gwcs,../roman/.data/build21/r0000101001001001001_0001_wfi12_f158_cal.asdf,wfi12,eval,10000,1,0.008443482,1
gwcs,../roman/.data/build21/r0000101001001001001_0001_wfi12_f158_cal.asdf,wfi12,eval,10000,2,0.008352527,1
gwcs,../roman/.data/build21/r0000101001001001001_0001_wfi12_f158_cal.asdf,wfi12,eval,10000,3,0.008600582,1
gwcs,../roman/.data/build21/r0000101001001001001_0001_wfi12_f158_cal.asdf,wfi12,eval,10000,4,0.008630686,1
gwcs,../roman/.data/build21/r0000101001001001001_0001_wfi12_f158_cal.asdf,wfi12,eval,10000,5,0.008575791,1
gwcs,../roman/.data/build21/r0000101001001001001_0001_wfi12_f158_cal.asdf,wfi12,eval,10000,6,0.009443313,1
gwcs,../roman/.data/build21/r0000101001001001001_0001_wfi12_f158_cal.asdf,wfi12,eval,10000,7,0.008430311,1
gwcs,../roman/.data/build21/r0000101001001001001_0001_wfi12_f158_cal.asdf,wfi12,eval,10000,8,0.009432094,1
gwcs,../roman/.data/build21/r0000101001001001001_0001_wfi12_f158_cal.asdf,wfi12,eval,10000,9,0.008284106,1
gwcs,../roman/.data/build21/r0000101001001001001_0001_wfi12_f158_cal.asdf,wfi12,eval,100000,0,0.036421135,1
gwcs,../roman/.data/build21/r0000101001001001001_0001_wfi12_f158_cal.asdf,wfi12,eval,100000,1,0.039139534,1
gwcs,../roman/.data/build21/r0000101001001001001_0001_wfi12_f158_cal.asdf,wfi12,eval,100000,2,0.039602595,1
gwcs,../roman/.data/build21/r0000101001001001001_0001_wfi12_f158_cal.asdf,wfi12,eval,100000,3,0.041173244,1
gwcs,../roman/.data/build21/r0000101001001001001_0001_wfi12_f158_cal.asdf,wfi12,eval,100000,4,0.039858242,1
gwcs,../roman/.data/build21/r0000101001001001001_0001_wfi12_f158_cal.asdf,wfi12,eval,1000000,0,0.384816153,1
gwcs,../roman/.data/build21/r0000101001001001001_0001_wfi12_f158_cal.asdf,wfi12,eval,1000000,1,0.397952956,1
gwcs,../roman/.data/build21/r0000101001001001001_0001_wfi12_f158_cal.asdf,wfi12,eval,1000000,2,0.393116923,1
gwcs,../roman/.data/build21/r0000101001001001001_0001_wfi12_f158_cal.asdf,wfi12,eval,10000000,0,10.050875236,1
gwcs,../roman/.data/build21/r0000101001001001001_0001_wfi12_f158_cal.asdf,wfi12,eval,10000000,1,10.058622585,1
gwcs,../roman/.data/build21/r0000101001001001001_0001_wfi12_f158_cal.asdf,wfi12,eval,16711744,0,25.043417544,1
gwcs,../roman/.data/build21/r0000101001001001001_0001_wfi12_f158_cal.asdf,wfi12,eval,16711744,1,24.872589356,1
gwcs,../roman/.data/build21/r0000101001001001001_0001_wfi13_f158_cal.asdf,wfi13,parse_cold,0,0,0.940603073,1
gwcs,../roman/.data/build21/r0000101001001001001_0001_wfi13_f158_cal.asdf,wfi13,parse_hot,0,0,0.577460603,1
gwcs,../roman/.data/build21/r0000101001001001001_0001_wfi13_f158_cal.asdf,wfi13,eval,1,0,0.005570015,1
gwcs,../roman/.data/build21/r0000101001001001001_0001_wfi13_f158_cal.asdf,wfi13,eval,1,1,0.005257574,1
gwcs,../roman/.data/build21/r0000101001001001001_0001_wfi13_f158_cal.asdf,wfi13,eval,1,2,0.005371638,1
gwcs,../roman/.data/build21/r0000101001001001001_0001_wfi13_f158_cal.asdf,wfi13,eval,1,3,0.005341068,1
gwcs,../roman/.data/build21/r0000101001001001001_0001_wfi13_f158_cal.asdf,wfi13,eval,1,4,0.004820603,1
gwcs,../roman/.data/build21/r0000101001001001001_0001_wfi13_f158_cal.asdf,wfi13,eval,1,5,0.004915827,1
gwcs,../roman/.data/build21/r0000101001001001001_0001_wfi13_f158_cal.asdf,wfi13,eval,1,6,0.005507060,1
gwcs,../roman/.data/build21/r0000101001001001001_0001_wfi13_f158_cal.asdf,wfi13,eval,1,7,0.004905097,1
gwcs,../roman/.data/build21/r0000101001001001001_0001_wfi13_f158_cal.asdf,wfi13,eval,1,8,0.005761122,1
gwcs,../roman/.data/build21/r0000101001001001001_0001_wfi13_f158_cal.asdf,wfi13,eval,1,9,0.005212857,1
gwcs,../roman/.data/build21/r0000101001001001001_0001_wfi13_f158_cal.asdf,wfi13,eval,1,10,0.004889803,1
gwcs,../roman/.data/build21/r0000101001001001001_0001_wfi13_f158_cal.asdf,wfi13,eval,1,11,0.004689923,1
gwcs,../roman/.data/build21/r0000101001001001001_0001_wfi13_f158_cal.asdf,wfi13,eval,1,12,0.004649793,1
gwcs,../roman/.data/build21/r0000101001001001001_0001_wfi13_f158_cal.asdf,wfi13,eval,1,13,0.005526710,1
gwcs,../roman/.data/build21/r0000101001001001001_0001_wfi13_f158_cal.asdf,wfi13,eval,1,14,0.007234902,1
gwcs,../roman/.data/build21/r0000101001001001001_0001_wfi13_f158_cal.asdf,wfi13,eval,1,15,0.005084386,1
gwcs,../roman/.data/build21/r0000101001001001001_0001_wfi13_f158_cal.asdf,wfi13,eval,1,16,0.005248023,1
gwcs,../roman/.data/build21/r0000101001001001001_0001_wfi13_f158_cal.asdf,wfi13,eval,1,17,0.004703198,1
gwcs,../roman/.data/build21/r0000101001001001001_0001_wfi13_f158_cal.asdf,wfi13,eval,1,18,0.004676503,1
gwcs,../roman/.data/build21/r0000101001001001001_0001_wfi13_f158_cal.asdf,wfi13,eval,1,19,0.005280828,1
gwcs,../roman/.data/build21/r0000101001001001001_0001_wfi13_f158_cal.asdf,wfi13,eval,1,20,0.004863552,1
gwcs,../roman/.data/build21/r0000101001001001001_0001_wfi13_f158_cal.asdf,wfi13,eval,1,21,0.007184950,1
gwcs,../roman/.data/build21/r0000101001001001001_0001_wfi13_f158_cal.asdf,wfi13,eval,1,22,0.005514606,1
gwcs,../roman/.data/build21/r0000101001001001001_0001_wfi13_f158_cal.asdf,wfi13,eval,1,23,0.004973356,1
gwcs,../roman/.data/build21/r0000101001001001001_0001_wfi13_f158_cal.asdf,wfi13,eval,1,24,0.004738427,1
gwcs,../roman/.data/build21/r0000101001001001001_0001_wfi13_f158_cal.asdf,wfi13,eval,1,25,0.005682956,1
gwcs,../roman/.data/build21/r0000101001001001001_0001_wfi13_f158_cal.asdf,wfi13,eval,1,26,0.005354312,1
gwcs,../roman/.data/build21/r0000101001001001001_0001_wfi13_f158_cal.asdf,wfi13,eval,1,27,0.005130907,1
gwcs,../roman/.data/build21/r0000101001001001001_0001_wfi13_f158_cal.asdf,wfi13,eval,1,28,0.005118473,1
gwcs,../roman/.data/build21/r0000101001001001001_0001_wfi13_f158_cal.asdf,wfi13,eval,1,29,0.006503674,1
gwcs,../roman/.data/build21/r0000101001001001001_0001_wfi13_f158_cal.asdf,wfi13,eval,1,30,0.004762167,1
gwcs,../roman/.data/build21/r0000101001001001001_0001_wfi13_f158_cal.asdf,wfi13,eval,1,31,0.005001405,1
gwcs,../roman/.data/build21/r0000101001001001001_0001_wfi13_f158_cal.asdf,wfi13,eval,1,32,0.005468891,1
gwcs,../roman/.data/build21/r0000101001001001001_0001_wfi13_f158_cal.asdf,wfi13,eval,1,33,0.004765191,1
gwcs,../roman/.data/build21/r0000101001001001001_0001_wfi13_f158_cal.asdf,wfi13,eval,1,34,0.004837222,1
gwcs,../roman/.data/build21/r0000101001001001001_0001_wfi13_f158_cal.asdf,wfi13,eval,1,35,0.006651637,1
gwcs,../roman/.data/build21/r0000101001001001001_0001_wfi13_f158_cal.asdf,wfi13,eval,1,36,0.005562077,1
gwcs,../roman/.data/build21/r0000101001001001001_0001_wfi13_f158_cal.asdf,wfi13,eval,1,37,0.005099937,1
gwcs,../roman/.data/build21/r0000101001001001001_0001_wfi13_f158_cal.asdf,wfi13,eval,1,38,0.004948513,1
gwcs,../roman/.data/build21/r0000101001001001001_0001_wfi13_f158_cal.asdf,wfi13,eval,1,39,0.004794696,1
gwcs,../roman/.data/build21/r0000101001001001001_0001_wfi13_f158_cal.asdf,wfi13,eval,1,40,0.004696059,1
gwcs,../roman/.data/build21/r0000101001001001001_0001_wfi13_f158_cal.asdf,wfi13,eval,1,41,0.005069477,1
gwcs,../roman/.data/build21/r0000101001001001001_0001_wfi13_f158_cal.asdf,wfi13,eval,1,42,0.004844973,1
gwcs,../roman/.data/build21/r0000101001001001001_0001_wfi13_f158_cal.asdf,wfi13,eval,1,43,0.004735467,1
gwcs,../roman/.data/build21/r0000101001001001001_0001_wfi13_f158_cal.asdf,wfi13,eval,1,44,0.005009664,1
gwcs,../roman/.data/build21/r0000101001001001001_0001_wfi13_f158_cal.asdf,wfi13,eval,1,45,0.005308617,1
gwcs,../roman/.data/build21/r0000101001001001001_0001_wfi13_f158_cal.asdf,wfi13,eval,1,46,0.004753543,1
gwcs,../roman/.data/build21/r0000101001001001001_0001_wfi13_f158_cal.asdf,wfi13,eval,1,47,0.004696184,1
gwcs,../roman/.data/build21/r0000101001001001001_0001_wfi13_f158_cal.asdf,wfi13,eval,1,48,0.005331694,1
gwcs,../roman/.data/build21/r0000101001001001001_0001_wfi13_f158_cal.asdf,wfi13,eval,1,49,0.005003248,1
gwcs,../roman/.data/build21/r0000101001001001001_0001_wfi13_f158_cal.asdf,wfi13,eval,1,50,0.004959193,1
gwcs,../roman/.data/build21/r0000101001001001001_0001_wfi13_f158_cal.asdf,wfi13,eval,1,51,0.005411869,1
gwcs,../roman/.data/build21/r0000101001001001001_0001_wfi13_f158_cal.asdf,wfi13,eval,1,52,0.004929315,1
gwcs,../roman/.data/build21/r0000101001001001001_0001_wfi13_f158_cal.asdf,wfi13,eval,1,53,0.005811245,1
gwcs,../roman/.data/build21/r0000101001001001001_0001_wfi13_f158_cal.asdf,wfi13,eval,1,54,0.005123225,1
gwcs,../roman/.data/build21/r0000101001001001001_0001_wfi13_f158_cal.asdf,wfi13,eval,1,55,0.005118421,1
gwcs,../roman/.data/build21/r0000101001001001001_0001_wfi13_f158_cal.asdf,wfi13,eval,1,56,0.004746746,1
gwcs,../roman/.data/build21/r0000101001001001001_0001_wfi13_f158_cal.asdf,wfi13,eval,1,57,0.005356769,1
gwcs,../roman/.data/build21/r0000101001001001001_0001_wfi13_f158_cal.asdf,wfi13,eval,1,58,0.005360302,1
gwcs,../roman/.data/build21/r0000101001001001001_0001_wfi13_f158_cal.asdf,wfi13,eval,1,59,0.004843536,1
gwcs,../roman/.data/build21/r0000101001001001001_0001_wfi13_f158_cal.asdf,wfi13,eval,1,60,0.004886627,1
gwcs,../roman/.data/build21/r0000101001001001001_0001_wfi13_f158_cal.asdf,wfi13,eval,1,61,0.006082967,1
gwcs,../roman/.data/build21/r0000101001001001001_0001_wfi13_f158_cal.asdf,wfi13,eval,1,62,0.004896762,1
gwcs,../roman/.data/build21/r0000101001001001001_0001_wfi13_f158_cal.asdf,wfi13,eval,1,63,0.004825218,1
gwcs,../roman/.data/build21/r0000101001001001001_0001_wfi13_f158_cal.asdf,wfi13,eval,1,64,0.005640632,1
gwcs,../roman/.data/build21/r0000101001001001001_0001_wfi13_f158_cal.asdf,wfi13,eval,1,65,0.007318583,1
gwcs,../roman/.data/build21/r0000101001001001001_0001_wfi13_f158_cal.asdf,wfi13,eval,1,66,0.004752496,1
gwcs,../roman/.data/build21/r0000101001001001001_0001_wfi13_f158_cal.asdf,wfi13,eval,1,67,0.004947697,1
gwcs,../roman/.data/build21/r0000101001001001001_0001_wfi13_f158_cal.asdf,wfi13,eval,1,68,0.004847769,1
gwcs,../roman/.data/build21/r0000101001001001001_0001_wfi13_f158_cal.asdf,wfi13,eval,1,69,0.006131575,1
gwcs,../roman/.data/build21/r0000101001001001001_0001_wfi13_f158_cal.asdf,wfi13,eval,1,70,0.005128063,1
gwcs,../roman/.data/build21/r0000101001001001001_0001_wfi13_f158_cal.asdf,wfi13,eval,1,71,0.005039104,1
gwcs,../roman/.data/build21/r0000101001001001001_0001_wfi13_f158_cal.asdf,wfi13,eval,1,72,0.006151846,1
gwcs,../roman/.data/build21/r0000101001001001001_0001_wfi13_f158_cal.asdf,wfi13,eval,1,73,0.004882018,1
gwcs,../roman/.data/build21/r0000101001001001001_0001_wfi13_f158_cal.asdf,wfi13,eval,1,74,0.005886525,1
gwcs,../roman/.data/build21/r0000101001001001001_0001_wfi13_f158_cal.asdf,wfi13,eval,1,75,0.006329080,1
gwcs,../roman/.data/build21/r0000101001001001001_0001_wfi13_f158_cal.asdf,wfi13,eval,1,76,0.005342885,1
gwcs,../roman/.data/build21/r0000101001001001001_0001_wfi13_f158_cal.asdf,wfi13,eval,1,77,0.004906838,1
gwcs,../roman/.data/build21/r0000101001001001001_0001_wfi13_f158_cal.asdf,wfi13,eval,1,78,0.004791887,1
gwcs,../roman/.data/build21/r0000101001001001001_0001_wfi13_f158_cal.asdf,wfi13,eval,1,79,0.004850509,1
gwcs,../roman/.data/build21/r0000101001001001001_0001_wfi13_f158_cal.asdf,wfi13,eval,1,80,0.005020318,1
gwcs,../roman/.data/build21/r0000101001001001001_0001_wfi13_f158_cal.asdf,wfi13,eval,1,81,0.004715106,1
gwcs,../roman/.data/build21/r0000101001001001001_0001_wfi13_f158_cal.asdf,wfi13,eval,1,82,0.004814524,1
gwcs,../roman/.data/build21/r0000101001001001001_0001_wfi13_f158_cal.asdf,wfi13,eval,1,83,0.004994157,1
gwcs,../roman/.data/build21/r0000101001001001001_0001_wfi13_f158_cal.asdf,wfi13,eval,1,84,0.004811109,1
gwcs,../roman/.data/build21/r0000101001001001001_0001_wfi13_f158_cal.asdf,wfi13,eval,1,85,0.004730139,1
gwcs,../roman/.data/build21/r0000101001001001001_0001_wfi13_f158_cal.asdf,wfi13,eval,1,86,0.005002754,1
gwcs,../roman/.data/build21/r0000101001001001001_0001_wfi13_f158_cal.asdf,wfi13,eval,1,87,0.006850983,1
gwcs,../roman/.data/build21/r0000101001001001001_0001_wfi13_f158_cal.asdf,wfi13,eval,1,88,0.005258969,1
gwcs,../roman/.data/build21/r0000101001001001001_0001_wfi13_f158_cal.asdf,wfi13,eval,1,89,0.005198947,1
gwcs,../roman/.data/build21/r0000101001001001001_0001_wfi13_f158_cal.asdf,wfi13,eval,1,90,0.004923598,1
gwcs,../roman/.data/build21/r0000101001001001001_0001_wfi13_f158_cal.asdf,wfi13,eval,1,91,0.005611925,1
gwcs,../roman/.data/build21/r0000101001001001001_0001_wfi13_f158_cal.asdf,wfi13,eval,1,92,0.005048109,1
gwcs,../roman/.data/build21/r0000101001001001001_0001_wfi13_f158_cal.asdf,wfi13,eval,1,93,0.004719396,1
gwcs,../roman/.data/build21/r0000101001001001001_0001_wfi13_f158_cal.asdf,wfi13,eval,1,94,0.005306737,1
gwcs,../roman/.data/build21/r0000101001001001001_0001_wfi13_f158_cal.asdf,wfi13,eval,1,95,0.004976005,1
gwcs,../roman/.data/build21/r0000101001001001001_0001_wfi13_f158_cal.asdf,wfi13,eval,1,96,0.004663514,1
gwcs,../roman/.data/build21/r0000101001001001001_0001_wfi13_f158_cal.asdf,wfi13,eval,1,97,0.005066661,1
gwcs,../roman/.data/build21/r0000101001001001001_0001_wfi13_f158_cal.asdf,wfi13,eval,1,98,0.004967220,1
gwcs,../roman/.data/build21/r0000101001001001001_0001_wfi13_f158_cal.asdf,wfi13,eval,1,99,0.004854306,1
gwcs,../roman/.data/build21/r0000101001001001001_0001_wfi13_f158_cal.asdf,wfi13,eval,10,0,0.005187413,1
gwcs,../roman/.data/build21/r0000101001001001001_0001_wfi13_f158_cal.asdf,wfi13,eval,10,1,0.005879949,1
gwcs,../roman/.data/build21/r0000101001001001001_0001_wfi13_f158_cal.asdf,wfi13,eval,10,2,0.005052620,1
gwcs,../roman/.data/build21/r0000101001001001001_0001_wfi13_f158_cal.asdf,wfi13,eval,10,3,0.004940134,1
gwcs,../roman/.data/build21/r0000101001001001001_0001_wfi13_f158_cal.asdf,wfi13,eval,10,4,0.005789567,1
gwcs,../roman/.data/build21/r0000101001001001001_0001_wfi13_f158_cal.asdf,wfi13,eval,10,5,0.005548202,1
gwcs,../roman/.data/build21/r0000101001001001001_0001_wfi13_f158_cal.asdf,wfi13,eval,10,6,0.005149782,1
gwcs,../roman/.data/build21/r0000101001001001001_0001_wfi13_f158_cal.asdf,wfi13,eval,10,7,0.005733934,1
gwcs,../roman/.data/build21/r0000101001001001001_0001_wfi13_f158_cal.asdf,wfi13,eval,10,8,0.005328472,1
gwcs,../roman/.data/build21/r0000101001001001001_0001_wfi13_f158_cal.asdf,wfi13,eval,10,9,0.005160370,1
gwcs,../roman/.data/build21/r0000101001001001001_0001_wfi13_f158_cal.asdf,wfi13,eval,10,10,0.006417936,1
gwcs,../roman/.data/build21/r0000101001001001001_0001_wfi13_f158_cal.asdf,wfi13,eval,10,11,0.005301371,1
gwcs,../roman/.data/build21/r0000101001001001001_0001_wfi13_f158_cal.asdf,wfi13,eval,10,12,0.004941749,1
gwcs,../roman/.data/build21/r0000101001001001001_0001_wfi13_f158_cal.asdf,wfi13,eval,10,13,0.005475366,1
gwcs,../roman/.data/build21/r0000101001001001001_0001_wfi13_f158_cal.asdf,wfi13,eval,10,14,0.005528918,1
gwcs,../roman/.data/build21/r0000101001001001001_0001_wfi13_f158_cal.asdf,wfi13,eval,10,15,0.005333320,1
gwcs,../roman/.data/build21/r0000101001001001001_0001_wfi13_f158_cal.asdf,wfi13,eval,10,16,0.005075752,1
gwcs,../roman/.data/build21/r0000101001001001001_0001_wfi13_f158_cal.asdf,wfi13,eval,10,17,0.005712041,1
gwcs,../roman/.data/build21/r0000101001001001001_0001_wfi13_f158_cal.asdf,wfi13,eval,10,18,0.004989398,1
gwcs,../roman/.data/build21/r0000101001001001001_0001_wfi13_f158_cal.asdf,wfi13,eval,10,19,0.004841030,1
gwcs,../roman/.data/build21/r0000101001001001001_0001_wfi13_f158_cal.asdf,wfi13,eval,10,20,0.005335606,1
gwcs,../roman/.data/build21/r0000101001001001001_0001_wfi13_f158_cal.asdf,wfi13,eval,10,21,0.005026233,1
gwcs,../roman/.data/build21/r0000101001001001001_0001_wfi13_f158_cal.asdf,wfi13,eval,10,22,0.005249381,1
gwcs,../roman/.data/build21/r0000101001001001001_0001_wfi13_f158_cal.asdf,wfi13,eval,10,23,0.005656810,1
gwcs,../roman/.data/build21/r0000101001001001001_0001_wfi13_f158_cal.asdf,wfi13,eval,10,24,0.004925905,1
gwcs,../roman/.data/build21/r0000101001001001001_0001_wfi13_f158_cal.asdf,wfi13,eval,10,25,0.005359446,1
gwcs,../roman/.data/build21/r0000101001001001001_0001_wfi13_f158_cal.asdf,wfi13,eval,10,26,0.005236609,1
gwcs,../roman/.data/build21/r0000101001001001001_0001_wfi13_f158_cal.asdf,wfi13,eval,10,27,0.005020795,1
gwcs,../roman/.data/build21/r0000101001001001001_0001_wfi13_f158_cal.asdf,wfi13,eval,10,28,0.005729845,1
gwcs,../roman/.data/build21/r0000101001001001001_0001_wfi13_f158_cal.asdf,wfi13,eval,10,29,0.005178824,1
gwcs,../roman/.data/build21/r0000101001001001001_0001_wfi13_f158_cal.asdf,wfi13,eval,10,30,0.005114870,1
gwcs,../roman/.data/build21/r0000101001001001001_0001_wfi13_f158_cal.asdf,wfi13,eval,10,31,0.006019180,1
gwcs,../roman/.data/build21/r0000101001001001001_0001_wfi13_f158_cal.asdf,wfi13,eval,10,32,0.004970566,1
gwcs,../roman/.data/build21/r0000101001001001001_0001_wfi13_f158_cal.asdf,wfi13,eval,10,33,0.005624737,1
gwcs,../roman/.data/build21/r0000101001001001001_0001_wfi13_f158_cal.asdf,wfi13,eval,10,34,0.005157339,1
gwcs,../roman/.data/build21/r0000101001001001001_0001_wfi13_f158_cal.asdf,wfi13,eval,10,35,0.007840732,1
gwcs,../roman/.data/build21/r0000101001001001001_0001_wfi13_f158_cal.asdf,wfi13,eval,10,36,0.005720217,1
gwcs,../roman/.data/build21/r0000101001001001001_0001_wfi13_f158_cal.asdf,wfi13,eval,10,37,0.005108981,1
gwcs,../roman/.data/build21/r0000101001001001001_0001_wfi13_f158_cal.asdf,wfi13,eval,10,38,0.005369138,1
gwcs,../roman/.data/build21/r0000101001001001001_0001_wfi13_f158_cal.asdf,wfi13,eval,10,39,0.005091735,1
gwcs,../roman/.data/build21/r0000101001001001001_0001_wfi13_f158_cal.asdf,wfi13,eval,10,40,0.005088308,1
gwcs,../roman/.data/build21/r0000101001001001001_0001_wfi13_f158_cal.asdf,wfi13,eval,10,41,0.005039771,1
gwcs,../roman/.data/build21/r0000101001001001001_0001_wfi13_f158_cal.asdf,wfi13,eval,10,42,0.006069164,1
gwcs,../roman/.data/build21/r0000101001001001001_0001_wfi13_f158_cal.asdf,wfi13,eval,10,43,0.005129403,1
gwcs,../roman/.data/build21/r0000101001001001001_0001_wfi13_f158_cal.asdf,wfi13,eval,10,44,0.005073936,1
gwcs,../roman/.data/build21/r0000101001001001001_0001_wfi13_f158_cal.asdf,wfi13,eval,10,45,0.005424875,1
gwcs,../roman/.data/build21/r0000101001001001001_0001_wfi13_f158_cal.asdf,wfi13,eval,10,46,0.005074910,1
gwcs,../roman/.data/build21/r0000101001001001001_0001_wfi13_f158_cal.asdf,wfi13,eval,10,47,0.005468171,1
gwcs,../roman/.data/build21/r0000101001001001001_0001_wfi13_f158_cal.asdf,wfi13,eval,10,48,0.006256944,1
gwcs,../roman/.data/build21/r0000101001001001001_0001_wfi13_f158_cal.asdf,wfi13,eval,10,49,0.005140009,1
gwcs,../roman/.data/build21/r0000101001001001001_0001_wfi13_f158_cal.asdf,wfi13,eval,10,50,0.007308689,1
gwcs,../roman/.data/build21/r0000101001001001001_0001_wfi13_f158_cal.asdf,wfi13,eval,10,51,0.005154314,1
gwcs,../roman/.data/build21/r0000101001001001001_0001_wfi13_f158_cal.asdf,wfi13,eval,10,52,0.004837997,1
gwcs,../roman/.data/build21/r0000101001001001001_0001_wfi13_f158_cal.asdf,wfi13,eval,10,53,0.004813555,1
gwcs,../roman/.data/build21/r0000101001001001001_0001_wfi13_f158_cal.asdf,wfi13,eval,10,54,0.006183082,1
gwcs,../roman/.data/build21/r0000101001001001001_0001_wfi13_f158_cal.asdf,wfi13,eval,10,55,0.006883131,1
gwcs,../roman/.data/build21/r0000101001001001001_0001_wfi13_f158_cal.asdf,wfi13,eval,10,56,0.005002839,1
gwcs,../roman/.data/build21/r0000101001001001001_0001_wfi13_f158_cal.asdf,wfi13,eval,10,57,0.005654369,1
gwcs,../roman/.data/build21/r0000101001001001001_0001_wfi13_f158_cal.asdf,wfi13,eval,10,58,0.004899555,1
gwcs,../roman/.data/build21/r0000101001001001001_0001_wfi13_f158_cal.asdf,wfi13,eval,10,59,0.004849982,1
gwcs,../roman/.data/build21/r0000101001001001001_0001_wfi13_f158_cal.asdf,wfi13,eval,10,60,0.006093534,1
gwcs,../roman/.data/build21/r0000101001001001001_0001_wfi13_f158_cal.asdf,wfi13,eval,10,61,0.005112128,1
gwcs,../roman/.data/build21/r0000101001001001001_0001_wfi13_f158_cal.asdf,wfi13,eval,10,62,0.004843635,1
gwcs,../roman/.data/build21/r0000101001001001001_0001_wfi13_f158_cal.asdf,wfi13,eval,10,63,0.004917731,1
gwcs,../roman/.data/build21/r0000101001001001001_0001_wfi13_f158_cal.asdf,wfi13,eval,10,64,0.005173326,1
gwcs,../roman/.data/build21/r0000101001001001001_0001_wfi13_f158_cal.asdf,wfi13,eval,10,65,0.004900737,1
gwcs,../roman/.data/build21/r0000101001001001001_0001_wfi13_f158_cal.asdf,wfi13,eval,10,66,0.004830578,1
gwcs,../roman/.data/build21/r0000101001001001001_0001_wfi13_f158_cal.asdf,wfi13,eval,10,67,0.004974906,1
gwcs,../roman/.data/build21/r0000101001001001001_0001_wfi13_f158_cal.asdf,wfi13,eval,10,68,0.004844420,1
gwcs,../roman/.data/build21/r0000101001001001001_0001_wfi13_f158_cal.asdf,wfi13,eval,10,69,0.004882540,1
gwcs,../roman/.data/build21/r0000101001001001001_0001_wfi13_f158_cal.asdf,wfi13,eval,10,70,0.005326498,1
gwcs,../roman/.data/build21/r0000101001001001001_0001_wfi13_f158_cal.asdf,wfi13,eval,10,71,0.005136676,1
gwcs,../roman/.data/build21/r0000101001001001001_0001_wfi13_f158_cal.asdf,wfi13,eval,10,72,0.004811453,1
gwcs,../roman/.data/build21/r0000101001001001001_0001_wfi13_f158_cal.asdf,wfi13,eval,10,73,0.005176391,1
gwcs,../roman/.data/build21/r0000101001001001001_0001_wfi13_f158_cal.asdf,wfi13,eval,10,74,0.004921464,1
gwcs,../roman/.data/build21/r0000101001001001001_0001_wfi13_f158_cal.asdf,wfi13,eval,10,75,0.004837572,1
gwcs,../roman/.data/build21/r0000101001001001001_0001_wfi13_f158_cal.asdf,wfi13,eval,10,76,0.005263750,1
gwcs,../roman/.data/build21/r0000101001001001001_0001_wfi13_f158_cal.asdf,wfi13,eval,10,77,0.005115236,1
gwcs,../roman/.data/build21/r0000101001001001001_0001_wfi13_f158_cal.asdf,wfi13,eval,10,78,0.004897622,1
gwcs,../roman/.data/build21/r0000101001001001001_0001_wfi13_f158_cal.asdf,wfi13,eval,10,79,0.004865405,1
gwcs,../roman/.data/build21/r0000101001001001001_0001_wfi13_f158_cal.asdf,wfi13,eval,10,80,0.005692177,1
gwcs,../roman/.data/build21/r0000101001001001001_0001_wfi13_f158_cal.asdf,wfi13,eval,10,81,0.004996935,1
gwcs,../roman/.data/build21/r0000101001001001001_0001_wfi13_f158_cal.asdf,wfi13,eval,10,82,0.004894136,1
gwcs,../roman/.data/build21/r0000101001001001001_0001_wfi13_f158_cal.asdf,wfi13,eval,10,83,0.006632562,1
gwcs,../roman/.data/build21/r0000101001001001001_0001_wfi13_f158_cal.asdf,wfi13,eval,10,84,0.005677516,1
gwcs,../roman/.data/build21/r0000101001001001001_0001_wfi13_f158_cal.asdf,wfi13,eval,10,85,0.004902512,1
gwcs,../roman/.data/build21/r0000101001001001001_0001_wfi13_f158_cal.asdf,wfi13,eval,10,86,0.005979829,1
gwcs,../roman/.data/build21/r0000101001001001001_0001_wfi13_f158_cal.asdf,wfi13,eval,10,87,0.004925572,1
gwcs,../roman/.data/build21/r0000101001001001001_0001_wfi13_f158_cal.asdf,wfi13,eval,10,88,0.004827203,1
gwcs,../roman/.data/build21/r0000101001001001001_0001_wfi13_f158_cal.asdf,wfi13,eval,10,89,0.005779903,1
gwcs,../roman/.data/build21/r0000101001001001001_0001_wfi13_f158_cal.asdf,wfi13,eval,10,90,0.005131928,1
gwcs,../roman/.data/build21/r0000101001001001001_0001_wfi13_f158_cal.asdf,wfi13,eval,10,91,0.004869585,1
gwcs,../roman/.data/build21/r0000101001001001001_0001_wfi13_f158_cal.asdf,wfi13,eval,10,92,0.005066073,1
gwcs,../roman/.data/build21/r0000101001001001001_0001_wfi13_f158_cal.asdf,wfi13,eval,10,93,0.005027305,1
gwcs,../roman/.data/build21/r0000101001001001001_0001_wfi13_f158_cal.asdf,wfi13,eval,10,94,0.004981787,1
gwcs,../roman/.data/build21/r0000101001001001001_0001_wfi13_f158_cal.asdf,wfi13,eval,10,95,0.004938743,1
gwcs,../roman/.data/build21/r0000101001001001001_0001_wfi13_f158_cal.asdf,wfi13,eval,10,96,0.005313616,1
gwcs,../roman/.data/build21/r0000101001001001001_0001_wfi13_f158_cal.asdf,wfi13,eval,10,97,0.005382569,1
gwcs,../roman/.data/build21/r0000101001001001001_0001_wfi13_f158_cal.asdf,wfi13,eval,10,98,0.007972340,1
gwcs,../roman/.data/build21/r0000101001001001001_0001_wfi13_f158_cal.asdf,wfi13,eval,10,99,0.005824652,1
gwcs,../roman/.data/build21/r0000101001001001001_0001_wfi13_f158_cal.asdf,wfi13,eval,100,0,0.005530245,1
gwcs,../roman/.data/build21/r0000101001001001001_0001_wfi13_f158_cal.asdf,wfi13,eval,100,1,0.006492296,1
gwcs,../roman/.data/build21/r0000101001001001001_0001_wfi13_f158_cal.asdf,wfi13,eval,100,2,0.005497309,1
gwcs,../roman/.data/build21/r0000101001001001001_0001_wfi13_f158_cal.asdf,wfi13,eval,100,3,0.005502979,1
gwcs,../roman/.data/build21/r0000101001001001001_0001_wfi13_f158_cal.asdf,wfi13,eval,100,4,0.006323297,1
gwcs,../roman/.data/build21/r0000101001001001001_0001_wfi13_f158_cal.asdf,wfi13,eval,100,5,0.005515850,1
gwcs,../roman/.data/build21/r0000101001001001001_0001_wfi13_f158_cal.asdf,wfi13,eval,100,6,0.006083747,1
gwcs,../roman/.data/build21/r0000101001001001001_0001_wfi13_f158_cal.asdf,wfi13,eval,100,7,0.005755303,1
gwcs,../roman/.data/build21/r0000101001001001001_0001_wfi13_f158_cal.asdf,wfi13,eval,100,8,0.005781540,1
gwcs,../roman/.data/build21/r0000101001001001001_0001_wfi13_f158_cal.asdf,wfi13,eval,100,9,0.006324426,1
gwcs,../roman/.data/build21/r0000101001001001001_0001_wfi13_f158_cal.asdf,wfi13,eval,100,10,0.005609956,1
gwcs,../roman/.data/build21/r0000101001001001001_0001_wfi13_f158_cal.asdf,wfi13,eval,100,11,0.004943591,1
gwcs,../roman/.data/build21/r0000101001001001001_0001_wfi13_f158_cal.asdf,wfi13,eval,100,12,0.005660986,1
gwcs,../roman/.data/build21/r0000101001001001001_0001_wfi13_f158_cal.asdf,wfi13,eval,100,13,0.005354423,1
gwcs,../roman/.data/build21/r0000101001001001001_0001_wfi13_f158_cal.asdf,wfi13,eval,100,14,0.005171027,1
gwcs,../roman/.data/build21/r0000101001001001001_0001_wfi13_f158_cal.asdf,wfi13,eval,100,15,0.004935342,1
gwcs,../roman/.data/build21/r0000101001001001001_0001_wfi13_f158_cal.asdf,wfi13,eval,100,16,0.005584355,1
gwcs,../roman/.data/build21/r0000101001001001001_0001_wfi13_f158_cal.asdf,wfi13,eval,100,17,0.005114448,1
gwcs,../roman/.data/build21/r0000101001001001001_0001_wfi13_f158_cal.asdf,wfi13,eval,100,18,0.005229641,1
gwcs,../roman/.data/build21/r0000101001001001001_0001_wfi13_f158_cal.asdf,wfi13,eval,100,19,0.005597836,1
gwcs,../roman/.data/build21/r0000101001001001001_0001_wfi13_f158_cal.asdf,wfi13,eval,100,20,0.005247605,1
gwcs,../roman/.data/build21/r0000101001001001001_0001_wfi13_f158_cal.asdf,wfi13,eval,100,21,0.004943863,1
gwcs,../roman/.data/build21/r0000101001001001001_0001_wfi13_f158_cal.asdf,wfi13,eval,100,22,0.005937920,1
gwcs,../roman/.data/build21/r0000101001001001001_0001_wfi13_f158_cal.asdf,wfi13,eval,100,23,0.005057907,1
gwcs,../roman/.data/build21/r0000101001001001001_0001_wfi13_f158_cal.asdf,wfi13,eval,100,24,0.005530897,1
gwcs,../roman/.data/build21/r0000101001001001001_0001_wfi13_f158_cal.asdf,wfi13,eval,100,25,0.006048360,1
gwcs,../roman/.data/build21/r0000101001001001001_0001_wfi13_f158_cal.asdf,wfi13,eval,100,26,0.005289488,1
gwcs,../roman/.data/build21/r0000101001001001001_0001_wfi13_f158_cal.asdf,wfi13,eval,100,27,0.005221144,1
gwcs,../roman/.data/build21/r0000101001001001001_0001_wfi13_f158_cal.asdf,wfi13,eval,100,28,0.005852001,1
gwcs,../roman/.data/build21/r0000101001001001001_0001_wfi13_f158_cal.asdf,wfi13,eval,100,29,0.005268148,1
gwcs,../roman/.data/build21/r0000101001001001001_0001_wfi13_f158_cal.asdf,wfi13,eval,100,30,0.005123309,1
gwcs,../roman/.data/build21/r0000101001001001001_0001_wfi13_f158_cal.asdf,wfi13,eval,100,31,0.005069148,1
gwcs,../roman/.data/build21/r0000101001001001001_0001_wfi13_f158_cal.asdf,wfi13,eval,100,32,0.006049199,1
gwcs,../roman/.data/build21/r0000101001001001001_0001_wfi13_f158_cal.asdf,wfi13,eval,100,33,0.007084813,1
gwcs,../roman/.data/build21/r0000101001001001001_0001_wfi13_f158_cal.asdf,wfi13,eval,100,34,0.005313574,1
gwcs,../roman/.data/build21/r0000101001001001001_0001_wfi13_f158_cal.asdf,wfi13,eval,100,35,0.005418670,1
gwcs,../roman/.data/build21/r0000101001001001001_0001_wfi13_f158_cal.asdf,wfi13,eval,100,36,0.004849113,1
gwcs,../roman/.data/build21/r0000101001001001001_0001_wfi13_f158_cal.asdf,wfi13,eval,100,37,0.005253579,1
gwcs,../roman/.data/build21/r0000101001001001001_0001_wfi13_f158_cal.asdf,wfi13,eval,100,38,0.006301384,1
gwcs,../roman/.data/build21/r0000101001001001001_0001_wfi13_f158_cal.asdf,wfi13,eval,100,39,0.005902746,1
gwcs,../roman/.data/build21/r0000101001001001001_0001_wfi13_f158_cal.asdf,wfi13,eval,100,40,0.005629952,1
gwcs,../roman/.data/build21/r0000101001001001001_0001_wfi13_f158_cal.asdf,wfi13,eval,100,41,0.006829860,1
gwcs,../roman/.data/build21/r0000101001001001001_0001_wfi13_f158_cal.asdf,wfi13,eval,100,42,0.005275858,1
gwcs,../roman/.data/build21/r0000101001001001001_0001_wfi13_f158_cal.asdf,wfi13,eval,100,43,0.005851114,1
gwcs,../roman/.data/build21/r0000101001001001001_0001_wfi13_f158_cal.asdf,wfi13,eval,100,44,0.005013521,1
gwcs,../roman/.data/build21/r0000101001001001001_0001_wfi13_f158_cal.asdf,wfi13,eval,100,45,0.007856601,1
gwcs,../roman/.data/build21/r0000101001001001001_0001_wfi13_f158_cal.asdf,wfi13,eval,100,46,0.010697373,1
gwcs,../roman/.data/build21/r0000101001001001001_0001_wfi13_f158_cal.asdf,wfi13,eval,100,47,0.005169517,1
gwcs,../roman/.data/build21/r0000101001001001001_0001_wfi13_f158_cal.asdf,wfi13,eval,100,48,0.005453172,1
gwcs,../roman/.data/build21/r0000101001001001001_0001_wfi13_f158_cal.asdf,wfi13,eval,100,49,0.005740296,1
gwcs,../roman/.data/build21/r0000101001001001001_0001_wfi13_f158_cal.asdf,wfi13,eval,1000,0,0.006496693,1
gwcs,../roman/.data/build21/r0000101001001001001_0001_wfi13_f158_cal.asdf,wfi13,eval,1000,1,0.005831214,1
gwcs,../roman/.data/build21/r0000101001001001001_0001_wfi13_f158_cal.asdf,wfi13,eval,1000,2,0.005341163,1
gwcs,../roman/.data/build21/r0000101001001001001_0001_wfi13_f158_cal.asdf,wfi13,eval,1000,3,0.006664693,1
gwcs,../roman/.data/build21/r0000101001001001001_0001_wfi13_f158_cal.asdf,wfi13,eval,1000,4,0.005541076,1
gwcs,../roman/.data/build21/r0000101001001001001_0001_wfi13_f158_cal.asdf,wfi13,eval,1000,5,0.005903761,1
gwcs,../roman/.data/build21/r0000101001001001001_0001_wfi13_f158_cal.asdf,wfi13,eval,1000,6,0.006687025,1
gwcs,../roman/.data/build21/r0000101001001001001_0001_wfi13_f158_cal.asdf,wfi13,eval,1000,7,0.005285923,1
gwcs,../roman/.data/build21/r0000101001001001001_0001_wfi13_f158_cal.asdf,wfi13,eval,1000,8,0.006692772,1
gwcs,../roman/.data/build21/r0000101001001001001_0001_wfi13_f158_cal.asdf,wfi13,eval,1000,9,0.006028443,1
gwcs,../roman/.data/build21/r0000101001001001001_0001_wfi13_f158_cal.asdf,wfi13,eval,1000,10,0.005252140,1
gwcs,../roman/.data/build21/r0000101001001001001_0001_wfi13_f158_cal.asdf,wfi13,eval,1000,11,0.005336624,1
gwcs,../roman/.data/build21/r0000101001001001001_0001_wfi13_f158_cal.asdf,wfi13,eval,1000,12,0.005883198,1
gwcs,../roman/.data/build21/r0000101001001001001_0001_wfi13_f158_cal.asdf,wfi13,eval,1000,13,0.005293348,1
gwcs,../roman/.data/build21/r0000101001001001001_0001_wfi13_f158_cal.asdf,wfi13,eval,1000,14,0.005239326,1
gwcs,../roman/.data/build21/r0000101001001001001_0001_wfi13_f158_cal.asdf,wfi13,eval,1000,15,0.006330780,1
gwcs,../roman/.data/build21/r0000101001001001001_0001_wfi13_f158_cal.asdf,wfi13,eval,1000,16,0.005286905,1
gwcs,../roman/.data/build21/r0000101001001001001_0001_wfi13_f158_cal.asdf,wfi13,eval,1000,17,0.005494948,1
gwcs,../roman/.data/build21/r0000101001001001001_0001_wfi13_f158_cal.asdf,wfi13,eval,1000,18,0.006185490,1
gwcs,../roman/.data/build21/r0000101001001001001_0001_wfi13_f158_cal.asdf,wfi13,eval,1000,19,0.005316412,1
gwcs,../roman/.data/build21/r0000101001001001001_0001_wfi13_f158_cal.asdf,wfi13,eval,10000,0,0.009731401,1
gwcs,../roman/.data/build21/r0000101001001001001_0001_wfi13_f158_cal.asdf,wfi13,eval,10000,1,0.008322524,1
gwcs,../roman/.data/build21/r0000101001001001001_0001_wfi13_f158_cal.asdf,wfi13,eval,10000,2,0.008710291,1
gwcs,../roman/.data/build21/r0000101001001001001_0001_wfi13_f158_cal.asdf,wfi13,eval,10000,3,0.008771189,1
gwcs,../roman/.data/build21/r0000101001001001001_0001_wfi13_f158_cal.asdf,wfi13,eval,10000,4,0.010623746,1
gwcs,../roman/.data/build21/r0000101001001001001_0001_wfi13_f158_cal.asdf,wfi13,eval,10000,5,0.010434325,1
gwcs,../roman/.data/build21/r0000101001001001001_0001_wfi13_f158_cal.asdf,wfi13,eval,10000,6,0.009507138,1
gwcs,../roman/.data/build21/r0000101001001001001_0001_wfi13_f158_cal.asdf,wfi13,eval,10000,7,0.008275081,1
gwcs,../roman/.data/build21/r0000101001001001001_0001_wfi13_f158_cal.asdf,wfi13,eval,10000,8,0.008719841,1
gwcs,../roman/.data/build21/r0000101001001001001_0001_wfi13_f158_cal.asdf,wfi13,eval,10000,9,0.008900155,1
gwcs,../roman/.data/build21/r0000101001001001001_0001_wfi13_f158_cal.asdf,wfi13,eval,100000,0,0.040908314,1
gwcs,../roman/.data/build21/r0000101001001001001_0001_wfi13_f158_cal.asdf,wfi13,eval,100000,1,0.040650066,1
gwcs,../roman/.data/build21/r0000101001001001001_0001_wfi13_f158_cal.asdf,wfi13,eval,100000,2,0.040429666,1
gwcs,../roman/.data/build21/r0000101001001001001_0001_wfi13_f158_cal.asdf,wfi13,eval,100000,3,0.041919910,1
gwcs,../roman/.data/build21/r0000101001001001001_0001_wfi13_f158_cal.asdf,wfi13,eval,100000,4,0.039995866,1
gwcs,../roman/.data/build21/r0000101001001001001_0001_wfi13_f158_cal.asdf,wfi13,eval,1000000,0,0.401551064,1
gwcs,../roman/.data/build21/r0000101001001001001_0001_wfi13_f158_cal.asdf,wfi13,eval,1000000,1,0.389987507,1
gwcs,../roman/.data/build21/r0000101001001001001_0001_wfi13_f158_cal.asdf,wfi13,eval,1000000,2,0.395155773,1
gwcs,../roman/.data/build21/r0000101001001001001_0001_wfi13_f158_cal.asdf,wfi13,eval,10000000,0,6.517717914,1
gwcs,../roman/.data/build21/r0000101001001001001_0001_wfi13_f158_cal.asdf,wfi13,eval,10000000,1,6.359719601,1
gwcs,../roman/.data/build21/r0000101001001001001_0001_wfi13_f158_cal.asdf,wfi13,eval,16711744,0,23.424037813,1
gwcs,../roman/.data/build21/r0000101001001001001_0001_wfi13_f158_cal.asdf,wfi13,eval,16711744,1,23.441124517,1
gwcs,../roman/.data/build21/r0000101001001001001_0001_wfi14_f158_cal.asdf,wfi14,parse_cold,0,0,0.854529013,1
gwcs,../roman/.data/build21/r0000101001001001001_0001_wfi14_f158_cal.asdf,wfi14,parse_hot,0,0,0.622087494,1
gwcs,../roman/.data/build21/r0000101001001001001_0001_wfi14_f158_cal.asdf,wfi14,eval,1,0,0.004993847,1
gwcs,../roman/.data/build21/r0000101001001001001_0001_wfi14_f158_cal.asdf,wfi14,eval,1,1,0.005071426,1
gwcs,../roman/.data/build21/r0000101001001001001_0001_wfi14_f158_cal.asdf,wfi14,eval,1,2,0.004842648,1
gwcs,../roman/.data/build21/r0000101001001001001_0001_wfi14_f158_cal.asdf,wfi14,eval,1,3,0.005868780,1
gwcs,../roman/.data/build21/r0000101001001001001_0001_wfi14_f158_cal.asdf,wfi14,eval,1,4,0.005217187,1
gwcs,../roman/.data/build21/r0000101001001001001_0001_wfi14_f158_cal.asdf,wfi14,eval,1,5,0.005061384,1
gwcs,../roman/.data/build21/r0000101001001001001_0001_wfi14_f158_cal.asdf,wfi14,eval,1,6,0.005230121,1
gwcs,../roman/.data/build21/r0000101001001001001_0001_wfi14_f158_cal.asdf,wfi14,eval,1,7,0.005146486,1
gwcs,../roman/.data/build21/r0000101001001001001_0001_wfi14_f158_cal.asdf,wfi14,eval,1,8,0.005113993,1
gwcs,../roman/.data/build21/r0000101001001001001_0001_wfi14_f158_cal.asdf,wfi14,eval,1,9,0.005096715,1
gwcs,../roman/.data/build21/r0000101001001001001_0001_wfi14_f158_cal.asdf,wfi14,eval,1,10,0.006659720,1
gwcs,../roman/.data/build21/r0000101001001001001_0001_wfi14_f158_cal.asdf,wfi14,eval,1,11,0.005091202,1
gwcs,../roman/.data/build21/r0000101001001001001_0001_wfi14_f158_cal.asdf,wfi14,eval,1,12,0.004776584,1
gwcs,../roman/.data/build21/r0000101001001001001_0001_wfi14_f158_cal.asdf,wfi14,eval,1,13,0.005292336,1
gwcs,../roman/.data/build21/r0000101001001001001_0001_wfi14_f158_cal.asdf,wfi14,eval,1,14,0.004958304,1
gwcs,../roman/.data/build21/r0000101001001001001_0001_wfi14_f158_cal.asdf,wfi14,eval,1,15,0.004933105,1
gwcs,../roman/.data/build21/r0000101001001001001_0001_wfi14_f158_cal.asdf,wfi14,eval,1,16,0.005104883,1
gwcs,../roman/.data/build21/r0000101001001001001_0001_wfi14_f158_cal.asdf,wfi14,eval,1,17,0.004984425,1
gwcs,../roman/.data/build21/r0000101001001001001_0001_wfi14_f158_cal.asdf,wfi14,eval,1,18,0.005042205,1
gwcs,../roman/.data/build21/r0000101001001001001_0001_wfi14_f158_cal.asdf,wfi14,eval,1,19,0.006048021,1
gwcs,../roman/.data/build21/r0000101001001001001_0001_wfi14_f158_cal.asdf,wfi14,eval,1,20,0.005218133,1
gwcs,../roman/.data/build21/r0000101001001001001_0001_wfi14_f158_cal.asdf,wfi14,eval,1,21,0.004872683,1
gwcs,../roman/.data/build21/r0000101001001001001_0001_wfi14_f158_cal.asdf,wfi14,eval,1,22,0.006525813,1
gwcs,../roman/.data/build21/r0000101001001001001_0001_wfi14_f158_cal.asdf,wfi14,eval,1,23,0.005749650,1
gwcs,../roman/.data/build21/r0000101001001001001_0001_wfi14_f158_cal.asdf,wfi14,eval,1,24,0.004997239,1
gwcs,../roman/.data/build21/r0000101001001001001_0001_wfi14_f158_cal.asdf,wfi14,eval,1,25,0.005628571,1
gwcs,../roman/.data/build21/r0000101001001001001_0001_wfi14_f158_cal.asdf,wfi14,eval,1,26,0.005306050,1
gwcs,../roman/.data/build21/r0000101001001001001_0001_wfi14_f158_cal.asdf,wfi14,eval,1,27,0.006013206,1
gwcs,../roman/.data/build21/r0000101001001001001_0001_wfi14_f158_cal.asdf,wfi14,eval,1,28,0.007221855,1
gwcs,../roman/.data/build21/r0000101001001001001_0001_wfi14_f158_cal.asdf,wfi14,eval,1,29,0.005119720,1
gwcs,../roman/.data/build21/r0000101001001001001_0001_wfi14_f158_cal.asdf,wfi14,eval,1,30,0.004718732,1
gwcs,../roman/.data/build21/r0000101001001001001_0001_wfi14_f158_cal.asdf,wfi14,eval,1,31,0.006385223,1
gwcs,../roman/.data/build21/r0000101001001001001_0001_wfi14_f158_cal.asdf,wfi14,eval,1,32,0.004776713,1
gwcs,../roman/.data/build21/r0000101001001001001_0001_wfi14_f158_cal.asdf,wfi14,eval,1,33,0.004750647,1
gwcs,../roman/.data/build21/r0000101001001001001_0001_wfi14_f158_cal.asdf,wfi14,eval,1,34,0.004806257,1
gwcs,../roman/.data/build21/r0000101001001001001_0001_wfi14_f158_cal.asdf,wfi14,eval,1,35,0.005312696,1
gwcs,../roman/.data/build21/r0000101001001001001_0001_wfi14_f158_cal.asdf,wfi14,eval,1,36,0.004750384,1
gwcs,../roman/.data/build21/r0000101001001001001_0001_wfi14_f158_cal.asdf,wfi14,eval,1,37,0.004894505,1
gwcs,../roman/.data/build21/r0000101001001001001_0001_wfi14_f158_cal.asdf,wfi14,eval,1,38,0.004794863,1
gwcs,../roman/.data/build21/r0000101001001001001_0001_wfi14_f158_cal.asdf,wfi14,eval,1,39,0.005209156,1
gwcs,../roman/.data/build21/r0000101001001001001_0001_wfi14_f158_cal.asdf,wfi14,eval,1,40,0.004949481,1
gwcs,../roman/.data/build21/r0000101001001001001_0001_wfi14_f158_cal.asdf,wfi14,eval,1,41,0.005183371,1
gwcs,../roman/.data/build21/r0000101001001001001_0001_wfi14_f158_cal.asdf,wfi14,eval,1,42,0.005627928,1
gwcs,../roman/.data/build21/r0000101001001001001_0001_wfi14_f158_cal.asdf,wfi14,eval,1,43,0.005224949,1
gwcs,../roman/.data/build21/r0000101001001001001_0001_wfi14_f158_cal.asdf,wfi14,eval,1,44,0.005138633,1
gwcs,../roman/.data/build21/r0000101001001001001_0001_wfi14_f158_cal.asdf,wfi14,eval,1,45,0.005087901,1
gwcs,../roman/.data/build21/r0000101001001001001_0001_wfi14_f158_cal.asdf,wfi14,eval,1,46,0.004756574,1
gwcs,../roman/.data/build21/r0000101001001001001_0001_wfi14_f158_cal.asdf,wfi14,eval,1,47,0.004737622,1
gwcs,../roman/.data/build21/r0000101001001001001_0001_wfi14_f158_cal.asdf,wfi14,eval,1,48,0.004918057,1
gwcs,../roman/.data/build21/r0000101001001001001_0001_wfi14_f158_cal.asdf,wfi14,eval,1,49,0.004926116,1
gwcs,../roman/.data/build21/r0000101001001001001_0001_wfi14_f158_cal.asdf,wfi14,eval,1,50,0.004701741,1
gwcs,../roman/.data/build21/r0000101001001001001_0001_wfi14_f158_cal.asdf,wfi14,eval,1,51,0.004678409,1
gwcs,../roman/.data/build21/r0000101001001001001_0001_wfi14_f158_cal.asdf,wfi14,eval,1,52,0.004992947,1
gwcs,../roman/.data/build21/r0000101001001001001_0001_wfi14_f158_cal.asdf,wfi14,eval,1,53,0.004819678,1
gwcs,../roman/.data/build21/r0000101001001001001_0001_wfi14_f158_cal.asdf,wfi14,eval,1,54,0.005259098,1
gwcs,../roman/.data/build21/r0000101001001001001_0001_wfi14_f158_cal.asdf,wfi14,eval,1,55,0.005342759,1
gwcs,../roman/.data/build21/r0000101001001001001_0001_wfi14_f158_cal.asdf,wfi14,eval,1,56,0.004937901,1
gwcs,../roman/.data/build21/r0000101001001001001_0001_wfi14_f158_cal.asdf,wfi14,eval,1,57,0.005169709,1
gwcs,../roman/.data/build21/r0000101001001001001_0001_wfi14_f158_cal.asdf,wfi14,eval,1,58,0.006608400,1
gwcs,../roman/.data/build21/r0000101001001001001_0001_wfi14_f158_cal.asdf,wfi14,eval,1,59,0.005800821,1
gwcs,../roman/.data/build21/r0000101001001001001_0001_wfi14_f158_cal.asdf,wfi14,eval,1,60,0.005611992,1
gwcs,../roman/.data/build21/r0000101001001001001_0001_wfi14_f158_cal.asdf,wfi14,eval,1,61,0.005011176,1
gwcs,../roman/.data/build21/r0000101001001001001_0001_wfi14_f158_cal.asdf,wfi14,eval,1,62,0.005128613,1
gwcs,../roman/.data/build21/r0000101001001001001_0001_wfi14_f158_cal.asdf,wfi14,eval,1,63,0.006764901,1
gwcs,../roman/.data/build21/r0000101001001001001_0001_wfi14_f158_cal.asdf,wfi14,eval,1,64,0.005508947,1
gwcs,../roman/.data/build21/r0000101001001001001_0001_wfi14_f158_cal.asdf,wfi14,eval,1,65,0.005182932,1
gwcs,../roman/.data/build21/r0000101001001001001_0001_wfi14_f158_cal.asdf,wfi14,eval,1,66,0.006276191,1
gwcs,../roman/.data/build21/r0000101001001001001_0001_wfi14_f158_cal.asdf,wfi14,eval,1,67,0.005804146,1
gwcs,../roman/.data/build21/r0000101001001001001_0001_wfi14_f158_cal.asdf,wfi14,eval,1,68,0.006037634,1
gwcs,../roman/.data/build21/r0000101001001001001_0001_wfi14_f158_cal.asdf,wfi14,eval,1,69,0.006229846,1
gwcs,../roman/.data/build21/r0000101001001001001_0001_wfi14_f158_cal.asdf,wfi14,eval,1,70,0.005919391,1
gwcs,../roman/.data/build21/r0000101001001001001_0001_wfi14_f158_cal.asdf,wfi14,eval,1,71,0.005032680,1
gwcs,../roman/.data/build21/r0000101001001001001_0001_wfi14_f158_cal.asdf,wfi14,eval,1,72,0.005236281,1
gwcs,../roman/.data/build21/r0000101001001001001_0001_wfi14_f158_cal.asdf,wfi14,eval,1,73,0.005202093,1
gwcs,../roman/.data/build21/r0000101001001001001_0001_wfi14_f158_cal.asdf,wfi14,eval,1,74,0.005200162,1
gwcs,../roman/.data/build21/r0000101001001001001_0001_wfi14_f158_cal.asdf,wfi14,eval,1,75,0.006258593,1
gwcs,../roman/.data/build21/r0000101001001001001_0001_wfi14_f158_cal.asdf,wfi14,eval,1,76,0.005706046,1
gwcs,../roman/.data/build21/r0000101001001001001_0001_wfi14_f158_cal.asdf,wfi14,eval,1,77,0.005558041,1
gwcs,../roman/.data/build21/r0000101001001001001_0001_wfi14_f158_cal.asdf,wfi14,eval,1,78,0.005732868,1
gwcs,../roman/.data/build21/r0000101001001001001_0001_wfi14_f158_cal.asdf,wfi14,eval,1,79,0.005199294,1
gwcs,../roman/.data/build21/r0000101001001001001_0001_wfi14_f158_cal.asdf,wfi14,eval,1,80,0.005256364,1
gwcs,../roman/.data/build21/r0000101001001001001_0001_wfi14_f158_cal.asdf,wfi14,eval,1,81,0.006679205,1
gwcs,../roman/.data/build21/r0000101001001001001_0001_wfi14_f158_cal.asdf,wfi14,eval,1,82,0.006670977,1
gwcs,../roman/.data/build21/r0000101001001001001_0001_wfi14_f158_cal.asdf,wfi14,eval,1,83,0.005237784,1
gwcs,../roman/.data/build21/r0000101001001001001_0001_wfi14_f158_cal.asdf,wfi14,eval,1,84,0.004909596,1
gwcs,../roman/.data/build21/r0000101001001001001_0001_wfi14_f158_cal.asdf,wfi14,eval,1,85,0.005270228,1
gwcs,../roman/.data/build21/r0000101001001001001_0001_wfi14_f158_cal.asdf,wfi14,eval,1,86,0.004941789,1
gwcs,../roman/.data/build21/r0000101001001001001_0001_wfi14_f158_cal.asdf,wfi14,eval,1,87,0.005031170,1
gwcs,../roman/.data/build21/r0000101001001001001_0001_wfi14_f158_cal.asdf,wfi14,eval,1,88,0.005324810,1
gwcs,../roman/.data/build21/r0000101001001001001_0001_wfi14_f158_cal.asdf,wfi14,eval,1,89,0.005026268,1
gwcs,../roman/.data/build21/r0000101001001001001_0001_wfi14_f158_cal.asdf,wfi14,eval,1,90,0.004922297,1
gwcs,../roman/.data/build21/r0000101001001001001_0001_wfi14_f158_cal.asdf,wfi14,eval,1,91,0.005276348,1
gwcs,../roman/.data/build21/r0000101001001001001_0001_wfi14_f158_cal.asdf,wfi14,eval,1,92,0.005584963,1
gwcs,../roman/.data/build21/r0000101001001001001_0001_wfi14_f158_cal.asdf,wfi14,eval,1,93,0.009778756,1
gwcs,../roman/.data/build21/r0000101001001001001_0001_wfi14_f158_cal.asdf,wfi14,eval,1,94,0.004996262,1
gwcs,../roman/.data/build21/r0000101001001001001_0001_wfi14_f158_cal.asdf,wfi14,eval,1,95,0.006474420,1
gwcs,../roman/.data/build21/r0000101001001001001_0001_wfi14_f158_cal.asdf,wfi14,eval,1,96,0.007193638,1
gwcs,../roman/.data/build21/r0000101001001001001_0001_wfi14_f158_cal.asdf,wfi14,eval,1,97,0.007688354,1
gwcs,../roman/.data/build21/r0000101001001001001_0001_wfi14_f158_cal.asdf,wfi14,eval,1,98,0.005056671,1
gwcs,../roman/.data/build21/r0000101001001001001_0001_wfi14_f158_cal.asdf,wfi14,eval,1,99,0.005399269,1
gwcs,../roman/.data/build21/r0000101001001001001_0001_wfi14_f158_cal.asdf,wfi14,eval,10,0,0.006419691,1
gwcs,../roman/.data/build21/r0000101001001001001_0001_wfi14_f158_cal.asdf,wfi14,eval,10,1,0.005742520,1
gwcs,../roman/.data/build21/r0000101001001001001_0001_wfi14_f158_cal.asdf,wfi14,eval,10,2,0.005228556,1
gwcs,../roman/.data/build21/r0000101001001001001_0001_wfi14_f158_cal.asdf,wfi14,eval,10,3,0.005495624,1
gwcs,../roman/.data/build21/r0000101001001001001_0001_wfi14_f158_cal.asdf,wfi14,eval,10,4,0.005339521,1
gwcs,../roman/.data/build21/r0000101001001001001_0001_wfi14_f158_cal.asdf,wfi14,eval,10,5,0.005225419,1
gwcs,../roman/.data/build21/r0000101001001001001_0001_wfi14_f158_cal.asdf,wfi14,eval,10,6,0.005344986,1
gwcs,../roman/.data/build21/r0000101001001001001_0001_wfi14_f158_cal.asdf,wfi14,eval,10,7,0.005505863,1
gwcs,../roman/.data/build21/r0000101001001001001_0001_wfi14_f158_cal.asdf,wfi14,eval,10,8,0.005346841,1
gwcs,../roman/.data/build21/r0000101001001001001_0001_wfi14_f158_cal.asdf,wfi14,eval,10,9,0.005371039,1
gwcs,../roman/.data/build21/r0000101001001001001_0001_wfi14_f158_cal.asdf,wfi14,eval,10,10,0.005395093,1
gwcs,../roman/.data/build21/r0000101001001001001_0001_wfi14_f158_cal.asdf,wfi14,eval,10,11,0.005443883,1
gwcs,../roman/.data/build21/r0000101001001001001_0001_wfi14_f158_cal.asdf,wfi14,eval,10,12,0.006856821,1
gwcs,../roman/.data/build21/r0000101001001001001_0001_wfi14_f158_cal.asdf,wfi14,eval,10,13,0.005443034,1
gwcs,../roman/.data/build21/r0000101001001001001_0001_wfi14_f158_cal.asdf,wfi14,eval,10,14,0.005944791,1
gwcs,../roman/.data/build21/r0000101001001001001_0001_wfi14_f158_cal.asdf,wfi14,eval,10,15,0.006906004,1
gwcs,../roman/.data/build21/r0000101001001001001_0001_wfi14_f158_cal.asdf,wfi14,eval,10,16,0.007867157,1
gwcs,../roman/.data/build21/r0000101001001001001_0001_wfi14_f158_cal.asdf,wfi14,eval,10,17,0.007867501,1
gwcs,../roman/.data/build21/r0000101001001001001_0001_wfi14_f158_cal.asdf,wfi14,eval,10,18,0.005512821,1
gwcs,../roman/.data/build21/r0000101001001001001_0001_wfi14_f158_cal.asdf,wfi14,eval,10,19,0.006450054,1
gwcs,../roman/.data/build21/r0000101001001001001_0001_wfi14_f158_cal.asdf,wfi14,eval,10,20,0.005170465,1
gwcs,../roman/.data/build21/r0000101001001001001_0001_wfi14_f158_cal.asdf,wfi14,eval,10,21,0.005356140,1
gwcs,../roman/.data/build21/r0000101001001001001_0001_wfi14_f158_cal.asdf,wfi14,eval,10,22,0.005371096,1
gwcs,../roman/.data/build21/r0000101001001001001_0001_wfi14_f158_cal.asdf,wfi14,eval,10,23,0.005270497,1
gwcs,../roman/.data/build21/r0000101001001001001_0001_wfi14_f158_cal.asdf,wfi14,eval,10,24,0.005868630,1
gwcs,../roman/.data/build21/r0000101001001001001_0001_wfi14_f158_cal.asdf,wfi14,eval,10,25,0.004954880,1
gwcs,../roman/.data/build21/r0000101001001001001_0001_wfi14_f158_cal.asdf,wfi14,eval,10,26,0.004905808,1
gwcs,../roman/.data/build21/r0000101001001001001_0001_wfi14_f158_cal.asdf,wfi14,eval,10,27,0.005375656,1
gwcs,../roman/.data/build21/r0000101001001001001_0001_wfi14_f158_cal.asdf,wfi14,eval,10,28,0.004968013,1
gwcs,../roman/.data/build21/r0000101001001001001_0001_wfi14_f158_cal.asdf,wfi14,eval,10,29,0.008593588,1
gwcs,../roman/.data/build21/r0000101001001001001_0001_wfi14_f158_cal.asdf,wfi14,eval,10,30,0.009706983,1
gwcs,../roman/.data/build21/r0000101001001001001_0001_wfi14_f158_cal.asdf,wfi14,eval,10,31,0.005334729,1
gwcs,../roman/.data/build21/r0000101001001001001_0001_wfi14_f158_cal.asdf,wfi14,eval,10,32,0.005237942,1
gwcs,../roman/.data/build21/r0000101001001001001_0001_wfi14_f158_cal.asdf,wfi14,eval,10,33,0.005086594,1
gwcs,../roman/.data/build21/r0000101001001001001_0001_wfi14_f158_cal.asdf,wfi14,eval,10,34,0.005028957,1
gwcs,../roman/.data/build21/r0000101001001001001_0001_wfi14_f158_cal.asdf,wfi14,eval,10,35,0.005404935,1
gwcs,../roman/.data/build21/r0000101001001001001_0001_wfi14_f158_cal.asdf,wfi14,eval,10,36,0.005018730,1
gwcs,../roman/.data/build21/r0000101001001001001_0001_wfi14_f158_cal.asdf,wfi14,eval,10,37,0.005046344,1
gwcs,../roman/.data/build21/r0000101001001001001_0001_wfi14_f158_cal.asdf,wfi14,eval,10,38,0.005061495,1
gwcs,../roman/.data/build21/r0000101001001001001_0001_wfi14_f158_cal.asdf,wfi14,eval,10,39,0.005270830,1
gwcs,../roman/.data/build21/r0000101001001001001_0001_wfi14_f158_cal.asdf,wfi14,eval,10,40,0.006287470,1
gwcs,../roman/.data/build21/r0000101001001001001_0001_wfi14_f158_cal.asdf,wfi14,eval,10,41,0.005792979,1
gwcs,../roman/.data/build21/r0000101001001001001_0001_wfi14_f158_cal.asdf,wfi14,eval,10,42,0.004938595,1
gwcs,../roman/.data/build21/r0000101001001001001_0001_wfi14_f158_cal.asdf,wfi14,eval,10,43,0.006714785,1
gwcs,../roman/.data/build21/r0000101001001001001_0001_wfi14_f158_cal.asdf,wfi14,eval,10,44,0.005640225,1
gwcs,../roman/.data/build21/r0000101001001001001_0001_wfi14_f158_cal.asdf,wfi14,eval,10,45,0.005295849,1
gwcs,../roman/.data/build21/r0000101001001001001_0001_wfi14_f158_cal.asdf,wfi14,eval,10,46,0.006826045,1
gwcs,../roman/.data/build21/r0000101001001001001_0001_wfi14_f158_cal.asdf,wfi14,eval,10,47,0.005799913,1
gwcs,../roman/.data/build21/r0000101001001001001_0001_wfi14_f158_cal.asdf,wfi14,eval,10,48,0.005076135,1
gwcs,../roman/.data/build21/r0000101001001001001_0001_wfi14_f158_cal.asdf,wfi14,eval,10,49,0.005004344,1
gwcs,../roman/.data/build21/r0000101001001001001_0001_wfi14_f158_cal.asdf,wfi14,eval,10,50,0.004872820,1
gwcs,../roman/.data/build21/r0000101001001001001_0001_wfi14_f158_cal.asdf,wfi14,eval,10,51,0.005217577,1
gwcs,../roman/.data/build21/r0000101001001001001_0001_wfi14_f158_cal.asdf,wfi14,eval,10,52,0.004879885,1
gwcs,../roman/.data/build21/r0000101001001001001_0001_wfi14_f158_cal.asdf,wfi14,eval,10,53,0.004910083,1
gwcs,../roman/.data/build21/r0000101001001001001_0001_wfi14_f158_cal.asdf,wfi14,eval,10,54,0.005303005,1
gwcs,../roman/.data/build21/r0000101001001001001_0001_wfi14_f158_cal.asdf,wfi14,eval,10,55,0.004832773,1
gwcs,../roman/.data/build21/r0000101001001001001_0001_wfi14_f158_cal.asdf,wfi14,eval,10,56,0.004838548,1
gwcs,../roman/.data/build21/r0000101001001001001_0001_wfi14_f158_cal.asdf,wfi14,eval,10,57,0.005206407,1
gwcs,../roman/.data/build21/r0000101001001001001_0001_wfi14_f158_cal.asdf,wfi14,eval,10,58,0.004907275,1
gwcs,../roman/.data/build21/r0000101001001001001_0001_wfi14_f158_cal.asdf,wfi14,eval,10,59,0.004869639,1
gwcs,../roman/.data/build21/r0000101001001001001_0001_wfi14_f158_cal.asdf,wfi14,eval,10,60,0.005258742,1
gwcs,../roman/.data/build21/r0000101001001001001_0001_wfi14_f158_cal.asdf,wfi14,eval,10,61,0.004883610,1
gwcs,../roman/.data/build21/r0000101001001001001_0001_wfi14_f158_cal.asdf,wfi14,eval,10,62,0.004784659,1
gwcs,../roman/.data/build21/r0000101001001001001_0001_wfi14_f158_cal.asdf,wfi14,eval,10,63,0.004941191,1
gwcs,../roman/.data/build21/r0000101001001001001_0001_wfi14_f158_cal.asdf,wfi14,eval,10,64,0.009972708,1
gwcs,../roman/.data/build21/r0000101001001001001_0001_wfi14_f158_cal.asdf,wfi14,eval,10,65,0.004801864,1
gwcs,../roman/.data/build21/r0000101001001001001_0001_wfi14_f158_cal.asdf,wfi14,eval,10,66,0.004962256,1
gwcs,../roman/.data/build21/r0000101001001001001_0001_wfi14_f158_cal.asdf,wfi14,eval,10,67,0.004801678,1
gwcs,../roman/.data/build21/r0000101001001001001_0001_wfi14_f158_cal.asdf,wfi14,eval,10,68,0.004911064,1
gwcs,../roman/.data/build21/r0000101001001001001_0001_wfi14_f158_cal.asdf,wfi14,eval,10,69,0.004924358,1
gwcs,../roman/.data/build21/r0000101001001001001_0001_wfi14_f158_cal.asdf,wfi14,eval,10,70,0.004882844,1
gwcs,../roman/.data/build21/r0000101001001001001_0001_wfi14_f158_cal.asdf,wfi14,eval,10,71,0.004825875,1
gwcs,../roman/.data/build21/r0000101001001001001_0001_wfi14_f158_cal.asdf,wfi14,eval,10,72,0.004985114,1
gwcs,../roman/.data/build21/r0000101001001001001_0001_wfi14_f158_cal.asdf,wfi14,eval,10,73,0.004930063,1
gwcs,../roman/.data/build21/r0000101001001001001_0001_wfi14_f158_cal.asdf,wfi14,eval,10,74,0.004853575,1
gwcs,../roman/.data/build21/r0000101001001001001_0001_wfi14_f158_cal.asdf,wfi14,eval,10,75,0.004867049,1
gwcs,../roman/.data/build21/r0000101001001001001_0001_wfi14_f158_cal.asdf,wfi14,eval,10,76,0.004984738,1
gwcs,../roman/.data/build21/r0000101001001001001_0001_wfi14_f158_cal.asdf,wfi14,eval,10,77,0.004859986,1
gwcs,../roman/.data/build21/r0000101001001001001_0001_wfi14_f158_cal.asdf,wfi14,eval,10,78,0.004866697,1
gwcs,../roman/.data/build21/r0000101001001001001_0001_wfi14_f158_cal.asdf,wfi14,eval,10,79,0.004954799,1
gwcs,../roman/.data/build21/r0000101001001001001_0001_wfi14_f158_cal.asdf,wfi14,eval,10,80,0.005039691,1
gwcs,../roman/.data/build21/r0000101001001001001_0001_wfi14_f158_cal.asdf,wfi14,eval,10,81,0.005189527,1
gwcs,../roman/.data/build21/r0000101001001001001_0001_wfi14_f158_cal.asdf,wfi14,eval,10,82,0.005363664,1
gwcs,../roman/.data/build21/r0000101001001001001_0001_wfi14_f158_cal.asdf,wfi14,eval,10,83,0.005444824,1
gwcs,../roman/.data/build21/r0000101001001001001_0001_wfi14_f158_cal.asdf,wfi14,eval,10,84,0.005747763,1
gwcs,../roman/.data/build21/r0000101001001001001_0001_wfi14_f158_cal.asdf,wfi14,eval,10,85,0.005662160,1
gwcs,../roman/.data/build21/r0000101001001001001_0001_wfi14_f158_cal.asdf,wfi14,eval,10,86,0.006449490,1
gwcs,../roman/.data/build21/r0000101001001001001_0001_wfi14_f158_cal.asdf,wfi14,eval,10,87,0.005118485,1
gwcs,../roman/.data/build21/r0000101001001001001_0001_wfi14_f158_cal.asdf,wfi14,eval,10,88,0.005883418,1
gwcs,../roman/.data/build21/r0000101001001001001_0001_wfi14_f158_cal.asdf,wfi14,eval,10,89,0.006346734,1
gwcs,../roman/.data/build21/r0000101001001001001_0001_wfi14_f158_cal.asdf,wfi14,eval,10,90,0.005554368,1
gwcs,../roman/.data/build21/r0000101001001001001_0001_wfi14_f158_cal.asdf,wfi14,eval,10,91,0.005767777,1
gwcs,../roman/.data/build21/r0000101001001001001_0001_wfi14_f158_cal.asdf,wfi14,eval,10,92,0.006242505,1
gwcs,../roman/.data/build21/r0000101001001001001_0001_wfi14_f158_cal.asdf,wfi14,eval,10,93,0.004907471,1
gwcs,../roman/.data/build21/r0000101001001001001_0001_wfi14_f158_cal.asdf,wfi14,eval,10,94,0.005313180,1
gwcs,../roman/.data/build21/r0000101001001001001_0001_wfi14_f158_cal.asdf,wfi14,eval,10,95,0.008258555,1
gwcs,../roman/.data/build21/r0000101001001001001_0001_wfi14_f158_cal.asdf,wfi14,eval,10,96,0.006066862,1
gwcs,../roman/.data/build21/r0000101001001001001_0001_wfi14_f158_cal.asdf,wfi14,eval,10,97,0.005725410,1
gwcs,../roman/.data/build21/r0000101001001001001_0001_wfi14_f158_cal.asdf,wfi14,eval,10,98,0.004933005,1
gwcs,../roman/.data/build21/r0000101001001001001_0001_wfi14_f158_cal.asdf,wfi14,eval,10,99,0.005289341,1
gwcs,../roman/.data/build21/r0000101001001001001_0001_wfi14_f158_cal.asdf,wfi14,eval,100,0,0.006604352,1
gwcs,../roman/.data/build21/r0000101001001001001_0001_wfi14_f158_cal.asdf,wfi14,eval,100,1,0.004951749,1
gwcs,../roman/.data/build21/r0000101001001001001_0001_wfi14_f158_cal.asdf,wfi14,eval,100,2,0.005199772,1
gwcs,../roman/.data/build21/r0000101001001001001_0001_wfi14_f158_cal.asdf,wfi14,eval,100,3,0.005436133,1
gwcs,../roman/.data/build21/r0000101001001001001_0001_wfi14_f158_cal.asdf,wfi14,eval,100,4,0.004943755,1
gwcs,../roman/.data/build21/r0000101001001001001_0001_wfi14_f158_cal.asdf,wfi14,eval,100,5,0.005089288,1
gwcs,../roman/.data/build21/r0000101001001001001_0001_wfi14_f158_cal.asdf,wfi14,eval,100,6,0.005427198,1
gwcs,../roman/.data/build21/r0000101001001001001_0001_wfi14_f158_cal.asdf,wfi14,eval,100,7,0.005408158,1
gwcs,../roman/.data/build21/r0000101001001001001_0001_wfi14_f158_cal.asdf,wfi14,eval,100,8,0.005102832,1
gwcs,../roman/.data/build21/r0000101001001001001_0001_wfi14_f158_cal.asdf,wfi14,eval,100,9,0.006369247,1
gwcs,../roman/.data/build21/r0000101001001001001_0001_wfi14_f158_cal.asdf,wfi14,eval,100,10,0.004959709,1
gwcs,../roman/.data/build21/r0000101001001001001_0001_wfi14_f158_cal.asdf,wfi14,eval,100,11,0.004849941,1
gwcs,../roman/.data/build21/r0000101001001001001_0001_wfi14_f158_cal.asdf,wfi14,eval,100,12,0.004910759,1
gwcs,../roman/.data/build21/r0000101001001001001_0001_wfi14_f158_cal.asdf,wfi14,eval,100,13,0.005850841,1
gwcs,../roman/.data/build21/r0000101001001001001_0001_wfi14_f158_cal.asdf,wfi14,eval,100,14,0.005809414,1
gwcs,../roman/.data/build21/r0000101001001001001_0001_wfi14_f158_cal.asdf,wfi14,eval,100,15,0.006437960,1
gwcs,../roman/.data/build21/r0000101001001001001_0001_wfi14_f158_cal.asdf,wfi14,eval,100,16,0.005159592,1
gwcs,../roman/.data/build21/r0000101001001001001_0001_wfi14_f158_cal.asdf,wfi14,eval,100,17,0.004869319,1
gwcs,../roman/.data/build21/r0000101001001001001_0001_wfi14_f158_cal.asdf,wfi14,eval,100,18,0.006044769,1
gwcs,../roman/.data/build21/r0000101001001001001_0001_wfi14_f158_cal.asdf,wfi14,eval,100,19,0.005287223,1
gwcs,../roman/.data/build21/r0000101001001001001_0001_wfi14_f158_cal.asdf,wfi14,eval,100,20,0.004899121,1
gwcs,../roman/.data/build21/r0000101001001001001_0001_wfi14_f158_cal.asdf,wfi14,eval,100,21,0.005346290,1
gwcs,../roman/.data/build21/r0000101001001001001_0001_wfi14_f158_cal.asdf,wfi14,eval,100,22,0.005357932,1
gwcs,../roman/.data/build21/r0000101001001001001_0001_wfi14_f158_cal.asdf,wfi14,eval,100,23,0.004860697,1
gwcs,../roman/.data/build21/r0000101001001001001_0001_wfi14_f158_cal.asdf,wfi14,eval,100,24,0.005117232,1
gwcs,../roman/.data/build21/r0000101001001001001_0001_wfi14_f158_cal.asdf,wfi14,eval,100,25,0.005675338,1
gwcs,../roman/.data/build21/r0000101001001001001_0001_wfi14_f158_cal.asdf,wfi14,eval,100,26,0.005167586,1
gwcs,../roman/.data/build21/r0000101001001001001_0001_wfi14_f158_cal.asdf,wfi14,eval,100,27,0.004945201,1
gwcs,../roman/.data/build21/r0000101001001001001_0001_wfi14_f158_cal.asdf,wfi14,eval,100,28,0.005497084,1
gwcs,../roman/.data/build21/r0000101001001001001_0001_wfi14_f158_cal.asdf,wfi14,eval,100,29,0.005156764,1
gwcs,../roman/.data/build21/r0000101001001001001_0001_wfi14_f158_cal.asdf,wfi14,eval,100,30,0.005072292,1
gwcs,../roman/.data/build21/r0000101001001001001_0001_wfi14_f158_cal.asdf,wfi14,eval,100,31,0.005411725,1
gwcs,../roman/.data/build21/r0000101001001001001_0001_wfi14_f158_cal.asdf,wfi14,eval,100,32,0.005166974,1
gwcs,../roman/.data/build21/r0000101001001001001_0001_wfi14_f158_cal.asdf,wfi14,eval,100,33,0.005061628,1
gwcs,../roman/.data/build21/r0000101001001001001_0001_wfi14_f158_cal.asdf,wfi14,eval,100,34,0.005416651,1
gwcs,../roman/.data/build21/r0000101001001001001_0001_wfi14_f158_cal.asdf,wfi14,eval,100,35,0.005473415,1
gwcs,../roman/.data/build21/r0000101001001001001_0001_wfi14_f158_cal.asdf,wfi14,eval,100,36,0.005024251,1
gwcs,../roman/.data/build21/r0000101001001001001_0001_wfi14_f158_cal.asdf,wfi14,eval,100,37,0.005288603,1
gwcs,../roman/.data/build21/r0000101001001001001_0001_wfi14_f158_cal.asdf,wfi14,eval,100,38,0.005898854,1
gwcs,../roman/.data/build21/r0000101001001001001_0001_wfi14_f158_cal.asdf,wfi14,eval,100,39,0.005116574,1
gwcs,../roman/.data/build21/r0000101001001001001_0001_wfi14_f158_cal.asdf,wfi14,eval,100,40,0.005617005,1
gwcs,../roman/.data/build21/r0000101001001001001_0001_wfi14_f158_cal.asdf,wfi14,eval,100,41,0.007815975,1
gwcs,../roman/.data/build21/r0000101001001001001_0001_wfi14_f158_cal.asdf,wfi14,eval,100,42,0.005862025,1
gwcs,../roman/.data/build21/r0000101001001001001_0001_wfi14_f158_cal.asdf,wfi14,eval,100,43,0.005647046,1
gwcs,../roman/.data/build21/r0000101001001001001_0001_wfi14_f158_cal.asdf,wfi14,eval,100,44,0.005015163,1
gwcs,../roman/.data/build21/r0000101001001001001_0001_wfi14_f158_cal.asdf,wfi14,eval,100,45,0.004913978,1
gwcs,../roman/.data/build21/r0000101001001001001_0001_wfi14_f158_cal.asdf,wfi14,eval,100,46,0.005760260,1
gwcs,../roman/.data/build21/r0000101001001001001_0001_wfi14_f158_cal.asdf,wfi14,eval,100,47,0.005155195,1
gwcs,../roman/.data/build21/r0000101001001001001_0001_wfi14_f158_cal.asdf,wfi14,eval,100,48,0.004844788,1
gwcs,../roman/.data/build21/r0000101001001001001_0001_wfi14_f158_cal.asdf,wfi14,eval,100,49,0.005080341,1
gwcs,../roman/.data/build21/r0000101001001001001_0001_wfi14_f158_cal.asdf,wfi14,eval,1000,0,0.006233398,1
gwcs,../roman/.data/build21/r0000101001001001001_0001_wfi14_f158_cal.asdf,wfi14,eval,1000,1,0.005822724,1
gwcs,../roman/.data/build21/r0000101001001001001_0001_wfi14_f158_cal.asdf,wfi14,eval,1000,2,0.005463103,1
gwcs,../roman/.data/build21/r0000101001001001001_0001_wfi14_f158_cal.asdf,wfi14,eval,1000,3,0.005394039,1
gwcs,../roman/.data/build21/r0000101001001001001_0001_wfi14_f158_cal.asdf,wfi14,eval,1000,4,0.005259003,1
gwcs,../roman/.data/build21/r0000101001001001001_0001_wfi14_f158_cal.asdf,wfi14,eval,1000,5,0.005772231,1
gwcs,../roman/.data/build21/r0000101001001001001_0001_wfi14_f158_cal.asdf,wfi14,eval,1000,6,0.005399044,1
gwcs,../roman/.data/build21/r0000101001001001001_0001_wfi14_f158_cal.asdf,wfi14,eval,1000,7,0.005260143,1
gwcs,../roman/.data/build21/r0000101001001001001_0001_wfi14_f158_cal.asdf,wfi14,eval,1000,8,0.005369004,1
gwcs,../roman/.data/build21/r0000101001001001001_0001_wfi14_f158_cal.asdf,wfi14,eval,1000,9,0.005386653,1
gwcs,../roman/.data/build21/r0000101001001001001_0001_wfi14_f158_cal.asdf,wfi14,eval,1000,10,0.005377972,1
gwcs,../roman/.data/build21/r0000101001001001001_0001_wfi14_f158_cal.asdf,wfi14,eval,1000,11,0.005276834,1
gwcs,../roman/.data/build21/r0000101001001001001_0001_wfi14_f158_cal.asdf,wfi14,eval,1000,12,0.005337099,1
gwcs,../roman/.data/build21/r0000101001001001001_0001_wfi14_f158_cal.asdf,wfi14,eval,1000,13,0.005220719,1
gwcs,../roman/.data/build21/r0000101001001001001_0001_wfi14_f158_cal.asdf,wfi14,eval,1000,14,0.005495939,1
gwcs,../roman/.data/build21/r0000101001001001001_0001_wfi14_f158_cal.asdf,wfi14,eval,1000,15,0.006167394,1
gwcs,../roman/.data/build21/r0000101001001001001_0001_wfi14_f158_cal.asdf,wfi14,eval,1000,16,0.006018568,1
gwcs,../roman/.data/build21/r0000101001001001001_0001_wfi14_f158_cal.asdf,wfi14,eval,1000,17,0.005535380,1
gwcs,../roman/.data/build21/r0000101001001001001_0001_wfi14_f158_cal.asdf,wfi14,eval,1000,18,0.005823062,1
gwcs,../roman/.data/build21/r0000101001001001001_0001_wfi14_f158_cal.asdf,wfi14,eval,1000,19,0.005656818,1
gwcs,../roman/.data/build21/r0000101001001001001_0001_wfi14_f158_cal.asdf,wfi14,eval,10000,0,0.009491705,1
gwcs,../roman/.data/build21/r0000101001001001001_0001_wfi14_f158_cal.asdf,wfi14,eval,10000,1,0.009696250,1
gwcs,../roman/.data/build21/r0000101001001001001_0001_wfi14_f158_cal.asdf,wfi14,eval,10000,2,0.009254034,1
gwcs,../roman/.data/build21/r0000101001001001001_0001_wfi14_f158_cal.asdf,wfi14,eval,10000,3,0.009615587,1
gwcs,../roman/.data/build21/r0000101001001001001_0001_wfi14_f158_cal.asdf,wfi14,eval,10000,4,0.010062024,1
gwcs,../roman/.data/build21/r0000101001001001001_0001_wfi14_f158_cal.asdf,wfi14,eval,10000,5,0.009063183,1
gwcs,../roman/.data/build21/r0000101001001001001_0001_wfi14_f158_cal.asdf,wfi14,eval,10000,6,0.008198854,1
gwcs,../roman/.data/build21/r0000101001001001001_0001_wfi14_f158_cal.asdf,wfi14,eval,10000,7,0.008545270,1
gwcs,../roman/.data/build21/r0000101001001001001_0001_wfi14_f158_cal.asdf,wfi14,eval,10000,8,0.008832885,1
gwcs,../roman/.data/build21/r0000101001001001001_0001_wfi14_f158_cal.asdf,wfi14,eval,10000,9,0.008669687,1
gwcs,../roman/.data/build21/r0000101001001001001_0001_wfi14_f158_cal.asdf,wfi14,eval,100000,0,0.040989137,1
gwcs,../roman/.data/build21/r0000101001001001001_0001_wfi14_f158_cal.asdf,wfi14,eval,100000,1,0.036094558,1
gwcs,../roman/.data/build21/r0000101001001001001_0001_wfi14_f158_cal.asdf,wfi14,eval,100000,2,0.036606160,1
gwcs,../roman/.data/build21/r0000101001001001001_0001_wfi14_f158_cal.asdf,wfi14,eval,100000,3,0.038325488,1
gwcs,../roman/.data/build21/r0000101001001001001_0001_wfi14_f158_cal.asdf,wfi14,eval,100000,4,0.038879156,1
gwcs,../roman/.data/build21/r0000101001001001001_0001_wfi14_f158_cal.asdf,wfi14,eval,1000000,0,0.389085663,1
gwcs,../roman/.data/build21/r0000101001001001001_0001_wfi14_f158_cal.asdf,wfi14,eval,1000000,1,0.371614445,1
gwcs,../roman/.data/build21/r0000101001001001001_0001_wfi14_f158_cal.asdf,wfi14,eval,1000000,2,0.388754068,1
gwcs,../roman/.data/build21/r0000101001001001001_0001_wfi14_f158_cal.asdf,wfi14,eval,10000000,0,12.427131497,1
gwcs,../roman/.data/build21/r0000101001001001001_0001_wfi14_f158_cal.asdf,wfi14,eval,10000000,1,12.184638195,1
gwcs,../roman/.data/build21/r0000101001001001001_0001_wfi14_f158_cal.asdf,wfi14,eval,16711744,0,22.550486669,1
gwcs,../roman/.data/build21/r0000101001001001001_0001_wfi14_f158_cal.asdf,wfi14,eval,16711744,1,22.827333728,1
gwcs,../roman/.data/build21/r0000101001001001001_0001_wfi15_f158_cal.asdf,wfi15,parse_cold,0,0,0.905239436,1
gwcs,../roman/.data/build21/r0000101001001001001_0001_wfi15_f158_cal.asdf,wfi15,parse_hot,0,0,0.570685478,1
gwcs,../roman/.data/build21/r0000101001001001001_0001_wfi15_f158_cal.asdf,wfi15,eval,1,0,0.003648323,1
gwcs,../roman/.data/build21/r0000101001001001001_0001_wfi15_f158_cal.asdf,wfi15,eval,1,1,0.003854035,1
gwcs,../roman/.data/build21/r0000101001001001001_0001_wfi15_f158_cal.asdf,wfi15,eval,1,2,0.003274634,1
gwcs,../roman/.data/build21/r0000101001001001001_0001_wfi15_f158_cal.asdf,wfi15,eval,1,3,0.003237804,1
gwcs,../roman/.data/build21/r0000101001001001001_0001_wfi15_f158_cal.asdf,wfi15,eval,1,4,0.003410176,1
gwcs,../roman/.data/build21/r0000101001001001001_0001_wfi15_f158_cal.asdf,wfi15,eval,1,5,0.003555405,1
gwcs,../roman/.data/build21/r0000101001001001001_0001_wfi15_f158_cal.asdf,wfi15,eval,1,6,0.003492933,1
gwcs,../roman/.data/build21/r0000101001001001001_0001_wfi15_f158_cal.asdf,wfi15,eval,1,7,0.003268889,1
gwcs,../roman/.data/build21/r0000101001001001001_0001_wfi15_f158_cal.asdf,wfi15,eval,1,8,0.003232954,1
gwcs,../roman/.data/build21/r0000101001001001001_0001_wfi15_f158_cal.asdf,wfi15,eval,1,9,0.003316121,1
gwcs,../roman/.data/build21/r0000101001001001001_0001_wfi15_f158_cal.asdf,wfi15,eval,1,10,0.003283713,1
gwcs,../roman/.data/build21/r0000101001001001001_0001_wfi15_f158_cal.asdf,wfi15,eval,1,11,0.003256952,1
gwcs,../roman/.data/build21/r0000101001001001001_0001_wfi15_f158_cal.asdf,wfi15,eval,1,12,0.003200769,1
gwcs,../roman/.data/build21/r0000101001001001001_0001_wfi15_f158_cal.asdf,wfi15,eval,1,13,0.003169641,1
gwcs,../roman/.data/build21/r0000101001001001001_0001_wfi15_f158_cal.asdf,wfi15,eval,1,14,0.003215992,1
gwcs,../roman/.data/build21/r0000101001001001001_0001_wfi15_f158_cal.asdf,wfi15,eval,1,15,0.003249578,1
gwcs,../roman/.data/build21/r0000101001001001001_0001_wfi15_f158_cal.asdf,wfi15,eval,1,16,0.003248500,1
gwcs,../roman/.data/build21/r0000101001001001001_0001_wfi15_f158_cal.asdf,wfi15,eval,1,17,0.003160871,1
gwcs,../roman/.data/build21/r0000101001001001001_0001_wfi15_f158_cal.asdf,wfi15,eval,1,18,0.003148985,1
gwcs,../roman/.data/build21/r0000101001001001001_0001_wfi15_f158_cal.asdf,wfi15,eval,1,19,0.003181706,1
gwcs,../roman/.data/build21/r0000101001001001001_0001_wfi15_f158_cal.asdf,wfi15,eval,1,20,0.004495182,1
gwcs,../roman/.data/build21/r0000101001001001001_0001_wfi15_f158_cal.asdf,wfi15,eval,1,21,0.003269998,1
gwcs,../roman/.data/build21/r0000101001001001001_0001_wfi15_f158_cal.asdf,wfi15,eval,1,22,0.003167486,1
gwcs,../roman/.data/build21/r0000101001001001001_0001_wfi15_f158_cal.asdf,wfi15,eval,1,23,0.003150051,1
gwcs,../roman/.data/build21/r0000101001001001001_0001_wfi15_f158_cal.asdf,wfi15,eval,1,24,0.003174111,1
gwcs,../roman/.data/build21/r0000101001001001001_0001_wfi15_f158_cal.asdf,wfi15,eval,1,25,0.003200373,1
gwcs,../roman/.data/build21/r0000101001001001001_0001_wfi15_f158_cal.asdf,wfi15,eval,1,26,0.003234361,1
gwcs,../roman/.data/build21/r0000101001001001001_0001_wfi15_f158_cal.asdf,wfi15,eval,1,27,0.003196183,1
gwcs,../roman/.data/build21/r0000101001001001001_0001_wfi15_f158_cal.asdf,wfi15,eval,1,28,0.003168011,1
gwcs,../roman/.data/build21/r0000101001001001001_0001_wfi15_f158_cal.asdf,wfi15,eval,1,29,0.003167579,1
gwcs,../roman/.data/build21/r0000101001001001001_0001_wfi15_f158_cal.asdf,wfi15,eval,1,30,0.003235448,1
gwcs,../roman/.data/build21/r0000101001001001001_0001_wfi15_f158_cal.asdf,wfi15,eval,1,31,0.003284844,1
gwcs,../roman/.data/build21/r0000101001001001001_0001_wfi15_f158_cal.asdf,wfi15,eval,1,32,0.003186461,1
gwcs,../roman/.data/build21/r0000101001001001001_0001_wfi15_f158_cal.asdf,wfi15,eval,1,33,0.003170107,1
gwcs,../roman/.data/build21/r0000101001001001001_0001_wfi15_f158_cal.asdf,wfi15,eval,1,34,0.003172758,1
gwcs,../roman/.data/build21/r0000101001001001001_0001_wfi15_f158_cal.asdf,wfi15,eval,1,35,0.003225540,1
gwcs,../roman/.data/build21/r0000101001001001001_0001_wfi15_f158_cal.asdf,wfi15,eval,1,36,0.003201745,1
gwcs,../roman/.data/build21/r0000101001001001001_0001_wfi15_f158_cal.asdf,wfi15,eval,1,37,0.003170821,1
gwcs,../roman/.data/build21/r0000101001001001001_0001_wfi15_f158_cal.asdf,wfi15,eval,1,38,0.003139786,1
gwcs,../roman/.data/build21/r0000101001001001001_0001_wfi15_f158_cal.asdf,wfi15,eval,1,39,0.003161896,1
gwcs,../roman/.data/build21/r0000101001001001001_0001_wfi15_f158_cal.asdf,wfi15,eval,1,40,0.003246189,1
gwcs,../roman/.data/build21/r0000101001001001001_0001_wfi15_f158_cal.asdf,wfi15,eval,1,41,0.003211583,1
gwcs,../roman/.data/build21/r0000101001001001001_0001_wfi15_f158_cal.asdf,wfi15,eval,1,42,0.003238893,1
gwcs,../roman/.data/build21/r0000101001001001001_0001_wfi15_f158_cal.asdf,wfi15,eval,1,43,0.003170747,1
gwcs,../roman/.data/build21/r0000101001001001001_0001_wfi15_f158_cal.asdf,wfi15,eval,1,44,0.003202376,1
gwcs,../roman/.data/build21/r0000101001001001001_0001_wfi15_f158_cal.asdf,wfi15,eval,1,45,0.003249916,1
gwcs,../roman/.data/build21/r0000101001001001001_0001_wfi15_f158_cal.asdf,wfi15,eval,1,46,0.003246468,1
gwcs,../roman/.data/build21/r0000101001001001001_0001_wfi15_f158_cal.asdf,wfi15,eval,1,47,0.003187153,1
gwcs,../roman/.data/build21/r0000101001001001001_0001_wfi15_f158_cal.asdf,wfi15,eval,1,48,0.003163615,1
gwcs,../roman/.data/build21/r0000101001001001001_0001_wfi15_f158_cal.asdf,wfi15,eval,1,49,0.003168763,1
gwcs,../roman/.data/build21/r0000101001001001001_0001_wfi15_f158_cal.asdf,wfi15,eval,1,50,0.004132252,1
gwcs,../roman/.data/build21/r0000101001001001001_0001_wfi15_f158_cal.asdf,wfi15,eval,1,51,0.003851958,1
gwcs,../roman/.data/build21/r0000101001001001001_0001_wfi15_f158_cal.asdf,wfi15,eval,1,52,0.003345007,1
gwcs,../roman/.data/build21/r0000101001001001001_0001_wfi15_f158_cal.asdf,wfi15,eval,1,53,0.003336964,1
gwcs,../roman/.data/build21/r0000101001001001001_0001_wfi15_f158_cal.asdf,wfi15,eval,1,54,0.003384435,1
gwcs,../roman/.data/build21/r0000101001001001001_0001_wfi15_f158_cal.asdf,wfi15,eval,1,55,0.003546063,1
gwcs,../roman/.data/build21/r0000101001001001001_0001_wfi15_f158_cal.asdf,wfi15,eval,1,56,0.003888003,1
gwcs,../roman/.data/build21/r0000101001001001001_0001_wfi15_f158_cal.asdf,wfi15,eval,1,57,0.004149519,1
gwcs,../roman/.data/build21/r0000101001001001001_0001_wfi15_f158_cal.asdf,wfi15,eval,1,58,0.003281579,1
gwcs,../roman/.data/build21/r0000101001001001001_0001_wfi15_f158_cal.asdf,wfi15,eval,1,59,0.003737627,1
gwcs,../roman/.data/build21/r0000101001001001001_0001_wfi15_f158_cal.asdf,wfi15,eval,1,60,0.003411590,1
gwcs,../roman/.data/build21/r0000101001001001001_0001_wfi15_f158_cal.asdf,wfi15,eval,1,61,0.003313673,1
gwcs,../roman/.data/build21/r0000101001001001001_0001_wfi15_f158_cal.asdf,wfi15,eval,1,62,0.003323810,1
gwcs,../roman/.data/build21/r0000101001001001001_0001_wfi15_f158_cal.asdf,wfi15,eval,1,63,0.003372890,1
gwcs,../roman/.data/build21/r0000101001001001001_0001_wfi15_f158_cal.asdf,wfi15,eval,1,64,0.003428824,1
gwcs,../roman/.data/build21/r0000101001001001001_0001_wfi15_f158_cal.asdf,wfi15,eval,1,65,0.003546212,1
gwcs,../roman/.data/build21/r0000101001001001001_0001_wfi15_f158_cal.asdf,wfi15,eval,1,66,0.003539503,1
gwcs,../roman/.data/build21/r0000101001001001001_0001_wfi15_f158_cal.asdf,wfi15,eval,1,67,0.003229181,1
gwcs,../roman/.data/build21/r0000101001001001001_0001_wfi15_f158_cal.asdf,wfi15,eval,1,68,0.003458731,1
gwcs,../roman/.data/build21/r0000101001001001001_0001_wfi15_f158_cal.asdf,wfi15,eval,1,69,0.003340702,1
gwcs,../roman/.data/build21/r0000101001001001001_0001_wfi15_f158_cal.asdf,wfi15,eval,1,70,0.003318386,1
gwcs,../roman/.data/build21/r0000101001001001001_0001_wfi15_f158_cal.asdf,wfi15,eval,1,71,0.003460824,1
gwcs,../roman/.data/build21/r0000101001001001001_0001_wfi15_f158_cal.asdf,wfi15,eval,1,72,0.003268687,1
gwcs,../roman/.data/build21/r0000101001001001001_0001_wfi15_f158_cal.asdf,wfi15,eval,1,73,0.003554121,1
gwcs,../roman/.data/build21/r0000101001001001001_0001_wfi15_f158_cal.asdf,wfi15,eval,1,74,0.003596783,1
gwcs,../roman/.data/build21/r0000101001001001001_0001_wfi15_f158_cal.asdf,wfi15,eval,1,75,0.003465279,1
gwcs,../roman/.data/build21/r0000101001001001001_0001_wfi15_f158_cal.asdf,wfi15,eval,1,76,0.003305186,1
gwcs,../roman/.data/build21/r0000101001001001001_0001_wfi15_f158_cal.asdf,wfi15,eval,1,77,0.003367838,1
gwcs,../roman/.data/build21/r0000101001001001001_0001_wfi15_f158_cal.asdf,wfi15,eval,1,78,0.003232832,1
gwcs,../roman/.data/build21/r0000101001001001001_0001_wfi15_f158_cal.asdf,wfi15,eval,1,79,0.003590873,1
gwcs,../roman/.data/build21/r0000101001001001001_0001_wfi15_f158_cal.asdf,wfi15,eval,1,80,0.004202377,1
gwcs,../roman/.data/build21/r0000101001001001001_0001_wfi15_f158_cal.asdf,wfi15,eval,1,81,0.003256791,1
gwcs,../roman/.data/build21/r0000101001001001001_0001_wfi15_f158_cal.asdf,wfi15,eval,1,82,0.003615386,1
gwcs,../roman/.data/build21/r0000101001001001001_0001_wfi15_f158_cal.asdf,wfi15,eval,1,83,0.003402299,1
gwcs,../roman/.data/build21/r0000101001001001001_0001_wfi15_f158_cal.asdf,wfi15,eval,1,84,0.003483975,1
gwcs,../roman/.data/build21/r0000101001001001001_0001_wfi15_f158_cal.asdf,wfi15,eval,1,85,0.003432595,1
gwcs,../roman/.data/build21/r0000101001001001001_0001_wfi15_f158_cal.asdf,wfi15,eval,1,86,0.003441867,1
gwcs,../roman/.data/build21/r0000101001001001001_0001_wfi15_f158_cal.asdf,wfi15,eval,1,87,0.003393753,1
gwcs,../roman/.data/build21/r0000101001001001001_0001_wfi15_f158_cal.asdf,wfi15,eval,1,88,0.003443015,1
gwcs,../roman/.data/build21/r0000101001001001001_0001_wfi15_f158_cal.asdf,wfi15,eval,1,89,0.003388214,1
gwcs,../roman/.data/build21/r0000101001001001001_0001_wfi15_f158_cal.asdf,wfi15,eval,1,90,0.003431693,1
gwcs,../roman/.data/build21/r0000101001001001001_0001_wfi15_f158_cal.asdf,wfi15,eval,1,91,0.003459993,1
gwcs,../roman/.data/build21/r0000101001001001001_0001_wfi15_f158_cal.asdf,wfi15,eval,1,92,0.003235900,1
gwcs,../roman/.data/build21/r0000101001001001001_0001_wfi15_f158_cal.asdf,wfi15,eval,1,93,0.003647415,1
gwcs,../roman/.data/build21/r0000101001001001001_0001_wfi15_f158_cal.asdf,wfi15,eval,1,94,0.003713817,1
gwcs,../roman/.data/build21/r0000101001001001001_0001_wfi15_f158_cal.asdf,wfi15,eval,1,95,0.003630473,1
gwcs,../roman/.data/build21/r0000101001001001001_0001_wfi15_f158_cal.asdf,wfi15,eval,1,96,0.003414464,1
gwcs,../roman/.data/build21/r0000101001001001001_0001_wfi15_f158_cal.asdf,wfi15,eval,1,97,0.003245321,1
gwcs,../roman/.data/build21/r0000101001001001001_0001_wfi15_f158_cal.asdf,wfi15,eval,1,98,0.003600402,1
gwcs,../roman/.data/build21/r0000101001001001001_0001_wfi15_f158_cal.asdf,wfi15,eval,1,99,0.003427583,1
gwcs,../roman/.data/build21/r0000101001001001001_0001_wfi15_f158_cal.asdf,wfi15,eval,10,0,0.003924200,1
gwcs,../roman/.data/build21/r0000101001001001001_0001_wfi15_f158_cal.asdf,wfi15,eval,10,1,0.003540643,1
gwcs,../roman/.data/build21/r0000101001001001001_0001_wfi15_f158_cal.asdf,wfi15,eval,10,2,0.003577467,1
gwcs,../roman/.data/build21/r0000101001001001001_0001_wfi15_f158_cal.asdf,wfi15,eval,10,3,0.003386646,1
gwcs,../roman/.data/build21/r0000101001001001001_0001_wfi15_f158_cal.asdf,wfi15,eval,10,4,0.003258791,1
gwcs,../roman/.data/build21/r0000101001001001001_0001_wfi15_f158_cal.asdf,wfi15,eval,10,5,0.003268320,1
gwcs,../roman/.data/build21/r0000101001001001001_0001_wfi15_f158_cal.asdf,wfi15,eval,10,6,0.003247263,1
gwcs,../roman/.data/build21/r0000101001001001001_0001_wfi15_f158_cal.asdf,wfi15,eval,10,7,0.003504164,1
gwcs,../roman/.data/build21/r0000101001001001001_0001_wfi15_f158_cal.asdf,wfi15,eval,10,8,0.003300520,1
gwcs,../roman/.data/build21/r0000101001001001001_0001_wfi15_f158_cal.asdf,wfi15,eval,10,9,0.003256259,1
gwcs,../roman/.data/build21/r0000101001001001001_0001_wfi15_f158_cal.asdf,wfi15,eval,10,10,0.003235945,1
gwcs,../roman/.data/build21/r0000101001001001001_0001_wfi15_f158_cal.asdf,wfi15,eval,10,11,0.003233193,1
gwcs,../roman/.data/build21/r0000101001001001001_0001_wfi15_f158_cal.asdf,wfi15,eval,10,12,0.003401713,1
gwcs,../roman/.data/build21/r0000101001001001001_0001_wfi15_f158_cal.asdf,wfi15,eval,10,13,0.003325029,1
gwcs,../roman/.data/build21/r0000101001001001001_0001_wfi15_f158_cal.asdf,wfi15,eval,10,14,0.003244597,1
gwcs,../roman/.data/build21/r0000101001001001001_0001_wfi15_f158_cal.asdf,wfi15,eval,10,15,0.003297105,1
gwcs,../roman/.data/build21/r0000101001001001001_0001_wfi15_f158_cal.asdf,wfi15,eval,10,16,0.003288658,1
gwcs,../roman/.data/build21/r0000101001001001001_0001_wfi15_f158_cal.asdf,wfi15,eval,10,17,0.003239928,1
gwcs,../roman/.data/build21/r0000101001001001001_0001_wfi15_f158_cal.asdf,wfi15,eval,10,18,0.003533323,1
gwcs,../roman/.data/build21/r0000101001001001001_0001_wfi15_f158_cal.asdf,wfi15,eval,10,19,0.003268468,1
gwcs,../roman/.data/build21/r0000101001001001001_0001_wfi15_f158_cal.asdf,wfi15,eval,10,20,0.003264653,1
gwcs,../roman/.data/build21/r0000101001001001001_0001_wfi15_f158_cal.asdf,wfi15,eval,10,21,0.003257495,1
gwcs,../roman/.data/build21/r0000101001001001001_0001_wfi15_f158_cal.asdf,wfi15,eval,10,22,0.003315766,1
gwcs,../roman/.data/build21/r0000101001001001001_0001_wfi15_f158_cal.asdf,wfi15,eval,10,23,0.003471481,1
gwcs,../roman/.data/build21/r0000101001001001001_0001_wfi15_f158_cal.asdf,wfi15,eval,10,24,0.003302829,1
gwcs,../roman/.data/build21/r0000101001001001001_0001_wfi15_f158_cal.asdf,wfi15,eval,10,25,0.003309062,1
gwcs,../roman/.data/build21/r0000101001001001001_0001_wfi15_f158_cal.asdf,wfi15,eval,10,26,0.003239769,1
gwcs,../roman/.data/build21/r0000101001001001001_0001_wfi15_f158_cal.asdf,wfi15,eval,10,27,0.003258920,1
gwcs,../roman/.data/build21/r0000101001001001001_0001_wfi15_f158_cal.asdf,wfi15,eval,10,28,0.003503482,1
gwcs,../roman/.data/build21/r0000101001001001001_0001_wfi15_f158_cal.asdf,wfi15,eval,10,29,0.003304552,1
gwcs,../roman/.data/build21/r0000101001001001001_0001_wfi15_f158_cal.asdf,wfi15,eval,10,30,0.003293424,1
gwcs,../roman/.data/build21/r0000101001001001001_0001_wfi15_f158_cal.asdf,wfi15,eval,10,31,0.003265119,1
gwcs,../roman/.data/build21/r0000101001001001001_0001_wfi15_f158_cal.asdf,wfi15,eval,10,32,0.003241167,1
gwcs,../roman/.data/build21/r0000101001001001001_0001_wfi15_f158_cal.asdf,wfi15,eval,10,33,0.003454997,1
gwcs,../roman/.data/build21/r0000101001001001001_0001_wfi15_f158_cal.asdf,wfi15,eval,10,34,0.003330041,1
gwcs,../roman/.data/build21/r0000101001001001001_0001_wfi15_f158_cal.asdf,wfi15,eval,10,35,0.003244234,1
gwcs,../roman/.data/build21/r0000101001001001001_0001_wfi15_f158_cal.asdf,wfi15,eval,10,36,0.003241388,1
gwcs,../roman/.data/build21/r0000101001001001001_0001_wfi15_f158_cal.asdf,wfi15,eval,10,37,0.003328649,1
gwcs,../roman/.data/build21/r0000101001001001001_0001_wfi15_f158_cal.asdf,wfi15,eval,10,38,0.003462252,1
gwcs,../roman/.data/build21/r0000101001001001001_0001_wfi15_f158_cal.asdf,wfi15,eval,10,39,0.003281794,1
gwcs,../roman/.data/build21/r0000101001001001001_0001_wfi15_f158_cal.asdf,wfi15,eval,10,40,0.003364442,1
gwcs,../roman/.data/build21/r0000101001001001001_0001_wfi15_f158_cal.asdf,wfi15,eval,10,41,0.003300659,1
gwcs,../roman/.data/build21/r0000101001001001001_0001_wfi15_f158_cal.asdf,wfi15,eval,10,42,0.003299520,1
gwcs,../roman/.data/build21/r0000101001001001001_0001_wfi15_f158_cal.asdf,wfi15,eval,10,43,0.004602904,1
gwcs,../roman/.data/build21/r0000101001001001001_0001_wfi15_f158_cal.asdf,wfi15,eval,10,44,0.003547818,1
gwcs,../roman/.data/build21/r0000101001001001001_0001_wfi15_f158_cal.asdf,wfi15,eval,10,45,0.003317011,1
gwcs,../roman/.data/build21/r0000101001001001001_0001_wfi15_f158_cal.asdf,wfi15,eval,10,46,0.003276460,1
gwcs,../roman/.data/build21/r0000101001001001001_0001_wfi15_f158_cal.asdf,wfi15,eval,10,47,0.003461938,1
gwcs,../roman/.data/build21/r0000101001001001001_0001_wfi15_f158_cal.asdf,wfi15,eval,10,48,0.003416231,1
gwcs,../roman/.data/build21/r0000101001001001001_0001_wfi15_f158_cal.asdf,wfi15,eval,10,49,0.003412004,1
gwcs,../roman/.data/build21/r0000101001001001001_0001_wfi15_f158_cal.asdf,wfi15,eval,10,50,0.003403735,1
gwcs,../roman/.data/build21/r0000101001001001001_0001_wfi15_f158_cal.asdf,wfi15,eval,10,51,0.003333608,1
gwcs,../roman/.data/build21/r0000101001001001001_0001_wfi15_f158_cal.asdf,wfi15,eval,10,52,0.003747159,1
gwcs,../roman/.data/build21/r0000101001001001001_0001_wfi15_f158_cal.asdf,wfi15,eval,10,53,0.003525857,1
gwcs,../roman/.data/build21/r0000101001001001001_0001_wfi15_f158_cal.asdf,wfi15,eval,10,54,0.003358433,1
gwcs,../roman/.data/build21/r0000101001001001001_0001_wfi15_f158_cal.asdf,wfi15,eval,10,55,0.003426425,1
gwcs,../roman/.data/build21/r0000101001001001001_0001_wfi15_f158_cal.asdf,wfi15,eval,10,56,0.003385194,1
gwcs,../roman/.data/build21/r0000101001001001001_0001_wfi15_f158_cal.asdf,wfi15,eval,10,57,0.004080445,1
gwcs,../roman/.data/build21/r0000101001001001001_0001_wfi15_f158_cal.asdf,wfi15,eval,10,58,0.003454329,1
gwcs,../roman/.data/build21/r0000101001001001001_0001_wfi15_f158_cal.asdf,wfi15,eval,10,59,0.003622091,1
gwcs,../roman/.data/build21/r0000101001001001001_0001_wfi15_f158_cal.asdf,wfi15,eval,10,60,0.003381407,1
gwcs,../roman/.data/build21/r0000101001001001001_0001_wfi15_f158_cal.asdf,wfi15,eval,10,61,0.003948897,1
gwcs,../roman/.data/build21/r0000101001001001001_0001_wfi15_f158_cal.asdf,wfi15,eval,10,62,0.003547689,1
gwcs,../roman/.data/build21/r0000101001001001001_0001_wfi15_f158_cal.asdf,wfi15,eval,10,63,0.003429116,1
gwcs,../roman/.data/build21/r0000101001001001001_0001_wfi15_f158_cal.asdf,wfi15,eval,10,64,0.003784799,1
gwcs,../roman/.data/build21/r0000101001001001001_0001_wfi15_f158_cal.asdf,wfi15,eval,10,65,0.003424068,1
gwcs,../roman/.data/build21/r0000101001001001001_0001_wfi15_f158_cal.asdf,wfi15,eval,10,66,0.003833664,1
gwcs,../roman/.data/build21/r0000101001001001001_0001_wfi15_f158_cal.asdf,wfi15,eval,10,67,0.003469515,1
gwcs,../roman/.data/build21/r0000101001001001001_0001_wfi15_f158_cal.asdf,wfi15,eval,10,68,0.003668617,1
gwcs,../roman/.data/build21/r0000101001001001001_0001_wfi15_f158_cal.asdf,wfi15,eval,10,69,0.003441645,1
gwcs,../roman/.data/build21/r0000101001001001001_0001_wfi15_f158_cal.asdf,wfi15,eval,10,70,0.003676286,1
gwcs,../roman/.data/build21/r0000101001001001001_0001_wfi15_f158_cal.asdf,wfi15,eval,10,71,0.003774415,1
gwcs,../roman/.data/build21/r0000101001001001001_0001_wfi15_f158_cal.asdf,wfi15,eval,10,72,0.003456508,1
gwcs,../roman/.data/build21/r0000101001001001001_0001_wfi15_f158_cal.asdf,wfi15,eval,10,73,0.003419099,1
gwcs,../roman/.data/build21/r0000101001001001001_0001_wfi15_f158_cal.asdf,wfi15,eval,10,74,0.003472750,1
gwcs,../roman/.data/build21/r0000101001001001001_0001_wfi15_f158_cal.asdf,wfi15,eval,10,75,0.003598454,1
gwcs,../roman/.data/build21/r0000101001001001001_0001_wfi15_f158_cal.asdf,wfi15,eval,10,76,0.003389940,1
gwcs,../roman/.data/build21/r0000101001001001001_0001_wfi15_f158_cal.asdf,wfi15,eval,10,77,0.003251053,1
gwcs,../roman/.data/build21/r0000101001001001001_0001_wfi15_f158_cal.asdf,wfi15,eval,10,78,0.003267338,1
gwcs,../roman/.data/build21/r0000101001001001001_0001_wfi15_f158_cal.asdf,wfi15,eval,10,79,0.003246205,1
gwcs,../roman/.data/build21/r0000101001001001001_0001_wfi15_f158_cal.asdf,wfi15,eval,10,80,0.003447082,1
gwcs,../roman/.data/build21/r0000101001001001001_0001_wfi15_f158_cal.asdf,wfi15,eval,10,81,0.003414223,1
gwcs,../roman/.data/build21/r0000101001001001001_0001_wfi15_f158_cal.asdf,wfi15,eval,10,82,0.003433215,1
gwcs,../roman/.data/build21/r0000101001001001001_0001_wfi15_f158_cal.asdf,wfi15,eval,10,83,0.003287916,1
gwcs,../roman/.data/build21/r0000101001001001001_0001_wfi15_f158_cal.asdf,wfi15,eval,10,84,0.003257569,1
gwcs,../roman/.data/build21/r0000101001001001001_0001_wfi15_f158_cal.asdf,wfi15,eval,10,85,0.003621891,1
gwcs,../roman/.data/build21/r0000101001001001001_0001_wfi15_f158_cal.asdf,wfi15,eval,10,86,0.003521462,1
gwcs,../roman/.data/build21/r0000101001001001001_0001_wfi15_f158_cal.asdf,wfi15,eval,10,87,0.003428865,1
gwcs,../roman/.data/build21/r0000101001001001001_0001_wfi15_f158_cal.asdf,wfi15,eval,10,88,0.003434165,1
gwcs,../roman/.data/build21/r0000101001001001001_0001_wfi15_f158_cal.asdf,wfi15,eval,10,89,0.003664436,1
gwcs,../roman/.data/build21/r0000101001001001001_0001_wfi15_f158_cal.asdf,wfi15,eval,10,90,0.003565283,1
gwcs,../roman/.data/build21/r0000101001001001001_0001_wfi15_f158_cal.asdf,wfi15,eval,10,91,0.003461176,1
gwcs,../roman/.data/build21/r0000101001001001001_0001_wfi15_f158_cal.asdf,wfi15,eval,10,92,0.003411288,1
gwcs,../roman/.data/build21/r0000101001001001001_0001_wfi15_f158_cal.asdf,wfi15,eval,10,93,0.003514976,1
gwcs,../roman/.data/build21/r0000101001001001001_0001_wfi15_f158_cal.asdf,wfi15,eval,10,94,0.003547549,1
gwcs,../roman/.data/build21/r0000101001001001001_0001_wfi15_f158_cal.asdf,wfi15,eval,10,95,0.003686330,1
gwcs,../roman/.data/build21/r0000101001001001001_0001_wfi15_f158_cal.asdf,wfi15,eval,10,96,0.003419326,1
gwcs,../roman/.data/build21/r0000101001001001001_0001_wfi15_f158_cal.asdf,wfi15,eval,10,97,0.003401292,1
gwcs,../roman/.data/build21/r0000101001001001001_0001_wfi15_f158_cal.asdf,wfi15,eval,10,98,0.003559377,1
gwcs,../roman/.data/build21/r0000101001001001001_0001_wfi15_f158_cal.asdf,wfi15,eval,10,99,0.003511195,1
gwcs,../roman/.data/build21/r0000101001001001001_0001_wfi15_f158_cal.asdf,wfi15,eval,100,0,0.004096935,1
gwcs,../roman/.data/build21/r0000101001001001001_0001_wfi15_f158_cal.asdf,wfi15,eval,100,1,0.003702866,1
gwcs,../roman/.data/build21/r0000101001001001001_0001_wfi15_f158_cal.asdf,wfi15,eval,100,2,0.003457928,1
gwcs,../roman/.data/build21/r0000101001001001001_0001_wfi15_f158_cal.asdf,wfi15,eval,100,3,0.003318498,1
gwcs,../roman/.data/build21/r0000101001001001001_0001_wfi15_f158_cal.asdf,wfi15,eval,100,4,0.007184416,1
gwcs,../roman/.data/build21/r0000101001001001001_0001_wfi15_f158_cal.asdf,wfi15,eval,100,5,0.004405975,1
gwcs,../roman/.data/build21/r0000101001001001001_0001_wfi15_f158_cal.asdf,wfi15,eval,100,6,0.004265049,1
gwcs,../roman/.data/build21/r0000101001001001001_0001_wfi15_f158_cal.asdf,wfi15,eval,100,7,0.004561193,1
gwcs,../roman/.data/build21/r0000101001001001001_0001_wfi15_f158_cal.asdf,wfi15,eval,100,8,0.003483139,1
gwcs,../roman/.data/build21/r0000101001001001001_0001_wfi15_f158_cal.asdf,wfi15,eval,100,9,0.003590824,1
gwcs,../roman/.data/build21/r0000101001001001001_0001_wfi15_f158_cal.asdf,wfi15,eval,100,10,0.003362237,1
gwcs,../roman/.data/build21/r0000101001001001001_0001_wfi15_f158_cal.asdf,wfi15,eval,100,11,0.003956258,1
gwcs,../roman/.data/build21/r0000101001001001001_0001_wfi15_f158_cal.asdf,wfi15,eval,100,12,0.003925592,1
gwcs,../roman/.data/build21/r0000101001001001001_0001_wfi15_f158_cal.asdf,wfi15,eval,100,13,0.003553675,1
gwcs,../roman/.data/build21/r0000101001001001001_0001_wfi15_f158_cal.asdf,wfi15,eval,100,14,0.003409629,1
gwcs,../roman/.data/build21/r0000101001001001001_0001_wfi15_f158_cal.asdf,wfi15,eval,100,15,0.003517645,1
gwcs,../roman/.data/build21/r0000101001001001001_0001_wfi15_f158_cal.asdf,wfi15,eval,100,16,0.003622205,1
gwcs,../roman/.data/build21/r0000101001001001001_0001_wfi15_f158_cal.asdf,wfi15,eval,100,17,0.003664860,1
gwcs,../roman/.data/build21/r0000101001001001001_0001_wfi15_f158_cal.asdf,wfi15,eval,100,18,0.003624940,1
gwcs,../roman/.data/build21/r0000101001001001001_0001_wfi15_f158_cal.asdf,wfi15,eval,100,19,0.003425527,1
gwcs,../roman/.data/build21/r0000101001001001001_0001_wfi15_f158_cal.asdf,wfi15,eval,100,20,0.003644719,1
gwcs,../roman/.data/build21/r0000101001001001001_0001_wfi15_f158_cal.asdf,wfi15,eval,100,21,0.003522810,1
gwcs,../roman/.data/build21/r0000101001001001001_0001_wfi15_f158_cal.asdf,wfi15,eval,100,22,0.003624381,1
gwcs,../roman/.data/build21/r0000101001001001001_0001_wfi15_f158_cal.asdf,wfi15,eval,100,23,0.003337136,1
gwcs,../roman/.data/build21/r0000101001001001001_0001_wfi15_f158_cal.asdf,wfi15,eval,100,24,0.003405387,1
gwcs,../roman/.data/build21/r0000101001001001001_0001_wfi15_f158_cal.asdf,wfi15,eval,100,25,0.003395092,1
gwcs,../roman/.data/build21/r0000101001001001001_0001_wfi15_f158_cal.asdf,wfi15,eval,100,26,0.003629303,1
gwcs,../roman/.data/build21/r0000101001001001001_0001_wfi15_f158_cal.asdf,wfi15,eval,100,27,0.003581552,1
gwcs,../roman/.data/build21/r0000101001001001001_0001_wfi15_f158_cal.asdf,wfi15,eval,100,28,0.003389014,1
gwcs,../roman/.data/build21/r0000101001001001001_0001_wfi15_f158_cal.asdf,wfi15,eval,100,29,0.003415363,1
gwcs,../roman/.data/build21/r0000101001001001001_0001_wfi15_f158_cal.asdf,wfi15,eval,100,30,0.003510912,1
gwcs,../roman/.data/build21/r0000101001001001001_0001_wfi15_f158_cal.asdf,wfi15,eval,100,31,0.003489417,1
gwcs,../roman/.data/build21/r0000101001001001001_0001_wfi15_f158_cal.asdf,wfi15,eval,100,32,0.003320550,1
gwcs,../roman/.data/build21/r0000101001001001001_0001_wfi15_f158_cal.asdf,wfi15,eval,100,33,0.003288985,1
gwcs,../roman/.data/build21/r0000101001001001001_0001_wfi15_f158_cal.asdf,wfi15,eval,100,34,0.003281800,1
gwcs,../roman/.data/build21/r0000101001001001001_0001_wfi15_f158_cal.asdf,wfi15,eval,100,35,0.003280500,1
gwcs,../roman/.data/build21/r0000101001001001001_0001_wfi15_f158_cal.asdf,wfi15,eval,100,36,0.003438800,1
gwcs,../roman/.data/build21/r0000101001001001001_0001_wfi15_f158_cal.asdf,wfi15,eval,100,37,0.003408874,1
gwcs,../roman/.data/build21/r0000101001001001001_0001_wfi15_f158_cal.asdf,wfi15,eval,100,38,0.003289439,1
gwcs,../roman/.data/build21/r0000101001001001001_0001_wfi15_f158_cal.asdf,wfi15,eval,100,39,0.003264185,1
gwcs,../roman/.data/build21/r0000101001001001001_0001_wfi15_f158_cal.asdf,wfi15,eval,100,40,0.003265607,1
gwcs,../roman/.data/build21/r0000101001001001001_0001_wfi15_f158_cal.asdf,wfi15,eval,100,41,0.003457969,1
gwcs,../roman/.data/build21/r0000101001001001001_0001_wfi15_f158_cal.asdf,wfi15,eval,100,42,0.003344500,1
gwcs,../roman/.data/build21/r0000101001001001001_0001_wfi15_f158_cal.asdf,wfi15,eval,100,43,0.003262283,1
gwcs,../roman/.data/build21/r0000101001001001001_0001_wfi15_f158_cal.asdf,wfi15,eval,100,44,0.003641267,1
gwcs,../roman/.data/build21/r0000101001001001001_0001_wfi15_f158_cal.asdf,wfi15,eval,100,45,0.003321304,1
gwcs,../roman/.data/build21/r0000101001001001001_0001_wfi15_f158_cal.asdf,wfi15,eval,100,46,0.003486848,1
gwcs,../roman/.data/build21/r0000101001001001001_0001_wfi15_f158_cal.asdf,wfi15,eval,100,47,0.003359323,1
gwcs,../roman/.data/build21/r0000101001001001001_0001_wfi15_f158_cal.asdf,wfi15,eval,100,48,0.003284216,1
gwcs,../roman/.data/build21/r0000101001001001001_0001_wfi15_f158_cal.asdf,wfi15,eval,100,49,0.003339521,1
gwcs,../roman/.data/build21/r0000101001001001001_0001_wfi15_f158_cal.asdf,wfi15,eval,1000,0,0.003995146,1
gwcs,../roman/.data/build21/r0000101001001001001_0001_wfi15_f158_cal.asdf,wfi15,eval,1000,1,0.004304917,1
gwcs,../roman/.data/build21/r0000101001001001001_0001_wfi15_f158_cal.asdf,wfi15,eval,1000,2,0.003661457,1
gwcs,../roman/.data/build21/r0000101001001001001_0001_wfi15_f158_cal.asdf,wfi15,eval,1000,3,0.003826866,1
gwcs,../roman/.data/build21/r0000101001001001001_0001_wfi15_f158_cal.asdf,wfi15,eval,1000,4,0.003812342,1
gwcs,../roman/.data/build21/r0000101001001001001_0001_wfi15_f158_cal.asdf,wfi15,eval,1000,5,0.003941018,1
gwcs,../roman/.data/build21/r0000101001001001001_0001_wfi15_f158_cal.asdf,wfi15,eval,1000,6,0.003792030,1
gwcs,../roman/.data/build21/r0000101001001001001_0001_wfi15_f158_cal.asdf,wfi15,eval,1000,7,0.003641907,1
gwcs,../roman/.data/build21/r0000101001001001001_0001_wfi15_f158_cal.asdf,wfi15,eval,1000,8,0.003797033,1
gwcs,../roman/.data/build21/r0000101001001001001_0001_wfi15_f158_cal.asdf,wfi15,eval,1000,9,0.004325373,1
gwcs,../roman/.data/build21/r0000101001001001001_0001_wfi15_f158_cal.asdf,wfi15,eval,1000,10,0.003743740,1
gwcs,../roman/.data/build21/r0000101001001001001_0001_wfi15_f158_cal.asdf,wfi15,eval,1000,11,0.003765021,1
gwcs,../roman/.data/build21/r0000101001001001001_0001_wfi15_f158_cal.asdf,wfi15,eval,1000,12,0.003744046,1
gwcs,../roman/.data/build21/r0000101001001001001_0001_wfi15_f158_cal.asdf,wfi15,eval,1000,13,0.004005224,1
gwcs,../roman/.data/build21/r0000101001001001001_0001_wfi15_f158_cal.asdf,wfi15,eval,1000,14,0.003984916,1
gwcs,../roman/.data/build21/r0000101001001001001_0001_wfi15_f158_cal.asdf,wfi15,eval,1000,15,0.003734156,1
gwcs,../roman/.data/build21/r0000101001001001001_0001_wfi15_f158_cal.asdf,wfi15,eval,1000,16,0.003655476,1
gwcs,../roman/.data/build21/r0000101001001001001_0001_wfi15_f158_cal.asdf,wfi15,eval,1000,17,0.003893250,1
gwcs,../roman/.data/build21/r0000101001001001001_0001_wfi15_f158_cal.asdf,wfi15,eval,1000,18,0.004084073,1
gwcs,../roman/.data/build21/r0000101001001001001_0001_wfi15_f158_cal.asdf,wfi15,eval,1000,19,0.003747194,1
gwcs,../roman/.data/build21/r0000101001001001001_0001_wfi15_f158_cal.asdf,wfi15,eval,10000,0,0.006047900,1
gwcs,../roman/.data/build21/r0000101001001001001_0001_wfi15_f158_cal.asdf,wfi15,eval,10000,1,0.005881235,1
gwcs,../roman/.data/build21/r0000101001001001001_0001_wfi15_f158_cal.asdf,wfi15,eval,10000,2,0.005557434,1
gwcs,../roman/.data/build21/r0000101001001001001_0001_wfi15_f158_cal.asdf,wfi15,eval,10000,3,0.006724114,1
gwcs,../roman/.data/build21/r0000101001001001001_0001_wfi15_f158_cal.asdf,wfi15,eval,10000,4,0.005800088,1
gwcs,../roman/.data/build21/r0000101001001001001_0001_wfi15_f158_cal.asdf,wfi15,eval,10000,5,0.005435640,1
gwcs,../roman/.data/build21/r0000101001001001001_0001_wfi15_f158_cal.asdf,wfi15,eval,10000,6,0.005306481,1
gwcs,../roman/.data/build21/r0000101001001001001_0001_wfi15_f158_cal.asdf,wfi15,eval,10000,7,0.006574221,1
gwcs,../roman/.data/build21/r0000101001001001001_0001_wfi15_f158_cal.asdf,wfi15,eval,10000,8,0.005804078,1
gwcs,../roman/.data/build21/r0000101001001001001_0001_wfi15_f158_cal.asdf,wfi15,eval,10000,9,0.005821717,1
gwcs,../roman/.data/build21/r0000101001001001001_0001_wfi15_f158_cal.asdf,wfi15,eval,100000,0,0.023278207,1
gwcs,../roman/.data/build21/r0000101001001001001_0001_wfi15_f158_cal.asdf,wfi15,eval,100000,1,0.022639754,1
gwcs,../roman/.data/build21/r0000101001001001001_0001_wfi15_f158_cal.asdf,wfi15,eval,100000,2,0.022834788,1
gwcs,../roman/.data/build21/r0000101001001001001_0001_wfi15_f158_cal.asdf,wfi15,eval,100000,3,0.022391305,1
gwcs,../roman/.data/build21/r0000101001001001001_0001_wfi15_f158_cal.asdf,wfi15,eval,100000,4,0.022638873,1
gwcs,../roman/.data/build21/r0000101001001001001_0001_wfi15_f158_cal.asdf,wfi15,eval,1000000,0,0.242534259,1
gwcs,../roman/.data/build21/r0000101001001001001_0001_wfi15_f158_cal.asdf,wfi15,eval,1000000,1,0.289816084,1
gwcs,../roman/.data/build21/r0000101001001001001_0001_wfi15_f158_cal.asdf,wfi15,eval,1000000,2,0.246402800,1
gwcs,../roman/.data/build21/r0000101001001001001_0001_wfi15_f158_cal.asdf,wfi15,eval,10000000,0,3.522799194,1
gwcs,../roman/.data/build21/r0000101001001001001_0001_wfi15_f158_cal.asdf,wfi15,eval,10000000,1,3.558499117,1
gwcs,../roman/.data/build21/r0000101001001001001_0001_wfi15_f158_cal.asdf,wfi15,eval,16711744,0,12.853095014,1
gwcs,../roman/.data/build21/r0000101001001001001_0001_wfi15_f158_cal.asdf,wfi15,eval,16711744,1,12.903529694,1
gwcs,../roman/.data/build21/r0000101001001001001_0001_wfi16_f158_cal.asdf,wfi16,parse_cold,0,0,0.794770789,1
gwcs,../roman/.data/build21/r0000101001001001001_0001_wfi16_f158_cal.asdf,wfi16,parse_hot,0,0,0.579800763,1
gwcs,../roman/.data/build21/r0000101001001001001_0001_wfi16_f158_cal.asdf,wfi16,eval,1,0,0.005171496,1
gwcs,../roman/.data/build21/r0000101001001001001_0001_wfi16_f158_cal.asdf,wfi16,eval,1,1,0.005496172,1
gwcs,../roman/.data/build21/r0000101001001001001_0001_wfi16_f158_cal.asdf,wfi16,eval,1,2,0.004982261,1
gwcs,../roman/.data/build21/r0000101001001001001_0001_wfi16_f158_cal.asdf,wfi16,eval,1,3,0.005071091,1
gwcs,../roman/.data/build21/r0000101001001001001_0001_wfi16_f158_cal.asdf,wfi16,eval,1,4,0.005160067,1
gwcs,../roman/.data/build21/r0000101001001001001_0001_wfi16_f158_cal.asdf,wfi16,eval,1,5,0.004921725,1
gwcs,../roman/.data/build21/r0000101001001001001_0001_wfi16_f158_cal.asdf,wfi16,eval,1,6,0.004988031,1
gwcs,../roman/.data/build21/r0000101001001001001_0001_wfi16_f158_cal.asdf,wfi16,eval,1,7,0.005199184,1
gwcs,../roman/.data/build21/r0000101001001001001_0001_wfi16_f158_cal.asdf,wfi16,eval,1,8,0.004888640,1
gwcs,../roman/.data/build21/r0000101001001001001_0001_wfi16_f158_cal.asdf,wfi16,eval,1,9,0.004989808,1
gwcs,../roman/.data/build21/r0000101001001001001_0001_wfi16_f158_cal.asdf,wfi16,eval,1,10,0.005209633,1
gwcs,../roman/.data/build21/r0000101001001001001_0001_wfi16_f158_cal.asdf,wfi16,eval,1,11,0.005110469,1
gwcs,../roman/.data/build21/r0000101001001001001_0001_wfi16_f158_cal.asdf,wfi16,eval,1,12,0.004976891,1
gwcs,../roman/.data/build21/r0000101001001001001_0001_wfi16_f158_cal.asdf,wfi16,eval,1,13,0.005004263,1
gwcs,../roman/.data/build21/r0000101001001001001_0001_wfi16_f158_cal.asdf,wfi16,eval,1,14,0.005097631,1
gwcs,../roman/.data/build21/r0000101001001001001_0001_wfi16_f158_cal.asdf,wfi16,eval,1,15,0.005211478,1
gwcs,../roman/.data/build21/r0000101001001001001_0001_wfi16_f158_cal.asdf,wfi16,eval,1,16,0.004981350,1
gwcs,../roman/.data/build21/r0000101001001001001_0001_wfi16_f158_cal.asdf,wfi16,eval,1,17,0.005090510,1
gwcs,../roman/.data/build21/r0000101001001001001_0001_wfi16_f158_cal.asdf,wfi16,eval,1,18,0.004753483,1
gwcs,../roman/.data/build21/r0000101001001001001_0001_wfi16_f158_cal.asdf,wfi16,eval,1,19,0.004683446,1
gwcs,../roman/.data/build21/r0000101001001001001_0001_wfi16_f158_cal.asdf,wfi16,eval,1,20,0.004713550,1
gwcs,../roman/.data/build21/r0000101001001001001_0001_wfi16_f158_cal.asdf,wfi16,eval,1,21,0.004860071,1
gwcs,../roman/.data/build21/r0000101001001001001_0001_wfi16_f158_cal.asdf,wfi16,eval,1,22,0.004671916,1
gwcs,../roman/.data/build21/r0000101001001001001_0001_wfi16_f158_cal.asdf,wfi16,eval,1,23,0.004662400,1
gwcs,../roman/.data/build21/r0000101001001001001_0001_wfi16_f158_cal.asdf,wfi16,eval,1,24,0.004843829,1
gwcs,../roman/.data/build21/r0000101001001001001_0001_wfi16_f158_cal.asdf,wfi16,eval,1,25,0.004727255,1
gwcs,../roman/.data/build21/r0000101001001001001_0001_wfi16_f158_cal.asdf,wfi16,eval,1,26,0.004662332,1
gwcs,../roman/.data/build21/r0000101001001001001_0001_wfi16_f158_cal.asdf,wfi16,eval,1,27,0.004722901,1
gwcs,../roman/.data/build21/r0000101001001001001_0001_wfi16_f158_cal.asdf,wfi16,eval,1,28,0.004904563,1
gwcs,../roman/.data/build21/r0000101001001001001_0001_wfi16_f158_cal.asdf,wfi16,eval,1,29,0.004735654,1
gwcs,../roman/.data/build21/r0000101001001001001_0001_wfi16_f158_cal.asdf,wfi16,eval,1,30,0.004692884,1
gwcs,../roman/.data/build21/r0000101001001001001_0001_wfi16_f158_cal.asdf,wfi16,eval,1,31,0.004890885,1
gwcs,../roman/.data/build21/r0000101001001001001_0001_wfi16_f158_cal.asdf,wfi16,eval,1,32,0.004738267,1
gwcs,../roman/.data/build21/r0000101001001001001_0001_wfi16_f158_cal.asdf,wfi16,eval,1,33,0.004701743,1
gwcs,../roman/.data/build21/r0000101001001001001_0001_wfi16_f158_cal.asdf,wfi16,eval,1,34,0.004735525,1
gwcs,../roman/.data/build21/r0000101001001001001_0001_wfi16_f158_cal.asdf,wfi16,eval,1,35,0.004999400,1
gwcs,../roman/.data/build21/r0000101001001001001_0001_wfi16_f158_cal.asdf,wfi16,eval,1,36,0.004718842,1
gwcs,../roman/.data/build21/r0000101001001001001_0001_wfi16_f158_cal.asdf,wfi16,eval,1,37,0.004694351,1
gwcs,../roman/.data/build21/r0000101001001001001_0001_wfi16_f158_cal.asdf,wfi16,eval,1,38,0.004824934,1
gwcs,../roman/.data/build21/r0000101001001001001_0001_wfi16_f158_cal.asdf,wfi16,eval,1,39,0.006531611,1
gwcs,../roman/.data/build21/r0000101001001001001_0001_wfi16_f158_cal.asdf,wfi16,eval,1,40,0.005241248,1
gwcs,../roman/.data/build21/r0000101001001001001_0001_wfi16_f158_cal.asdf,wfi16,eval,1,41,0.004928884,1
gwcs,../roman/.data/build21/r0000101001001001001_0001_wfi16_f158_cal.asdf,wfi16,eval,1,42,0.004881483,1
gwcs,../roman/.data/build21/r0000101001001001001_0001_wfi16_f158_cal.asdf,wfi16,eval,1,43,0.005106588,1
gwcs,../roman/.data/build21/r0000101001001001001_0001_wfi16_f158_cal.asdf,wfi16,eval,1,44,0.005505932,1
gwcs,../roman/.data/build21/r0000101001001001001_0001_wfi16_f158_cal.asdf,wfi16,eval,1,45,0.004792090,1
gwcs,../roman/.data/build21/r0000101001001001001_0001_wfi16_f158_cal.asdf,wfi16,eval,1,46,0.004760016,1
gwcs,../roman/.data/build21/r0000101001001001001_0001_wfi16_f158_cal.asdf,wfi16,eval,1,47,0.004716892,1
gwcs,../roman/.data/build21/r0000101001001001001_0001_wfi16_f158_cal.asdf,wfi16,eval,1,48,0.005141955,1
gwcs,../roman/.data/build21/r0000101001001001001_0001_wfi16_f158_cal.asdf,wfi16,eval,1,49,0.004731048,1
gwcs,../roman/.data/build21/r0000101001001001001_0001_wfi16_f158_cal.asdf,wfi16,eval,1,50,0.004704755,1
gwcs,../roman/.data/build21/r0000101001001001001_0001_wfi16_f158_cal.asdf,wfi16,eval,1,51,0.004894435,1
gwcs,../roman/.data/build21/r0000101001001001001_0001_wfi16_f158_cal.asdf,wfi16,eval,1,52,0.004853060,1
gwcs,../roman/.data/build21/r0000101001001001001_0001_wfi16_f158_cal.asdf,wfi16,eval,1,53,0.004726156,1
gwcs,../roman/.data/build21/r0000101001001001001_0001_wfi16_f158_cal.asdf,wfi16,eval,1,54,0.004731928,1
gwcs,../roman/.data/build21/r0000101001001001001_0001_wfi16_f158_cal.asdf,wfi16,eval,1,55,0.004861352,1
gwcs,../roman/.data/build21/r0000101001001001001_0001_wfi16_f158_cal.asdf,wfi16,eval,1,56,0.004744329,1
gwcs,../roman/.data/build21/r0000101001001001001_0001_wfi16_f158_cal.asdf,wfi16,eval,1,57,0.004687857,1
gwcs,../roman/.data/build21/r0000101001001001001_0001_wfi16_f158_cal.asdf,wfi16,eval,1,58,0.004858471,1
gwcs,../roman/.data/build21/r0000101001001001001_0001_wfi16_f158_cal.asdf,wfi16,eval,1,59,0.004753986,1
gwcs,../roman/.data/build21/r0000101001001001001_0001_wfi16_f158_cal.asdf,wfi16,eval,1,60,0.004693707,1
gwcs,../roman/.data/build21/r0000101001001001001_0001_wfi16_f158_cal.asdf,wfi16,eval,1,61,0.004795455,1
gwcs,../roman/.data/build21/r0000101001001001001_0001_wfi16_f158_cal.asdf,wfi16,eval,1,62,0.004908166,1
gwcs,../roman/.data/build21/r0000101001001001001_0001_wfi16_f158_cal.asdf,wfi16,eval,1,63,0.004713520,1
gwcs,../roman/.data/build21/r0000101001001001001_0001_wfi16_f158_cal.asdf,wfi16,eval,1,64,0.004707932,1
gwcs,../roman/.data/build21/r0000101001001001001_0001_wfi16_f158_cal.asdf,wfi16,eval,1,65,0.004969161,1
gwcs,../roman/.data/build21/r0000101001001001001_0001_wfi16_f158_cal.asdf,wfi16,eval,1,66,0.005309048,1
gwcs,../roman/.data/build21/r0000101001001001001_0001_wfi16_f158_cal.asdf,wfi16,eval,1,67,0.005078549,1
gwcs,../roman/.data/build21/r0000101001001001001_0001_wfi16_f158_cal.asdf,wfi16,eval,1,68,0.005010743,1
gwcs,../roman/.data/build21/r0000101001001001001_0001_wfi16_f158_cal.asdf,wfi16,eval,1,69,0.005338790,1
gwcs,../roman/.data/build21/r0000101001001001001_0001_wfi16_f158_cal.asdf,wfi16,eval,1,70,0.004867699,1
gwcs,../roman/.data/build21/r0000101001001001001_0001_wfi16_f158_cal.asdf,wfi16,eval,1,71,0.006171857,1
gwcs,../roman/.data/build21/r0000101001001001001_0001_wfi16_f158_cal.asdf,wfi16,eval,1,72,0.005274302,1
gwcs,../roman/.data/build21/r0000101001001001001_0001_wfi16_f158_cal.asdf,wfi16,eval,1,73,0.004971454,1
gwcs,../roman/.data/build21/r0000101001001001001_0001_wfi16_f158_cal.asdf,wfi16,eval,1,74,0.004959724,1
gwcs,../roman/.data/build21/r0000101001001001001_0001_wfi16_f158_cal.asdf,wfi16,eval,1,75,0.005499070,1
gwcs,../roman/.data/build21/r0000101001001001001_0001_wfi16_f158_cal.asdf,wfi16,eval,1,76,0.004860275,1
gwcs,../roman/.data/build21/r0000101001001001001_0001_wfi16_f158_cal.asdf,wfi16,eval,1,77,0.005036812,1
gwcs,../roman/.data/build21/r0000101001001001001_0001_wfi16_f158_cal.asdf,wfi16,eval,1,78,0.005298563,1
gwcs,../roman/.data/build21/r0000101001001001001_0001_wfi16_f158_cal.asdf,wfi16,eval,1,79,0.004979183,1
gwcs,../roman/.data/build21/r0000101001001001001_0001_wfi16_f158_cal.asdf,wfi16,eval,1,80,0.004768175,1
gwcs,../roman/.data/build21/r0000101001001001001_0001_wfi16_f158_cal.asdf,wfi16,eval,1,81,0.005140943,1
gwcs,../roman/.data/build21/r0000101001001001001_0001_wfi16_f158_cal.asdf,wfi16,eval,1,82,0.004786122,1
gwcs,../roman/.data/build21/r0000101001001001001_0001_wfi16_f158_cal.asdf,wfi16,eval,1,83,0.004683963,1
gwcs,../roman/.data/build21/r0000101001001001001_0001_wfi16_f158_cal.asdf,wfi16,eval,1,84,0.004764384,1
gwcs,../roman/.data/build21/r0000101001001001001_0001_wfi16_f158_cal.asdf,wfi16,eval,1,85,0.005096696,1
gwcs,../roman/.data/build21/r0000101001001001001_0001_wfi16_f158_cal.asdf,wfi16,eval,1,86,0.004772775,1
gwcs,../roman/.data/build21/r0000101001001001001_0001_wfi16_f158_cal.asdf,wfi16,eval,1,87,0.005160653,1
gwcs,../roman/.data/build21/r0000101001001001001_0001_wfi16_f158_cal.asdf,wfi16,eval,1,88,0.005233684,1
gwcs,../roman/.data/build21/r0000101001001001001_0001_wfi16_f158_cal.asdf,wfi16,eval,1,89,0.004874542,1
gwcs,../roman/.data/build21/r0000101001001001001_0001_wfi16_f158_cal.asdf,wfi16,eval,1,90,0.005368740,1
gwcs,../roman/.data/build21/r0000101001001001001_0001_wfi16_f158_cal.asdf,wfi16,eval,1,91,0.005405442,1
gwcs,../roman/.data/build21/r0000101001001001001_0001_wfi16_f158_cal.asdf,wfi16,eval,1,92,0.004998584,1
gwcs,../roman/.data/build21/r0000101001001001001_0001_wfi16_f158_cal.asdf,wfi16,eval,1,93,0.004943480,1
gwcs,../roman/.data/build21/r0000101001001001001_0001_wfi16_f158_cal.asdf,wfi16,eval,1,94,0.005444709,1
gwcs,../roman/.data/build21/r0000101001001001001_0001_wfi16_f158_cal.asdf,wfi16,eval,1,95,0.005058630,1
gwcs,../roman/.data/build21/r0000101001001001001_0001_wfi16_f158_cal.asdf,wfi16,eval,1,96,0.005038253,1
gwcs,../roman/.data/build21/r0000101001001001001_0001_wfi16_f158_cal.asdf,wfi16,eval,1,97,0.005299205,1
gwcs,../roman/.data/build21/r0000101001001001001_0001_wfi16_f158_cal.asdf,wfi16,eval,1,98,0.004945420,1
gwcs,../roman/.data/build21/r0000101001001001001_0001_wfi16_f158_cal.asdf,wfi16,eval,1,99,0.005052740,1
gwcs,../roman/.data/build21/r0000101001001001001_0001_wfi16_f158_cal.asdf,wfi16,eval,10,0,0.005128711,1
gwcs,../roman/.data/build21/r0000101001001001001_0001_wfi16_f158_cal.asdf,wfi16,eval,10,1,0.005611095,1
gwcs,../roman/.data/build21/r0000101001001001001_0001_wfi16_f158_cal.asdf,wfi16,eval,10,2,0.004862347,1
gwcs,../roman/.data/build21/r0000101001001001001_0001_wfi16_f158_cal.asdf,wfi16,eval,10,3,0.004784532,1
gwcs,../roman/.data/build21/r0000101001001001001_0001_wfi16_f158_cal.asdf,wfi16,eval,10,4,0.004976689,1
gwcs,../roman/.data/build21/r0000101001001001001_0001_wfi16_f158_cal.asdf,wfi16,eval,10,5,0.004995223,1
gwcs,../roman/.data/build21/r0000101001001001001_0001_wfi16_f158_cal.asdf,wfi16,eval,10,6,0.004946923,1
gwcs,../roman/.data/build21/r0000101001001001001_0001_wfi16_f158_cal.asdf,wfi16,eval,10,7,0.005185211,1
gwcs,../roman/.data/build21/r0000101001001001001_0001_wfi16_f158_cal.asdf,wfi16,eval,10,8,0.005341697,1
gwcs,../roman/.data/build21/r0000101001001001001_0001_wfi16_f158_cal.asdf,wfi16,eval,10,9,0.005050037,1
gwcs,../roman/.data/build21/r0000101001001001001_0001_wfi16_f158_cal.asdf,wfi16,eval,10,10,0.005671343,1
gwcs,../roman/.data/build21/r0000101001001001001_0001_wfi16_f158_cal.asdf,wfi16,eval,10,11,0.005309545,1
gwcs,../roman/.data/build21/r0000101001001001001_0001_wfi16_f158_cal.asdf,wfi16,eval,10,12,0.005055017,1
gwcs,../roman/.data/build21/r0000101001001001001_0001_wfi16_f158_cal.asdf,wfi16,eval,10,13,0.005329310,1
gwcs,../roman/.data/build21/r0000101001001001001_0001_wfi16_f158_cal.asdf,wfi16,eval,10,14,0.005465457,1
gwcs,../roman/.data/build21/r0000101001001001001_0001_wfi16_f158_cal.asdf,wfi16,eval,10,15,0.004816547,1
gwcs,../roman/.data/build21/r0000101001001001001_0001_wfi16_f158_cal.asdf,wfi16,eval,10,16,0.004894959,1
gwcs,../roman/.data/build21/r0000101001001001001_0001_wfi16_f158_cal.asdf,wfi16,eval,10,17,0.005241735,1
gwcs,../roman/.data/build21/r0000101001001001001_0001_wfi16_f158_cal.asdf,wfi16,eval,10,18,0.004939899,1
gwcs,../roman/.data/build21/r0000101001001001001_0001_wfi16_f158_cal.asdf,wfi16,eval,10,19,0.004851843,1
gwcs,../roman/.data/build21/r0000101001001001001_0001_wfi16_f158_cal.asdf,wfi16,eval,10,20,0.005178668,1
gwcs,../roman/.data/build21/r0000101001001001001_0001_wfi16_f158_cal.asdf,wfi16,eval,10,21,0.004908092,1
gwcs,../roman/.data/build21/r0000101001001001001_0001_wfi16_f158_cal.asdf,wfi16,eval,10,22,0.004868409,1
gwcs,../roman/.data/build21/r0000101001001001001_0001_wfi16_f158_cal.asdf,wfi16,eval,10,23,0.005107618,1
gwcs,../roman/.data/build21/r0000101001001001001_0001_wfi16_f158_cal.asdf,wfi16,eval,10,24,0.005076955,1
gwcs,../roman/.data/build21/r0000101001001001001_0001_wfi16_f158_cal.asdf,wfi16,eval,10,25,0.004881470,1
gwcs,../roman/.data/build21/r0000101001001001001_0001_wfi16_f158_cal.asdf,wfi16,eval,10,26,0.004842660,1
gwcs,../roman/.data/build21/r0000101001001001001_0001_wfi16_f158_cal.asdf,wfi16,eval,10,27,0.005441293,1
gwcs,../roman/.data/build21/r0000101001001001001_0001_wfi16_f158_cal.asdf,wfi16,eval,10,28,0.005105144,1
gwcs,../roman/.data/build21/r0000101001001001001_0001_wfi16_f158_cal.asdf,wfi16,eval,10,29,0.004929482,1
gwcs,../roman/.data/build21/r0000101001001001001_0001_wfi16_f158_cal.asdf,wfi16,eval,10,30,0.005201284,1
gwcs,../roman/.data/build21/r0000101001001001001_0001_wfi16_f158_cal.asdf,wfi16,eval,10,31,0.004919808,1
gwcs,../roman/.data/build21/r0000101001001001001_0001_wfi16_f158_cal.asdf,wfi16,eval,10,32,0.004929359,1
gwcs,../roman/.data/build21/r0000101001001001001_0001_wfi16_f158_cal.asdf,wfi16,eval,10,33,0.006118869,1
gwcs,../roman/.data/build21/r0000101001001001001_0001_wfi16_f158_cal.asdf,wfi16,eval,10,34,0.006072775,1
gwcs,../roman/.data/build21/r0000101001001001001_0001_wfi16_f158_cal.asdf,wfi16,eval,10,35,0.006355429,1
gwcs,../roman/.data/build21/r0000101001001001001_0001_wfi16_f158_cal.asdf,wfi16,eval,10,36,0.005530079,1
gwcs,../roman/.data/build21/r0000101001001001001_0001_wfi16_f158_cal.asdf,wfi16,eval,10,37,0.008336171,1
gwcs,../roman/.data/build21/r0000101001001001001_0001_wfi16_f158_cal.asdf,wfi16,eval,10,38,0.007201796,1
gwcs,../roman/.data/build21/r0000101001001001001_0001_wfi16_f158_cal.asdf,wfi16,eval,10,39,0.005952489,1
gwcs,../roman/.data/build21/r0000101001001001001_0001_wfi16_f158_cal.asdf,wfi16,eval,10,40,0.005080342,1
gwcs,../roman/.data/build21/r0000101001001001001_0001_wfi16_f158_cal.asdf,wfi16,eval,10,41,0.005320814,1
gwcs,../roman/.data/build21/r0000101001001001001_0001_wfi16_f158_cal.asdf,wfi16,eval,10,42,0.005471179,1
gwcs,../roman/.data/build21/r0000101001001001001_0001_wfi16_f158_cal.asdf,wfi16,eval,10,43,0.005101463,1
gwcs,../roman/.data/build21/r0000101001001001001_0001_wfi16_f158_cal.asdf,wfi16,eval,10,44,0.005366180,1
gwcs,../roman/.data/build21/r0000101001001001001_0001_wfi16_f158_cal.asdf,wfi16,eval,10,45,0.011414599,1
gwcs,../roman/.data/build21/r0000101001001001001_0001_wfi16_f158_cal.asdf,wfi16,eval,10,46,0.010401891,1
gwcs,../roman/.data/build21/r0000101001001001001_0001_wfi16_f158_cal.asdf,wfi16,eval,10,47,0.010271972,1
gwcs,../roman/.data/build21/r0000101001001001001_0001_wfi16_f158_cal.asdf,wfi16,eval,10,48,0.010262670,1
gwcs,../roman/.data/build21/r0000101001001001001_0001_wfi16_f158_cal.asdf,wfi16,eval,10,49,0.010141550,1
gwcs,../roman/.data/build21/r0000101001001001001_0001_wfi16_f158_cal.asdf,wfi16,eval,10,50,0.010034440,1
gwcs,../roman/.data/build21/r0000101001001001001_0001_wfi16_f158_cal.asdf,wfi16,eval,10,51,0.010925051,1
gwcs,../roman/.data/build21/r0000101001001001001_0001_wfi16_f158_cal.asdf,wfi16,eval,10,52,0.010111230,1
gwcs,../roman/.data/build21/r0000101001001001001_0001_wfi16_f158_cal.asdf,wfi16,eval,10,53,0.009524910,1
gwcs,../roman/.data/build21/r0000101001001001001_0001_wfi16_f158_cal.asdf,wfi16,eval,10,54,0.008284286,1
gwcs,../roman/.data/build21/r0000101001001001001_0001_wfi16_f158_cal.asdf,wfi16,eval,10,55,0.009961794,1
gwcs,../roman/.data/build21/r0000101001001001001_0001_wfi16_f158_cal.asdf,wfi16,eval,10,56,0.010486642,1
gwcs,../roman/.data/build21/r0000101001001001001_0001_wfi16_f158_cal.asdf,wfi16,eval,10,57,0.007732151,1
gwcs,../roman/.data/build21/r0000101001001001001_0001_wfi16_f158_cal.asdf,wfi16,eval,10,58,0.010031885,1
gwcs,../roman/.data/build21/r0000101001001001001_0001_wfi16_f158_cal.asdf,wfi16,eval,10,59,0.009946447,1
gwcs,../roman/.data/build21/r0000101001001001001_0001_wfi16_f158_cal.asdf,wfi16,eval,10,60,0.006242341,1
gwcs,../roman/.data/build21/r0000101001001001001_0001_wfi16_f158_cal.asdf,wfi16,eval,10,61,0.005011783,1
gwcs,../roman/.data/build21/r0000101001001001001_0001_wfi16_f158_cal.asdf,wfi16,eval,10,62,0.008359523,1
gwcs,../roman/.data/build21/r0000101001001001001_0001_wfi16_f158_cal.asdf,wfi16,eval,10,63,0.010056760,1
gwcs,../roman/.data/build21/r0000101001001001001_0001_wfi16_f158_cal.asdf,wfi16,eval,10,64,0.008320251,1
gwcs,../roman/.data/build21/r0000101001001001001_0001_wfi16_f158_cal.asdf,wfi16,eval,10,65,0.004998209,1
gwcs,../roman/.data/build21/r0000101001001001001_0001_wfi16_f158_cal.asdf,wfi16,eval,10,66,0.004880131,1
gwcs,../roman/.data/build21/r0000101001001001001_0001_wfi16_f158_cal.asdf,wfi16,eval,10,67,0.005286602,1
gwcs,../roman/.data/build21/r0000101001001001001_0001_wfi16_f158_cal.asdf,wfi16,eval,10,68,0.006668081,1
gwcs,../roman/.data/build21/r0000101001001001001_0001_wfi16_f158_cal.asdf,wfi16,eval,10,69,0.010050887,1
gwcs,../roman/.data/build21/r0000101001001001001_0001_wfi16_f158_cal.asdf,wfi16,eval,10,70,0.009963140,1
gwcs,../roman/.data/build21/r0000101001001001001_0001_wfi16_f158_cal.asdf,wfi16,eval,10,71,0.010290316,1
gwcs,../roman/.data/build21/r0000101001001001001_0001_wfi16_f158_cal.asdf,wfi16,eval,10,72,0.010548026,1
gwcs,../roman/.data/build21/r0000101001001001001_0001_wfi16_f158_cal.asdf,wfi16,eval,10,73,0.010676308,1
gwcs,../roman/.data/build21/r0000101001001001001_0001_wfi16_f158_cal.asdf,wfi16,eval,10,74,0.010496542,1
gwcs,../roman/.data/build21/r0000101001001001001_0001_wfi16_f158_cal.asdf,wfi16,eval,10,75,0.010417661,1
gwcs,../roman/.data/build21/r0000101001001001001_0001_wfi16_f158_cal.asdf,wfi16,eval,10,76,0.009599939,1
gwcs,../roman/.data/build21/r0000101001001001001_0001_wfi16_f158_cal.asdf,wfi16,eval,10,77,0.004933153,1
gwcs,../roman/.data/build21/r0000101001001001001_0001_wfi16_f158_cal.asdf,wfi16,eval,10,78,0.005162793,1
gwcs,../roman/.data/build21/r0000101001001001001_0001_wfi16_f158_cal.asdf,wfi16,eval,10,79,0.004918997,1
gwcs,../roman/.data/build21/r0000101001001001001_0001_wfi16_f158_cal.asdf,wfi16,eval,10,80,0.004838172,1
gwcs,../roman/.data/build21/r0000101001001001001_0001_wfi16_f158_cal.asdf,wfi16,eval,10,81,0.004867966,1
gwcs,../roman/.data/build21/r0000101001001001001_0001_wfi16_f158_cal.asdf,wfi16,eval,10,82,0.010159684,1
gwcs,../roman/.data/build21/r0000101001001001001_0001_wfi16_f158_cal.asdf,wfi16,eval,10,83,0.010757307,1
gwcs,../roman/.data/build21/r0000101001001001001_0001_wfi16_f158_cal.asdf,wfi16,eval,10,84,0.010888788,1
gwcs,../roman/.data/build21/r0000101001001001001_0001_wfi16_f158_cal.asdf,wfi16,eval,10,85,0.010400889,1
gwcs,../roman/.data/build21/r0000101001001001001_0001_wfi16_f158_cal.asdf,wfi16,eval,10,86,0.009435429,1
gwcs,../roman/.data/build21/r0000101001001001001_0001_wfi16_f158_cal.asdf,wfi16,eval,10,87,0.009557012,1
gwcs,../roman/.data/build21/r0000101001001001001_0001_wfi16_f158_cal.asdf,wfi16,eval,10,88,0.009573964,1
gwcs,../roman/.data/build21/r0000101001001001001_0001_wfi16_f158_cal.asdf,wfi16,eval,10,89,0.010639739,1
gwcs,../roman/.data/build21/r0000101001001001001_0001_wfi16_f158_cal.asdf,wfi16,eval,10,90,0.010639944,1
gwcs,../roman/.data/build21/r0000101001001001001_0001_wfi16_f158_cal.asdf,wfi16,eval,10,91,0.010436147,1
gwcs,../roman/.data/build21/r0000101001001001001_0001_wfi16_f158_cal.asdf,wfi16,eval,10,92,0.012331061,1
gwcs,../roman/.data/build21/r0000101001001001001_0001_wfi16_f158_cal.asdf,wfi16,eval,10,93,0.008035846,1
gwcs,../roman/.data/build21/r0000101001001001001_0001_wfi16_f158_cal.asdf,wfi16,eval,10,94,0.004942818,1
gwcs,../roman/.data/build21/r0000101001001001001_0001_wfi16_f158_cal.asdf,wfi16,eval,10,95,0.004884495,1
gwcs,../roman/.data/build21/r0000101001001001001_0001_wfi16_f158_cal.asdf,wfi16,eval,10,96,0.005084111,1
gwcs,../roman/.data/build21/r0000101001001001001_0001_wfi16_f158_cal.asdf,wfi16,eval,10,97,0.004902841,1
gwcs,../roman/.data/build21/r0000101001001001001_0001_wfi16_f158_cal.asdf,wfi16,eval,10,98,0.004781363,1
gwcs,../roman/.data/build21/r0000101001001001001_0001_wfi16_f158_cal.asdf,wfi16,eval,10,99,0.007535296,1
gwcs,../roman/.data/build21/r0000101001001001001_0001_wfi16_f158_cal.asdf,wfi16,eval,100,0,0.009510431,1
gwcs,../roman/.data/build21/r0000101001001001001_0001_wfi16_f158_cal.asdf,wfi16,eval,100,1,0.009463676,1
gwcs,../roman/.data/build21/r0000101001001001001_0001_wfi16_f158_cal.asdf,wfi16,eval,100,2,0.009279355,1
gwcs,../roman/.data/build21/r0000101001001001001_0001_wfi16_f158_cal.asdf,wfi16,eval,100,3,0.009392682,1
gwcs,../roman/.data/build21/r0000101001001001001_0001_wfi16_f158_cal.asdf,wfi16,eval,100,4,0.009229354,1
gwcs,../roman/.data/build21/r0000101001001001001_0001_wfi16_f158_cal.asdf,wfi16,eval,100,5,0.009279259,1
gwcs,../roman/.data/build21/r0000101001001001001_0001_wfi16_f158_cal.asdf,wfi16,eval,100,6,0.009203793,1
gwcs,../roman/.data/build21/r0000101001001001001_0001_wfi16_f158_cal.asdf,wfi16,eval,100,7,0.009264898,1
gwcs,../roman/.data/build21/r0000101001001001001_0001_wfi16_f158_cal.asdf,wfi16,eval,100,8,0.009199920,1
gwcs,../roman/.data/build21/r0000101001001001001_0001_wfi16_f158_cal.asdf,wfi16,eval,100,9,0.010391643,1
gwcs,../roman/.data/build21/r0000101001001001001_0001_wfi16_f158_cal.asdf,wfi16,eval,100,10,0.005297720,1
gwcs,../roman/.data/build21/r0000101001001001001_0001_wfi16_f158_cal.asdf,wfi16,eval,100,11,0.005023350,1
gwcs,../roman/.data/build21/r0000101001001001001_0001_wfi16_f158_cal.asdf,wfi16,eval,100,12,0.004986431,1
gwcs,../roman/.data/build21/r0000101001001001001_0001_wfi16_f158_cal.asdf,wfi16,eval,100,13,0.005039640,1
gwcs,../roman/.data/build21/r0000101001001001001_0001_wfi16_f158_cal.asdf,wfi16,eval,100,14,0.005005757,1
gwcs,../roman/.data/build21/r0000101001001001001_0001_wfi16_f158_cal.asdf,wfi16,eval,100,15,0.004910423,1
gwcs,../roman/.data/build21/r0000101001001001001_0001_wfi16_f158_cal.asdf,wfi16,eval,100,16,0.004978127,1
gwcs,../roman/.data/build21/r0000101001001001001_0001_wfi16_f158_cal.asdf,wfi16,eval,100,17,0.005348963,1
gwcs,../roman/.data/build21/r0000101001001001001_0001_wfi16_f158_cal.asdf,wfi16,eval,100,18,0.005018945,1
gwcs,../roman/.data/build21/r0000101001001001001_0001_wfi16_f158_cal.asdf,wfi16,eval,100,19,0.006516353,1
gwcs,../roman/.data/build21/r0000101001001001001_0001_wfi16_f158_cal.asdf,wfi16,eval,100,20,0.005214221,1
gwcs,../roman/.data/build21/r0000101001001001001_0001_wfi16_f158_cal.asdf,wfi16,eval,100,21,0.005236562,1
gwcs,../roman/.data/build21/r0000101001001001001_0001_wfi16_f158_cal.asdf,wfi16,eval,100,22,0.005088515,1
gwcs,../roman/.data/build21/r0000101001001001001_0001_wfi16_f158_cal.asdf,wfi16,eval,100,23,0.005421494,1
gwcs,../roman/.data/build21/r0000101001001001001_0001_wfi16_f158_cal.asdf,wfi16,eval,100,24,0.012725452,1
gwcs,../roman/.data/build21/r0000101001001001001_0001_wfi16_f158_cal.asdf,wfi16,eval,100,25,0.006533102,1
gwcs,../roman/.data/build21/r0000101001001001001_0001_wfi16_f158_cal.asdf,wfi16,eval,100,26,0.006920462,1
gwcs,../roman/.data/build21/r0000101001001001001_0001_wfi16_f158_cal.asdf,wfi16,eval,100,27,0.007504389,1
gwcs,../roman/.data/build21/r0000101001001001001_0001_wfi16_f158_cal.asdf,wfi16,eval,100,28,0.007832859,1
gwcs,../roman/.data/build21/r0000101001001001001_0001_wfi16_f158_cal.asdf,wfi16,eval,100,29,0.005613755,1
gwcs,../roman/.data/build21/r0000101001001001001_0001_wfi16_f158_cal.asdf,wfi16,eval,100,30,0.005047904,1
gwcs,../roman/.data/build21/r0000101001001001001_0001_wfi16_f158_cal.asdf,wfi16,eval,100,31,0.004933625,1
gwcs,../roman/.data/build21/r0000101001001001001_0001_wfi16_f158_cal.asdf,wfi16,eval,100,32,0.005505420,1
gwcs,../roman/.data/build21/r0000101001001001001_0001_wfi16_f158_cal.asdf,wfi16,eval,100,33,0.005076346,1
gwcs,../roman/.data/build21/r0000101001001001001_0001_wfi16_f158_cal.asdf,wfi16,eval,100,34,0.005381419,1
gwcs,../roman/.data/build21/r0000101001001001001_0001_wfi16_f158_cal.asdf,wfi16,eval,100,35,0.005822273,1
gwcs,../roman/.data/build21/r0000101001001001001_0001_wfi16_f158_cal.asdf,wfi16,eval,100,36,0.005327133,1
gwcs,../roman/.data/build21/r0000101001001001001_0001_wfi16_f158_cal.asdf,wfi16,eval,100,37,0.005002709,1
gwcs,../roman/.data/build21/r0000101001001001001_0001_wfi16_f158_cal.asdf,wfi16,eval,100,38,0.005328201,1
gwcs,../roman/.data/build21/r0000101001001001001_0001_wfi16_f158_cal.asdf,wfi16,eval,100,39,0.005505598,1
gwcs,../roman/.data/build21/r0000101001001001001_0001_wfi16_f158_cal.asdf,wfi16,eval,100,40,0.005068262,1
gwcs,../roman/.data/build21/r0000101001001001001_0001_wfi16_f158_cal.asdf,wfi16,eval,100,41,0.005187836,1
gwcs,../roman/.data/build21/r0000101001001001001_0001_wfi16_f158_cal.asdf,wfi16,eval,100,42,0.005233126,1
gwcs,../roman/.data/build21/r0000101001001001001_0001_wfi16_f158_cal.asdf,wfi16,eval,100,43,0.004901628,1
gwcs,../roman/.data/build21/r0000101001001001001_0001_wfi16_f158_cal.asdf,wfi16,eval,100,44,0.005148277,1
gwcs,../roman/.data/build21/r0000101001001001001_0001_wfi16_f158_cal.asdf,wfi16,eval,100,45,0.005321730,1
gwcs,../roman/.data/build21/r0000101001001001001_0001_wfi16_f158_cal.asdf,wfi16,eval,100,46,0.005009213,1
gwcs,../roman/.data/build21/r0000101001001001001_0001_wfi16_f158_cal.asdf,wfi16,eval,100,47,0.004946516,1
gwcs,../roman/.data/build21/r0000101001001001001_0001_wfi16_f158_cal.asdf,wfi16,eval,100,48,0.005586412,1
gwcs,../roman/.data/build21/r0000101001001001001_0001_wfi16_f158_cal.asdf,wfi16,eval,100,49,0.005015172,1
gwcs,../roman/.data/build21/r0000101001001001001_0001_wfi16_f158_cal.asdf,wfi16,eval,1000,0,0.005553481,1
gwcs,../roman/.data/build21/r0000101001001001001_0001_wfi16_f158_cal.asdf,wfi16,eval,1000,1,0.006222723,1
gwcs,../roman/.data/build21/r0000101001001001001_0001_wfi16_f158_cal.asdf,wfi16,eval,1000,2,0.005434620,1
gwcs,../roman/.data/build21/r0000101001001001001_0001_wfi16_f158_cal.asdf,wfi16,eval,1000,3,0.005426869,1
gwcs,../roman/.data/build21/r0000101001001001001_0001_wfi16_f158_cal.asdf,wfi16,eval,1000,4,0.006146811,1
gwcs,../roman/.data/build21/r0000101001001001001_0001_wfi16_f158_cal.asdf,wfi16,eval,1000,5,0.005392984,1
gwcs,../roman/.data/build21/r0000101001001001001_0001_wfi16_f158_cal.asdf,wfi16,eval,1000,6,0.005544142,1
gwcs,../roman/.data/build21/r0000101001001001001_0001_wfi16_f158_cal.asdf,wfi16,eval,1000,7,0.006009249,1
gwcs,../roman/.data/build21/r0000101001001001001_0001_wfi16_f158_cal.asdf,wfi16,eval,1000,8,0.005808481,1
gwcs,../roman/.data/build21/r0000101001001001001_0001_wfi16_f158_cal.asdf,wfi16,eval,1000,9,0.005804652,1
gwcs,../roman/.data/build21/r0000101001001001001_0001_wfi16_f158_cal.asdf,wfi16,eval,1000,10,0.005805462,1
gwcs,../roman/.data/build21/r0000101001001001001_0001_wfi16_f158_cal.asdf,wfi16,eval,1000,11,0.005548865,1
gwcs,../roman/.data/build21/r0000101001001001001_0001_wfi16_f158_cal.asdf,wfi16,eval,1000,12,0.005656190,1
gwcs,../roman/.data/build21/r0000101001001001001_0001_wfi16_f158_cal.asdf,wfi16,eval,1000,13,0.005402156,1
gwcs,../roman/.data/build21/r0000101001001001001_0001_wfi16_f158_cal.asdf,wfi16,eval,1000,14,0.005315487,1
gwcs,../roman/.data/build21/r0000101001001001001_0001_wfi16_f158_cal.asdf,wfi16,eval,1000,15,0.005717723,1
gwcs,../roman/.data/build21/r0000101001001001001_0001_wfi16_f158_cal.asdf,wfi16,eval,1000,16,0.005554595,1
gwcs,../roman/.data/build21/r0000101001001001001_0001_wfi16_f158_cal.asdf,wfi16,eval,1000,17,0.005545470,1
gwcs,../roman/.data/build21/r0000101001001001001_0001_wfi16_f158_cal.asdf,wfi16,eval,1000,18,0.005913170,1
gwcs,../roman/.data/build21/r0000101001001001001_0001_wfi16_f158_cal.asdf,wfi16,eval,1000,19,0.005901099,1
gwcs,../roman/.data/build21/r0000101001001001001_0001_wfi16_f158_cal.asdf,wfi16,eval,10000,0,0.009558985,1
gwcs,../roman/.data/build21/r0000101001001001001_0001_wfi16_f158_cal.asdf,wfi16,eval,10000,1,0.009996017,1
gwcs,../roman/.data/build21/r0000101001001001001_0001_wfi16_f158_cal.asdf,wfi16,eval,10000,2,0.010506557,1
gwcs,../roman/.data/build21/r0000101001001001001_0001_wfi16_f158_cal.asdf,wfi16,eval,10000,3,0.008322292,1
gwcs,../roman/.data/build21/r0000101001001001001_0001_wfi16_f158_cal.asdf,wfi16,eval,10000,4,0.009153493,1
gwcs,../roman/.data/build21/r0000101001001001001_0001_wfi16_f158_cal.asdf,wfi16,eval,10000,5,0.008672772,1
gwcs,../roman/.data/build21/r0000101001001001001_0001_wfi16_f158_cal.asdf,wfi16,eval,10000,6,0.008757330,1
gwcs,../roman/.data/build21/r0000101001001001001_0001_wfi16_f158_cal.asdf,wfi16,eval,10000,7,0.009176061,1
gwcs,../roman/.data/build21/r0000101001001001001_0001_wfi16_f158_cal.asdf,wfi16,eval,10000,8,0.009068731,1
gwcs,../roman/.data/build21/r0000101001001001001_0001_wfi16_f158_cal.asdf,wfi16,eval,10000,9,0.010510858,1
gwcs,../roman/.data/build21/r0000101001001001001_0001_wfi16_f158_cal.asdf,wfi16,eval,100000,0,0.057818978,1
gwcs,../roman/.data/build21/r0000101001001001001_0001_wfi16_f158_cal.asdf,wfi16,eval,100000,1,0.046263162,1
gwcs,../roman/.data/build21/r0000101001001001001_0001_wfi16_f158_cal.asdf,wfi16,eval,100000,2,0.035174110,1
gwcs,../roman/.data/build21/r0000101001001001001_0001_wfi16_f158_cal.asdf,wfi16,eval,100000,3,0.041390148,1
gwcs,../roman/.data/build21/r0000101001001001001_0001_wfi16_f158_cal.asdf,wfi16,eval,100000,4,0.035605377,1
gwcs,../roman/.data/build21/r0000101001001001001_0001_wfi16_f158_cal.asdf,wfi16,eval,1000000,0,0.378508949,1
gwcs,../roman/.data/build21/r0000101001001001001_0001_wfi16_f158_cal.asdf,wfi16,eval,1000000,1,0.368378247,1
gwcs,../roman/.data/build21/r0000101001001001001_0001_wfi16_f158_cal.asdf,wfi16,eval,1000000,2,0.371138590,1
gwcs,../roman/.data/build21/r0000101001001001001_0001_wfi16_f158_cal.asdf,wfi16,eval,10000000,0,6.395091676,1
gwcs,../roman/.data/build21/r0000101001001001001_0001_wfi16_f158_cal.asdf,wfi16,eval,10000000,1,6.599765221,1
gwcs,../roman/.data/build21/r0000101001001001001_0001_wfi16_f158_cal.asdf,wfi16,eval,16711744,0,20.419081897,1
gwcs,../roman/.data/build21/r0000101001001001001_0001_wfi16_f158_cal.asdf,wfi16,eval,16711744,1,20.350103034,1
gwcs,../roman/.data/build21/r0000101001001001001_0001_wfi17_f158_cal.asdf,wfi17,parse_cold,0,0,0.803336876,1
gwcs,../roman/.data/build21/r0000101001001001001_0001_wfi17_f158_cal.asdf,wfi17,parse_hot,0,0,0.669569177,1
gwcs,../roman/.data/build21/r0000101001001001001_0001_wfi17_f158_cal.asdf,wfi17,eval,1,0,0.006137724,1
gwcs,../roman/.data/build21/r0000101001001001001_0001_wfi17_f158_cal.asdf,wfi17,eval,1,1,0.004900864,1
gwcs,../roman/.data/build21/r0000101001001001001_0001_wfi17_f158_cal.asdf,wfi17,eval,1,2,0.004907874,1
gwcs,../roman/.data/build21/r0000101001001001001_0001_wfi17_f158_cal.asdf,wfi17,eval,1,3,0.005044652,1
gwcs,../roman/.data/build21/r0000101001001001001_0001_wfi17_f158_cal.asdf,wfi17,eval,1,4,0.004850972,1
gwcs,../roman/.data/build21/r0000101001001001001_0001_wfi17_f158_cal.asdf,wfi17,eval,1,5,0.005150647,1
gwcs,../roman/.data/build21/r0000101001001001001_0001_wfi17_f158_cal.asdf,wfi17,eval,1,6,0.005121765,1
gwcs,../roman/.data/build21/r0000101001001001001_0001_wfi17_f158_cal.asdf,wfi17,eval,1,7,0.004997549,1
gwcs,../roman/.data/build21/r0000101001001001001_0001_wfi17_f158_cal.asdf,wfi17,eval,1,8,0.004841655,1
gwcs,../roman/.data/build21/r0000101001001001001_0001_wfi17_f158_cal.asdf,wfi17,eval,1,9,0.005084632,1
gwcs,../roman/.data/build21/r0000101001001001001_0001_wfi17_f158_cal.asdf,wfi17,eval,1,10,0.005153452,1
gwcs,../roman/.data/build21/r0000101001001001001_0001_wfi17_f158_cal.asdf,wfi17,eval,1,11,0.004778629,1
gwcs,../roman/.data/build21/r0000101001001001001_0001_wfi17_f158_cal.asdf,wfi17,eval,1,12,0.005084109,1
gwcs,../roman/.data/build21/r0000101001001001001_0001_wfi17_f158_cal.asdf,wfi17,eval,1,13,0.004841673,1
gwcs,../roman/.data/build21/r0000101001001001001_0001_wfi17_f158_cal.asdf,wfi17,eval,1,14,0.004950175,1
gwcs,../roman/.data/build21/r0000101001001001001_0001_wfi17_f158_cal.asdf,wfi17,eval,1,15,0.005186709,1
gwcs,../roman/.data/build21/r0000101001001001001_0001_wfi17_f158_cal.asdf,wfi17,eval,1,16,0.004973252,1
gwcs,../roman/.data/build21/r0000101001001001001_0001_wfi17_f158_cal.asdf,wfi17,eval,1,17,0.004690717,1
gwcs,../roman/.data/build21/r0000101001001001001_0001_wfi17_f158_cal.asdf,wfi17,eval,1,18,0.004900495,1
gwcs,../roman/.data/build21/r0000101001001001001_0001_wfi17_f158_cal.asdf,wfi17,eval,1,19,0.005056176,1
gwcs,../roman/.data/build21/r0000101001001001001_0001_wfi17_f158_cal.asdf,wfi17,eval,1,20,0.004694477,1
gwcs,../roman/.data/build21/r0000101001001001001_0001_wfi17_f158_cal.asdf,wfi17,eval,1,21,0.004735710,1
gwcs,../roman/.data/build21/r0000101001001001001_0001_wfi17_f158_cal.asdf,wfi17,eval,1,22,0.005266204,1
gwcs,../roman/.data/build21/r0000101001001001001_0001_wfi17_f158_cal.asdf,wfi17,eval,1,23,0.004862932,1
gwcs,../roman/.data/build21/r0000101001001001001_0001_wfi17_f158_cal.asdf,wfi17,eval,1,24,0.004824860,1
gwcs,../roman/.data/build21/r0000101001001001001_0001_wfi17_f158_cal.asdf,wfi17,eval,1,25,0.005177987,1
gwcs,../roman/.data/build21/r0000101001001001001_0001_wfi17_f158_cal.asdf,wfi17,eval,1,26,0.005037123,1
gwcs,../roman/.data/build21/r0000101001001001001_0001_wfi17_f158_cal.asdf,wfi17,eval,1,27,0.004713059,1
gwcs,../roman/.data/build21/r0000101001001001001_0001_wfi17_f158_cal.asdf,wfi17,eval,1,28,0.004721945,1
gwcs,../roman/.data/build21/r0000101001001001001_0001_wfi17_f158_cal.asdf,wfi17,eval,1,29,0.005102448,1
gwcs,../roman/.data/build21/r0000101001001001001_0001_wfi17_f158_cal.asdf,wfi17,eval,1,30,0.004716121,1
gwcs,../roman/.data/build21/r0000101001001001001_0001_wfi17_f158_cal.asdf,wfi17,eval,1,31,0.004719640,1
gwcs,../roman/.data/build21/r0000101001001001001_0001_wfi17_f158_cal.asdf,wfi17,eval,1,32,0.005027090,1
gwcs,../roman/.data/build21/r0000101001001001001_0001_wfi17_f158_cal.asdf,wfi17,eval,1,33,0.004946980,1
gwcs,../roman/.data/build21/r0000101001001001001_0001_wfi17_f158_cal.asdf,wfi17,eval,1,34,0.004811537,1
gwcs,../roman/.data/build21/r0000101001001001001_0001_wfi17_f158_cal.asdf,wfi17,eval,1,35,0.005087955,1
gwcs,../roman/.data/build21/r0000101001001001001_0001_wfi17_f158_cal.asdf,wfi17,eval,1,36,0.004971421,1
gwcs,../roman/.data/build21/r0000101001001001001_0001_wfi17_f158_cal.asdf,wfi17,eval,1,37,0.004697317,1
gwcs,../roman/.data/build21/r0000101001001001001_0001_wfi17_f158_cal.asdf,wfi17,eval,1,38,0.004793500,1
gwcs,../roman/.data/build21/r0000101001001001001_0001_wfi17_f158_cal.asdf,wfi17,eval,1,39,0.005128752,1
gwcs,../roman/.data/build21/r0000101001001001001_0001_wfi17_f158_cal.asdf,wfi17,eval,1,40,0.004812153,1
gwcs,../roman/.data/build21/r0000101001001001001_0001_wfi17_f158_cal.asdf,wfi17,eval,1,41,0.004829197,1
gwcs,../roman/.data/build21/r0000101001001001001_0001_wfi17_f158_cal.asdf,wfi17,eval,1,42,0.004985279,1
gwcs,../roman/.data/build21/r0000101001001001001_0001_wfi17_f158_cal.asdf,wfi17,eval,1,43,0.005007164,1
gwcs,../roman/.data/build21/r0000101001001001001_0001_wfi17_f158_cal.asdf,wfi17,eval,1,44,0.004864473,1
gwcs,../roman/.data/build21/r0000101001001001001_0001_wfi17_f158_cal.asdf,wfi17,eval,1,45,0.004906685,1
gwcs,../roman/.data/build21/r0000101001001001001_0001_wfi17_f158_cal.asdf,wfi17,eval,1,46,0.005148623,1
gwcs,../roman/.data/build21/r0000101001001001001_0001_wfi17_f158_cal.asdf,wfi17,eval,1,47,0.004729660,1
gwcs,../roman/.data/build21/r0000101001001001001_0001_wfi17_f158_cal.asdf,wfi17,eval,1,48,0.004658547,1
gwcs,../roman/.data/build21/r0000101001001001001_0001_wfi17_f158_cal.asdf,wfi17,eval,1,49,0.005250763,1
gwcs,../roman/.data/build21/r0000101001001001001_0001_wfi17_f158_cal.asdf,wfi17,eval,1,50,0.005901242,1
gwcs,../roman/.data/build21/r0000101001001001001_0001_wfi17_f158_cal.asdf,wfi17,eval,1,51,0.006891848,1
gwcs,../roman/.data/build21/r0000101001001001001_0001_wfi17_f158_cal.asdf,wfi17,eval,1,52,0.008722704,1
gwcs,../roman/.data/build21/r0000101001001001001_0001_wfi17_f158_cal.asdf,wfi17,eval,1,53,0.005418152,1
gwcs,../roman/.data/build21/r0000101001001001001_0001_wfi17_f158_cal.asdf,wfi17,eval,1,54,0.005586291,1
gwcs,../roman/.data/build21/r0000101001001001001_0001_wfi17_f158_cal.asdf,wfi17,eval,1,55,0.005617711,1
gwcs,../roman/.data/build21/r0000101001001001001_0001_wfi17_f158_cal.asdf,wfi17,eval,1,56,0.005101267,1
gwcs,../roman/.data/build21/r0000101001001001001_0001_wfi17_f158_cal.asdf,wfi17,eval,1,57,0.005276624,1
gwcs,../roman/.data/build21/r0000101001001001001_0001_wfi17_f158_cal.asdf,wfi17,eval,1,58,0.005798928,1
gwcs,../roman/.data/build21/r0000101001001001001_0001_wfi17_f158_cal.asdf,wfi17,eval,1,59,0.005213947,1
gwcs,../roman/.data/build21/r0000101001001001001_0001_wfi17_f158_cal.asdf,wfi17,eval,1,60,0.005329327,1
gwcs,../roman/.data/build21/r0000101001001001001_0001_wfi17_f158_cal.asdf,wfi17,eval,1,61,0.005820436,1
gwcs,../roman/.data/build21/r0000101001001001001_0001_wfi17_f158_cal.asdf,wfi17,eval,1,62,0.005103538,1
gwcs,../roman/.data/build21/r0000101001001001001_0001_wfi17_f158_cal.asdf,wfi17,eval,1,63,0.005514000,1
gwcs,../roman/.data/build21/r0000101001001001001_0001_wfi17_f158_cal.asdf,wfi17,eval,1,64,0.005779210,1
gwcs,../roman/.data/build21/r0000101001001001001_0001_wfi17_f158_cal.asdf,wfi17,eval,1,65,0.005341642,1
gwcs,../roman/.data/build21/r0000101001001001001_0001_wfi17_f158_cal.asdf,wfi17,eval,1,66,0.005810976,1
gwcs,../roman/.data/build21/r0000101001001001001_0001_wfi17_f158_cal.asdf,wfi17,eval,1,67,0.005259662,1
gwcs,../roman/.data/build21/r0000101001001001001_0001_wfi17_f158_cal.asdf,wfi17,eval,1,68,0.005251319,1
gwcs,../roman/.data/build21/r0000101001001001001_0001_wfi17_f158_cal.asdf,wfi17,eval,1,69,0.006770842,1
gwcs,../roman/.data/build21/r0000101001001001001_0001_wfi17_f158_cal.asdf,wfi17,eval,1,70,0.005189738,1
gwcs,../roman/.data/build21/r0000101001001001001_0001_wfi17_f158_cal.asdf,wfi17,eval,1,71,0.005222671,1
gwcs,../roman/.data/build21/r0000101001001001001_0001_wfi17_f158_cal.asdf,wfi17,eval,1,72,0.005262407,1
gwcs,../roman/.data/build21/r0000101001001001001_0001_wfi17_f158_cal.asdf,wfi17,eval,1,73,0.005259822,1
gwcs,../roman/.data/build21/r0000101001001001001_0001_wfi17_f158_cal.asdf,wfi17,eval,1,74,0.004910863,1
gwcs,../roman/.data/build21/r0000101001001001001_0001_wfi17_f158_cal.asdf,wfi17,eval,1,75,0.004823259,1
gwcs,../roman/.data/build21/r0000101001001001001_0001_wfi17_f158_cal.asdf,wfi17,eval,1,76,0.005155638,1
gwcs,../roman/.data/build21/r0000101001001001001_0001_wfi17_f158_cal.asdf,wfi17,eval,1,77,0.005071037,1
gwcs,../roman/.data/build21/r0000101001001001001_0001_wfi17_f158_cal.asdf,wfi17,eval,1,78,0.004821579,1
gwcs,../roman/.data/build21/r0000101001001001001_0001_wfi17_f158_cal.asdf,wfi17,eval,1,79,0.005121456,1
gwcs,../roman/.data/build21/r0000101001001001001_0001_wfi17_f158_cal.asdf,wfi17,eval,1,80,0.005188722,1
gwcs,../roman/.data/build21/r0000101001001001001_0001_wfi17_f158_cal.asdf,wfi17,eval,1,81,0.004991168,1
gwcs,../roman/.data/build21/r0000101001001001001_0001_wfi17_f158_cal.asdf,wfi17,eval,1,82,0.005259311,1
gwcs,../roman/.data/build21/r0000101001001001001_0001_wfi17_f158_cal.asdf,wfi17,eval,1,83,0.004890547,1
gwcs,../roman/.data/build21/r0000101001001001001_0001_wfi17_f158_cal.asdf,wfi17,eval,1,84,0.004834241,1
gwcs,../roman/.data/build21/r0000101001001001001_0001_wfi17_f158_cal.asdf,wfi17,eval,1,85,0.004814775,1
gwcs,../roman/.data/build21/r0000101001001001001_0001_wfi17_f158_cal.asdf,wfi17,eval,1,86,0.005290224,1
gwcs,../roman/.data/build21/r0000101001001001001_0001_wfi17_f158_cal.asdf,wfi17,eval,1,87,0.004940584,1
gwcs,../roman/.data/build21/r0000101001001001001_0001_wfi17_f158_cal.asdf,wfi17,eval,1,88,0.005122069,1
gwcs,../roman/.data/build21/r0000101001001001001_0001_wfi17_f158_cal.asdf,wfi17,eval,1,89,0.005156138,1
gwcs,../roman/.data/build21/r0000101001001001001_0001_wfi17_f158_cal.asdf,wfi17,eval,1,90,0.005116270,1
gwcs,../roman/.data/build21/r0000101001001001001_0001_wfi17_f158_cal.asdf,wfi17,eval,1,91,0.004998033,1
gwcs,../roman/.data/build21/r0000101001001001001_0001_wfi17_f158_cal.asdf,wfi17,eval,1,92,0.005274091,1
gwcs,../roman/.data/build21/r0000101001001001001_0001_wfi17_f158_cal.asdf,wfi17,eval,1,93,0.005519371,1
gwcs,../roman/.data/build21/r0000101001001001001_0001_wfi17_f158_cal.asdf,wfi17,eval,1,94,0.005409209,1
gwcs,../roman/.data/build21/r0000101001001001001_0001_wfi17_f158_cal.asdf,wfi17,eval,1,95,0.005553825,1
gwcs,../roman/.data/build21/r0000101001001001001_0001_wfi17_f158_cal.asdf,wfi17,eval,1,96,0.005148214,1
gwcs,../roman/.data/build21/r0000101001001001001_0001_wfi17_f158_cal.asdf,wfi17,eval,1,97,0.004883364,1
gwcs,../roman/.data/build21/r0000101001001001001_0001_wfi17_f158_cal.asdf,wfi17,eval,1,98,0.005973039,1
gwcs,../roman/.data/build21/r0000101001001001001_0001_wfi17_f158_cal.asdf,wfi17,eval,1,99,0.005020136,1
gwcs,../roman/.data/build21/r0000101001001001001_0001_wfi17_f158_cal.asdf,wfi17,eval,10,0,0.005642315,1
gwcs,../roman/.data/build21/r0000101001001001001_0001_wfi17_f158_cal.asdf,wfi17,eval,10,1,0.005328773,1
gwcs,../roman/.data/build21/r0000101001001001001_0001_wfi17_f158_cal.asdf,wfi17,eval,10,2,0.005319934,1
gwcs,../roman/.data/build21/r0000101001001001001_0001_wfi17_f158_cal.asdf,wfi17,eval,10,3,0.004891095,1
gwcs,../roman/.data/build21/r0000101001001001001_0001_wfi17_f158_cal.asdf,wfi17,eval,10,4,0.005254406,1
gwcs,../roman/.data/build21/r0000101001001001001_0001_wfi17_f158_cal.asdf,wfi17,eval,10,5,0.005054072,1
gwcs,../roman/.data/build21/r0000101001001001001_0001_wfi17_f158_cal.asdf,wfi17,eval,10,6,0.005112833,1
gwcs,../roman/.data/build21/r0000101001001001001_0001_wfi17_f158_cal.asdf,wfi17,eval,10,7,0.004980728,1
gwcs,../roman/.data/build21/r0000101001001001001_0001_wfi17_f158_cal.asdf,wfi17,eval,10,8,0.005110789,1
gwcs,../roman/.data/build21/r0000101001001001001_0001_wfi17_f158_cal.asdf,wfi17,eval,10,9,0.005166704,1
gwcs,../roman/.data/build21/r0000101001001001001_0001_wfi17_f158_cal.asdf,wfi17,eval,10,10,0.005145713,1
gwcs,../roman/.data/build21/r0000101001001001001_0001_wfi17_f158_cal.asdf,wfi17,eval,10,11,0.004965520,1
gwcs,../roman/.data/build21/r0000101001001001001_0001_wfi17_f158_cal.asdf,wfi17,eval,10,12,0.005030422,1
gwcs,../roman/.data/build21/r0000101001001001001_0001_wfi17_f158_cal.asdf,wfi17,eval,10,13,0.005229807,1
gwcs,../roman/.data/build21/r0000101001001001001_0001_wfi17_f158_cal.asdf,wfi17,eval,10,14,0.005011735,1
gwcs,../roman/.data/build21/r0000101001001001001_0001_wfi17_f158_cal.asdf,wfi17,eval,10,15,0.005184455,1
gwcs,../roman/.data/build21/r0000101001001001001_0001_wfi17_f158_cal.asdf,wfi17,eval,10,16,0.005212320,1
gwcs,../roman/.data/build21/r0000101001001001001_0001_wfi17_f158_cal.asdf,wfi17,eval,10,17,0.005121156,1
gwcs,../roman/.data/build21/r0000101001001001001_0001_wfi17_f158_cal.asdf,wfi17,eval,10,18,0.005026838,1
gwcs,../roman/.data/build21/r0000101001001001001_0001_wfi17_f158_cal.asdf,wfi17,eval,10,19,0.005336322,1
gwcs,../roman/.data/build21/r0000101001001001001_0001_wfi17_f158_cal.asdf,wfi17,eval,10,20,0.005079627,1
gwcs,../roman/.data/build21/r0000101001001001001_0001_wfi17_f158_cal.asdf,wfi17,eval,10,21,0.005693491,1
gwcs,../roman/.data/build21/r0000101001001001001_0001_wfi17_f158_cal.asdf,wfi17,eval,10,22,0.006169315,1
gwcs,../roman/.data/build21/r0000101001001001001_0001_wfi17_f158_cal.asdf,wfi17,eval,10,23,0.004833295,1
gwcs,../roman/.data/build21/r0000101001001001001_0001_wfi17_f158_cal.asdf,wfi17,eval,10,24,0.004865007,1
gwcs,../roman/.data/build21/r0000101001001001001_0001_wfi17_f158_cal.asdf,wfi17,eval,10,25,0.004896037,1
gwcs,../roman/.data/build21/r0000101001001001001_0001_wfi17_f158_cal.asdf,wfi17,eval,10,26,0.004814686,1
gwcs,../roman/.data/build21/r0000101001001001001_0001_wfi17_f158_cal.asdf,wfi17,eval,10,27,0.004922792,1
gwcs,../roman/.data/build21/r0000101001001001001_0001_wfi17_f158_cal.asdf,wfi17,eval,10,28,0.004925639,1
gwcs,../roman/.data/build21/r0000101001001001001_0001_wfi17_f158_cal.asdf,wfi17,eval,10,29,0.004916066,1
gwcs,../roman/.data/build21/r0000101001001001001_0001_wfi17_f158_cal.asdf,wfi17,eval,10,30,0.004833450,1
gwcs,../roman/.data/build21/r0000101001001001001_0001_wfi17_f158_cal.asdf,wfi17,eval,10,31,0.005126460,1
gwcs,../roman/.data/build21/r0000101001001001001_0001_wfi17_f158_cal.asdf,wfi17,eval,10,32,0.005040549,1
gwcs,../roman/.data/build21/r0000101001001001001_0001_wfi17_f158_cal.asdf,wfi17,eval,10,33,0.005066279,1
gwcs,../roman/.data/build21/r0000101001001001001_0001_wfi17_f158_cal.asdf,wfi17,eval,10,34,0.005197697,1
gwcs,../roman/.data/build21/r0000101001001001001_0001_wfi17_f158_cal.asdf,wfi17,eval,10,35,0.005206903,1
gwcs,../roman/.data/build21/r0000101001001001001_0001_wfi17_f158_cal.asdf,wfi17,eval,10,36,0.005012402,1
gwcs,../roman/.data/build21/r0000101001001001001_0001_wfi17_f158_cal.asdf,wfi17,eval,10,37,0.004971146,1
gwcs,../roman/.data/build21/r0000101001001001001_0001_wfi17_f158_cal.asdf,wfi17,eval,10,38,0.005374989,1
gwcs,../roman/.data/build21/r0000101001001001001_0001_wfi17_f158_cal.asdf,wfi17,eval,10,39,0.005169516,1
gwcs,../roman/.data/build21/r0000101001001001001_0001_wfi17_f158_cal.asdf,wfi17,eval,10,40,0.005122357,1
gwcs,../roman/.data/build21/r0000101001001001001_0001_wfi17_f158_cal.asdf,wfi17,eval,10,41,0.005076560,1
gwcs,../roman/.data/build21/r0000101001001001001_0001_wfi17_f158_cal.asdf,wfi17,eval,10,42,0.005160840,1
gwcs,../roman/.data/build21/r0000101001001001001_0001_wfi17_f158_cal.asdf,wfi17,eval,10,43,0.005005796,1
gwcs,../roman/.data/build21/r0000101001001001001_0001_wfi17_f158_cal.asdf,wfi17,eval,10,44,0.005337736,1
gwcs,../roman/.data/build21/r0000101001001001001_0001_wfi17_f158_cal.asdf,wfi17,eval,10,45,0.004996097,1
gwcs,../roman/.data/build21/r0000101001001001001_0001_wfi17_f158_cal.asdf,wfi17,eval,10,46,0.005161836,1
gwcs,../roman/.data/build21/r0000101001001001001_0001_wfi17_f158_cal.asdf,wfi17,eval,10,47,0.004946004,1
gwcs,../roman/.data/build21/r0000101001001001001_0001_wfi17_f158_cal.asdf,wfi17,eval,10,48,0.005368598,1
gwcs,../roman/.data/build21/r0000101001001001001_0001_wfi17_f158_cal.asdf,wfi17,eval,10,49,0.005079796,1
gwcs,../roman/.data/build21/r0000101001001001001_0001_wfi17_f158_cal.asdf,wfi17,eval,10,50,0.005185014,1
gwcs,../roman/.data/build21/r0000101001001001001_0001_wfi17_f158_cal.asdf,wfi17,eval,10,51,0.005180666,1
gwcs,../roman/.data/build21/r0000101001001001001_0001_wfi17_f158_cal.asdf,wfi17,eval,10,52,0.005135782,1
gwcs,../roman/.data/build21/r0000101001001001001_0001_wfi17_f158_cal.asdf,wfi17,eval,10,53,0.004894113,1
gwcs,../roman/.data/build21/r0000101001001001001_0001_wfi17_f158_cal.asdf,wfi17,eval,10,54,0.005228614,1
gwcs,../roman/.data/build21/r0000101001001001001_0001_wfi17_f158_cal.asdf,wfi17,eval,10,55,0.005108383,1
gwcs,../roman/.data/build21/r0000101001001001001_0001_wfi17_f158_cal.asdf,wfi17,eval,10,56,0.005152694,1
gwcs,../roman/.data/build21/r0000101001001001001_0001_wfi17_f158_cal.asdf,wfi17,eval,10,57,0.007305864,1
gwcs,../roman/.data/build21/r0000101001001001001_0001_wfi17_f158_cal.asdf,wfi17,eval,10,58,0.005938947,1
gwcs,../roman/.data/build21/r0000101001001001001_0001_wfi17_f158_cal.asdf,wfi17,eval,10,59,0.007384798,1
gwcs,../roman/.data/build21/r0000101001001001001_0001_wfi17_f158_cal.asdf,wfi17,eval,10,60,0.008557698,1
gwcs,../roman/.data/build21/r0000101001001001001_0001_wfi17_f158_cal.asdf,wfi17,eval,10,61,0.005024148,1
gwcs,../roman/.data/build21/r0000101001001001001_0001_wfi17_f158_cal.asdf,wfi17,eval,10,62,0.005551563,1
gwcs,../roman/.data/build21/r0000101001001001001_0001_wfi17_f158_cal.asdf,wfi17,eval,10,63,0.005265408,1
gwcs,../roman/.data/build21/r0000101001001001001_0001_wfi17_f158_cal.asdf,wfi17,eval,10,64,0.004936391,1
gwcs,../roman/.data/build21/r0000101001001001001_0001_wfi17_f158_cal.asdf,wfi17,eval,10,65,0.005240782,1
gwcs,../roman/.data/build21/r0000101001001001001_0001_wfi17_f158_cal.asdf,wfi17,eval,10,66,0.005001422,1
gwcs,../roman/.data/build21/r0000101001001001001_0001_wfi17_f158_cal.asdf,wfi17,eval,10,67,0.005189917,1
gwcs,../roman/.data/build21/r0000101001001001001_0001_wfi17_f158_cal.asdf,wfi17,eval,10,68,0.004996762,1
gwcs,../roman/.data/build21/r0000101001001001001_0001_wfi17_f158_cal.asdf,wfi17,eval,10,69,0.005301961,1
gwcs,../roman/.data/build21/r0000101001001001001_0001_wfi17_f158_cal.asdf,wfi17,eval,10,70,0.004947463,1
gwcs,../roman/.data/build21/r0000101001001001001_0001_wfi17_f158_cal.asdf,wfi17,eval,10,71,0.005094165,1
gwcs,../roman/.data/build21/r0000101001001001001_0001_wfi17_f158_cal.asdf,wfi17,eval,10,72,0.005055035,1
gwcs,../roman/.data/build21/r0000101001001001001_0001_wfi17_f158_cal.asdf,wfi17,eval,10,73,0.005166120,1
gwcs,../roman/.data/build21/r0000101001001001001_0001_wfi17_f158_cal.asdf,wfi17,eval,10,74,0.005093437,1
gwcs,../roman/.data/build21/r0000101001001001001_0001_wfi17_f158_cal.asdf,wfi17,eval,10,75,0.005206437,1
gwcs,../roman/.data/build21/r0000101001001001001_0001_wfi17_f158_cal.asdf,wfi17,eval,10,76,0.005066035,1
gwcs,../roman/.data/build21/r0000101001001001001_0001_wfi17_f158_cal.asdf,wfi17,eval,10,77,0.005023223,1
gwcs,../roman/.data/build21/r0000101001001001001_0001_wfi17_f158_cal.asdf,wfi17,eval,10,78,0.005350082,1
gwcs,../roman/.data/build21/r0000101001001001001_0001_wfi17_f158_cal.asdf,wfi17,eval,10,79,0.004870849,1
gwcs,../roman/.data/build21/r0000101001001001001_0001_wfi17_f158_cal.asdf,wfi17,eval,10,80,0.004839261,1
gwcs,../roman/.data/build21/r0000101001001001001_0001_wfi17_f158_cal.asdf,wfi17,eval,10,81,0.004793082,1
gwcs,../roman/.data/build21/r0000101001001001001_0001_wfi17_f158_cal.asdf,wfi17,eval,10,82,0.005566285,1
gwcs,../roman/.data/build21/r0000101001001001001_0001_wfi17_f158_cal.asdf,wfi17,eval,10,83,0.005261282,1
gwcs,../roman/.data/build21/r0000101001001001001_0001_wfi17_f158_cal.asdf,wfi17,eval,10,84,0.005151551,1
gwcs,../roman/.data/build21/r0000101001001001001_0001_wfi17_f158_cal.asdf,wfi17,eval,10,85,0.005106279,1
gwcs,../roman/.data/build21/r0000101001001001001_0001_wfi17_f158_cal.asdf,wfi17,eval,10,86,0.009149242,1
gwcs,../roman/.data/build21/r0000101001001001001_0001_wfi17_f158_cal.asdf,wfi17,eval,10,87,0.007866233,1
gwcs,../roman/.data/build21/r0000101001001001001_0001_wfi17_f158_cal.asdf,wfi17,eval,10,88,0.004904142,1
gwcs,../roman/.data/build21/r0000101001001001001_0001_wfi17_f158_cal.asdf,wfi17,eval,10,89,0.005648701,1
gwcs,../roman/.data/build21/r0000101001001001001_0001_wfi17_f158_cal.asdf,wfi17,eval,10,90,0.007209179,1
gwcs,../roman/.data/build21/r0000101001001001001_0001_wfi17_f158_cal.asdf,wfi17,eval,10,91,0.004970446,1
gwcs,../roman/.data/build21/r0000101001001001001_0001_wfi17_f158_cal.asdf,wfi17,eval,10,92,0.004970039,1
gwcs,../roman/.data/build21/r0000101001001001001_0001_wfi17_f158_cal.asdf,wfi17,eval,10,93,0.005016014,1
gwcs,../roman/.data/build21/r0000101001001001001_0001_wfi17_f158_cal.asdf,wfi17,eval,10,94,0.004917030,1
gwcs,../roman/.data/build21/r0000101001001001001_0001_wfi17_f158_cal.asdf,wfi17,eval,10,95,0.004778705,1
gwcs,../roman/.data/build21/r0000101001001001001_0001_wfi17_f158_cal.asdf,wfi17,eval,10,96,0.004865883,1
gwcs,../roman/.data/build21/r0000101001001001001_0001_wfi17_f158_cal.asdf,wfi17,eval,10,97,0.005015432,1
gwcs,../roman/.data/build21/r0000101001001001001_0001_wfi17_f158_cal.asdf,wfi17,eval,10,98,0.004799338,1
gwcs,../roman/.data/build21/r0000101001001001001_0001_wfi17_f158_cal.asdf,wfi17,eval,10,99,0.004848468,1
gwcs,../roman/.data/build21/r0000101001001001001_0001_wfi17_f158_cal.asdf,wfi17,eval,100,0,0.005609716,1
gwcs,../roman/.data/build21/r0000101001001001001_0001_wfi17_f158_cal.asdf,wfi17,eval,100,1,0.005218291,1
gwcs,../roman/.data/build21/r0000101001001001001_0001_wfi17_f158_cal.asdf,wfi17,eval,100,2,0.004899076,1
gwcs,../roman/.data/build21/r0000101001001001001_0001_wfi17_f158_cal.asdf,wfi17,eval,100,3,0.005130613,1
gwcs,../roman/.data/build21/r0000101001001001001_0001_wfi17_f158_cal.asdf,wfi17,eval,100,4,0.005003258,1
gwcs,../roman/.data/build21/r0000101001001001001_0001_wfi17_f158_cal.asdf,wfi17,eval,100,5,0.004866850,1
gwcs,../roman/.data/build21/r0000101001001001001_0001_wfi17_f158_cal.asdf,wfi17,eval,100,6,0.004937301,1
gwcs,../roman/.data/build21/r0000101001001001001_0001_wfi17_f158_cal.asdf,wfi17,eval,100,7,0.004876416,1
gwcs,../roman/.data/build21/r0000101001001001001_0001_wfi17_f158_cal.asdf,wfi17,eval,100,8,0.004800416,1
gwcs,../roman/.data/build21/r0000101001001001001_0001_wfi17_f158_cal.asdf,wfi17,eval,100,9,0.004834233,1
gwcs,../roman/.data/build21/r0000101001001001001_0001_wfi17_f158_cal.asdf,wfi17,eval,100,10,0.005122380,1
gwcs,../roman/.data/build21/r0000101001001001001_0001_wfi17_f158_cal.asdf,wfi17,eval,100,11,0.004939889,1
gwcs,../roman/.data/build21/r0000101001001001001_0001_wfi17_f158_cal.asdf,wfi17,eval,100,12,0.004885219,1
gwcs,../roman/.data/build21/r0000101001001001001_0001_wfi17_f158_cal.asdf,wfi17,eval,100,13,0.004933061,1
gwcs,../roman/.data/build21/r0000101001001001001_0001_wfi17_f158_cal.asdf,wfi17,eval,100,14,0.004931312,1
gwcs,../roman/.data/build21/r0000101001001001001_0001_wfi17_f158_cal.asdf,wfi17,eval,100,15,0.004817758,1
gwcs,../roman/.data/build21/r0000101001001001001_0001_wfi17_f158_cal.asdf,wfi17,eval,100,16,0.004855103,1
gwcs,../roman/.data/build21/r0000101001001001001_0001_wfi17_f158_cal.asdf,wfi17,eval,100,17,0.004882473,1
gwcs,../roman/.data/build21/r0000101001001001001_0001_wfi17_f158_cal.asdf,wfi17,eval,100,18,0.004797630,1
gwcs,../roman/.data/build21/r0000101001001001001_0001_wfi17_f158_cal.asdf,wfi17,eval,100,19,0.004870889,1
gwcs,../roman/.data/build21/r0000101001001001001_0001_wfi17_f158_cal.asdf,wfi17,eval,100,20,0.004905093,1
gwcs,../roman/.data/build21/r0000101001001001001_0001_wfi17_f158_cal.asdf,wfi17,eval,100,21,0.004850570,1
gwcs,../roman/.data/build21/r0000101001001001001_0001_wfi17_f158_cal.asdf,wfi17,eval,100,22,0.004820229,1
gwcs,../roman/.data/build21/r0000101001001001001_0001_wfi17_f158_cal.asdf,wfi17,eval,100,23,0.004904942,1
gwcs,../roman/.data/build21/r0000101001001001001_0001_wfi17_f158_cal.asdf,wfi17,eval,100,24,0.004955512,1
gwcs,../roman/.data/build21/r0000101001001001001_0001_wfi17_f158_cal.asdf,wfi17,eval,100,25,0.004860230,1
gwcs,../roman/.data/build21/r0000101001001001001_0001_wfi17_f158_cal.asdf,wfi17,eval,100,26,0.004810845,1
gwcs,../roman/.data/build21/r0000101001001001001_0001_wfi17_f158_cal.asdf,wfi17,eval,100,27,0.005182824,1
gwcs,../roman/.data/build21/r0000101001001001001_0001_wfi17_f158_cal.asdf,wfi17,eval,100,28,0.005084327,1
gwcs,../roman/.data/build21/r0000101001001001001_0001_wfi17_f158_cal.asdf,wfi17,eval,100,29,0.004947040,1
gwcs,../roman/.data/build21/r0000101001001001001_0001_wfi17_f158_cal.asdf,wfi17,eval,100,30,0.004983186,1
gwcs,../roman/.data/build21/r0000101001001001001_0001_wfi17_f158_cal.asdf,wfi17,eval,100,31,0.004900525,1
gwcs,../roman/.data/build21/r0000101001001001001_0001_wfi17_f158_cal.asdf,wfi17,eval,100,32,0.004825812,1
gwcs,../roman/.data/build21/r0000101001001001001_0001_wfi17_f158_cal.asdf,wfi17,eval,100,33,0.004921108,1
gwcs,../roman/.data/build21/r0000101001001001001_0001_wfi17_f158_cal.asdf,wfi17,eval,100,34,0.005007857,1
gwcs,../roman/.data/build21/r0000101001001001001_0001_wfi17_f158_cal.asdf,wfi17,eval,100,35,0.004969393,1
gwcs,../roman/.data/build21/r0000101001001001001_0001_wfi17_f158_cal.asdf,wfi17,eval,100,36,0.004817412,1
gwcs,../roman/.data/build21/r0000101001001001001_0001_wfi17_f158_cal.asdf,wfi17,eval,100,37,0.004962257,1
gwcs,../roman/.data/build21/r0000101001001001001_0001_wfi17_f158_cal.asdf,wfi17,eval,100,38,0.004854400,1
gwcs,../roman/.data/build21/r0000101001001001001_0001_wfi17_f158_cal.asdf,wfi17,eval,100,39,0.004877927,1
gwcs,../roman/.data/build21/r0000101001001001001_0001_wfi17_f158_cal.asdf,wfi17,eval,100,40,0.004972156,1
gwcs,../roman/.data/build21/r0000101001001001001_0001_wfi17_f158_cal.asdf,wfi17,eval,100,41,0.004882443,1
gwcs,../roman/.data/build21/r0000101001001001001_0001_wfi17_f158_cal.asdf,wfi17,eval,100,42,0.004849960,1
gwcs,../roman/.data/build21/r0000101001001001001_0001_wfi17_f158_cal.asdf,wfi17,eval,100,43,0.004911750,1
gwcs,../roman/.data/build21/r0000101001001001001_0001_wfi17_f158_cal.asdf,wfi17,eval,100,44,0.004964273,1
gwcs,../roman/.data/build21/r0000101001001001001_0001_wfi17_f158_cal.asdf,wfi17,eval,100,45,0.005021109,1
gwcs,../roman/.data/build21/r0000101001001001001_0001_wfi17_f158_cal.asdf,wfi17,eval,100,46,0.004864247,1
gwcs,../roman/.data/build21/r0000101001001001001_0001_wfi17_f158_cal.asdf,wfi17,eval,100,47,0.005061266,1
gwcs,../roman/.data/build21/r0000101001001001001_0001_wfi17_f158_cal.asdf,wfi17,eval,100,48,0.004848257,1
gwcs,../roman/.data/build21/r0000101001001001001_0001_wfi17_f158_cal.asdf,wfi17,eval,100,49,0.004822188,1
gwcs,../roman/.data/build21/r0000101001001001001_0001_wfi17_f158_cal.asdf,wfi17,eval,1000,0,0.005764954,1
gwcs,../roman/.data/build21/r0000101001001001001_0001_wfi17_f158_cal.asdf,wfi17,eval,1000,1,0.005747865,1
gwcs,../roman/.data/build21/r0000101001001001001_0001_wfi17_f158_cal.asdf,wfi17,eval,1000,2,0.005233341,1
gwcs,../roman/.data/build21/r0000101001001001001_0001_wfi17_f158_cal.asdf,wfi17,eval,1000,3,0.005393434,1
gwcs,../roman/.data/build21/r0000101001001001001_0001_wfi17_f158_cal.asdf,wfi17,eval,1000,4,0.005926402,1
gwcs,../roman/.data/build21/r0000101001001001001_0001_wfi17_f158_cal.asdf,wfi17,eval,1000,5,0.007688526,1
gwcs,../roman/.data/build21/r0000101001001001001_0001_wfi17_f158_cal.asdf,wfi17,eval,1000,6,0.009588602,1
gwcs,../roman/.data/build21/r0000101001001001001_0001_wfi17_f158_cal.asdf,wfi17,eval,1000,7,0.005579073,1
gwcs,../roman/.data/build21/r0000101001001001001_0001_wfi17_f158_cal.asdf,wfi17,eval,1000,8,0.006691121,1
gwcs,../roman/.data/build21/r0000101001001001001_0001_wfi17_f158_cal.asdf,wfi17,eval,1000,9,0.005845382,1
gwcs,../roman/.data/build21/r0000101001001001001_0001_wfi17_f158_cal.asdf,wfi17,eval,1000,10,0.006534686,1
gwcs,../roman/.data/build21/r0000101001001001001_0001_wfi17_f158_cal.asdf,wfi17,eval,1000,11,0.005786919,1
gwcs,../roman/.data/build21/r0000101001001001001_0001_wfi17_f158_cal.asdf,wfi17,eval,1000,12,0.006127856,1
gwcs,../roman/.data/build21/r0000101001001001001_0001_wfi17_f158_cal.asdf,wfi17,eval,1000,13,0.005618831,1
gwcs,../roman/.data/build21/r0000101001001001001_0001_wfi17_f158_cal.asdf,wfi17,eval,1000,14,0.006143063,1
gwcs,../roman/.data/build21/r0000101001001001001_0001_wfi17_f158_cal.asdf,wfi17,eval,1000,15,0.005543141,1
gwcs,../roman/.data/build21/r0000101001001001001_0001_wfi17_f158_cal.asdf,wfi17,eval,1000,16,0.006032206,1
gwcs,../roman/.data/build21/r0000101001001001001_0001_wfi17_f158_cal.asdf,wfi17,eval,1000,17,0.005710315,1
gwcs,../roman/.data/build21/r0000101001001001001_0001_wfi17_f158_cal.asdf,wfi17,eval,1000,18,0.005920572,1
gwcs,../roman/.data/build21/r0000101001001001001_0001_wfi17_f158_cal.asdf,wfi17,eval,1000,19,0.005661672,1
gwcs,../roman/.data/build21/r0000101001001001001_0001_wfi17_f158_cal.asdf,wfi17,eval,10000,0,0.009818998,1
gwcs,../roman/.data/build21/r0000101001001001001_0001_wfi17_f158_cal.asdf,wfi17,eval,10000,1,0.008665260,1
gwcs,../roman/.data/build21/r0000101001001001001_0001_wfi17_f158_cal.asdf,wfi17,eval,10000,2,0.007984367,1
gwcs,../roman/.data/build21/r0000101001001001001_0001_wfi17_f158_cal.asdf,wfi17,eval,10000,3,0.008346802,1
gwcs,../roman/.data/build21/r0000101001001001001_0001_wfi17_f158_cal.asdf,wfi17,eval,10000,4,0.008136656,1
gwcs,../roman/.data/build21/r0000101001001001001_0001_wfi17_f158_cal.asdf,wfi17,eval,10000,5,0.008429747,1
gwcs,../roman/.data/build21/r0000101001001001001_0001_wfi17_f158_cal.asdf,wfi17,eval,10000,6,0.008355692,1
gwcs,../roman/.data/build21/r0000101001001001001_0001_wfi17_f158_cal.asdf,wfi17,eval,10000,7,0.008424568,1
gwcs,../roman/.data/build21/r0000101001001001001_0001_wfi17_f158_cal.asdf,wfi17,eval,10000,8,0.008355408,1
gwcs,../roman/.data/build21/r0000101001001001001_0001_wfi17_f158_cal.asdf,wfi17,eval,10000,9,0.008454452,1
gwcs,../roman/.data/build21/r0000101001001001001_0001_wfi17_f158_cal.asdf,wfi17,eval,100000,0,0.036772265,1
gwcs,../roman/.data/build21/r0000101001001001001_0001_wfi17_f158_cal.asdf,wfi17,eval,100000,1,0.035506383,1
gwcs,../roman/.data/build21/r0000101001001001001_0001_wfi17_f158_cal.asdf,wfi17,eval,100000,2,0.035884559,1
gwcs,../roman/.data/build21/r0000101001001001001_0001_wfi17_f158_cal.asdf,wfi17,eval,100000,3,0.038124981,1
gwcs,../roman/.data/build21/r0000101001001001001_0001_wfi17_f158_cal.asdf,wfi17,eval,100000,4,0.036178562,1
gwcs,../roman/.data/build21/r0000101001001001001_0001_wfi17_f158_cal.asdf,wfi17,eval,1000000,0,0.382977190,1
gwcs,../roman/.data/build21/r0000101001001001001_0001_wfi17_f158_cal.asdf,wfi17,eval,1000000,1,0.369631103,1
gwcs,../roman/.data/build21/r0000101001001001001_0001_wfi17_f158_cal.asdf,wfi17,eval,1000000,2,0.383164032,1
gwcs,../roman/.data/build21/r0000101001001001001_0001_wfi17_f158_cal.asdf,wfi17,eval,10000000,0,6.381582960,1
gwcs,../roman/.data/build21/r0000101001001001001_0001_wfi17_f158_cal.asdf,wfi17,eval,10000000,1,6.372798288,1
gwcs,../roman/.data/build21/r0000101001001001001_0001_wfi17_f158_cal.asdf,wfi17,eval,16711744,0,19.075473983,1
gwcs,../roman/.data/build21/r0000101001001001001_0001_wfi17_f158_cal.asdf,wfi17,eval,16711744,1,18.472879318,1
gwcs,../roman/.data/build21/r0000101001001001001_0001_wfi18_f158_cal.asdf,wfi18,parse_cold,0,0,0.818363572,1
gwcs,../roman/.data/build21/r0000101001001001001_0001_wfi18_f158_cal.asdf,wfi18,parse_hot,0,0,0.573666745,1
gwcs,../roman/.data/build21/r0000101001001001001_0001_wfi18_f158_cal.asdf,wfi18,eval,1,0,0.005931561,1
gwcs,../roman/.data/build21/r0000101001001001001_0001_wfi18_f158_cal.asdf,wfi18,eval,1,1,0.004899584,1
gwcs,../roman/.data/build21/r0000101001001001001_0001_wfi18_f158_cal.asdf,wfi18,eval,1,2,0.004729781,1
gwcs,../roman/.data/build21/r0000101001001001001_0001_wfi18_f158_cal.asdf,wfi18,eval,1,3,0.004824872,1
gwcs,../roman/.data/build21/r0000101001001001001_0001_wfi18_f158_cal.asdf,wfi18,eval,1,4,0.005138298,1
gwcs,../roman/.data/build21/r0000101001001001001_0001_wfi18_f158_cal.asdf,wfi18,eval,1,5,0.004799456,1
gwcs,../roman/.data/build21/r0000101001001001001_0001_wfi18_f158_cal.asdf,wfi18,eval,1,6,0.004721272,1
gwcs,../roman/.data/build21/r0000101001001001001_0001_wfi18_f158_cal.asdf,wfi18,eval,1,7,0.004847461,1
gwcs,../roman/.data/build21/r0000101001001001001_0001_wfi18_f158_cal.asdf,wfi18,eval,1,8,0.004788353,1
gwcs,../roman/.data/build21/r0000101001001001001_0001_wfi18_f158_cal.asdf,wfi18,eval,1,9,0.005280695,1
gwcs,../roman/.data/build21/r0000101001001001001_0001_wfi18_f158_cal.asdf,wfi18,eval,1,10,0.004849257,1
gwcs,../roman/.data/build21/r0000101001001001001_0001_wfi18_f158_cal.asdf,wfi18,eval,1,11,0.004808498,1
gwcs,../roman/.data/build21/r0000101001001001001_0001_wfi18_f158_cal.asdf,wfi18,eval,1,12,0.004804951,1
gwcs,../roman/.data/build21/r0000101001001001001_0001_wfi18_f158_cal.asdf,wfi18,eval,1,13,0.004767995,1
gwcs,../roman/.data/build21/r0000101001001001001_0001_wfi18_f158_cal.asdf,wfi18,eval,1,14,0.004846106,1
gwcs,../roman/.data/build21/r0000101001001001001_0001_wfi18_f158_cal.asdf,wfi18,eval,1,15,0.004723401,1
gwcs,../roman/.data/build21/r0000101001001001001_0001_wfi18_f158_cal.asdf,wfi18,eval,1,16,0.004724878,1
gwcs,../roman/.data/build21/r0000101001001001001_0001_wfi18_f158_cal.asdf,wfi18,eval,1,17,0.005388840,1
gwcs,../roman/.data/build21/r0000101001001001001_0001_wfi18_f158_cal.asdf,wfi18,eval,1,18,0.004871512,1
gwcs,../roman/.data/build21/r0000101001001001001_0001_wfi18_f158_cal.asdf,wfi18,eval,1,19,0.004720815,1
gwcs,../roman/.data/build21/r0000101001001001001_0001_wfi18_f158_cal.asdf,wfi18,eval,1,20,0.004772858,1
gwcs,../roman/.data/build21/r0000101001001001001_0001_wfi18_f158_cal.asdf,wfi18,eval,1,21,0.004780693,1
gwcs,../roman/.data/build21/r0000101001001001001_0001_wfi18_f158_cal.asdf,wfi18,eval,1,22,0.004703427,1
gwcs,../roman/.data/build21/r0000101001001001001_0001_wfi18_f158_cal.asdf,wfi18,eval,1,23,0.004716107,1
gwcs,../roman/.data/build21/r0000101001001001001_0001_wfi18_f158_cal.asdf,wfi18,eval,1,24,0.004800666,1
gwcs,../roman/.data/build21/r0000101001001001001_0001_wfi18_f158_cal.asdf,wfi18,eval,1,25,0.004871025,1
gwcs,../roman/.data/build21/r0000101001001001001_0001_wfi18_f158_cal.asdf,wfi18,eval,1,26,0.004966544,1
gwcs,../roman/.data/build21/r0000101001001001001_0001_wfi18_f158_cal.asdf,wfi18,eval,1,27,0.005019899,1
gwcs,../roman/.data/build21/r0000101001001001001_0001_wfi18_f158_cal.asdf,wfi18,eval,1,28,0.004763911,1
gwcs,../roman/.data/build21/r0000101001001001001_0001_wfi18_f158_cal.asdf,wfi18,eval,1,29,0.004708077,1
gwcs,../roman/.data/build21/r0000101001001001001_0001_wfi18_f158_cal.asdf,wfi18,eval,1,30,0.005718830,1
gwcs,../roman/.data/build21/r0000101001001001001_0001_wfi18_f158_cal.asdf,wfi18,eval,1,31,0.005033908,1
gwcs,../roman/.data/build21/r0000101001001001001_0001_wfi18_f158_cal.asdf,wfi18,eval,1,32,0.004736818,1
gwcs,../roman/.data/build21/r0000101001001001001_0001_wfi18_f158_cal.asdf,wfi18,eval,1,33,0.004703340,1
gwcs,../roman/.data/build21/r0000101001001001001_0001_wfi18_f158_cal.asdf,wfi18,eval,1,34,0.005037405,1
gwcs,../roman/.data/build21/r0000101001001001001_0001_wfi18_f158_cal.asdf,wfi18,eval,1,35,0.004747666,1
gwcs,../roman/.data/build21/r0000101001001001001_0001_wfi18_f158_cal.asdf,wfi18,eval,1,36,0.004684595,1
gwcs,../roman/.data/build21/r0000101001001001001_0001_wfi18_f158_cal.asdf,wfi18,eval,1,37,0.005053069,1
gwcs,../roman/.data/build21/r0000101001001001001_0001_wfi18_f158_cal.asdf,wfi18,eval,1,38,0.004789598,1
gwcs,../roman/.data/build21/r0000101001001001001_0001_wfi18_f158_cal.asdf,wfi18,eval,1,39,0.004884724,1
gwcs,../roman/.data/build21/r0000101001001001001_0001_wfi18_f158_cal.asdf,wfi18,eval,1,40,0.004684321,1
gwcs,../roman/.data/build21/r0000101001001001001_0001_wfi18_f158_cal.asdf,wfi18,eval,1,41,0.005035558,1
gwcs,../roman/.data/build21/r0000101001001001001_0001_wfi18_f158_cal.asdf,wfi18,eval,1,42,0.004657517,1
gwcs,../roman/.data/build21/r0000101001001001001_0001_wfi18_f158_cal.asdf,wfi18,eval,1,43,0.004685144,1
gwcs,../roman/.data/build21/r0000101001001001001_0001_wfi18_f158_cal.asdf,wfi18,eval,1,44,0.004995913,1
gwcs,../roman/.data/build21/r0000101001001001001_0001_wfi18_f158_cal.asdf,wfi18,eval,1,45,0.004763276,1
gwcs,../roman/.data/build21/r0000101001001001001_0001_wfi18_f158_cal.asdf,wfi18,eval,1,46,0.004707054,1
gwcs,../roman/.data/build21/r0000101001001001001_0001_wfi18_f158_cal.asdf,wfi18,eval,1,47,0.004692379,1
gwcs,../roman/.data/build21/r0000101001001001001_0001_wfi18_f158_cal.asdf,wfi18,eval,1,48,0.005093501,1
gwcs,../roman/.data/build21/r0000101001001001001_0001_wfi18_f158_cal.asdf,wfi18,eval,1,49,0.004715504,1
gwcs,../roman/.data/build21/r0000101001001001001_0001_wfi18_f158_cal.asdf,wfi18,eval,1,50,0.004655946,1
gwcs,../roman/.data/build21/r0000101001001001001_0001_wfi18_f158_cal.asdf,wfi18,eval,1,51,0.005031812,1
gwcs,../roman/.data/build21/r0000101001001001001_0001_wfi18_f158_cal.asdf,wfi18,eval,1,52,0.004764406,1
gwcs,../roman/.data/build21/r0000101001001001001_0001_wfi18_f158_cal.asdf,wfi18,eval,1,53,0.004655716,1
gwcs,../roman/.data/build21/r0000101001001001001_0001_wfi18_f158_cal.asdf,wfi18,eval,1,54,0.004704709,1
gwcs,../roman/.data/build21/r0000101001001001001_0001_wfi18_f158_cal.asdf,wfi18,eval,1,55,0.005186477,1
gwcs,../roman/.data/build21/r0000101001001001001_0001_wfi18_f158_cal.asdf,wfi18,eval,1,56,0.004708212,1
gwcs,../roman/.data/build21/r0000101001001001001_0001_wfi18_f158_cal.asdf,wfi18,eval,1,57,0.004712797,1
gwcs,../roman/.data/build21/r0000101001001001001_0001_wfi18_f158_cal.asdf,wfi18,eval,1,58,0.005081018,1
gwcs,../roman/.data/build21/r0000101001001001001_0001_wfi18_f158_cal.asdf,wfi18,eval,1,59,0.004779306,1
gwcs,../roman/.data/build21/r0000101001001001001_0001_wfi18_f158_cal.asdf,wfi18,eval,1,60,0.004661022,1
gwcs,../roman/.data/build21/r0000101001001001001_0001_wfi18_f158_cal.asdf,wfi18,eval,1,61,0.004792041,1
gwcs,../roman/.data/build21/r0000101001001001001_0001_wfi18_f158_cal.asdf,wfi18,eval,1,62,0.005060124,1
gwcs,../roman/.data/build21/r0000101001001001001_0001_wfi18_f158_cal.asdf,wfi18,eval,1,63,0.004683310,1
gwcs,../roman/.data/build21/r0000101001001001001_0001_wfi18_f158_cal.asdf,wfi18,eval,1,64,0.004673652,1
gwcs,../roman/.data/build21/r0000101001001001001_0001_wfi18_f158_cal.asdf,wfi18,eval,1,65,0.005123279,1
gwcs,../roman/.data/build21/r0000101001001001001_0001_wfi18_f158_cal.asdf,wfi18,eval,1,66,0.004759738,1
gwcs,../roman/.data/build21/r0000101001001001001_0001_wfi18_f158_cal.asdf,wfi18,eval,1,67,0.004763808,1
gwcs,../roman/.data/build21/r0000101001001001001_0001_wfi18_f158_cal.asdf,wfi18,eval,1,68,0.005310892,1
gwcs,../roman/.data/build21/r0000101001001001001_0001_wfi18_f158_cal.asdf,wfi18,eval,1,69,0.004864936,1
gwcs,../roman/.data/build21/r0000101001001001001_0001_wfi18_f158_cal.asdf,wfi18,eval,1,70,0.005080521,1
gwcs,../roman/.data/build21/r0000101001001001001_0001_wfi18_f158_cal.asdf,wfi18,eval,1,71,0.007277100,1
gwcs,../roman/.data/build21/r0000101001001001001_0001_wfi18_f158_cal.asdf,wfi18,eval,1,72,0.004755409,1
gwcs,../roman/.data/build21/r0000101001001001001_0001_wfi18_f158_cal.asdf,wfi18,eval,1,73,0.004709792,1
gwcs,../roman/.data/build21/r0000101001001001001_0001_wfi18_f158_cal.asdf,wfi18,eval,1,74,0.004701334,1
gwcs,../roman/.data/build21/r0000101001001001001_0001_wfi18_f158_cal.asdf,wfi18,eval,1,75,0.005048356,1
gwcs,../roman/.data/build21/r0000101001001001001_0001_wfi18_f158_cal.asdf,wfi18,eval,1,76,0.004741832,1
gwcs,../roman/.data/build21/r0000101001001001001_0001_wfi18_f158_cal.asdf,wfi18,eval,1,77,0.004839544,1
gwcs,../roman/.data/build21/r0000101001001001001_0001_wfi18_f158_cal.asdf,wfi18,eval,1,78,0.005023742,1
gwcs,../roman/.data/build21/r0000101001001001001_0001_wfi18_f158_cal.asdf,wfi18,eval,1,79,0.004811228,1
gwcs,../roman/.data/build21/r0000101001001001001_0001_wfi18_f158_cal.asdf,wfi18,eval,1,80,0.004699549,1
gwcs,../roman/.data/build21/r0000101001001001001_0001_wfi18_f158_cal.asdf,wfi18,eval,1,81,0.004825733,1
gwcs,../roman/.data/build21/r0000101001001001001_0001_wfi18_f158_cal.asdf,wfi18,eval,1,82,0.005072636,1
gwcs,../roman/.data/build21/r0000101001001001001_0001_wfi18_f158_cal.asdf,wfi18,eval,1,83,0.004688403,1
gwcs,../roman/.data/build21/r0000101001001001001_0001_wfi18_f158_cal.asdf,wfi18,eval,1,84,0.004658061,1
gwcs,../roman/.data/build21/r0000101001001001001_0001_wfi18_f158_cal.asdf,wfi18,eval,1,85,0.005273229,1
gwcs,../roman/.data/build21/r0000101001001001001_0001_wfi18_f158_cal.asdf,wfi18,eval,1,86,0.004750885,1
gwcs,../roman/.data/build21/r0000101001001001001_0001_wfi18_f158_cal.asdf,wfi18,eval,1,87,0.004717635,1
gwcs,../roman/.data/build21/r0000101001001001001_0001_wfi18_f158_cal.asdf,wfi18,eval,1,88,0.005300815,1
gwcs,../roman/.data/build21/r0000101001001001001_0001_wfi18_f158_cal.asdf,wfi18,eval,1,89,0.004783358,1
gwcs,../roman/.data/build21/r0000101001001001001_0001_wfi18_f158_cal.asdf,wfi18,eval,1,90,0.004704245,1
gwcs,../roman/.data/build21/r0000101001001001001_0001_wfi18_f158_cal.asdf,wfi18,eval,1,91,0.004923970,1
gwcs,../roman/.data/build21/r0000101001001001001_0001_wfi18_f158_cal.asdf,wfi18,eval,1,92,0.005145351,1
gwcs,../roman/.data/build21/r0000101001001001001_0001_wfi18_f158_cal.asdf,wfi18,eval,1,93,0.004709352,1
gwcs,../roman/.data/build21/r0000101001001001001_0001_wfi18_f158_cal.asdf,wfi18,eval,1,94,0.004654076,1
gwcs,../roman/.data/build21/r0000101001001001001_0001_wfi18_f158_cal.asdf,wfi18,eval,1,95,0.005238918,1
gwcs,../roman/.data/build21/r0000101001001001001_0001_wfi18_f158_cal.asdf,wfi18,eval,1,96,0.004763308,1
gwcs,../roman/.data/build21/r0000101001001001001_0001_wfi18_f158_cal.asdf,wfi18,eval,1,97,0.004687115,1
gwcs,../roman/.data/build21/r0000101001001001001_0001_wfi18_f158_cal.asdf,wfi18,eval,1,98,0.004883312,1
gwcs,../roman/.data/build21/r0000101001001001001_0001_wfi18_f158_cal.asdf,wfi18,eval,1,99,0.005182901,1
gwcs,../roman/.data/build21/r0000101001001001001_0001_wfi18_f158_cal.asdf,wfi18,eval,10,0,0.006130143,1
gwcs,../roman/.data/build21/r0000101001001001001_0001_wfi18_f158_cal.asdf,wfi18,eval,10,1,0.005413394,1
gwcs,../roman/.data/build21/r0000101001001001001_0001_wfi18_f158_cal.asdf,wfi18,eval,10,2,0.005090443,1
gwcs,../roman/.data/build21/r0000101001001001001_0001_wfi18_f158_cal.asdf,wfi18,eval,10,3,0.004810742,1
gwcs,../roman/.data/build21/r0000101001001001001_0001_wfi18_f158_cal.asdf,wfi18,eval,10,4,0.004958034,1
gwcs,../roman/.data/build21/r0000101001001001001_0001_wfi18_f158_cal.asdf,wfi18,eval,10,5,0.005188536,1
gwcs,../roman/.data/build21/r0000101001001001001_0001_wfi18_f158_cal.asdf,wfi18,eval,10,6,0.004840813,1
gwcs,../roman/.data/build21/r0000101001001001001_0001_wfi18_f158_cal.asdf,wfi18,eval,10,7,0.004822730,1
gwcs,../roman/.data/build21/r0000101001001001001_0001_wfi18_f158_cal.asdf,wfi18,eval,10,8,0.005411668,1
gwcs,../roman/.data/build21/r0000101001001001001_0001_wfi18_f158_cal.asdf,wfi18,eval,10,9,0.004914629,1
gwcs,../roman/.data/build21/r0000101001001001001_0001_wfi18_f158_cal.asdf,wfi18,eval,10,10,0.004870650,1
gwcs,../roman/.data/build21/r0000101001001001001_0001_wfi18_f158_cal.asdf,wfi18,eval,10,11,0.005393303,1
gwcs,../roman/.data/build21/r0000101001001001001_0001_wfi18_f158_cal.asdf,wfi18,eval,10,12,0.004955286,1
gwcs,../roman/.data/build21/r0000101001001001001_0001_wfi18_f158_cal.asdf,wfi18,eval,10,13,0.004862148,1
gwcs,../roman/.data/build21/r0000101001001001001_0001_wfi18_f158_cal.asdf,wfi18,eval,10,14,0.005034664,1
gwcs,../roman/.data/build21/r0000101001001001001_0001_wfi18_f158_cal.asdf,wfi18,eval,10,15,0.005345810,1
gwcs,../roman/.data/build21/r0000101001001001001_0001_wfi18_f158_cal.asdf,wfi18,eval,10,16,0.004918273,1
gwcs,../roman/.data/build21/r0000101001001001001_0001_wfi18_f158_cal.asdf,wfi18,eval,10,17,0.004880449,1
gwcs,../roman/.data/build21/r0000101001001001001_0001_wfi18_f158_cal.asdf,wfi18,eval,10,18,0.005594200,1
gwcs,../roman/.data/build21/r0000101001001001001_0001_wfi18_f158_cal.asdf,wfi18,eval,10,19,0.005467202,1
gwcs,../roman/.data/build21/r0000101001001001001_0001_wfi18_f158_cal.asdf,wfi18,eval,10,20,0.011270389,1
gwcs,../roman/.data/build21/r0000101001001001001_0001_wfi18_f158_cal.asdf,wfi18,eval,10,21,0.004912494,1
gwcs,../roman/.data/build21/r0000101001001001001_0001_wfi18_f158_cal.asdf,wfi18,eval,10,22,0.004854762,1
gwcs,../roman/.data/build21/r0000101001001001001_0001_wfi18_f158_cal.asdf,wfi18,eval,10,23,0.005426701,1
gwcs,../roman/.data/build21/r0000101001001001001_0001_wfi18_f158_cal.asdf,wfi18,eval,10,24,0.004993469,1
gwcs,../roman/.data/build21/r0000101001001001001_0001_wfi18_f158_cal.asdf,wfi18,eval,10,25,0.004856384,1
gwcs,../roman/.data/build21/r0000101001001001001_0001_wfi18_f158_cal.asdf,wfi18,eval,10,26,0.005066410,1
gwcs,../roman/.data/build21/r0000101001001001001_0001_wfi18_f158_cal.asdf,wfi18,eval,10,27,0.005257410,1
gwcs,../roman/.data/build21/r0000101001001001001_0001_wfi18_f158_cal.asdf,wfi18,eval,10,28,0.004851175,1
gwcs,../roman/.data/build21/r0000101001001001001_0001_wfi18_f158_cal.asdf,wfi18,eval,10,29,0.005034320,1
gwcs,../roman/.data/build21/r0000101001001001001_0001_wfi18_f158_cal.asdf,wfi18,eval,10,30,0.005286991,1
gwcs,../roman/.data/build21/r0000101001001001001_0001_wfi18_f158_cal.asdf,wfi18,eval,10,31,0.005053030,1
gwcs,../roman/.data/build21/r0000101001001001001_0001_wfi18_f158_cal.asdf,wfi18,eval,10,32,0.004995450,1
gwcs,../roman/.data/build21/r0000101001001001001_0001_wfi18_f158_cal.asdf,wfi18,eval,10,33,0.005954516,1
gwcs,../roman/.data/build21/r0000101001001001001_0001_wfi18_f158_cal.asdf,wfi18,eval,10,34,0.005173434,1
gwcs,../roman/.data/build21/r0000101001001001001_0001_wfi18_f158_cal.asdf,wfi18,eval,10,35,0.005178188,1
gwcs,../roman/.data/build21/r0000101001001001001_0001_wfi18_f158_cal.asdf,wfi18,eval,10,36,0.005625690,1
gwcs,../roman/.data/build21/r0000101001001001001_0001_wfi18_f158_cal.asdf,wfi18,eval,10,37,0.005153296,1
gwcs,../roman/.data/build21/r0000101001001001001_0001_wfi18_f158_cal.asdf,wfi18,eval,10,38,0.005043904,1
gwcs,../roman/.data/build21/r0000101001001001001_0001_wfi18_f158_cal.asdf,wfi18,eval,10,39,0.005774784,1
gwcs,../roman/.data/build21/r0000101001001001001_0001_wfi18_f158_cal.asdf,wfi18,eval,10,40,0.006249927,1
gwcs,../roman/.data/build21/r0000101001001001001_0001_wfi18_f158_cal.asdf,wfi18,eval,10,41,0.006115754,1
gwcs,../roman/.data/build21/r0000101001001001001_0001_wfi18_f158_cal.asdf,wfi18,eval,10,42,0.005778517,1
gwcs,../roman/.data/build21/r0000101001001001001_0001_wfi18_f158_cal.asdf,wfi18,eval,10,43,0.005227800,1
gwcs,../roman/.data/build21/r0000101001001001001_0001_wfi18_f158_cal.asdf,wfi18,eval,10,44,0.004839439,1
gwcs,../roman/.data/build21/r0000101001001001001_0001_wfi18_f158_cal.asdf,wfi18,eval,10,45,0.005597788,1
gwcs,../roman/.data/build21/r0000101001001001001_0001_wfi18_f158_cal.asdf,wfi18,eval,10,46,0.005113398,1
gwcs,../roman/.data/build21/r0000101001001001001_0001_wfi18_f158_cal.asdf,wfi18,eval,10,47,0.004896866,1
gwcs,../roman/.data/build21/r0000101001001001001_0001_wfi18_f158_cal.asdf,wfi18,eval,10,48,0.005357786,1
gwcs,../roman/.data/build21/r0000101001001001001_0001_wfi18_f158_cal.asdf,wfi18,eval,10,49,0.004902611,1
gwcs,../roman/.data/build21/r0000101001001001001_0001_wfi18_f158_cal.asdf,wfi18,eval,10,50,0.004820524,1
gwcs,../roman/.data/build21/r0000101001001001001_0001_wfi18_f158_cal.asdf,wfi18,eval,10,51,0.005105126,1
gwcs,../roman/.data/build21/r0000101001001001001_0001_wfi18_f158_cal.asdf,wfi18,eval,10,52,0.005582524,1
gwcs,../roman/.data/build21/r0000101001001001001_0001_wfi18_f158_cal.asdf,wfi18,eval,10,53,0.005238683,1
gwcs,../roman/.data/build21/r0000101001001001001_0001_wfi18_f158_cal.asdf,wfi18,eval,10,54,0.005028937,1
gwcs,../roman/.data/build21/r0000101001001001001_0001_wfi18_f158_cal.asdf,wfi18,eval,10,55,0.005510005,1
gwcs,../roman/.data/build21/r0000101001001001001_0001_wfi18_f158_cal.asdf,wfi18,eval,10,56,0.004860841,1
gwcs,../roman/.data/build21/r0000101001001001001_0001_wfi18_f158_cal.asdf,wfi18,eval,10,57,0.004809354,1
gwcs,../roman/.data/build21/r0000101001001001001_0001_wfi18_f158_cal.asdf,wfi18,eval,10,58,0.004864789,1
gwcs,../roman/.data/build21/r0000101001001001001_0001_wfi18_f158_cal.asdf,wfi18,eval,10,59,0.004947160,1
gwcs,../roman/.data/build21/r0000101001001001001_0001_wfi18_f158_cal.asdf,wfi18,eval,10,60,0.004826568,1
gwcs,../roman/.data/build21/r0000101001001001001_0001_wfi18_f158_cal.asdf,wfi18,eval,10,61,0.004791089,1
gwcs,../roman/.data/build21/r0000101001001001001_0001_wfi18_f158_cal.asdf,wfi18,eval,10,62,0.004934472,1
gwcs,../roman/.data/build21/r0000101001001001001_0001_wfi18_f158_cal.asdf,wfi18,eval,10,63,0.004826978,1
gwcs,../roman/.data/build21/r0000101001001001001_0001_wfi18_f158_cal.asdf,wfi18,eval,10,64,0.004799215,1
gwcs,../roman/.data/build21/r0000101001001001001_0001_wfi18_f158_cal.asdf,wfi18,eval,10,65,0.004864696,1
gwcs,../roman/.data/build21/r0000101001001001001_0001_wfi18_f158_cal.asdf,wfi18,eval,10,66,0.004835632,1
gwcs,../roman/.data/build21/r0000101001001001001_0001_wfi18_f158_cal.asdf,wfi18,eval,10,67,0.004804513,1
gwcs,../roman/.data/build21/r0000101001001001001_0001_wfi18_f158_cal.asdf,wfi18,eval,10,68,0.005566887,1
gwcs,../roman/.data/build21/r0000101001001001001_0001_wfi18_f158_cal.asdf,wfi18,eval,10,69,0.004926377,1
gwcs,../roman/.data/build21/r0000101001001001001_0001_wfi18_f158_cal.asdf,wfi18,eval,10,70,0.004963433,1
gwcs,../roman/.data/build21/r0000101001001001001_0001_wfi18_f158_cal.asdf,wfi18,eval,10,71,0.004811278,1
gwcs,../roman/.data/build21/r0000101001001001001_0001_wfi18_f158_cal.asdf,wfi18,eval,10,72,0.004989805,1
gwcs,../roman/.data/build21/r0000101001001001001_0001_wfi18_f158_cal.asdf,wfi18,eval,10,73,0.004925691,1
gwcs,../roman/.data/build21/r0000101001001001001_0001_wfi18_f158_cal.asdf,wfi18,eval,10,74,0.004869228,1
gwcs,../roman/.data/build21/r0000101001001001001_0001_wfi18_f158_cal.asdf,wfi18,eval,10,75,0.004901762,1
gwcs,../roman/.data/build21/r0000101001001001001_0001_wfi18_f158_cal.asdf,wfi18,eval,10,76,0.004859899,1
gwcs,../roman/.data/build21/r0000101001001001001_0001_wfi18_f158_cal.asdf,wfi18,eval,10,77,0.004797106,1
gwcs,../roman/.data/build21/r0000101001001001001_0001_wfi18_f158_cal.asdf,wfi18,eval,10,78,0.005296224,1
gwcs,../roman/.data/build21/r0000101001001001001_0001_wfi18_f158_cal.asdf,wfi18,eval,10,79,0.005144055,1
gwcs,../roman/.data/build21/r0000101001001001001_0001_wfi18_f158_cal.asdf,wfi18,eval,10,80,0.005012142,1
gwcs,../roman/.data/build21/r0000101001001001001_0001_wfi18_f158_cal.asdf,wfi18,eval,10,81,0.004957781,1
gwcs,../roman/.data/build21/r0000101001001001001_0001_wfi18_f158_cal.asdf,wfi18,eval,10,82,0.005047492,1
gwcs,../roman/.data/build21/r0000101001001001001_0001_wfi18_f158_cal.asdf,wfi18,eval,10,83,0.005100087,1
gwcs,../roman/.data/build21/r0000101001001001001_0001_wfi18_f158_cal.asdf,wfi18,eval,10,84,0.004933304,1
gwcs,../roman/.data/build21/r0000101001001001001_0001_wfi18_f158_cal.asdf,wfi18,eval,10,85,0.005178864,1
gwcs,../roman/.data/build21/r0000101001001001001_0001_wfi18_f158_cal.asdf,wfi18,eval,10,86,0.004963588,1
gwcs,../roman/.data/build21/r0000101001001001001_0001_wfi18_f158_cal.asdf,wfi18,eval,10,87,0.005195831,1
gwcs,../roman/.data/build21/r0000101001001001001_0001_wfi18_f158_cal.asdf,wfi18,eval,10,88,0.005119355,1
gwcs,../roman/.data/build21/r0000101001001001001_0001_wfi18_f158_cal.asdf,wfi18,eval,10,89,0.005227691,1
gwcs,../roman/.data/build21/r0000101001001001001_0001_wfi18_f158_cal.asdf,wfi18,eval,10,90,0.004883830,1
gwcs,../roman/.data/build21/r0000101001001001001_0001_wfi18_f158_cal.asdf,wfi18,eval,10,91,0.005140283,1
gwcs,../roman/.data/build21/r0000101001001001001_0001_wfi18_f158_cal.asdf,wfi18,eval,10,92,0.005005336,1
gwcs,../roman/.data/build21/r0000101001001001001_0001_wfi18_f158_cal.asdf,wfi18,eval,10,93,0.005110275,1
gwcs,../roman/.data/build21/r0000101001001001001_0001_wfi18_f158_cal.asdf,wfi18,eval,10,94,0.004871102,1
gwcs,../roman/.data/build21/r0000101001001001001_0001_wfi18_f158_cal.asdf,wfi18,eval,10,95,0.005249916,1
gwcs,../roman/.data/build21/r0000101001001001001_0001_wfi18_f158_cal.asdf,wfi18,eval,10,96,0.005038672,1
gwcs,../roman/.data/build21/r0000101001001001001_0001_wfi18_f158_cal.asdf,wfi18,eval,10,97,0.005083845,1
gwcs,../roman/.data/build21/r0000101001001001001_0001_wfi18_f158_cal.asdf,wfi18,eval,10,98,0.004999474,1
gwcs,../roman/.data/build21/r0000101001001001001_0001_wfi18_f158_cal.asdf,wfi18,eval,10,99,0.005197002,1
gwcs,../roman/.data/build21/r0000101001001001001_0001_wfi18_f158_cal.asdf,wfi18,eval,100,0,0.005101979,1
gwcs,../roman/.data/build21/r0000101001001001001_0001_wfi18_f158_cal.asdf,wfi18,eval,100,1,0.005255165,1
gwcs,../roman/.data/build21/r0000101001001001001_0001_wfi18_f158_cal.asdf,wfi18,eval,100,2,0.005737564,1
gwcs,../roman/.data/build21/r0000101001001001001_0001_wfi18_f158_cal.asdf,wfi18,eval,100,3,0.005260979,1
gwcs,../roman/.data/build21/r0000101001001001001_0001_wfi18_f158_cal.asdf,wfi18,eval,100,4,0.004956159,1
gwcs,../roman/.data/build21/r0000101001001001001_0001_wfi18_f158_cal.asdf,wfi18,eval,100,5,0.004944397,1
gwcs,../roman/.data/build21/r0000101001001001001_0001_wfi18_f158_cal.asdf,wfi18,eval,100,6,0.005507598,1
gwcs,../roman/.data/build21/r0000101001001001001_0001_wfi18_f158_cal.asdf,wfi18,eval,100,7,0.006569615,1
gwcs,../roman/.data/build21/r0000101001001001001_0001_wfi18_f158_cal.asdf,wfi18,eval,100,8,0.005078544,1
gwcs,../roman/.data/build21/r0000101001001001001_0001_wfi18_f158_cal.asdf,wfi18,eval,100,9,0.005161330,1
gwcs,../roman/.data/build21/r0000101001001001001_0001_wfi18_f158_cal.asdf,wfi18,eval,100,10,0.004999675,1
gwcs,../roman/.data/build21/r0000101001001001001_0001_wfi18_f158_cal.asdf,wfi18,eval,100,11,0.005216931,1
gwcs,../roman/.data/build21/r0000101001001001001_0001_wfi18_f158_cal.asdf,wfi18,eval,100,12,0.005010676,1
gwcs,../roman/.data/build21/r0000101001001001001_0001_wfi18_f158_cal.asdf,wfi18,eval,100,13,0.005086103,1
gwcs,../roman/.data/build21/r0000101001001001001_0001_wfi18_f158_cal.asdf,wfi18,eval,100,14,0.005067020,1
gwcs,../roman/.data/build21/r0000101001001001001_0001_wfi18_f158_cal.asdf,wfi18,eval,100,15,0.005028670,1
gwcs,../roman/.data/build21/r0000101001001001001_0001_wfi18_f158_cal.asdf,wfi18,eval,100,16,0.005050443,1
gwcs,../roman/.data/build21/r0000101001001001001_0001_wfi18_f158_cal.asdf,wfi18,eval,100,17,0.005318874,1
gwcs,../roman/.data/build21/r0000101001001001001_0001_wfi18_f158_cal.asdf,wfi18,eval,100,18,0.005186636,1
gwcs,../roman/.data/build21/r0000101001001001001_0001_wfi18_f158_cal.asdf,wfi18,eval,100,19,0.004985213,1
gwcs,../roman/.data/build21/r0000101001001001001_0001_wfi18_f158_cal.asdf,wfi18,eval,100,20,0.005183919,1
gwcs,../roman/.data/build21/r0000101001001001001_0001_wfi18_f158_cal.asdf,wfi18,eval,100,21,0.005033217,1
gwcs,../roman/.data/build21/r0000101001001001001_0001_wfi18_f158_cal.asdf,wfi18,eval,100,22,0.005848381,1
gwcs,../roman/.data/build21/r0000101001001001001_0001_wfi18_f158_cal.asdf,wfi18,eval,100,23,0.005015662,1
gwcs,../roman/.data/build21/r0000101001001001001_0001_wfi18_f158_cal.asdf,wfi18,eval,100,24,0.005181096,1
gwcs,../roman/.data/build21/r0000101001001001001_0001_wfi18_f158_cal.asdf,wfi18,eval,100,25,0.004915643,1
gwcs,../roman/.data/build21/r0000101001001001001_0001_wfi18_f158_cal.asdf,wfi18,eval,100,26,0.005209825,1
gwcs,../roman/.data/build21/r0000101001001001001_0001_wfi18_f158_cal.asdf,wfi18,eval,100,27,0.004991608,1
gwcs,../roman/.data/build21/r0000101001001001001_0001_wfi18_f158_cal.asdf,wfi18,eval,100,28,0.005222218,1
gwcs,../roman/.data/build21/r0000101001001001001_0001_wfi18_f158_cal.asdf,wfi18,eval,100,29,0.004948909,1
gwcs,../roman/.data/build21/r0000101001001001001_0001_wfi18_f158_cal.asdf,wfi18,eval,100,30,0.005229324,1
gwcs,../roman/.data/build21/r0000101001001001001_0001_wfi18_f158_cal.asdf,wfi18,eval,100,31,0.004990160,1
gwcs,../roman/.data/build21/r0000101001001001001_0001_wfi18_f158_cal.asdf,wfi18,eval,100,32,0.005113024,1
gwcs,../roman/.data/build21/r0000101001001001001_0001_wfi18_f158_cal.asdf,wfi18,eval,100,33,0.004935177,1
gwcs,../roman/.data/build21/r0000101001001001001_0001_wfi18_f158_cal.asdf,wfi18,eval,100,34,0.005227546,1
gwcs,../roman/.data/build21/r0000101001001001001_0001_wfi18_f158_cal.asdf,wfi18,eval,100,35,0.004998820,1
gwcs,../roman/.data/build21/r0000101001001001001_0001_wfi18_f158_cal.asdf,wfi18,eval,100,36,0.005143365,1
gwcs,../roman/.data/build21/r0000101001001001001_0001_wfi18_f158_cal.asdf,wfi18,eval,100,37,0.005090277,1
gwcs,../roman/.data/build21/r0000101001001001001_0001_wfi18_f158_cal.asdf,wfi18,eval,100,38,0.005055139,1
gwcs,../roman/.data/build21/r0000101001001001001_0001_wfi18_f158_cal.asdf,wfi18,eval,100,39,0.005030527,1
gwcs,../roman/.data/build21/r0000101001001001001_0001_wfi18_f158_cal.asdf,wfi18,eval,100,40,0.005105814,1
gwcs,../roman/.data/build21/r0000101001001001001_0001_wfi18_f158_cal.asdf,wfi18,eval,100,41,0.005099642,1
gwcs,../roman/.data/build21/r0000101001001001001_0001_wfi18_f158_cal.asdf,wfi18,eval,100,42,0.004981630,1
gwcs,../roman/.data/build21/r0000101001001001001_0001_wfi18_f158_cal.asdf,wfi18,eval,100,43,0.005208482,1
gwcs,../roman/.data/build21/r0000101001001001001_0001_wfi18_f158_cal.asdf,wfi18,eval,100,44,0.005099080,1
gwcs,../roman/.data/build21/r0000101001001001001_0001_wfi18_f158_cal.asdf,wfi18,eval,100,45,0.005141347,1
gwcs,../roman/.data/build21/r0000101001001001001_0001_wfi18_f158_cal.asdf,wfi18,eval,100,46,0.004946683,1
gwcs,../roman/.data/build21/r0000101001001001001_0001_wfi18_f158_cal.asdf,wfi18,eval,100,47,0.005263926,1
gwcs,../roman/.data/build21/r0000101001001001001_0001_wfi18_f158_cal.asdf,wfi18,eval,100,48,0.004982881,1
gwcs,../roman/.data/build21/r0000101001001001001_0001_wfi18_f158_cal.asdf,wfi18,eval,100,49,0.005176865,1
gwcs,../roman/.data/build21/r0000101001001001001_0001_wfi18_f158_cal.asdf,wfi18,eval,1000,0,0.005771311,1
gwcs,../roman/.data/build21/r0000101001001001001_0001_wfi18_f158_cal.asdf,wfi18,eval,1000,1,0.005661951,1
gwcs,../roman/.data/build21/r0000101001001001001_0001_wfi18_f158_cal.asdf,wfi18,eval,1000,2,0.005761854,1
gwcs,../roman/.data/build21/r0000101001001001001_0001_wfi18_f158_cal.asdf,wfi18,eval,1000,3,0.005687779,1
gwcs,../roman/.data/build21/r0000101001001001001_0001_wfi18_f158_cal.asdf,wfi18,eval,1000,4,0.005487860,1
gwcs,../roman/.data/build21/r0000101001001001001_0001_wfi18_f158_cal.asdf,wfi18,eval,1000,5,0.005813165,1
gwcs,../roman/.data/build21/r0000101001001001001_0001_wfi18_f158_cal.asdf,wfi18,eval,1000,6,0.005741950,1
gwcs,../roman/.data/build21/r0000101001001001001_0001_wfi18_f158_cal.asdf,wfi18,eval,1000,7,0.005379848,1
gwcs,../roman/.data/build21/r0000101001001001001_0001_wfi18_f158_cal.asdf,wfi18,eval,1000,8,0.008122608,1
gwcs,../roman/.data/build21/r0000101001001001001_0001_wfi18_f158_cal.asdf,wfi18,eval,1000,9,0.005669999,1
gwcs,../roman/.data/build21/r0000101001001001001_0001_wfi18_f158_cal.asdf,wfi18,eval,1000,10,0.005549124,1
gwcs,../roman/.data/build21/r0000101001001001001_0001_wfi18_f158_cal.asdf,wfi18,eval,1000,11,0.005756742,1
gwcs,../roman/.data/build21/r0000101001001001001_0001_wfi18_f158_cal.asdf,wfi18,eval,1000,12,0.005849032,1
gwcs,../roman/.data/build21/r0000101001001001001_0001_wfi18_f158_cal.asdf,wfi18,eval,1000,13,0.005508924,1
gwcs,../roman/.data/build21/r0000101001001001001_0001_wfi18_f158_cal.asdf,wfi18,eval,1000,14,0.005578727,1
gwcs,../roman/.data/build21/r0000101001001001001_0001_wfi18_f158_cal.asdf,wfi18,eval,1000,15,0.005482203,1
gwcs,../roman/.data/build21/r0000101001001001001_0001_wfi18_f158_cal.asdf,wfi18,eval,1000,16,0.005412715,1
gwcs,../roman/.data/build21/r0000101001001001001_0001_wfi18_f158_cal.asdf,wfi18,eval,1000,17,0.005597447,1
gwcs,../roman/.data/build21/r0000101001001001001_0001_wfi18_f158_cal.asdf,wfi18,eval,1000,18,0.005516736,1
gwcs,../roman/.data/build21/r0000101001001001001_0001_wfi18_f158_cal.asdf,wfi18,eval,1000,19,0.005541861,1
gwcs,../roman/.data/build21/r0000101001001001001_0001_wfi18_f158_cal.asdf,wfi18,eval,10000,0,0.008785166,1
gwcs,../roman/.data/build21/r0000101001001001001_0001_wfi18_f158_cal.asdf,wfi18,eval,10000,1,0.008668104,1
gwcs,../roman/.data/build21/r0000101001001001001_0001_wfi18_f158_cal.asdf,wfi18,eval,10000,2,0.008750018,1
gwcs,../roman/.data/build21/r0000101001001001001_0001_wfi18_f158_cal.asdf,wfi18,eval,10000,3,0.008603390,1
gwcs,../roman/.data/build21/r0000101001001001001_0001_wfi18_f158_cal.asdf,wfi18,eval,10000,4,0.008743498,1
gwcs,../roman/.data/build21/r0000101001001001001_0001_wfi18_f158_cal.asdf,wfi18,eval,10000,5,0.009018512,1
gwcs,../roman/.data/build21/r0000101001001001001_0001_wfi18_f158_cal.asdf,wfi18,eval,10000,6,0.008444451,1
gwcs,../roman/.data/build21/r0000101001001001001_0001_wfi18_f158_cal.asdf,wfi18,eval,10000,7,0.008999446,1
gwcs,../roman/.data/build21/r0000101001001001001_0001_wfi18_f158_cal.asdf,wfi18,eval,10000,8,0.008781204,1
gwcs,../roman/.data/build21/r0000101001001001001_0001_wfi18_f158_cal.asdf,wfi18,eval,10000,9,0.008908420,1
gwcs,../roman/.data/build21/r0000101001001001001_0001_wfi18_f158_cal.asdf,wfi18,eval,100000,0,0.037190161,1
gwcs,../roman/.data/build21/r0000101001001001001_0001_wfi18_f158_cal.asdf,wfi18,eval,100000,1,0.035923698,1
gwcs,../roman/.data/build21/r0000101001001001001_0001_wfi18_f158_cal.asdf,wfi18,eval,100000,2,0.037421605,1
gwcs,../roman/.data/build21/r0000101001001001001_0001_wfi18_f158_cal.asdf,wfi18,eval,100000,3,0.040306419,1
gwcs,../roman/.data/build21/r0000101001001001001_0001_wfi18_f158_cal.asdf,wfi18,eval,100000,4,0.035704223,1
gwcs,../roman/.data/build21/r0000101001001001001_0001_wfi18_f158_cal.asdf,wfi18,eval,1000000,0,0.370032039,1
gwcs,../roman/.data/build21/r0000101001001001001_0001_wfi18_f158_cal.asdf,wfi18,eval,1000000,1,0.371535100,1
gwcs,../roman/.data/build21/r0000101001001001001_0001_wfi18_f158_cal.asdf,wfi18,eval,1000000,2,0.378002050,1
gwcs,../roman/.data/build21/r0000101001001001001_0001_wfi18_f158_cal.asdf,wfi18,eval,10000000,0,6.412215988,1
gwcs,../roman/.data/build21/r0000101001001001001_0001_wfi18_f158_cal.asdf,wfi18,eval,10000000,1,6.148008239,1
gwcs,../roman/.data/build21/r0000101001001001001_0001_wfi18_f158_cal.asdf,wfi18,eval,16711744,0,17.629082253,1
gwcs,../roman/.data/build21/r0000101001001001001_0001_wfi18_f158_cal.asdf,wfi18,eval,16711744,1,17.583759963,1
